,/gpu-intel/0xA7A1/power/0
Time,GPU Package
5:00:06,13.7723055
5:00:07,16.8969555
5:00:08,13.250555
5:00:09,8.081789
5:00:10,7.20811749
5:00:11,6.11440563
5:00:12,5.266363
5:00:13,6.017989
5:00:14,5.81890249
5:00:15,5.261734
5:00:16,5.34837627
5:00:17,5.13791847
5:00:18,6.081878
5:00:19,4.75309372
5:00:20,4.728367
5:00:21,7.782278
5:00:22,7.201482
5:00:23,7.285521
5:00:24,6.40106535
5:00:25,5.463631
5:00:26,5.9612813
5:00:27,9.02626
5:00:28,8.573928
5:00:29,13.58779
5:00:30,8.405017
5:00:31,6.62109852
5:00:32,13.2412825
5:00:33,12.0565195
5:00:34,6.18290329
5:00:35,8.393073
5:00:36,8.166367
5:00:37,6.477468
5:00:38,7.337864
5:00:39,5.46253347
5:00:40,8.466017
5:00:41,6.00039959
5:00:42,5.345975
5:00:43,5.22026825
5:00:44,5.9533596
5:00:45,4.78014231
5:00:46,6.206493
5:00:47,6.04492569
5:00:48,5.200966
5:00:49,10.555769
5:00:50,8.716894
5:00:51,10.7931623
5:00:52,20.9290276
5:00:53,24.0536079
5:00:54,23.5283165
5:00:55,24.7646236
5:00:56,19.772625
5:00:57,20.971468
5:00:58,21.8204632
5:00:59,20.9965572
5:01:00,22.9824238
5:01:01,24.2759247
5:01:02,15.42803
5:01:03,11.2487726
5:01:04,7.91467762
5:01:05,6.90065575
5:01:06,6.42303848
5:01:07,4.6726
5:01:08,13.8394661
5:01:09,10.4785662
5:01:10,5.93454456
5:01:11,18.8041229
5:01:12,17.4951134
5:01:13,14.3676968
5:01:14,24.2977619
5:01:15,7.697756
5:01:16,7.3163166
5:01:17,8.351202
5:01:18,6.41857052
5:01:19,6.44277668
5:01:20,4.08686352
5:01:21,4.15250349
5:01:22,6.32433033
5:01:23,5.76855946
5:01:24,6.419089
5:01:25,6.10424948
5:01:26,4.417482
5:01:27,3.882585
5:01:28,5.66029739
5:01:29,4.155444
5:01:30,4.234416
5:01:31,6.65282345
5:01:32,6.11485767
5:01:33,4.33173037
5:01:34,4.123262
5:01:35,4.042782
5:01:36,3.81105781
5:01:37,4.03887844
5:01:38,3.91696286
5:01:39,4.12009
5:01:40,3.98153281
5:01:41,4.34784269
5:01:42,4.605733
5:01:43,4.4185133
5:01:44,5.32321835
5:01:45,5.858775
5:01:46,3.989879
5:01:47,4.82558632
5:01:48,4.115111
5:01:49,6.17316961
5:01:50,6.340397
5:01:51,6.26788425
5:01:52,9.06537
5:01:53,7.49949741
5:01:54,6.54141
5:01:55,12.3071556
5:01:56,19.6481552
5:01:57,15.37279
5:01:58,15.3169975
5:01:59,17.15324
5:02:00,18.5730114
5:02:01,18.4768887
5:02:02,19.033968
5:02:03,19.523138
5:02:04,17.8338127
5:02:05,16.3685741
5:02:06,16.5840416
5:02:07,16.4079075
5:02:08,16.1548
5:02:09,16.7816238
5:02:10,16.14865
5:02:11,16.8951168
5:02:12,16.74764
5:02:13,15.9687538
5:02:14,17.5102673
5:02:15,17.3915672
5:02:16,12.2834358
5:02:17,11.3677616
5:02:18,11.3515043
5:02:19,11.3834324
5:02:20,11.5802107
5:02:21,11.5397949
5:02:22,12.2108622
5:02:23,11.44517
5:02:24,11.480752
5:02:25,11.8090935
5:02:26,12.21669
5:02:27,11.9533281
5:02:28,11.7504454
5:02:29,11.5484524
5:02:30,12.0101461
5:02:31,11.7925777
5:02:32,12.0871105
5:02:33,11.8779812
5:02:34,11.9260521
5:02:35,11.9771042
5:02:36,12.0502205
5:02:37,11.875371
5:02:38,11.8568144
5:02:39,11.6904345
5:02:40,11.7974873
5:02:41,12.249898
5:02:42,11.965889
5:02:43,12.30227
5:02:44,11.9038181
5:02:45,12.1096411
5:02:46,11.9417381
5:02:47,12.0885363
5:02:48,11.8795395
5:02:49,11.8648176
5:02:50,12.3379965
5:02:51,12.0678434
5:02:52,12.2254057
5:02:53,11.9059591
5:02:54,11.90329
5:02:55,12.1236057
5:02:56,12.0054245
5:02:57,11.9857559
5:02:58,11.8918409
5:02:59,12.0375252
5:03:00,11.8631268
5:03:01,11.7105427
5:03:02,11.87469
5:03:03,12.229063
5:03:04,12.2151308
5:03:05,11.62764
5:03:06,11.9118834
5:03:07,12.0995684
5:03:08,11.8087845
5:03:09,12.398942
5:03:10,11.9153509
5:03:11,12.0790482
5:03:12,11.8268633
5:03:13,12.082406
5:03:14,12.2467241
5:03:15,11.8459663
5:03:16,11.7234612
5:03:17,12.054039
5:03:18,11.9773445
5:03:19,12.1379557
5:03:20,11.790803
5:03:21,12.05
5:03:22,12.0629292
5:03:23,12.0005751
5:03:24,11.9435329
5:03:25,12.1270733
5:03:26,12.0641537
5:03:27,12.3074121
5:03:28,12.0028286
5:03:29,12.1471014
5:03:30,12.0432014
5:03:31,12.3086367
5:03:32,12.0384035
5:03:33,11.9605713
5:03:34,11.83117
5:03:35,12.261673
5:03:36,12.1198778
5:03:37,12.09878
5:03:38,11.6839123
5:03:39,11.8586788
5:03:40,12.0715466
5:03:41,12.2059078
5:03:42,11.7608385
5:03:43,12.1042376
5:03:44,12.1297932
5:03:45,12.1155758
5:03:46,12.3434591
5:03:47,11.9379
5:03:48,11.8263512
5:03:49,12.0930786
5:03:50,11.9520493
5:03:51,12.0223875
5:03:52,11.9019566
5:03:53,12.0381889
5:03:54,11.8637047
5:03:55,12.1655207
5:03:56,11.9331579
5:03:57,12.2990761
5:03:58,12.0908136
5:03:59,11.9963
5:04:00,11.9917717
5:04:01,12.2077055
5:04:02,11.94472
5:04:03,12.2101851
5:04:04,12.00692
5:04:05,12.4612055
5:04:06,11.9051275
5:04:07,12.1545258
5:04:08,9.179537
5:04:09,11.62579
5:04:10,13.693985
5:04:11,13.0091705
5:04:12,12.1719732
5:04:13,12.1118946
5:04:14,12.0078678
5:04:15,11.7685127
5:04:16,12.27049
5:04:17,11.639349
5:04:18,11.6309776
5:04:19,12.1743174
5:04:20,10.1326666
5:04:21,14.33406
5:04:22,11.9352236
5:04:23,11.8244209
5:04:24,12.0126352
5:04:25,11.7152071
5:04:26,11.9532366
5:04:27,11.8947535
5:04:28,12.148037
5:04:29,12.0529022
5:04:30,11.4997864
5:04:31,11.8682661
5:04:32,11.7147093
5:04:33,11.907877
5:04:34,11.9467869
5:04:35,11.8631649
5:04:36,12.1173449
5:04:37,11.9150677
5:04:38,12.09669
5:04:39,12.0974188
5:04:40,11.9706106
5:04:41,11.6603661
5:04:42,11.8161716
5:04:43,11.8458586
5:04:44,12.1241779
5:04:45,12.07448
5:04:46,11.874176
5:04:47,11.9658928
5:04:48,11.7986517
5:04:49,12.0490246
5:04:50,12.025197
5:04:51,12.316947
5:04:52,11.8632069
5:04:53,12.270936
5:04:54,12.0662336
5:04:55,11.8037891
5:04:56,11.8868027
5:04:57,12.2164421
5:04:58,12.1774483
5:04:59,11.8437872
5:05:00,11.856761
5:05:01,12.1662846
5:05:02,12.0541191
5:05:03,11.8927765
5:05:04,12.1173506
5:05:05,12.060894
5:05:06,12.0312052
5:05:07,12.0536461
5:05:08,11.9422083
5:05:09,12.0016727
5:05:10,11.9217615
5:05:11,11.7987633
5:05:12,12.0358257
5:05:13,11.8665085
5:05:14,12.0094252
5:05:15,12.1207275
5:05:16,11.9112959
5:05:17,12.2153254
5:05:18,11.9342928
5:05:19,12.1173973
5:05:20,12.0065079
5:05:21,12.0014267
5:05:22,11.869915
5:05:23,11.9233522
5:05:24,12.1381044
5:05:25,11.7838879
5:05:26,11.885273
5:05:27,12.0334625
5:05:28,12.0660343
5:05:29,11.8824177
5:05:30,11.9544888
5:05:31,11.9910383
5:05:32,12.080472
5:05:33,12.2793064
5:05:34,12.0938454
5:05:35,12.1429253
5:05:36,12.24514
5:05:37,12.1956272
5:05:38,11.7493191
5:05:39,11.9639969
5:05:40,11.9397144
5:05:41,12.248455
5:05:42,11.9076834
5:05:43,12.1513357
5:05:44,12.2350264
5:05:45,12.094224
5:05:46,12.29863
5:05:47,12.2436295
5:05:48,11.9281721
5:05:49,12.1270609
5:05:50,11.8573008
5:05:51,11.9851065
5:05:52,12.1670361
5:05:53,11.9895716
5:05:54,12.1429138
5:05:55,12.0156889
5:05:56,12.0390186
5:05:57,11.5073519
5:05:58,12.0385952
5:05:59,12.2481852
5:06:00,12.1067772
5:06:01,12.400939
5:06:02,11.9062252
5:06:03,12.0406389
5:06:04,11.8498726
5:06:05,11.88683
5:06:06,12.0900469
5:06:07,12.1729221
5:06:08,11.8556757
5:06:09,12.1658392
5:06:10,12.1736736
5:06:11,11.7838173
5:06:12,11.8160229
5:06:13,11.948987
5:06:14,12.02182
5:06:15,11.7164049
5:06:16,12.0020571
5:06:17,11.8678188
5:06:18,12.2469769
5:06:19,11.9677391
5:06:20,12.2585459
5:06:21,11.9475756
5:06:22,11.8839121
5:06:23,12.0021906
5:06:24,11.7672682
5:06:25,11.82727
5:06:26,12.108983
5:06:27,12.0838938
5:06:28,12.4457216
5:06:29,12.3534422
5:06:30,12.0118189
5:06:31,11.9524832
5:06:32,11.97737
5:06:33,11.7351656
5:06:34,11.6299677
5:06:35,12.4101
5:06:36,11.7164879
5:06:37,12.201828
5:06:38,12.4277534
5:06:39,11.7178316
5:06:40,11.5472107
5:06:41,12.0819607
5:06:42,11.7198887
5:06:43,12.06404
5:06:44,12.1314754
5:06:45,11.664938
5:06:46,11.7955379
5:06:47,12.1899033
5:06:48,11.9336281
5:06:49,12.1020508
5:06:50,12.13708
5:06:51,12.0367928
5:06:52,12.0996075
5:06:53,11.9969082
5:06:54,12.1189623
5:06:55,12.0916071
5:06:56,12.1325865
5:06:57,11.9124565
5:06:58,11.9787331
5:06:59,11.7253752
5:07:00,12.10538
5:07:01,12.22015
5:07:02,11.902277
5:07:03,11.931963
5:07:04,11.7082605
5:07:05,11.8590336
5:07:06,12.0200834
5:07:07,12.31558
5:07:08,12.09083
5:07:09,11.5866423
5:07:10,11.8990641
5:07:11,11.9862185
5:07:12,11.9231739
5:07:13,12.0273829
5:07:14,12.081625
5:07:15,12.0522251
5:07:16,11.8813753
5:07:17,11.9755354
5:07:18,12.1445885
5:07:19,12.0536375
5:07:20,12.0154028
5:07:21,12.0629606
5:07:22,12.14264
5:07:23,11.9964266
5:07:24,12.14315
5:07:25,12.0746307
5:07:26,12.3101931
5:07:27,12.18563
5:07:28,12.0991011
5:07:29,12.3623428
5:07:30,11.8806028
5:07:31,12.0254784
5:07:32,11.74917
5:07:33,11.9472733
5:07:34,11.9745808
5:07:35,11.4338436
5:07:36,11.9050636
5:07:37,12.3323
5:07:38,11.8994312
5:07:39,12.28696
5:07:40,12.19647
5:07:41,11.6401234
5:07:42,12.0786114
5:07:43,12.1520128
5:07:44,11.8136835
5:07:45,12.2932405
5:07:46,12.0026579
5:07:47,11.889226
5:07:48,12.4139643
5:07:49,11.8816385
5:07:50,11.9993324
5:07:51,12.1189022
5:07:52,11.9509726
5:07:53,12.050561
5:07:54,11.8486052
5:07:55,11.9034357
5:07:56,11.8674812
5:07:57,11.9268084
5:07:58,12.293416
5:07:59,11.8969717
5:08:00,11.671977
5:08:01,12.2607517
5:08:02,12.1165266
5:08:03,11.9753675
5:08:04,11.9093094
5:08:05,12.1178236
5:08:06,11.9660482
5:08:07,11.9328318
5:08:08,11.9801159
5:08:09,12.1313324
5:08:10,11.9798546
5:08:11,11.91358
5:08:12,11.7485685
5:08:13,12.0300131
5:08:14,12.2184429
5:08:15,12.0397768
5:08:16,12.0649137
5:08:17,11.864748
5:08:18,12.1656723
5:08:19,12.1093321
5:08:20,12.1799393
5:08:21,11.9670334
5:08:22,12.3642683
5:08:23,12.0589437
5:08:24,11.6495085
5:08:25,11.7250309
5:08:26,11.8477993
5:08:28,11.7839413
5:08:29,12.1781836
5:08:30,11.9073467
5:08:31,11.90394
5:08:32,11.6680422
5:08:33,11.5977039
5:08:34,12.2696857
5:08:35,11.7696247
5:08:36,11.8365717
5:08:37,11.8514757
5:08:38,12.0982676
5:08:39,11.3777266
5:08:40,11.58244
5:08:41,11.9083843
5:08:42,12.0212345
5:08:43,11.6921558
5:08:44,12.3041935
5:08:45,12.0529652
5:08:46,11.915802
5:08:47,12.3206511
5:08:48,11.9438581
5:08:49,11.5080614
5:08:50,11.9705753
5:08:51,12.0920935
5:08:52,11.9325542
5:08:53,11.8180017
5:08:54,11.8128633
5:08:55,11.9997768
5:08:56,11.8424892
5:08:57,12.2379532
5:08:58,11.737011
5:08:59,12.0911579
5:09:00,12.12899
5:09:01,11.9678154
5:09:02,12.004755
5:09:03,12.0837641
5:09:04,11.7800741
5:09:05,12.193017
5:09:06,11.7261038
5:09:07,12.0977039
5:09:08,11.926281
5:09:09,11.9839487
5:09:10,12.18888
5:09:11,12.0667238
5:09:12,11.6972351
5:09:13,11.9286032
5:09:14,11.8830662
5:09:15,12.0276623
5:09:16,12.0240889
5:09:17,11.9418859
5:09:18,12.019495
5:09:19,11.786087
5:09:20,11.7528543
5:09:21,11.8815823
5:09:22,11.6138706
5:09:23,12.5982437
5:09:24,11.7346544
5:09:25,11.8699322
5:09:26,11.8134813
5:09:27,12.22749
5:09:28,12.05384
5:09:29,11.5375242
5:09:30,12.1933708
5:09:31,11.9823189
5:09:32,12.1658621
5:09:33,11.930006
5:09:34,11.8619318
5:09:35,11.9200354
5:09:36,11.7694025
5:09:37,11.7574129
5:09:38,12.15722
5:09:39,11.8589382
5:09:40,11.9664907
5:09:41,12.1340818
5:09:42,12.2436552
5:09:43,11.9995422
5:09:44,11.82981
5:09:45,11.9302063
5:09:46,12.0228462
5:09:47,12.0688953
5:09:48,12.03862
5:09:49,11.8082237
5:09:50,12.1114388
5:09:51,11.9183283
5:09:52,12.003087
5:09:53,11.9407072
5:09:54,11.7021217
5:09:55,12.4255037
5:09:56,11.80873
5:09:57,11.9113846
5:09:58,11.8946533
5:09:59,11.8894005
5:10:00,11.9676352
5:10:01,11.9962616
5:10:02,12.18909
5:10:03,12.0407095
5:10:04,12.0202732
5:10:05,11.6576939
5:10:06,12.1081486
5:10:07,12.2672186
5:10:08,12.0915155
5:10:09,11.6899529
5:10:10,11.958086
5:10:11,11.9470825
5:10:12,12.0151043
5:10:13,12.1279612
5:10:14,11.8328018
5:10:15,11.9035683
5:10:16,11.7844534
5:10:17,11.8211212
5:10:18,11.8424568
5:10:19,11.8105059
5:10:20,12.0730581
5:10:21,12.1364
5:10:22,12.1504631
5:10:23,11.7973528
5:10:24,11.9569016
5:10:25,11.9317436
5:10:26,12.0356722
5:10:27,11.9737358
5:10:28,11.945055
5:10:29,11.9545765
5:10:30,12.0025444
5:10:31,11.8442383
5:10:32,12.370904
5:10:33,11.7462616
5:10:34,12.1531448
5:10:35,11.7519131
5:10:36,12.01228
5:10:37,11.986845
5:10:38,12.04852
5:10:39,12.3103485
5:10:40,11.9437494
5:10:41,12.0327673
5:10:42,12.0211973
5:10:43,11.8822088
5:10:44,12.1571016
5:10:45,11.7981272
5:10:46,12.0327768
5:10:47,11.83521
5:10:48,11.508729
5:10:49,12.0686483
5:10:50,12.1115656
5:10:51,11.7433882
5:10:52,11.9511251
5:10:53,12.09141
5:10:54,11.5360718
5:10:55,12.2811995
5:10:56,12.1207438
5:10:57,11.9131613
5:10:58,12.2273979
5:10:59,11.7640553
5:11:00,12.01914
5:11:01,12.0448132
5:11:02,11.8421688
5:11:03,11.8634434
5:11:04,11.660244
5:11:05,12.3590708
5:11:06,11.7424965
5:11:07,12.0320663
5:11:08,12.2528114
5:11:09,11.7088852
5:11:10,11.9925623
5:11:11,12.1218472
5:11:12,11.9095459
5:11:13,12.362113
5:11:14,11.8679743
5:11:15,12.053668
5:11:16,11.97083
5:11:17,11.953042
5:11:18,11.8222523
5:11:19,11.9582233
5:11:20,12.1217976
5:11:21,12.23957
5:11:22,11.8653755
5:11:23,11.8656416
5:11:24,12.05531
5:11:25,12.1372566
5:11:26,12.1070747
5:11:27,12.268013
5:11:28,12.1913357
5:11:29,12.0375748
5:11:30,12.2154207
5:11:31,11.868927
5:11:32,11.5914936
5:11:33,12.04708
5:11:34,11.9080143
5:11:35,12.2023792
5:11:36,11.5938406
5:11:37,12.28351
5:11:38,12.0939884
5:11:39,12.097888
5:11:40,12.1738043
5:11:41,12.2471962
5:11:42,11.7685633
5:11:43,12.0250568
5:11:44,11.9554873
5:11:45,11.9362431
5:11:46,12.0302477
5:11:47,12.1381474
5:11:48,11.9049273
5:11:49,11.9415064
5:11:50,12.2822895
5:11:51,12.0715284
5:11:52,11.9801636
5:11:53,11.995225
5:11:54,11.90537
5:11:55,12.2359495
5:11:56,12.1413107
5:11:57,11.9276781
5:11:58,12.1867476
5:11:59,11.9718924
5:12:00,12.1226654
5:12:01,12.0483389
5:12:02,11.9736919
5:12:03,11.8989687
5:12:04,12.0953236
5:12:05,11.9795065
5:12:06,12.0384264
5:12:07,11.8557377
5:12:08,11.9431324
5:12:09,12.270956
5:12:10,12.1019106
5:12:11,12.2390537
5:12:12,11.9702129
5:12:13,12.0720024
5:12:14,11.7091141
5:12:15,12.2515106
5:12:16,12.2564936
5:12:17,12.2289019
5:12:18,11.7662449
5:12:19,12.0183067
5:12:20,12.0774279
5:12:21,12.0922918
5:12:22,11.9920778
5:12:23,12.0886755
5:12:24,11.8531981
5:12:25,11.9919043
5:12:26,11.8821993
5:12:28,12.2068863
5:12:29,11.8966646
5:12:30,12.2270956
5:12:31,12.1415577
5:12:32,11.9304457
5:12:33,11.7678318
5:12:34,12.1163034
5:12:35,12.2284508
5:12:36,12.2306862
5:12:37,11.6433649
5:12:38,11.8889732
5:12:39,12.1299057
5:12:40,12.2572489
5:12:41,12.3477612
5:12:42,11.9315844
5:12:43,12.1796217
5:12:44,11.8921652
5:12:45,11.9859962
5:12:46,11.9594011
5:12:47,12.1538687
5:12:48,12.0636044
5:12:49,11.7772179
5:12:50,12.0708265
5:12:51,12.14324
5:12:52,12.0128536
5:12:53,11.8119211
5:12:54,11.9103117
5:12:55,11.8493223
5:12:56,12.099803
5:12:57,11.96716
5:12:58,12.047
5:12:59,11.742589
5:13:00,12.0495358
5:13:01,11.8706646
5:13:02,12.2625875
5:13:03,11.84751
5:13:04,11.9856691
5:13:05,12.1645193
5:13:06,11.8481846
5:13:07,11.8594189
5:13:08,11.2660322
5:13:09,11.7305832
5:13:10,11.9387236
5:13:11,12.338109
5:13:12,11.9594345
5:13:13,12.0782328
5:13:14,11.8837528
5:13:15,12.1221066
5:13:16,12.1519928
5:13:17,11.9107485
5:13:18,12.7875223
5:13:19,11.7355461
5:13:20,12.0925989
5:13:21,11.84856
5:13:22,12.1744452
5:13:23,12.043644
5:13:24,11.90564
5:13:25,12.2340927
5:13:26,12.0450525
5:13:28,11.9655733
5:13:29,11.9230967
5:13:30,12.1877441
5:13:31,12.1626768
5:13:32,12.0138645
5:13:33,11.8292475
5:13:34,11.8787918
5:13:35,12.019804
5:13:36,12.2000895
5:13:37,11.9907742
5:13:38,11.7637434
5:13:39,11.97232
5:13:40,11.9336109
5:13:41,12.041399
5:13:42,12.1619425
5:13:43,11.9848146
5:13:44,12.0732546
5:13:45,12.0087309
5:13:47,11.9353294
5:13:48,12.105052
5:13:49,11.8022585
5:13:50,11.8604956
5:13:51,11.907917
5:13:52,11.9219694
5:13:53,12.0721025
5:13:54,12.0227518
5:13:55,11.8861589
5:13:56,12.0784683
5:13:57,12.2307873
5:13:58,12.0276585
5:13:59,11.5649939
5:14:00,11.9369116
5:14:01,12.2404175
5:14:02,12.2630529
5:14:03,12.1080866
5:14:04,11.9453974
5:14:05,12.0013914
5:14:06,11.9204636
5:14:07,12.0334158
5:14:08,11.9701
5:14:09,11.7416582
5:14:10,11.9504623
5:14:11,12.0135994
5:14:12,11.760253
5:14:13,12.17123
5:14:14,11.9412947
5:14:15,11.89486
5:14:16,12.2356462
5:14:17,12.0838346
5:14:18,12.1192884
5:14:19,12.0150871
5:14:20,12.05606
5:14:21,12.0568161
5:14:22,11.9419889
5:14:23,12.0889435
5:14:24,11.8938484
5:14:25,12.0914221
5:14:26,11.981452
5:14:28,11.7801723
5:14:29,12.0595112
5:14:30,11.8209019
5:14:31,11.933176
5:14:32,12.0996513
5:14:33,11.8920631
5:14:34,12.2479448
5:14:35,11.9776182
5:14:36,11.9698219
5:14:37,11.8229122
5:14:38,11.9609966
5:14:39,12.1659279
5:14:40,12.1429968
5:14:41,12.0930157
5:14:42,12.1532249
5:14:43,12.0983772
5:14:44,11.7491865
5:14:45,11.88736
5:14:46,11.8635054
5:14:47,12.3866911
5:14:48,12.240346
5:14:49,12.0682621
5:14:50,11.9841118
5:14:51,11.9689894
5:14:52,12.0267744
5:14:53,11.7538462
5:14:54,11.9960737
5:14:55,12.1847525
5:14:56,11.955492
5:14:57,11.8452654
5:14:58,12.0271368
5:14:59,12.2697382
5:15:00,12.2698517
5:15:01,11.8818436
5:15:02,12.2962313
5:15:03,11.8873253
5:15:04,12.0600815
5:15:05,11.9879112
5:15:06,12.09259
5:15:07,12.130475
5:15:08,11.8635006
5:15:09,12.1102715
5:15:10,11.933116
5:15:11,12.1160631
5:15:12,12.0059576
5:15:13,12.0949049
5:15:14,12.0581465
5:15:15,11.7708292
5:15:16,11.7660961
5:15:17,11.9800205
5:15:18,12.081542
5:15:19,12.0414591
5:15:20,12.0795469
5:15:21,11.7922258
5:15:22,11.7415791
5:15:23,11.844676
5:15:24,12.2488651
5:15:25,12.1434278
5:15:26,12.2512608
5:15:28,12.265852
5:15:29,12.1058359
5:15:30,12.195817
5:15:31,12.4334965
5:15:32,11.9135323
5:15:33,11.8054094
5:15:34,12.0896254
5:15:35,12.29815
5:15:36,11.8574457
5:15:37,11.86073
5:15:38,11.9885645
5:15:39,12.2941132
5:15:40,12.3290205
5:15:41,11.8197956
5:15:42,11.7594757
5:15:43,12.0689287
5:15:44,12.0103569
5:15:45,12.2215538
5:15:46,11.7479067
5:15:47,11.9748049
5:15:48,12.1037674
5:15:49,12.1486979
5:15:50,12.0375347
5:15:51,11.9131241
5:15:52,11.9494524
5:15:53,11.8800306
5:15:54,12.18978
5:15:55,11.841301
5:15:56,12.12829
5:15:57,11.9685116
5:15:58,12.0452366
5:15:59,12.0417509
5:16:00,12.1130219
5:16:01,12.1211052
5:16:02,12.1599464
5:16:03,11.9034081
5:16:04,12.1076794
5:16:05,12.3579054
5:16:06,12.2538166
5:16:07,11.9390421
5:16:08,12.0679035
5:16:09,11.8638468
5:16:10,12.03809
5:16:11,12.0392647
5:16:12,12.119895
5:16:13,12.2013006
5:16:14,11.67204
5:16:15,12.0879679
5:16:16,11.807785
5:16:17,11.9805126
5:16:18,11.7062273
5:16:19,11.9216557
5:16:20,12.2349424
5:16:21,12.1489515
5:16:22,11.7881346
5:16:23,11.9007568
5:16:24,11.8931646
5:16:25,11.9964066
5:16:26,12.0114365
5:16:27,12.0122032
5:16:28,11.9141712
5:16:29,12.1142664
5:16:30,12.3134451
5:16:31,12.0216732
5:16:32,11.9245768
5:16:33,11.9080057
5:16:34,12.1126823
5:16:35,12.2287207
5:16:36,12.1491728
5:16:37,12.0817966
5:16:38,11.9119053
5:16:39,12.0576649
5:16:40,12.2604151
5:16:41,11.94065
5:16:42,11.6749277
5:16:43,11.73723
5:16:44,12.1363926
5:16:45,12.13058
5:16:46,11.9469328
5:16:47,11.9684467
5:16:48,12.02694
5:16:49,11.9691858
5:16:50,11.8835745
5:16:51,12.150116
5:16:52,12.1162987
5:16:53,12.0105982
5:16:54,11.9473906
5:16:55,11.9918594
5:16:56,11.85995
5:16:57,11.9305143
5:16:58,12.2094088
5:16:59,11.9514227
5:17:00,12.0528479
5:17:01,12.0926466
5:17:02,12.0526419
5:17:03,11.9841051
5:17:04,12.061039
5:17:05,11.5582323
5:17:06,12.0758257
5:17:07,12.1662674
5:17:08,12.0209064
5:17:09,11.7591667
5:17:10,11.9136944
5:17:11,12.0650244
5:17:12,12.1930857
5:17:13,11.9848862
5:17:14,11.98759
5:17:15,12.0690546
5:17:16,11.9905214
5:17:17,11.762249
5:17:18,11.7375994
5:17:19,11.8067408
5:17:20,11.9266577
5:17:21,12.0457239
5:17:22,12.1463461
5:17:23,11.7777328
5:17:24,12.0388384
5:17:25,12.0599518
5:17:26,12.1154785
5:17:27,11.7641363
5:17:28,11.9793072
5:17:29,12.1423492
5:17:30,11.9232359
5:17:31,11.9499245
5:17:32,12.1631279
5:17:33,11.9404783
5:17:34,11.97703
5:17:35,11.90929
5:17:36,11.9606247
5:17:37,11.9207191
5:17:38,11.8091879
5:17:39,12.0145664
5:17:40,11.9408627
5:17:41,12.1034889
5:17:42,12.2412186
5:17:43,11.666111
5:17:44,12.7300062
5:17:45,12.6480179
5:17:46,12.1827784
5:17:47,11.9699526
5:17:48,11.4863672
5:17:49,11.9982462
5:17:50,12.0133562
5:17:51,12.1226044
5:17:52,12.0063515
5:17:53,11.7588482
5:17:54,11.7414865
5:17:55,12.1817837
5:17:56,12.43279
5:17:57,11.9566841
5:17:58,12.0636663
5:17:59,12.3444319
5:18:00,11.9154205
5:18:01,11.7860889
5:18:02,12.1980782
5:18:03,12.0087652
5:18:04,12.08345
5:18:05,12.1600237
5:18:06,12.2548532
5:18:07,12.077281
5:18:08,11.7259655
5:18:09,12.0294027
5:18:10,12.2125025
5:18:11,11.9358435
5:18:12,12.279871
5:18:13,11.8910933
5:18:14,11.94974
5:18:15,11.9502449
5:18:16,11.9401608
5:18:17,11.7134
5:18:18,11.7789564
5:18:19,11.9891529
5:18:20,12.0857086
5:18:21,11.971055
5:18:22,11.7279673
5:18:23,12.1125889
5:18:24,11.7846775
5:18:25,11.982851
5:18:26,12.2138767
5:18:27,12.2583075
5:18:28,12.1703176
5:18:29,12.145751
5:18:30,12.0549107
5:18:31,12.1842976
5:18:32,12.0301695
5:18:33,11.9089909
5:18:34,12.024744
5:18:35,12.2170076
5:18:36,11.7878838
5:18:37,11.8808
5:18:38,11.9543171
5:18:39,12.007061
5:18:40,12.2557535
5:18:41,12.1951256
5:18:42,11.883811
5:18:43,11.9241467
5:18:44,12.1772232
5:18:45,12.2171736
5:18:46,12.2635975
5:18:47,12.1250553
5:18:48,12.1261024
5:18:49,12.1983662
5:18:50,11.9757738
5:18:51,11.9730167
5:18:52,12.0876551
5:18:53,11.8615036
5:18:54,11.8935909
5:18:55,12.0829744
5:18:56,12.1484623
5:18:57,12.0620708
5:18:58,11.6626062
5:18:59,11.9361067
5:19:00,11.9757757
5:19:01,12.0862217
5:19:02,11.936697
5:19:03,11.8568
5:19:04,11.9951067
5:19:05,12.224309
5:19:06,11.7962427
5:19:07,12.3303671
5:19:08,11.58219
5:19:09,11.8202085
5:19:10,12.1664715
5:19:11,11.95645
5:19:12,12.0758
5:19:13,11.988369
5:19:14,11.8273668
5:19:15,12.3255558
5:19:16,12.1606312
5:19:17,12.25741
5:19:18,11.8697147
5:19:19,12.2793236
5:19:20,12.0607834
5:19:21,11.7905035
5:19:22,12.0850754
5:19:23,11.7768917
5:19:24,12.111187
5:19:25,12.0900545
5:19:26,11.9667015
5:19:27,12.0301294
5:19:28,12.1042833
5:19:29,12.2782927
5:19:30,12.26556
5:19:31,11.9360914
5:19:32,12.1163235
5:19:33,11.7962656
5:19:34,12.0396338
5:19:35,11.9495125
5:19:36,11.8426075
5:19:37,11.8079758
5:19:38,11.8422623
5:19:39,12.0588617
5:19:40,11.8880787
5:19:41,11.7907734
5:19:42,11.8936014
5:19:43,11.7545729
5:19:44,11.8004866
5:19:45,11.9954758
5:19:46,12.1789217
5:19:47,11.7477894
5:19:48,12.2968626
5:19:49,12.1959248
5:19:50,11.95692
5:19:51,11.8968782
5:19:52,12.2282295
5:19:53,11.6444025
5:19:54,12.11776
5:19:55,11.7092743
5:19:56,12.1252995
5:19:57,12.1483231
5:19:58,12.279335
5:19:59,12.0283794
5:20:00,12.1448936
5:20:01,11.7986717
5:20:02,12.0552292
5:20:03,12.05594
5:20:04,12.0307722
5:20:05,11.8420763
5:20:06,11.971693
5:20:07,12.2431211
5:20:08,12.09708
5:20:09,11.8487663
5:20:10,11.7664566
5:20:11,11.8984842
5:20:12,11.8440647
5:20:13,12.009264
5:20:14,11.9007788
5:20:15,12.1196213
5:20:16,12.0538568
5:20:17,11.9330425
5:20:18,11.8907442
5:20:19,11.8842487
5:20:20,12.0170231
5:20:21,11.6936626
5:20:22,12.0623541
5:20:23,11.785531
5:20:24,11.918766
5:20:25,12.1437349
5:20:26,11.9160166
5:20:27,11.8555746
5:20:28,11.9880438
5:20:29,12.3132973
5:20:30,11.97845
5:20:31,12.1187506
5:20:32,12.15365
5:20:33,12.0740376
5:20:34,11.8391981
5:20:35,11.8023577
5:20:36,11.859973
5:20:37,12.1885948
5:20:38,11.9769764
5:20:39,11.9182768
5:20:40,12.0947866
5:20:41,12.0180359
5:20:42,12.094739
5:20:43,12.0698824
5:20:44,12.03686
5:20:45,11.9283962
5:20:46,11.9957027
5:20:47,12.2182817
5:20:48,12.0010614
5:20:49,12.1599121
5:20:50,11.971879
5:20:51,11.8319979
5:20:52,12.00874
5:20:53,12.092186
5:20:54,11.91863
5:20:55,12.3227949
5:20:56,11.9561558
5:20:57,12.3074913
5:20:58,11.9429255
5:20:59,12.0624638
5:21:00,11.9298325
5:21:01,11.9715157
5:21:02,11.887207
5:21:03,12.1775646
5:21:04,11.7398729
5:21:05,12.1820745
5:21:06,12.1589136
5:21:07,11.8259525
5:21:08,12.020009
5:21:09,12.115694
5:21:10,11.7395086
5:21:11,12.0556707
5:21:12,12.0254135
5:21:13,12.0581121
5:21:14,12.0123158
5:21:15,11.9174795
5:21:16,12.0613966
5:21:17,12.0783
5:21:18,11.7694368
5:21:19,11.9662275
5:21:20,11.8745422
5:21:21,11.8508263
5:21:22,12.0562105
5:21:23,12.0169029
5:21:24,11.9771948
5:21:25,11.9278593
5:21:26,12.1060505
5:21:27,12.0021629
5:21:28,12.2647057
5:21:29,12.24716
5:21:30,12.2759809
5:21:31,11.8822775
5:21:32,11.8950748
5:21:33,12.2992887
5:21:34,11.72587
5:21:35,11.9353933
5:21:36,11.90585
5:21:37,11.6385632
5:21:38,11.9137669
5:21:39,12.0803528
5:21:40,11.878438
5:21:41,12.1156883
5:21:42,11.9791584
5:21:43,12.0071545
5:21:44,12.0640631
5:21:45,12.0634775
5:21:46,11.9546127
5:21:47,11.8059711
5:21:48,12.2825251
5:21:49,11.780035
5:21:50,11.9917984
5:21:51,12.1734123
5:21:52,11.8811293
5:21:53,12.0923929
5:21:54,12.1510286
5:21:55,11.7670956
5:21:56,12.0021009
5:21:57,11.9989014
5:21:58,12.2628
5:21:59,11.36709
5:22:00,12.2385778
5:22:01,12.07871
5:22:02,12.0176334
5:22:03,12.2618313
5:22:04,12.0013361
5:22:05,12.139967
5:22:06,11.9729691
5:22:07,11.9922676
5:22:08,12.001091
5:22:09,12.45305
5:22:10,12.0416946
5:22:11,11.92077
5:22:12,11.97083
5:22:13,12.0838518
5:22:14,11.9996767
5:22:15,11.8481731
5:22:16,11.8891668
5:22:17,12.0159235
5:22:18,12.1950083
5:22:19,11.926836
5:22:20,11.7890825
5:22:21,12.0960369
5:22:22,11.9206638
5:22:23,11.9796047
5:22:24,12.0772314
5:22:25,12.2402792
5:22:26,11.8555622
5:22:27,11.8536
5:22:28,12.4128342
5:22:29,11.800828
5:22:30,11.6363258
5:22:31,11.8761768
5:22:32,12.0436506
5:22:33,11.5739069
5:22:34,11.94867
5:22:35,12.09512
5:22:36,11.8578949
5:22:37,12.2281771
5:22:38,11.589612
5:22:39,12.1501913
5:22:40,11.9796534
5:22:41,11.8527479
5:22:42,11.8036118
5:22:43,12.0317726
5:22:44,11.71189
5:22:45,12.1387062
5:22:46,12.0675154
5:22:47,12.0646877
5:22:48,12.2899361
5:22:49,12.1418781
5:22:50,12.1243
5:22:51,11.8369551
5:22:52,12.0804958
5:22:53,11.9292231
5:22:54,11.8459587
5:22:55,11.8772945
5:22:56,11.9331779
5:22:57,12.0365925
5:22:58,11.9916449
5:22:59,11.8177214
5:23:00,12.1803818
5:23:01,12.1046267
5:23:02,11.916255
5:23:03,12.4881306
5:23:04,11.9883766
5:23:05,12.0859175
5:23:06,12.00001
5:23:07,12.1150036
5:23:08,12.26031
5:23:09,12.0616684
5:23:10,12.03861
5:23:11,12.079072
5:23:12,11.9435625
5:23:13,12.1517553
5:23:14,12.1743927
5:23:15,11.838829
5:23:16,12.0909271
5:23:17,12.0994844
5:23:18,11.8411083
5:23:19,12.07802
5:23:20,12.0972662
5:23:21,12.2231874
5:23:22,12.2257023
5:23:23,11.9316092
5:23:24,11.6987991
5:23:25,12.154068
5:23:26,11.9165783
5:23:27,11.8319235
5:23:28,11.8637266
5:23:29,11.9426832
5:23:30,11.7642078
5:23:31,12.0742006
5:23:32,11.88525
5:23:33,12.0559511
5:23:34,11.9202023
5:23:35,12.01781
5:23:36,12.1321135
5:23:37,11.7421932
5:23:38,11.8150721
5:23:39,12.0248976
5:23:40,12.0211077
5:23:41,12.0619249
5:23:42,12.3189754
5:23:43,12.1735783
5:23:44,11.8058176
5:23:45,11.9509287
5:23:46,12.0118179
5:23:47,12.1317244
5:23:48,12.1498995
5:23:49,12.2745438
5:23:50,11.7780209
5:23:51,11.6878853
5:23:52,12.0678329
5:23:53,11.9801826
5:23:54,11.7891092
5:23:55,11.7954464
5:23:56,12.1475916
5:23:57,11.9384117
5:23:58,12.0140791
5:23:59,12.1306868
5:24:00,12.0935574
5:24:01,12.0777369
5:24:02,12.006628
5:24:03,11.8757944
5:24:04,11.994792
5:24:05,11.9866953
5:24:06,11.9648981
5:24:07,11.9770164
5:24:08,11.9280024
5:24:09,12.1250515
5:24:10,11.89177
5:24:11,11.4088726
5:24:12,12.2035294
5:24:13,11.8491039
5:24:14,12.111927
5:24:15,11.9746075
5:24:16,12.1187162
5:24:17,12.2173443
5:24:18,11.7268152
5:24:19,11.9875727
5:24:20,12.4532652
5:24:21,11.7553082
5:24:22,12.668355
5:24:23,11.9028435
5:24:24,11.9961767
5:24:25,12.0385733
5:24:26,12.0228634
5:24:27,12.2025042
5:24:28,12.0021715
5:24:29,12.0981922
5:24:30,11.837739
5:24:31,12.1665907
5:24:32,12.1706057
5:24:33,11.98514
5:24:34,12.0196152
5:24:35,11.7092876
5:24:36,11.9085331
5:24:37,12.05501
5:24:38,12.070693
5:24:39,11.9469328
5:24:40,11.9816866
5:24:41,10.0140553
5:24:42,10.4261169
5:24:43,13.9437819
5:24:44,14.2780218
5:24:45,11.7501144
5:24:46,11.9295034
5:24:47,11.890605
5:24:48,12.0785179
5:24:49,11.7914829
5:24:50,11.7493515
5:24:51,11.8767729
5:24:52,12.1414289
5:24:53,12.0266914
5:24:54,11.9494314
5:24:55,11.7047291
5:24:56,12.13503
5:24:57,12.2870522
5:24:58,12.0958128
5:24:59,11.9296856
5:25:00,12.0897408
5:25:01,12.3771143
5:25:02,11.8805695
5:25:03,11.7178211
5:25:04,11.9659061
5:25:05,11.7281818
5:25:06,12.1998844
5:25:07,11.9180365
5:25:08,11.7421112
5:25:09,11.8867712
5:25:10,12.0399857
5:25:11,11.9850464
5:25:12,11.9955368
5:25:13,11.687418
5:25:14,11.8844662
5:25:15,11.9545517
5:25:16,12.2497425
5:25:17,11.777771
5:25:18,11.7587729
5:25:19,11.9300995
5:25:20,12.0291309
5:25:21,12.204093
5:25:22,11.8396559
5:25:23,11.7746916
5:25:24,12.2697964
5:25:25,11.8412066
5:25:26,12.2489862
5:25:27,12.1397057
5:25:28,11.7887917
5:25:29,11.4609022
5:25:30,12.0810928
5:25:31,11.7091179
5:25:32,11.8560066
5:25:33,12.1034889
5:25:34,12.1317368
5:25:35,11.84726
5:25:36,11.8311987
5:25:37,12.05405
5:25:38,11.907876
5:25:39,12.421773
5:25:40,11.9389753
5:25:41,11.8304911
5:25:42,11.8521147
5:25:43,11.9977779
5:25:44,12.089468
5:25:45,11.7255116
5:25:46,11.9472857
5:25:47,12.2104788
5:25:48,12.13181
5:25:49,11.9775257
5:25:50,11.8776684
5:25:51,11.9978132
5:25:52,12.0149012
5:25:53,12.0865355
5:25:54,12.1347694
5:25:55,12.0499659
5:25:56,11.7308187
5:25:57,11.8190317
5:25:58,12.0368071
5:25:59,12.0564613
5:26:00,11.8797226
5:26:01,12.2048788
5:26:02,12.0225353
5:26:03,12.0329533
5:26:04,12.219944
5:26:05,12.124979
5:26:06,12.0533514
5:26:07,12.1058626
5:26:08,11.9144449
5:26:09,12.2092705
5:26:10,12.1799545
5:26:11,12.0722179
5:26:12,12.0169525
5:26:13,12.0226631
5:26:14,11.99492
5:26:15,11.7605391
5:26:16,11.9963913
5:26:17,11.8033991
5:26:18,12.1672611
5:26:19,11.9096241
5:26:20,12.0995712
5:26:21,11.899847
5:26:22,11.9971189
5:26:23,12.1268024
5:26:24,11.9066019
5:26:25,12.1234894
5:26:26,11.9680853
5:26:27,12.0200663
5:26:28,11.978
5:26:29,11.84651
5:26:30,12.09061
5:26:31,12.0999613
5:26:32,12.1110725
5:26:33,11.87353
5:26:34,11.8813152
5:26:35,12.00715
5:26:36,12.2086592
5:26:37,11.623064
5:26:38,11.9403343
5:26:39,11.9491491
5:26:40,11.7954855
5:26:41,11.9269905
5:26:42,11.98479
5:26:43,12.1591854
5:26:44,11.986413
5:26:45,11.7991953
5:26:46,12.2379894
5:26:47,11.3975334
5:26:48,11.9751663
5:26:49,12.1564322
5:26:50,11.8215876
5:26:51,12.3914
5:26:52,12.1127319
5:26:53,12.03012
5:26:54,11.8634615
5:26:55,11.9070787
5:26:56,11.7833729
5:26:57,12.1108
5:26:58,12.0824432
5:26:59,11.7745371
5:27:00,12.0763607
5:27:01,11.6260519
5:27:02,11.7423811
5:27:03,12.0022345
5:27:04,12.0155621
5:27:05,11.966
5:27:06,12.1938219
5:27:07,12.1444387
5:27:08,12.0193548
5:27:09,12.1476955
5:27:10,12.04231
5:27:11,12.1097889
5:27:12,12.1878481
5:27:13,12.3180113
5:27:14,11.9678822
5:27:15,11.9678555
5:27:16,12.1196241
5:27:17,11.7931576
5:27:18,11.9721842
5:27:19,11.9042311
5:27:20,11.8560228
5:27:21,11.8826876
5:27:22,12.0576191
5:27:23,11.8302155
5:27:24,12.0418367
5:27:25,11.9765959
5:27:26,12.1581144
5:27:27,12.2985582
5:27:28,12.05768
5:27:29,11.8879852
5:27:30,11.8497343
5:27:31,12.04095
5:27:32,12.0219059
5:27:33,11.9949236
5:27:34,11.792531
5:27:35,12.214118
5:27:36,12.1842918
5:27:37,12.0276289
5:27:38,11.8243837
5:27:39,12.12564
5:27:40,12.0511818
5:27:41,11.9684143
5:27:42,11.836072
5:27:43,11.8270245
5:27:44,12.0395575
5:27:45,12.1656218
5:27:46,11.9154339
5:27:47,11.9664173
5:27:48,12.063488
5:27:49,12.0518751
5:27:50,11.8237906
5:27:51,12.1732788
5:27:52,11.9186325
5:27:53,12.0598
5:27:54,12.1606131
5:27:55,12.14956
5:27:56,12.2630949
5:27:57,12.1773653
5:27:58,12.1249447
5:27:59,11.9202509
5:28:00,12.1665993
5:28:01,11.81542
5:28:02,11.9229527
5:28:03,11.9745054
5:28:04,12.0270452
5:28:05,11.8479433
5:28:06,11.7481766
5:28:07,12.0150776
5:28:08,11.8570633
5:28:09,12.3321972
5:28:10,12.2268286
5:28:11,12.2309084
5:28:12,12.2186184
5:28:13,11.96564
5:28:14,11.7273817
5:28:15,11.9768839
5:28:16,12.2167587
5:28:17,12.311655
5:28:18,12.037323
5:28:19,11.6373749
5:28:20,12.090827
5:28:21,12.1000242
5:28:22,12.0326614
5:28:23,12.0127077
5:28:24,12.0358219
5:28:25,11.6720381
5:28:26,11.9313917
5:28:27,12.1934347
5:28:28,12.0216475
5:28:29,12.0383406
5:28:30,12.0513582
5:28:31,11.9755306
5:28:32,12.2079344
5:28:33,11.7983484
5:28:34,11.84864
5:28:35,11.8899841
5:28:36,12.0166416
5:28:37,11.8803892
5:28:38,12.0382042
5:28:39,12.0553312
5:28:40,11.9889193
5:28:41,12.0741568
5:28:42,11.9601431
5:28:43,11.7700224
5:28:44,12.1895819
5:28:45,12.4291611
5:28:46,11.979187
5:28:47,12.2396793
5:28:48,11.9131041
5:28:49,12.0781384
5:28:50,11.850935
5:28:51,12.2932024
5:28:52,11.85921
5:28:53,12.23967
5:28:54,11.99173
5:28:55,11.8903122
5:28:56,11.9408484
5:28:57,12.0162935
5:28:58,11.9533768
5:28:59,12.0175133
5:29:00,12.1348925
5:29:01,12.2155714
5:29:02,12.3772793
5:29:03,11.4258633
5:29:04,11.7454929
5:29:05,11.629467
5:29:06,11.7914133
5:29:07,11.7178392
5:29:08,11.9572525
5:29:09,11.8774862
5:29:10,11.9416847
5:29:11,12.08164
5:29:12,12.0766449
5:29:13,12.6340895
5:29:14,12.1769772
5:29:15,11.9840078
5:29:16,12.1369438
5:29:17,11.8943958
5:29:18,12.0008192
5:29:19,12.246932
5:29:20,12.1269054
5:29:21,12.3955107
5:29:22,11.5593252
5:29:23,11.9899416
5:29:24,11.7331505
5:29:25,11.985425
5:29:26,12.0255
5:29:27,12.1902361
5:29:28,12.1222725
5:29:29,12.0375967
5:29:30,11.8520536
5:29:31,11.8606615
5:29:32,12.053956
5:29:33,12.1688452
5:29:34,11.6928511
5:29:35,12.33914
5:29:36,11.8065948
5:29:37,11.698266
5:29:38,11.6103287
5:29:39,11.8181725
5:29:40,12.1382113
5:29:41,12.027669
5:29:42,12.1818342
5:29:43,12.0117874
5:29:44,11.9790573
5:29:45,12.1282768
5:29:46,12.0269794
5:29:47,11.9782486
5:29:48,11.72524
5:29:49,12.1607018
5:29:50,12.1847486
5:29:51,11.8016777
5:29:52,11.97838
5:29:53,12.0126534
5:29:54,11.8471117
5:29:55,12.0524435
5:29:56,11.7579117
5:29:57,12.153059
5:29:58,11.8171148
5:29:59,11.97149
5:30:00,11.757452
5:30:01,11.9701815
5:30:02,12.1533575
5:30:03,12.0374622
5:30:04,12.094264
5:30:05,11.9518652
5:30:06,12.2889948
5:30:07,11.6150551
5:30:08,12.2510452
5:30:09,11.9616356
5:30:10,11.7286234
5:30:11,12.1793652
5:30:12,11.9814091
5:30:13,11.7159748
5:30:14,11.8097658
5:30:15,12.1884956
5:30:16,11.7870388
5:30:17,12.1547585
5:30:18,11.830431
5:30:19,11.90735
5:30:20,11.9351826
5:30:21,11.7939844
5:30:22,12.1383705
5:30:23,12.1451111
5:30:24,11.9085293
5:30:25,11.95085
5:30:26,11.8996878
5:30:27,11.8736429
5:30:28,11.9581423
5:30:29,12.2674761
5:30:30,11.9495163
5:30:31,11.9734974
5:30:32,11.9280624
5:30:33,12.04253
5:30:34,11.8976984
5:30:35,11.7062521
5:30:36,11.8591843
5:30:37,11.8109751
5:30:38,12.0410643
5:30:39,12.0945387
5:30:40,11.6352911
5:30:41,12.1541147
5:30:42,11.8929348
5:30:43,12.1048784
5:30:44,12.1089468
5:30:45,11.9442816
5:30:46,12.0186882
5:30:47,11.805934
5:30:48,11.73974
5:30:49,11.9010363
5:30:50,12.0403557
5:30:51,11.7769966
5:30:52,12.2779646
5:30:53,11.9690676
5:30:54,12.30189
5:30:55,12.0177832
5:30:56,11.9430609
5:30:57,12.0546169
5:30:58,12.0633593
5:30:59,11.6617289
5:31:00,12.1536922
5:31:01,11.7875175
5:31:02,12.47363
5:31:03,12.14456
5:31:04,11.9366512
5:31:05,12.0475206
5:31:06,12.2673264
5:31:07,11.9520149
5:31:08,12.3549
5:31:09,12.0641985
5:31:10,11.9468069
5:31:11,11.9249439
5:31:12,12.1489363
5:31:13,11.9508743
5:31:14,12.0228682
5:31:15,12.1447573
5:31:16,12.1106882
5:31:17,11.9412012
5:31:18,11.9140606
5:31:19,12.2129307
5:31:20,12.48475
5:31:21,11.624
5:31:22,11.9622841
5:31:23,12.1198339
5:31:24,11.9323111
5:31:25,12.3526621
5:31:26,11.9995413
5:31:27,12.2244081
5:31:28,11.8189907
5:31:29,12.1716614
5:31:30,12.0926619
5:31:31,12.1791916
5:31:32,11.9284592
5:31:33,11.9033718
5:31:34,12.1413574
5:31:35,12.2395163
5:31:36,11.7310448
5:31:37,12.3068838
5:31:38,12.0825262
5:31:39,11.9007387
5:31:40,12.2789555
5:31:41,11.81969
5:31:43,11.8779106
5:31:44,11.9544029
5:31:45,12.3153229
5:31:46,12.1914816
5:31:47,12.073226
5:31:48,12.0877161
5:31:49,11.8055534
5:31:50,12.0179243
5:31:51,12.23798
5:31:52,11.9841795
5:31:53,11.7905188
5:31:54,12.2054758
5:31:55,11.839613
5:31:56,11.940856
5:31:57,12.1766338
5:31:58,11.761487
5:31:59,11.9367266
5:32:00,12.004178
5:32:01,11.9598446
5:32:02,12.273653
5:32:03,11.5841665
5:32:04,11.8515816
5:32:05,11.5757666
5:32:06,12.112937
5:32:07,12.1324253
5:32:08,11.8659363
5:32:09,12.0283451
5:32:10,12.0591726
5:32:11,12.0179729
5:32:12,12.2113066
5:32:13,12.0779276
5:32:14,11.9884777
5:32:15,11.9529629
5:32:16,11.9138021
5:32:17,11.7224121
5:32:18,12.0420666
5:32:19,11.8943386
5:32:20,12.12685
5:32:21,12.0685453
5:32:22,11.8461056
5:32:23,12.046155
5:32:24,12.2008219
5:32:25,11.897418
5:32:26,12.1152744
5:32:27,11.994297
5:32:28,11.9611006
5:32:29,12.0328827
5:32:30,12.282239
5:32:31,11.7699976
5:32:32,11.8278589
5:32:33,12.0335426
5:32:34,11.8798485
5:32:35,12.1699533
5:32:36,11.8214331
5:32:37,11.8507986
5:32:38,12.0740652
5:32:39,12.1796589
5:32:40,11.954586
5:32:41,11.9768372
5:32:42,11.8937283
5:32:43,11.9370871
5:32:44,12.1433229
5:32:45,11.9624453
5:32:46,12.025279
5:32:47,11.89473
5:32:48,11.9923172
5:32:49,11.9951487
5:32:50,12.1336727
5:32:51,12.2158051
5:32:52,11.842124
5:32:53,12.3293953
5:32:54,11.8737974
5:32:55,11.7601013
5:32:56,12.06274
5:32:57,11.8631763
5:32:58,11.9326019
5:32:59,12.0407047
5:33:00,11.8848734
5:33:01,11.9399242
5:33:02,12.0593872
5:33:03,11.9643526
5:33:04,11.8043089
5:33:05,12.1544971
5:33:06,12.2008877
5:33:07,12.32383
5:33:08,11.5805025
5:33:09,12.2298021
5:33:10,12.1169777
5:33:11,12.1943521
5:33:12,11.8316317
5:33:13,11.9263268
5:33:14,11.7294865
5:33:15,11.751977
5:33:16,12.3040752
5:33:17,11.8596849
5:33:18,12.2531958
5:33:19,12.0125151
5:33:20,11.81362
5:33:21,11.8599958
5:33:22,12.101512
5:33:23,12.0523405
5:33:24,11.9974155
5:33:25,12.2766666
5:33:26,11.9604216
5:33:27,11.784914
5:33:28,12.0718689
5:33:29,11.966897
5:33:30,11.5581541
5:33:31,11.8099661
5:33:32,11.9818192
5:33:33,11.999754
5:33:34,12.2535887
5:33:35,12.092206
5:33:36,12.2919159
5:33:37,11.7677612
5:33:38,11.8251514
5:33:39,11.8845348
5:33:40,11.8197412
5:33:41,12.0573835
5:33:42,11.9710054
5:33:43,12.0744352
5:33:44,11.8278933
5:33:45,12.2697983
5:33:46,12.11809
5:33:47,12.0751448
5:33:48,11.8015347
5:33:49,12.1131449
5:33:50,11.9650669
5:33:51,12.1771555
5:33:52,12.1658745
5:33:53,12.040966
5:33:54,11.8666267
5:33:55,11.9900513
5:33:56,12.147275
5:33:57,12.0316572
5:33:58,11.7197132
5:33:59,11.9336281
5:34:00,11.8633137
5:34:01,11.9971437
5:34:02,11.9715586
5:34:03,11.7671976
5:34:04,12.2040682
5:34:05,12.1148748
5:34:06,12.0222244
5:34:07,11.8496933
5:34:08,12.0482254
5:34:09,11.8215389
5:34:10,12.1378384
5:34:11,11.9939175
5:34:12,11.902956
5:34:13,12.11509
5:34:14,12.1933908
5:34:15,12.0613508
5:34:16,11.8006868
5:34:17,12.1084929
5:34:18,11.713953
5:34:19,12.0673466
5:34:20,11.9745226
5:34:21,11.8828764
5:34:22,11.8671589
5:34:23,11.9926128
5:34:24,11.9984732
5:34:25,12.0289469
5:34:26,11.9487514
5:34:27,11.731307
5:34:28,12.214467
5:34:29,11.9734507
5:34:30,11.8338814
5:34:31,11.7565145
5:34:32,11.8768063
5:34:33,11.9329
5:34:34,11.9714394
5:34:35,12.0976419
5:34:36,12.181777
5:34:37,12.0830832
5:34:38,12.0407276
5:34:39,11.8018179
5:34:40,12.259181
5:34:41,11.9354992
5:34:42,12.0656757
5:34:43,12.1291523
5:34:44,11.72066
5:34:45,12.0912819
5:34:46,12.0425138
5:34:47,11.7327986
5:34:48,12.2243538
5:34:49,12.1555443
5:34:50,12.0392523
5:34:51,12.1429291
5:34:52,12.2268324
5:34:53,11.97046
5:34:54,12.0582037
5:34:55,11.905962
5:34:56,12.19302
5:34:57,12.0277519
5:34:58,12.1512051
5:34:59,11.8893328
5:35:00,11.8994446
5:35:01,12.0398
5:35:02,12.2132111
5:35:03,11.9730358
5:35:04,12.0612078
5:35:05,12.297904
5:35:06,12.0914021
5:35:07,11.7383327
5:35:08,11.907053
5:35:09,12.1930914
5:35:10,11.9133844
5:35:11,12.0810184
5:35:12,12.3044062
5:35:13,12.190589
5:35:14,11.9012756
5:35:15,11.9296179
5:35:16,12.0820427
5:35:17,12.0172892
5:35:18,12.034832
5:35:19,11.9417362
5:35:20,11.9345846
5:35:21,11.90228
5:35:22,12.0451221
5:35:23,11.9358559
5:35:24,11.9925318
5:35:25,11.935956
5:35:26,11.9822521
5:35:27,11.8093281
5:35:28,12.2769728
5:35:29,11.9085941
5:35:30,11.9052
5:35:31,12.0409851
5:35:32,12.00691
5:35:33,12.10747
5:35:34,12.2577267
5:35:35,12.1788416
5:35:36,12.1133451
5:35:37,11.9612732
5:35:38,11.8965311
5:35:39,11.8979225
5:35:40,12.0661354
5:35:41,12.10556
5:35:42,12.1048346
5:35:43,11.748702
5:35:44,12.2011347
5:35:45,11.7765
5:35:46,12.1213942
5:35:47,11.917944
5:35:48,12.05953
5:35:49,11.9962864
5:35:50,11.83034
5:35:51,12.1182585
5:35:52,11.9259186
5:35:53,11.9336224
5:35:54,12.1915913
5:35:55,11.9052525
5:35:56,11.8970795
5:35:57,11.816083
5:35:58,11.9018831
5:35:59,12.0291395
5:36:00,11.6428375
5:36:01,12.0477943
5:36:02,12.0625
5:36:03,12.1739092
5:36:04,12.3183069
5:36:05,12.0002031
5:36:06,12.2620173
5:36:07,11.7062521
5:36:08,11.9643087
5:36:09,12.3006039
5:36:10,12.2934837
5:36:11,12.3740463
5:36:12,12.1236019
5:36:13,11.8464327
5:36:14,11.8738708
5:36:15,11.8754053
5:36:16,11.9121933
5:36:17,11.8419056
5:36:18,12.1184568
5:36:19,12.0391941
5:36:20,12.0025692
5:36:21,12.0762691
5:36:22,12.2431307
5:36:23,12.20393
5:36:24,12.16047
5:36:25,11.8007612
5:36:26,11.97166
5:36:27,11.9829426
5:36:28,11.8963528
5:36:29,12.1401711
5:36:30,11.9117594
5:36:31,11.9781647
5:36:32,12.1405468
5:36:33,11.7115583
5:36:34,11.83704
5:36:35,11.8310671
5:36:36,12.01477
5:36:37,12.0406933
5:36:38,11.9193573
5:36:39,12.15767
5:36:40,12.2368269
5:36:41,12.259737
5:36:42,12.2395306
5:36:43,11.9701195
5:36:44,12.0611877
5:36:45,12.1083927
5:36:46,11.6832628
5:36:47,11.805295
5:36:48,12.015233
5:36:49,11.9698725
5:36:50,11.9259
5:36:51,11.9892111
5:36:52,11.9190073
5:36:53,12.2846575
5:36:54,11.9097548
5:36:55,11.8677635
5:36:56,12.0525894
5:36:57,11.6882257
5:36:58,11.8549538
5:36:59,11.9659891
5:37:00,11.9237757
5:37:01,11.9962273
5:37:02,11.88401
5:37:03,12.3929777
5:37:04,11.8650532
5:37:05,12.0696383
5:37:06,12.1329489
5:37:07,11.9828053
5:37:08,11.8542423
5:37:09,12.1229115
5:37:10,12.077961
5:37:11,12.09925
5:37:12,12.1139488
5:37:13,12.2950954
5:37:14,12.1342306
5:37:15,11.78752
5:37:16,12.0975885
5:37:17,12.240921
5:37:18,11.8696623
5:37:19,11.98447
5:37:20,11.8734493
5:37:21,11.9592133
5:37:22,11.8223915
5:37:23,12.0539665
5:37:24,12.2325983
5:37:25,12.2764978
5:37:26,12.061512
5:37:27,12.0941858
5:37:28,12.0501232
5:37:29,12.1859779
5:37:30,11.84094
5:37:31,12.1300125
5:37:32,12.0560369
5:37:33,12.0726271
5:37:34,11.995986
5:37:35,12.2353411
5:37:36,12.0265865
5:37:37,11.8140039
5:37:38,11.9793024
5:37:39,12.0797062
5:37:40,11.71655
5:37:41,12.0221024
5:37:42,12.4237375
5:37:43,11.8466148
5:37:44,12.0871515
5:37:45,12.29053
5:37:46,11.793045
5:37:47,11.8002348
5:37:48,12.01055
5:37:49,11.7769651
5:37:50,12.0442438
5:37:51,11.8950367
5:37:52,11.9781713
5:37:53,12.0919962
5:37:54,11.9505968
5:37:55,12.027977
5:37:56,12.115344
5:37:57,11.9771748
5:37:58,12.2578621
5:37:59,11.9600334
5:38:00,11.9411449
5:38:01,11.9199533
5:38:02,12.1034355
5:38:03,11.74578
5:38:04,12.2071886
5:38:05,12.2658768
5:38:06,12.1997929
5:38:07,11.9004946
5:38:08,11.7254925
5:38:09,12.03786
5:38:10,12.1806173
5:38:11,11.9825668
5:38:12,11.92826
5:38:13,12.1029186
5:38:14,12.138649
5:38:15,11.8875923
5:38:16,11.9391756
5:38:17,12.1650257
5:38:18,11.4242754
5:38:19,11.95103
5:38:20,11.6850071
5:38:21,11.911026
5:38:22,12.0281038
5:38:23,11.8165522
5:38:24,11.8835678
5:38:25,12.1924725
5:38:26,11.95398
5:38:27,11.96186
5:38:28,12.2954092
5:38:29,11.93348
5:38:30,12.0077238
5:38:31,12.0502434
5:38:32,12.215704
5:38:33,12.0987425
5:38:34,12.1266975
5:38:35,12.239748
5:38:36,11.991189
5:38:37,12.10335
5:38:38,11.872241
5:38:39,12.2799473
5:38:40,12.0164814
5:38:41,12.0535927
5:38:42,11.9940462
5:38:43,11.6766338
5:38:44,11.9371872
5:38:45,11.9526186
5:38:46,12.359334
5:38:47,12.2542391
5:38:48,11.9364815
5:38:49,11.8719778
5:38:50,11.9630566
5:38:51,11.7561607
5:38:52,11.9264431
5:38:53,12.0590391
5:38:54,11.7833309
5:38:55,12.0957384
5:38:56,11.9972086
5:38:57,12.0332184
5:38:58,12.044549
5:38:59,11.9819279
5:39:00,12.2662821
5:39:01,11.59917
5:39:02,12.0930424
5:39:03,11.961751
5:39:04,12.19932
5:39:05,11.6767216
5:39:06,11.8397045
5:39:07,11.8399181
5:39:08,12.0738134
5:39:09,11.727685
5:39:10,12.414753
5:39:11,11.9719229
5:39:12,12.2106829
5:39:13,12.1906157
5:39:14,12.0224161
5:39:15,11.9514847
5:39:16,11.8581047
5:39:17,11.8352137
5:39:18,12.1383781
5:39:19,12.061017
5:39:20,12.1007252
5:39:21,12.2190361
5:39:22,12.1253958
5:39:23,11.6992416
5:39:24,11.6888418
5:39:25,11.7728052
5:39:26,11.9332752
5:39:27,12.0029917
5:39:28,12.1249094
5:39:29,11.810977
5:39:30,11.809104
5:39:31,11.8869429
5:39:32,12.1710949
5:39:33,11.8693619
5:39:34,11.6276913
5:39:35,12.0725908
5:39:36,11.9311562
5:39:37,11.9293327
5:39:38,11.9313326
5:39:39,11.8757257
5:39:40,12.08786
5:39:41,11.8195667
5:39:42,12.0974226
5:39:43,11.9366684
5:39:44,11.8248119
5:39:45,11.631649
5:39:46,12.0366259
5:39:47,11.9954863
5:39:48,12.1285715
5:39:49,12.2056475
5:39:50,11.997776
5:39:51,12.3621206
5:39:52,12.1357632
5:39:53,11.8296967
5:39:54,11.9237213
5:39:55,11.9472237
5:39:56,12.1665754
5:39:57,12.3370676
5:39:58,11.870903
5:39:59,12.0824261
5:40:00,12.0729837
5:40:01,12.1511393
5:40:02,11.9935808
5:40:03,12.081974
5:40:04,12.2544479
5:40:05,11.8498507
5:40:06,11.9810848
5:40:07,11.9887171
5:40:08,11.9923973
5:40:09,11.9054413
5:40:10,12.0653191
5:40:11,11.8290739
5:40:12,11.9280367
5:40:13,12.1123085
5:40:14,12.0102482
5:40:15,12.1278334
5:40:16,12.020484
5:40:17,11.9232893
5:40:18,12.2956629
5:40:19,11.9144135
5:40:20,12.1773615
5:40:21,12.3014526
5:40:22,11.8130484
5:40:23,11.7976055
5:40:24,11.9165277
5:40:25,12.0282011
5:40:26,11.8741064
5:40:27,11.8521481
5:40:28,11.9877024
5:40:29,12.0693874
5:40:30,11.721468
5:40:31,12.213788
5:40:32,11.99661
5:40:33,12.1383677
5:40:34,11.6757917
5:40:35,12.3152885
5:40:36,11.705555
5:40:37,12.2055283
5:40:38,11.8819761
5:40:39,12.3201838
5:40:40,11.980998
5:40:41,12.0684843
5:40:42,11.9097252
5:40:43,12.1283894
5:40:44,11.936595
5:40:45,12.0415812
5:40:46,11.9353065
5:40:47,12.4491339
5:40:48,12.2115145
5:40:49,11.6944237
5:40:50,12.0970249
5:40:51,12.00384
5:40:52,12.0194836
5:40:53,12.4216375
5:40:54,12.0324345
5:40:55,12.25154
5:40:56,12.0566473
5:40:57,12.1358843
5:40:58,11.8537874
5:40:59,11.9304247
5:41:00,11.9602757
5:41:01,11.8836107
5:41:02,11.9628191
5:41:03,12.1097927
5:41:04,12.3456545
5:41:05,11.8480482
5:41:06,12.1065063
5:41:07,12.08773
5:41:08,12.02875
5:41:09,12.0912113
5:41:10,12.0950861
5:41:11,11.95113
5:41:12,12.26928
5:41:13,11.8794613
5:41:14,12.0482368
5:41:15,12.0759258
5:41:16,12.0990162
5:41:17,11.8324556
5:41:18,12.0317125
5:41:19,12.1649036
5:41:20,11.8565111
5:41:21,11.908041
5:41:22,11.9697762
5:41:23,12.2350636
5:41:24,11.68509
5:41:25,11.85629
5:41:26,12.1833763
5:41:27,11.9470339
5:41:28,12.1950436
5:41:29,11.7698259
5:41:30,12.1743269
5:41:31,12.0509081
5:41:32,11.9025936
5:41:33,12.033761
5:41:34,12.08536
5:41:35,11.7354593
5:41:36,12.3459759
5:41:37,12.2165413
5:41:38,11.8005915
5:41:39,11.9555273
5:41:40,12.0686073
5:41:41,11.8687811
5:41:42,11.9747343
5:41:43,11.7577562
5:41:44,12.0932207
5:41:45,12.2080927
5:41:46,12.05794
5:41:47,12.0670853
5:41:48,11.949296
5:41:49,11.6391373
5:41:50,12.4033279
5:41:51,11.8464127
5:41:52,11.9678764
5:41:53,12.132308
5:41:54,12.0245438
5:41:55,11.7172117
5:41:56,11.934454
5:41:57,11.9973288
5:41:58,12.1020517
5:41:59,12.071928
5:42:00,11.9592676
5:42:01,11.54935
5:42:02,12.0596094
5:42:03,11.907218
5:42:04,11.983613
5:42:05,11.8973579
5:42:06,12.1974993
5:42:07,12.1160679
5:42:08,11.988328
5:42:09,12.0298672
5:42:10,11.96847
5:42:11,11.9497595
5:42:12,11.9572449
5:42:13,12.0450182
5:42:14,11.9139557
5:42:15,12.0566969
5:42:16,12.1630344
5:42:17,12.0239515
5:42:18,12.0097885
5:42:19,12.0929613
5:42:20,12.1707134
5:42:21,12.2181644
5:42:22,11.9961634
5:42:23,12.011734
5:42:24,11.9600286
5:42:25,11.9505081
5:42:26,12.040391
5:42:27,11.87664
5:42:28,11.9469891
5:42:29,11.8463316
5:42:30,11.6421909
5:42:31,11.88095
5:42:32,11.9945278
5:42:33,12.1563673
5:42:34,11.9508486
5:42:35,11.91598
5:42:36,12.0175676
5:42:37,12.0184965
5:42:38,12.2926674
5:42:39,11.88495
5:42:40,11.9741468
5:42:41,11.9225254
5:42:42,12.0343065
5:42:43,12.0317278
5:42:44,12.011241
5:42:45,11.9803324
5:42:46,11.8921347
5:42:47,12.2309408
5:42:48,12.0561619
5:42:49,11.8627148
5:42:50,11.9648447
5:42:51,11.8565111
5:42:52,11.755374
5:42:53,11.9651442
5:42:54,11.9966087
5:42:55,12.0485182
5:42:56,12.11496
5:42:57,11.9411211
5:42:58,12.2202253
5:42:59,11.66995
5:43:00,12.0948267
5:43:01,11.6971359
5:43:02,11.8828259
5:43:03,12.2152548
5:43:04,11.74005
5:43:05,12.3936291
5:43:06,12.026515
5:43:07,12.1560106
5:43:08,12.2143354
5:43:09,11.9967127
5:43:10,11.8232594
5:43:11,12.102994
5:43:12,12.1222343
5:43:13,11.8757811
5:43:14,12.1499577
5:43:15,11.9444542
5:43:16,11.8667564
5:43:17,12.1633978
5:43:18,12.1432276
5:43:19,11.7367563
5:43:20,12.08047
5:43:21,12.2193174
5:43:22,12.0636539
5:43:23,11.9371519
5:43:24,12.3442945
5:43:25,11.8006868
5:43:26,11.8056278
5:43:27,11.7180071
5:43:28,12.1460266
5:43:29,12.0921316
5:43:30,11.7760391
5:43:31,12.0392971
5:43:32,12.0865822
5:43:33,12.00617
5:43:34,12.0434866
5:43:35,11.9993668
5:43:36,12.09214
5:43:37,12.0452271
5:43:38,11.9102249
5:43:39,11.759202
5:43:40,12.0578928
5:43:41,12.161315
5:43:42,11.9433336
5:43:43,11.81151
5:43:44,11.9709539
5:43:45,11.9376907
5:43:46,11.9093266
5:43:47,12.147356
5:43:48,11.7987633
5:43:49,12.1077518
5:43:50,12.0315733
5:43:51,11.8274727
5:43:52,11.9547968
5:43:53,12.2247791
5:43:54,12.2082186
5:43:55,12.0851374
5:43:56,11.9167194
5:43:57,11.7214146
5:43:58,11.919075
5:43:59,12.0712585
5:44:00,12.0451851
5:44:01,12.0320082
5:44:02,11.9916353
5:44:03,12.0352106
5:44:04,12.0715694
5:44:05,12.1102076
5:44:06,12.06258
5:44:07,11.9907265
5:44:08,11.8691216
5:44:09,12.027895
5:44:10,11.84559
5:44:11,12.2184525
5:44:12,12.17002
5:44:13,11.8956347
5:44:14,12.0450773
5:44:15,12.1338825
5:44:16,11.8822556
5:44:17,12.1789675
5:44:18,12.0300055
5:44:19,12.0711555
5:44:20,12.0637693
5:44:21,11.9933128
5:44:22,11.9898548
5:44:23,11.9613466
5:44:24,11.9788713
5:44:25,11.8352594
5:44:26,12.1240768
5:44:27,11.9336061
5:44:28,12.0082
5:44:29,11.9076424
5:44:30,12.0653458
5:44:31,11.9620886
5:44:32,11.9484253
5:44:33,11.7822876
5:44:34,11.9627743
5:44:35,11.8007565
5:44:36,12.1543684
5:44:37,12.023138
5:44:38,11.5799265
5:44:39,12.0910292
5:44:40,12.1743956
5:44:41,12.3082037
5:44:42,12.0834732
5:44:43,12.1861563
5:44:44,12.0986967
5:44:45,11.9268408
5:44:46,12.0336151
5:44:47,12.05203
5:44:48,11.8288012
5:44:49,11.9307032
5:44:50,12.1400013
5:44:51,12.1263161
5:44:52,12.2039242
5:44:53,11.9250641
5:44:54,11.9573755
5:44:55,12.0072308
5:44:56,11.6773939
5:44:57,12.0346146
5:44:58,11.8350115
5:44:59,12.05652
5:45:00,11.9600925
5:45:01,11.9928036
5:45:02,11.9195452
5:45:03,11.9846458
5:45:04,11.9976273
5:45:05,11.9216938
5:45:06,12.1313086
5:45:07,11.8878078
5:45:08,12.1139193
5:45:09,12.163146
5:45:10,12.0182171
5:45:11,12.3192692
5:45:12,11.667882
5:45:13,12.18822
5:45:14,11.8147507
5:45:15,12.1393452
5:45:16,11.7330923
5:45:17,12.2530575
5:45:18,12.01209
5:45:19,11.9889688
5:45:20,11.9797153
5:45:21,11.8355713
5:45:22,11.7944126
5:45:23,12.20718
5:45:24,11.9917612
5:45:25,12.0535946
5:45:26,11.6725254
5:45:27,12.17291
5:45:28,12.09773
5:45:29,12.1146269
5:45:30,12.0882263
5:45:31,11.7688837
5:45:32,12.2074232
5:45:33,12.0987148
5:45:34,12.049962
5:45:35,11.91718
5:45:36,11.87255
5:45:37,12.2391653
5:45:38,12.3438854
5:45:39,11.8604574
5:45:40,12.0083342
5:45:41,11.8927126
5:45:42,11.6859884
5:45:43,12.0458422
5:45:44,11.8788977
5:45:45,12.2761612
5:45:46,11.84945
5:45:47,11.9170847
5:45:48,11.971405
5:45:49,12.236186
5:45:50,11.8264847
5:45:51,11.9966869
5:45:52,12.1631184
5:45:53,12.0853148
5:45:54,12.09554
5:45:55,11.9110527
5:45:56,12.1347952
5:45:57,11.8047762
5:45:58,12.0324745
5:45:59,11.8373575
5:46:00,12.00275
5:46:01,11.9705219
5:46:02,12.0610752
5:46:03,11.7757235
5:46:04,12.0743151
5:46:05,11.6187305
5:46:06,12.2824793
5:46:07,11.7175913
5:46:08,11.9084854
5:46:09,12.2504759
5:46:10,11.9471312
5:46:11,11.6934366
5:46:12,11.972311
5:46:13,12.2401915
5:46:14,12.094305
5:46:15,12.1293545
5:46:16,11.9980907
5:46:17,12.0033712
5:46:18,11.6440325
5:46:19,11.9173727
5:46:20,11.9867172
5:46:21,12.2460632
5:46:22,11.9788828
5:46:23,11.9557533
5:46:24,12.0223026
5:46:25,11.8578491
5:46:26,11.9497528
5:46:27,11.9233189
5:46:28,11.9135065
5:46:29,12.1068029
5:46:30,12.2483778
5:46:31,11.8648539
5:46:32,12.0175838
5:46:33,12.0897923
5:46:34,12.1588106
5:46:35,11.9096193
5:46:36,11.9888124
5:46:37,12.1315336
5:46:38,12.035244
5:46:39,12.0827131
5:46:40,11.683651
5:46:41,11.7672348
5:46:42,12.0234842
5:46:43,12.2384348
5:46:44,12.1742907
5:46:45,11.9246721
5:46:46,12.1867561
5:46:47,12.1636
5:46:48,12.0660658
5:46:49,11.821887
5:46:50,11.8493032
5:46:51,12.0152884
5:46:52,12.0205593
5:46:53,11.8613071
5:46:54,12.1785316
5:46:55,11.9725075
5:46:56,12.0987206
5:46:57,11.9837236
5:46:58,11.8085632
5:46:59,11.97187
5:47:00,12.11926
5:47:01,11.7494783
5:47:02,12.0953531
5:47:03,12.0922031
5:47:04,12.0030994
5:47:05,12.2449684
5:47:06,12.1986427
5:47:07,11.9612074
5:47:08,12.1018562
5:47:09,11.7712231
5:47:10,12.1531668
5:47:11,12.1106186
5:47:12,11.9818306
5:47:13,11.8985415
5:47:14,12.0668087
5:47:15,12.26017
5:47:16,11.735239
5:47:17,12.0008335
5:47:18,11.4919729
5:47:19,12.0454741
5:47:20,12.016161
5:47:21,11.8578262
5:47:22,11.9112024
5:47:23,11.8262148
5:47:24,12.0339489
5:47:25,12.0868683
5:47:26,12.0776834
5:47:27,11.8635683
5:47:28,11.9960337
5:47:29,11.5906448
5:47:30,12.2570467
5:47:31,11.6026869
5:47:32,12.0432472
5:47:33,12.1707792
5:47:34,12.0154266
5:47:35,11.905818
5:47:36,12.0439386
5:47:37,12.1502266
5:47:38,12.0680275
5:47:39,12.0195589
5:47:40,12.0965
5:47:41,11.9967527
5:47:42,12.4605141
5:47:43,11.9228039
5:47:44,12.000886
5:47:45,11.9051647
5:47:46,11.953764
5:47:47,11.7765207
5:47:48,11.9188957
5:47:49,12.0908985
5:47:50,11.9322863
5:47:51,12.14953
5:47:52,11.9649153
5:47:53,12.1345034
5:47:54,11.8868246
5:47:55,11.9032288
5:47:56,12.1205187
5:47:57,12.0627985
5:47:58,12.0372248
5:47:59,11.9688568
5:48:00,11.6987219
5:48:01,11.858017
5:48:02,11.8139706
5:48:03,11.836812
5:48:04,12.0838547
5:48:05,12.0740414
5:48:06,11.864151
5:48:07,12.38731
5:48:08,11.9076681
5:48:09,12.1603174
5:48:10,12.0044479
5:48:11,11.7620344
5:48:12,11.8921976
5:48:13,11.9983749
5:48:14,12.4224167
5:48:15,11.8997641
5:48:16,12.0256433
5:48:17,12.2406168
5:48:18,12.0429287
5:48:19,12.1369333
5:48:20,11.8796673
5:48:21,12.12787
5:48:22,11.6941433
5:48:23,11.9853334
5:48:24,11.8239861
5:48:25,11.8715477
5:48:26,12.2926617
5:48:27,12.1084938
5:48:28,12.2240944
5:48:29,11.9762383
5:48:30,12.1665945
5:48:31,12.147028
5:48:32,12.13632
5:48:33,11.9781656
5:48:34,12.2148943
5:48:35,12.1227407
5:48:36,11.674057
5:48:37,12.1256676
5:48:38,12.0208931
5:48:39,12.3278513
5:48:40,12.21791
5:48:41,11.7473345
5:48:42,12.0772429
5:48:43,11.5651932
5:48:44,11.94985
5:48:45,11.8778715
5:48:46,12.0469885
5:48:47,12.234643
5:48:48,11.8302917
5:48:49,11.9417791
5:48:50,12.0023251
5:48:51,11.9591866
5:48:52,12.4401045
5:48:53,12.0079145
5:48:54,12.1981792
5:48:55,12.1348448
5:48:56,11.9533749
5:48:57,12.0050306
5:48:58,11.9338284
5:48:59,12.1970234
5:49:00,12.0304451
5:49:01,12.0941105
5:49:02,12.1194181
5:49:03,11.9055567
5:49:04,12.1049089
5:49:05,12.0850983
5:49:06,11.8880939
5:49:07,12.0970831
5:49:08,11.964591
5:49:09,12.6348314
5:49:10,11.8782358
5:49:11,12.1318016
5:49:12,12.0783606
5:49:13,12.0503378
5:49:14,11.738204
5:49:15,11.5866117
5:49:16,12.1364889
5:49:17,12.0716686
5:49:18,11.8986769
5:49:19,12.167099
5:49:20,11.8681908
5:49:21,11.7854366
5:49:22,11.9460163
5:49:23,11.8426313
5:49:24,12.0090437
5:49:25,12.249115
5:49:26,11.8983278
5:49:27,12.1389494
5:49:28,12.0642872
5:49:30,11.9930716
5:49:31,12.1636381
5:49:32,12.0985823
5:49:33,12.1101093
5:49:34,11.9416656
5:49:35,12.01304
5:49:36,12.1262188
5:49:37,11.7562075
5:49:38,11.7563353
5:49:39,11.9345331
5:49:40,11.8555775
5:49:41,11.9158134
5:49:42,11.9321556
5:49:43,12.1592255
5:49:44,11.8067579
5:49:45,11.9995966
5:49:46,11.8520412
5:49:47,12.01968
5:49:48,11.5466013
5:49:49,12.2686777
5:49:50,12.0588312
5:49:51,11.6686859
5:49:52,12.2677412
5:49:53,12.1190319
5:49:54,11.8247089
5:49:55,11.9099026
5:49:56,12.6443281
5:49:57,11.7294044
5:49:58,11.4815655
5:49:59,12.4218655
5:50:00,12.2998543
5:50:01,11.7112408
5:50:02,12.2373848
5:50:03,12.0368137
5:50:04,11.91948
5:50:05,12.2037334
5:50:06,12.0968676
5:50:07,12.2046394
5:50:08,11.7365351
5:50:09,12.1012106
5:50:10,12.0283365
5:50:11,11.9971151
5:50:12,12.2126417
5:50:13,12.2311516
5:50:14,11.9199667
5:50:15,11.9683952
5:50:16,11.840353
5:50:17,12.1549015
5:50:18,12.2051868
5:50:19,11.8807611
5:50:20,9.117536
5:50:21,13.2989206
5:50:22,13.5624161
5:50:23,12.48418
5:50:24,11.9448414
5:50:25,12.0322819
5:50:26,11.78716
5:50:27,12.1391315
5:50:28,12.0011158
5:50:29,11.6208811
5:50:30,12.0850773
5:50:31,11.9722977
5:50:32,11.8347607
5:50:33,11.764802
5:50:34,11.9804964
5:50:35,11.9218721
5:50:36,12.0462675
5:50:37,11.7680626
5:50:38,11.7219267
5:50:39,12.1319065
5:50:40,11.8319731
5:50:41,11.8521776
5:50:42,12.0638924
5:50:43,11.9405012
5:50:44,11.9092684
5:50:45,12.3553581
5:50:46,11.9121351
5:50:47,11.960083
5:50:48,11.9559574
5:50:49,11.9449816
5:50:50,12.0280418
5:50:51,11.91887
5:50:52,12.2135925
5:50:53,12.0613766
5:50:54,11.9391861
5:50:55,12.0019293
5:50:56,12.1083641
5:50:57,12.0901814
5:50:58,11.9256563
5:50:59,11.989213
5:51:00,12.0758228
5:51:01,11.9816446
5:51:02,11.9402132
5:51:03,11.9371214
5:51:04,12.12327
5:51:05,11.8320951
5:51:06,11.98816
5:51:07,11.8822136
5:51:08,12.14233
5:51:09,11.9452724
5:51:10,12.0483179
5:51:11,11.9778395
5:51:12,11.9671154
5:51:13,11.9303446
5:51:14,11.8947458
5:51:15,11.7786331
5:51:16,12.09196
5:51:17,11.8594313
5:51:18,12.2255669
5:51:19,12.0538836
5:51:20,12.0582113
5:51:21,12.0646725
5:51:22,11.9736366
5:51:23,11.935605
5:51:24,11.7627249
5:51:25,11.9113235
5:51:26,11.6997766
5:51:27,12.0156469
5:51:28,12.1442995
5:51:30,11.9343414
5:51:31,11.8744326
5:51:32,11.8185759
5:51:33,12.0554228
5:51:34,12.0258017
5:51:35,11.9932661
5:51:36,12.2320013
5:51:37,12.0526638
5:51:38,12.0125923
5:51:39,12.0050774
5:51:40,12.3060446
5:51:41,11.9979715
5:51:42,11.9139013
5:51:43,11.7436
5:51:44,12.0900269
5:51:45,12.0607986
5:51:46,12.1487951
5:51:47,11.8666658
5:51:48,11.7857037
5:51:49,11.8748369
5:51:50,11.767931
5:51:51,11.9837685
5:51:52,11.9664154
5:51:53,12.01331
5:51:54,12.2722378
5:51:55,12.0246429
5:51:56,12.1970472
5:51:57,11.7895966
5:51:58,12.0172386
5:51:59,11.98175
5:52:00,11.9220085
5:52:01,11.7678471
5:52:02,11.9881
5:52:03,11.9279013
5:52:04,12.2419147
5:52:05,12.20296
5:52:06,11.943491
5:52:07,11.8955164
5:52:08,11.8743172
5:52:09,11.9612579
5:52:10,11.9705992
5:52:11,12.0358849
5:52:12,12.164607
5:52:13,12.1046724
5:52:14,12.2480221
5:52:15,12.0152969
5:52:16,12.1472864
5:52:17,12.0639839
5:52:18,11.7392778
5:52:19,11.8544254
5:52:20,11.84237
5:52:21,12.2743359
5:52:22,11.9858866
5:52:23,11.9703617
5:52:24,11.9919615
5:52:25,11.77468
5:52:26,12.0116606
5:52:27,11.8031521
5:52:28,12.1548882
5:52:29,12.1728716
5:52:30,11.916193
5:52:31,11.8662806
5:52:32,11.77547
5:52:33,12.0561552
5:52:34,12.0255709
5:52:35,12.0648623
5:52:36,12.1545219
5:52:37,11.9862947
5:52:38,12.2011318
5:52:39,12.2257833
5:52:40,11.7055883
5:52:41,12.6584349
5:52:42,12.1080608
5:52:43,11.8487463
5:52:44,11.88302
5:52:45,11.9875994
5:52:46,11.978179
5:52:47,11.9284992
5:52:48,11.8316479
5:52:49,11.9053135
5:52:50,11.9511757
5:52:51,12.1304855
5:52:52,12.1025276
5:52:53,12.033679
5:52:54,12.0457449
5:52:55,12.1151209
5:52:56,12.2817965
5:52:57,11.774353
5:52:58,12.0010834
5:52:59,12.08002
5:53:00,12.0965958
5:53:01,12.1697674
5:53:02,12.1395111
5:53:03,11.760643
5:53:04,11.9829893
5:53:05,11.8672915
5:53:06,11.9980793
5:53:07,12.1315937
5:53:08,11.9188137
5:53:09,11.8123455
5:53:10,11.8076763
5:53:11,11.9363613
5:53:12,12.132
5:53:13,11.9355021
5:53:14,11.8199711
5:53:15,12.09311
5:53:16,11.6572781
5:53:17,12.0462637
5:53:18,11.835947
5:53:19,11.7508011
5:53:20,12.1862583
5:53:21,12.02686
5:53:22,11.79809
5:53:23,12.1302376
5:53:24,12.0962477
5:53:25,12.0430946
5:53:26,12.1264315
5:53:27,11.9487152
5:53:29,12.2612658
5:53:30,11.8328924
5:53:31,11.7100754
5:53:32,12.1924887
5:53:33,11.912117
5:53:34,11.9949808
5:53:35,11.859848
5:53:36,12.1176291
5:53:37,12.1330032
5:53:38,12.0070076
5:53:39,11.9764137
5:53:40,12.001895
5:53:41,12.1421776
5:53:42,12.1404676
5:53:43,12.1982756
5:53:44,12.1123734
5:53:45,11.9073992
5:53:46,11.8877344
5:53:47,12.0231342
5:53:48,12.01784
5:53:49,11.9739809
5:53:50,11.9219046
5:53:51,11.95715
5:53:52,12.5171728
5:53:53,11.7429047
5:53:54,12.14356
5:53:55,11.7585726
5:53:56,12.1004591
5:53:57,11.89919
5:53:58,11.8611336
5:53:59,11.897625
5:54:00,11.8374434
5:54:01,12.0908937
5:54:02,11.9526987
5:54:03,11.9419556
5:54:04,11.9913874
5:54:05,12.204464
5:54:06,12.0025015
5:54:07,11.9878721
5:54:08,12.39756
5:54:09,12.0911655
5:54:10,12.1012211
5:54:11,12.1735029
5:54:12,12.149231
5:54:13,11.7456608
5:54:14,11.9140635
5:54:15,12.0498657
5:54:16,11.9422855
5:54:17,12.1272469
5:54:18,11.819521
5:54:19,12.0213547
5:54:20,12.1555967
5:54:21,12.0270252
5:54:22,11.966218
5:54:23,11.8742714
5:54:24,12.1062117
5:54:25,12.0349865
5:54:26,12.2725945
5:54:27,12.1978874
5:54:29,11.9954557
5:54:30,11.7829914
5:54:31,12.1875257
5:54:32,12.1004372
5:54:33,12.0749264
5:54:34,12.03857
5:54:35,12.2923822
5:54:36,11.9801035
5:54:37,12.03345
5:54:38,12.0245724
5:54:39,12.0185442
5:54:40,11.981082
5:54:41,12.1750479
5:54:42,12.0093536
5:54:43,12.1549969
5:54:44,11.8632622
5:54:45,11.8133545
5:54:46,11.7743826
5:54:47,12.0230551
5:54:48,12.3885527
5:54:49,11.8591108
5:54:50,11.78386
5:54:51,12.0412436
5:54:52,12.12481
5:54:53,11.7415924
5:54:54,11.8299589
5:54:55,12.1486549
5:54:56,12.0481815
5:54:57,12.1483355
5:54:58,12.030962
5:54:59,12.0351257
5:55:00,12.3642168
5:55:01,12.1512365
5:55:02,11.8036547
5:55:03,12.0951881
5:55:04,12.0539541
5:55:05,11.9637175
5:55:06,12.24049
5:55:07,12.1110821
5:55:08,12.2211761
5:55:09,11.771163
5:55:10,11.8742428
5:55:11,12.2291126
5:55:12,12.2310705
5:55:13,11.8187218
5:55:14,12.1035814
5:55:15,12.12079
5:55:16,12.1615191
5:55:17,12.0538836
5:55:18,11.9306755
5:55:19,11.9873409
5:55:20,11.9398088
5:55:21,12.1838036
5:55:22,12.2957363
5:55:23,12.0936317
5:55:24,11.7734356
5:55:25,11.9228668
5:55:26,12.0892868
5:55:27,12.1770172
5:55:29,11.9582939
5:55:30,11.7101946
5:55:31,11.8294458
5:55:32,12.3517561
5:55:33,12.0927305
5:55:34,12.2107582
5:55:35,12.139863
5:55:36,12.1812592
5:55:37,12.0419321
5:55:38,12.0950422
5:55:39,12.1122341
5:55:40,11.9328871
5:55:41,12.210742
5:55:42,11.904026
5:55:43,12.1547136
5:55:44,11.896451
5:55:45,12.2111464
5:55:46,11.9872227
5:55:47,12.2786674
5:55:48,12.17601
5:55:49,11.9601345
5:55:50,12.0137548
5:55:51,12.0154123
5:55:52,12.0398369
5:55:53,12.00019
5:55:54,12.1486807
5:55:55,12.0424662
5:55:56,12.1744242
5:55:57,11.876153
5:55:58,12.0385666
5:55:59,12.0487185
5:56:00,11.9636621
5:56:01,12.2388515
5:56:02,12.0238838
5:56:03,11.823555
5:56:04,12.0391312
5:56:05,12.0747929
5:56:06,11.7997093
5:56:07,11.9762554
5:56:08,12.1000128
5:56:09,11.6363792
5:56:10,12.2118454
5:56:11,12.0361395
5:56:12,11.9121609
5:56:13,11.90335
5:56:14,12.09075
5:56:15,11.8705988
5:56:16,12.1277857
5:56:17,12.1129065
5:56:18,12.3455544
5:56:19,11.9481373
5:56:20,12.107049
5:56:21,12.0220814
5:56:22,11.8156271
5:56:23,11.997921
5:56:24,11.9104033
5:56:25,12.0359936
5:56:26,12.1046276
5:56:27,11.939641
5:56:29,11.8942165
5:56:30,12.0578918
5:56:31,11.8906288
5:56:32,11.8882008
5:56:33,11.7981291
5:56:34,12.2592888
5:56:35,12.0217228
5:56:36,11.9011927
5:56:37,11.9808884
5:56:38,12.1486378
5:56:39,11.89458
5:56:40,11.9248056
5:56:41,12.0545492
5:56:42,12.0353088
5:56:43,12.0336256
5:56:44,11.9180384
5:56:45,11.9653063
5:56:46,12.1376572
5:56:47,11.6897821
5:56:48,12.0342693
5:56:49,12.1551723
5:56:50,11.9480066
5:56:51,11.82495
5:56:52,11.9422
5:56:53,12.08593
5:56:54,12.0063686
5:56:55,11.9539452
5:56:56,11.8216505
5:56:57,12.0258656
5:56:58,12.1756821
5:56:59,12.067565
5:57:00,12.3362617
5:57:01,11.9696007
5:57:02,12.0396919
5:57:03,12.1043386
5:57:04,11.9253674
5:57:05,12.0752907
5:57:06,11.8687449
5:57:07,12.442708
5:57:08,12.09664
5:57:09,11.3241644
5:57:10,12.3461189
5:57:11,12.1714792
5:57:12,12.11996
5:57:13,11.8738213
5:57:14,12.1690884
5:57:15,12.1007137
5:57:16,12.1356058
5:57:17,11.8678951
5:57:18,11.9487391
5:57:19,12.11524
5:57:20,12.0842628
5:57:21,11.7186213
5:57:22,11.9377546
5:57:23,12.1747808
5:57:24,11.9128971
5:57:25,12.092123
5:57:26,12.0202417
5:57:27,11.9898872
5:57:28,11.9365768
5:57:30,12.0789452
5:57:31,12.0195456
5:57:32,11.8494043
5:57:33,12.1845579
5:57:34,11.8905659
5:57:35,12.1491194
5:57:36,12.2049046
5:57:37,12.068244
5:57:38,11.9805079
5:57:39,12.0634937
5:57:40,12.0442905
5:57:41,11.9942245
5:57:42,12.34817
5:57:43,11.8843832
5:57:44,12.0870934
5:57:45,12.1913519
5:57:46,11.8032207
5:57:47,11.9843483
5:57:48,12.2582188
5:57:49,12.0906324
5:57:50,12.1101456
5:57:51,12.0735407
5:57:52,11.7986221
5:57:53,12.3327131
5:57:54,11.8054667
5:57:55,11.7337818
5:57:56,12.1391239
5:57:57,11.9781837
5:57:58,11.9674692
5:57:59,12.01923
5:58:00,12.2681
5:58:01,11.85161
5:58:02,12.2806768
5:58:03,11.95464
5:58:04,12.2895517
5:58:05,11.7545443
5:58:06,12.1637383
5:58:07,12.10001
5:58:08,11.8723459
5:58:09,11.9400015
5:58:10,12.0886717
5:58:11,11.857336
5:58:12,11.8601007
5:58:13,11.7856731
5:58:14,11.9769392
5:58:15,11.88481
5:58:16,11.7302113
5:58:17,12.1108389
5:58:18,12.135438
5:58:19,12.0160809
5:58:20,12.0081568
5:58:21,11.9690428
5:58:22,11.98062
5:58:23,12.1475
5:58:24,12.09009
5:58:25,11.86227
5:58:26,12.1812067
5:58:27,11.7274
5:58:29,11.984004
5:58:30,11.7819462
5:58:31,12.1375513
5:58:32,12.379117
5:58:33,11.9608631
5:58:34,12.1884584
5:58:35,12.0518589
5:58:37,11.9460821
5:58:38,11.89467
5:58:39,11.959795
5:58:40,12.094655
5:58:41,11.9662266
5:58:42,12.0832024
5:58:43,12.0510368
5:58:44,12.005394
5:58:45,12.1410189
5:58:46,12.313652
5:58:47,12.139411
5:58:48,12.1834154
5:58:49,12.0667267
5:58:50,11.8349581
5:58:51,11.9836311
5:58:52,12.108181
5:58:54,11.8221006
5:58:55,12.0339308
5:58:56,12.0765858
5:58:57,11.9462538
5:58:58,12.0080872
5:59:00,12.1400137
5:59:01,12.2145634
5:59:02,11.8996744
5:59:04,12.027319
5:59:05,12.0611506
5:59:06,12.0099154
5:59:07,11.9384384
5:59:08,12.0400333
5:59:09,11.76214
5:59:10,12.0881262
5:59:11,12.0796118
5:59:12,11.9229412
5:59:13,12.0512962
5:59:14,12.0501394
5:59:15,11.9899168
5:59:16,11.8538723
5:59:17,12.0602674
5:59:18,11.8539467
5:59:19,11.9133787
5:59:20,11.9117
5:59:21,12.09002
5:59:22,11.7333889
5:59:23,11.8696222
5:59:24,11.8863382
5:59:25,11.776001
5:59:26,11.9106112
5:59:27,12.0464191
5:59:28,11.7846432
5:59:29,11.9100246
5:59:30,11.9885178
5:59:31,11.9027367
5:59:32,12.0980959
5:59:33,12.1861515
5:59:35,12.0755539
5:59:36,12.5977144
5:59:37,12.0754137
5:59:38,12.1163425
5:59:39,12.0858335
5:59:40,12.0695162
5:59:41,12.1797047
5:59:42,12.23982
5:59:43,11.9638176
5:59:44,11.7442675
5:59:45,11.8061113
5:59:46,12.11678
5:59:47,11.8777227
5:59:48,11.88304
5:59:49,11.8363495
5:59:50,11.9932632
5:59:51,12.0000792
5:59:52,11.8869963
5:59:53,11.6459389
5:59:54,11.7096252
5:59:55,11.89683
5:59:56,11.95409
5:59:57,11.975667
5:59:58,12.2019548
5:59:59,12.0162172
6:00:00,12.0922089
6:00:01,11.7954321
6:00:02,11.8853292
6:00:03,12.0294838
6:00:04,12.4766178
6:00:05,12.110775
6:00:06,11.9804144
6:00:07,11.899128
6:00:08,11.8028708
6:00:09,11.9271173
6:00:10,11.7289467
6:00:11,11.8871422
6:00:12,12.2363024
6:00:13,12.1778736
6:00:14,11.9376669
6:00:15,12.0629215
6:00:16,11.9834261
6:00:17,12.0749741
6:00:18,12.2572489
6:00:19,12.1138487
6:00:20,12.277359
6:00:21,12.1013412
6:00:22,11.9379625
6:00:23,11.9815731
6:00:24,11.9552155
6:00:25,11.88232
6:00:26,12.0540686
6:00:27,12.1555052
6:00:28,12.1001787
6:00:29,11.8044529
6:00:30,11.9358282
6:00:31,12.044364
6:00:32,12.032341
6:00:33,11.9626293
6:00:34,12.14085
6:00:35,12.127161
6:00:36,11.8302288
6:00:37,11.97177
6:00:38,12.077858
6:00:39,11.9466791
6:00:40,12.1288013
6:00:41,11.7449942
6:00:42,12.1721306
6:00:43,12.0769386
6:00:44,12.1924973
6:00:45,11.9542093
6:00:46,11.9173031
6:00:47,12.2102232
6:00:48,12.1259851
6:00:49,11.998251
6:00:50,11.6982393
6:00:51,12.11561
6:00:52,12.10705
6:00:53,12.0756731
6:00:54,11.9286108
6:00:55,12.0112286
6:00:56,12.0090771
6:00:57,12.2402086
6:00:58,11.9165907
6:00:59,11.9781923
6:01:00,11.9793348
6:01:01,11.8448172
6:01:02,12.1193266
6:01:03,11.9507494
6:01:04,12.0409889
6:01:05,12.2261391
6:01:06,11.9624472
6:01:07,11.9315443
6:01:08,12.0815935
6:01:09,11.8625345
6:01:10,12.1929369
6:01:11,11.97305
6:01:12,12.0073261
6:01:13,12.107583
6:01:14,11.8283577
6:01:15,12.31927
6:01:16,11.8018847
6:01:17,11.9141216
6:01:18,11.980155
6:01:19,11.9680243
6:01:20,12.2407
6:01:21,11.6254759
6:01:22,12.1066265
6:01:23,11.8578033
6:01:24,12.04411
6:01:25,12.0563869
6:01:26,12.0739193
6:01:27,11.79135
6:01:28,12.2085686
6:01:29,12.2963972
6:01:30,11.8828163
6:01:31,11.968997
6:01:32,11.8796139
6:01:33,11.9809122
6:01:34,11.9890327
6:01:35,12.0357533
6:01:36,12.15086
6:01:37,12.0318565
6:01:38,12.1404161
6:01:39,12.1293936
6:01:40,12.3367939
6:01:41,11.9453716
6:01:42,12.0038109
6:01:43,12.2173891
6:01:44,12.2367191
6:01:45,12.0681038
6:01:46,12.0106392
6:01:47,11.6697226
6:01:48,11.8868551
6:01:49,12.024725
6:01:50,11.7418051
6:01:51,11.9639978
6:01:52,11.98856
6:01:53,12.1567211
6:01:54,11.9567585
6:01:55,12.2720242
6:01:56,11.76099
6:01:57,12.2078056
6:01:58,12.7020845
6:01:59,12.410881
6:02:00,12.0961113
6:02:01,11.8862591
6:02:02,11.9607325
6:02:03,11.8466463
6:02:04,11.8123665
6:02:05,12.0663881
6:02:06,11.8859673
6:02:07,12.2243624
6:02:08,11.9631653
6:02:09,11.9244442
6:02:10,11.8266745
6:02:11,12.2222338
6:02:12,12.08748
6:02:13,12.0736895
6:02:14,12.068162
6:02:15,11.9391165
6:02:16,12.1772337
6:02:17,11.9415665
6:02:18,12.0898333
6:02:19,11.9038792
6:02:20,11.8919487
6:02:21,11.907
6:02:22,12.15667
6:02:23,11.9931393
6:02:24,11.9929733
6:02:25,12.0070066
6:02:26,11.8695812
6:02:27,12.0051174
6:02:28,11.9553442
6:02:29,11.9015017
6:02:30,11.4290075
6:02:31,12.3633327
6:02:32,12.2292061
6:02:33,12.0262613
6:02:34,11.6817007
6:02:35,11.9958611
6:02:36,12.1106558
6:02:37,12.1890669
6:02:38,11.9815407
6:02:39,12.2627754
6:02:40,12.0841761
6:02:41,12.0270176
6:02:42,12.0181875
6:02:43,12.09031
6:02:44,11.7603531
6:02:45,12.1333046
6:02:46,11.9887562
6:02:47,11.9768114
6:02:48,12.1257191
6:02:49,11.9695673
6:02:50,12.1386328
6:02:51,11.9006491
6:02:52,11.8158045
6:02:53,11.9164724
6:02:54,11.9249763
6:02:55,11.9058847
6:02:56,12.0625772
6:02:57,12.1600008
6:02:58,12.2817593
6:02:59,12.2426348
6:03:00,12.0928745
6:03:01,11.79509
6:03:02,11.9705315
6:03:03,12.0969658
6:03:04,11.90018
6:03:05,12.13142
6:03:06,12.2364159
6:03:07,11.97282
6:03:08,11.7973366
6:03:09,12.2138042
6:03:10,11.8131628
6:03:11,11.8926868
6:03:12,12.0708151
6:03:13,12.1447935
6:03:14,12.0505667
6:03:15,12.3095579
6:03:16,12.0221357
6:03:17,12.0633116
6:03:18,12.0355644
6:03:19,11.634511
6:03:20,11.7891054
6:03:21,11.5924377
6:03:22,11.9809589
6:03:23,11.9896336
6:03:24,12.0398026
6:03:25,12.1498861
6:03:26,12.16913
6:03:27,12.0078735
6:03:28,12.1190434
6:03:29,12.1347666
6:03:30,12.0997028
6:03:31,11.8674183
6:03:32,12.1592112
6:03:33,11.8859339
6:03:34,11.7278519
6:03:35,12.034009
6:03:36,11.8073807
6:03:37,12.2134914
6:03:38,11.99821
6:03:39,11.9602137
6:03:40,11.8583345
6:03:41,11.9500971
6:03:42,12.0643358
6:03:43,12.159297
6:03:44,11.8312263
6:03:45,12.1127739
6:03:46,12.0762835
6:03:47,11.9499931
6:03:48,11.9004965
6:03:49,11.8732653
6:03:50,11.95415
6:03:51,12.0261269
6:03:52,12.040308
6:03:53,11.9589138
6:03:54,11.782918
6:03:55,12.2450647
6:03:56,12.1495056
6:03:57,12.20068
6:03:58,11.66482
6:03:59,12.1001539
6:04:00,12.1311169
6:04:01,11.76679
6:04:02,11.7005787
6:04:03,12.0759268
6:04:04,12.272541
6:04:05,11.662797
6:04:06,11.7462482
6:04:07,12.2097445
6:04:08,11.8652658
6:04:09,12.2087688
6:04:10,11.9206457
6:04:11,12.4933767
6:04:12,11.9099331
6:04:13,12.3059263
6:04:14,11.5459423
6:04:15,11.9486542
6:04:16,13.2698679
6:04:17,12.1113567
6:04:18,12.2110615
6:04:19,11.9293251
6:04:20,11.8982935
6:04:21,12.1487017
6:04:22,11.9964056
6:04:23,11.8513889
6:04:24,11.9783039
6:04:25,12.0511341
6:04:26,12.01174
6:04:27,11.9410334
6:04:28,11.9978037
6:04:29,11.8975439
6:04:30,12.2695808
6:04:31,11.7966013
6:04:32,11.8818817
6:04:33,12.3042974
6:04:34,11.9888582
6:04:35,11.8661051
6:04:36,12.26597
6:04:37,12.0077591
6:04:38,11.8606224
6:04:39,12.2661
6:04:40,11.868762
6:04:41,11.9376831
6:04:42,12.1249008
6:04:43,11.7506018
6:04:44,11.93032
6:04:45,11.6686726
6:04:46,12.2684011
6:04:47,12.2551022
6:04:48,12.1165228
6:04:49,11.9469795
6:04:50,11.6871519
6:04:51,12.0442581
6:04:52,12.2591238
6:04:53,11.9899158
6:04:54,12.0288439
6:04:55,12.132165
6:04:56,12.0058689
6:04:57,12.160265
6:04:58,12.2400923
6:04:59,12.1722116
6:05:00,12.0778952
6:05:01,11.9785557
6:05:02,11.8352079
6:05:03,11.7752495
6:05:04,11.9202394
6:05:05,11.7501726
6:05:06,11.8792973
6:05:07,11.6523094
6:05:08,11.9776888
6:05:09,12.0912848
6:05:10,11.9657774
6:05:11,12.0030041
6:05:12,12.1450081
6:05:13,11.8562632
6:05:14,11.918582
6:05:15,11.9257727
6:05:16,12.4141617
6:05:17,11.9346514
6:05:18,11.98946
6:05:19,11.99027
6:05:20,11.9461107
6:05:21,11.8846836
6:05:22,12.2229738
6:05:23,12.03599
6:05:24,11.945569
6:05:25,12.153594
6:05:26,11.9344769
6:05:27,12.1224155
6:05:28,11.8352766
6:05:29,12.3893623
6:05:30,12.1061764
6:05:31,11.9706583
6:05:32,11.831687
6:05:33,12.106081
6:05:34,11.8550644
6:05:35,11.9899616
6:05:36,12.206584
6:05:37,12.1103992
6:05:38,12.2134771
6:05:39,12.2172632
6:05:40,12.0061874
6:05:41,11.8938065
6:05:42,12.268115
6:05:43,12.04641
6:05:44,12.0451908
6:05:45,11.9701138
6:05:46,11.9274473
6:05:47,11.7715321
6:05:48,12.1484909
6:05:49,12.0567045
6:05:50,11.7728424
6:05:51,12.104887
6:05:52,12.0030212
6:05:53,12.2467175
6:05:54,11.90664
6:05:55,12.206625
6:05:56,12.0398369
6:05:57,12.0767221
6:05:58,11.8769751
6:05:59,12.1248808
6:06:00,11.8838549
6:06:01,11.8553629
6:06:02,12.0231476
6:06:03,11.8237505
6:06:04,11.857811
6:06:05,12.0433092
6:06:06,11.9147921
6:06:07,11.8016644
6:06:08,12.3565722
6:06:09,11.9456863
6:06:10,12.078722
6:06:11,12.1575069
6:06:12,12.1254015
6:06:13,12.1845407
6:06:14,11.792696
6:06:15,11.9924974
6:06:16,11.9951172
6:06:17,12.0527983
6:06:18,11.9345436
6:06:19,11.9238157
6:06:20,12.0394859
6:06:21,12.255559
6:06:22,12.0618067
6:06:23,11.3760443
6:06:24,12.1772318
6:06:25,11.7213459
6:06:26,12.3294306
6:06:27,12.0947323
6:06:28,11.9725237
6:06:29,11.88364
6:06:30,11.8747253
6:06:31,12.0411606
6:06:32,12.1016073
6:06:33,12.1505785
6:06:34,12.4588509
6:06:35,12.3458719
6:06:36,12.0563536
6:06:37,12.0619326
6:06:38,11.82086
6:06:39,11.7646265
6:06:40,11.9947491
6:06:41,12.02166
6:06:42,12.0182228
6:06:43,11.8622274
6:06:44,12.0710773
6:06:45,11.6653433
6:06:46,12.0642014
6:06:47,12.0518064
6:06:48,11.9373093
6:06:49,11.964694
6:06:50,12.20925
6:06:51,11.9435558
6:06:52,12.0918655
6:06:53,11.9040337
6:06:54,11.8148775
6:06:55,11.9878817
6:06:56,11.8363447
6:06:57,12.1036005
6:06:58,12.02169
6:06:59,11.8614454
6:07:00,12.16334
6:07:01,11.7890682
6:07:02,12.1638842
6:07:03,11.9730806
6:07:04,11.9644794
6:07:05,11.857028
6:07:06,11.8587513
6:07:07,12.0733547
6:07:08,11.934351
6:07:09,12.2023411
6:07:10,12.0037909
6:07:11,11.9562931
6:07:12,12.0668793
6:07:13,11.777194
6:07:14,12.3383942
6:07:15,12.1744366
6:07:16,12.005147
6:07:17,11.8115711
6:07:18,11.834527
6:07:19,12.032836
6:07:20,11.9050474
6:07:21,12.1742353
6:07:22,11.7646923
6:07:23,11.8747482
6:07:24,11.8675575
6:07:25,12.1202106
6:07:26,11.9725094
6:07:27,12.0326872
6:07:28,12.0217171
6:07:29,11.91283
6:07:30,11.5872059
6:07:31,12.0100756
6:07:32,11.828701
6:07:33,11.9511967
6:07:34,12.0731678
6:07:35,11.939086
6:07:36,12.0945625
6:07:37,11.920681
6:07:38,12.0321808
6:07:39,12.1407528
6:07:40,12.3263683
6:07:41,12.10158
6:07:42,12.0749493
6:07:43,11.6963692
6:07:44,11.8181047
6:07:45,12.0543509
6:07:46,11.984129
6:07:47,12.0924807
6:07:48,11.82349
6:07:49,12.049901
6:07:50,11.9747219
6:07:51,12.114624
6:07:52,12.1968222
6:07:53,11.9849968
6:07:54,11.9442368
6:07:55,12.0486231
6:07:56,11.8056726
6:07:57,11.883028
6:07:58,11.9352722
6:07:59,11.7822695
6:08:00,11.7925034
6:08:01,11.8429775
6:08:02,12.0298719
6:08:03,12.0957432
6:08:04,11.9908676
6:08:05,12.27396
6:08:06,12.0426283
6:08:07,12.2499638
6:08:08,12.0588856
6:08:09,12.0128384
6:08:10,11.7984705
6:08:11,11.9646683
6:08:12,11.8860884
6:08:13,11.8136129
6:08:14,12.0679979
6:08:15,12.0519781
6:08:16,12.10244
6:08:17,11.8619022
6:08:18,12.1869421
6:08:19,12.14096
6:08:20,12.2124176
6:08:21,12.1722488
6:08:22,11.9767132
6:08:23,12.1229172
6:08:24,11.8516827
6:08:25,11.8065109
6:08:26,11.9243393
6:08:27,11.8820171
6:08:28,12.1256227
6:08:29,12.07753
6:08:30,11.8380375
6:08:31,12.1935482
6:08:32,12.1268826
6:08:33,11.9183016
6:08:34,11.96201
6:08:35,12.0695038
6:08:36,12.1774349
6:08:37,12.0145073
6:08:38,11.910121
6:08:39,12.40366
6:08:40,11.992198
6:08:41,11.9514112
6:08:42,11.6567259
6:08:43,12.0588779
6:08:44,11.8610458
6:08:45,11.93729
6:08:46,12.1871986
6:08:47,11.817256
6:08:48,12.2683735
6:08:49,12.0790367
6:08:50,12.0896835
6:08:51,12.0404787
6:08:52,11.845211
6:08:53,12.7563829
6:08:54,11.9560061
6:08:55,12.0823317
6:08:56,11.9128418
6:08:57,11.9317245
6:08:58,12.0351019
6:08:59,12.1382017
6:09:00,11.9631987
6:09:01,11.9896917
6:09:02,12.15247
6:09:03,11.8477211
6:09:04,12.2038107
6:09:05,12.2441454
6:09:06,11.7295551
6:09:07,11.943327
6:09:08,12.1466417
6:09:09,11.4946947
6:09:10,11.8033867
6:09:11,12.0745192
6:09:12,11.9876795
6:09:13,12.1059523
6:09:14,12.1279221
6:09:15,11.9038372
6:09:16,12.2087288
6:09:17,11.9860106
6:09:18,11.9664774
6:09:19,12.2153988
6:09:20,12.3162613
6:09:21,11.9513988
6:09:22,11.8659849
6:09:23,12.1333036
6:09:24,12.10732
6:09:25,11.9383316
6:09:26,12.3047323
6:09:27,11.9744263
6:09:28,12.2004547
6:09:29,11.8916807
6:09:30,12.115941
6:09:31,11.8325644
6:09:32,12.1060448
6:09:33,12.0258427
6:09:34,12.1662827
6:09:35,11.8698063
6:09:36,12.023983
6:09:37,12.063
6:09:38,12.29802
6:09:39,11.8949614
6:09:40,12.0780315
6:09:41,11.836422
6:09:42,12.0717354
6:09:43,12.2991524
6:09:44,12.01589
6:09:45,12.0902014
6:09:46,12.097
6:09:47,12.20029
6:09:48,12.1957312
6:09:49,11.814352
6:09:50,11.899682
6:09:51,11.8435669
6:09:52,12.0293264
6:09:53,12.147541
6:09:54,12.061758
6:09:55,11.9073324
6:09:56,12.0577955
6:09:57,11.9403191
6:09:58,11.8714342
6:09:59,12.0390024
6:10:00,12.0527792
6:10:01,11.7846136
6:10:02,11.9371634
6:10:03,11.8927774
6:10:04,11.8689508
6:10:05,12.045269
6:10:06,11.9235449
6:10:07,12.1485643
6:10:08,11.9907465
6:10:09,12.1452093
6:10:10,11.9516325
6:10:11,12.1577415
6:10:12,11.8320827
6:10:13,12.1254959
6:10:14,12.22974
6:10:15,12.1660891
6:10:16,12.1501913
6:10:17,11.94665
6:10:18,11.9208393
6:10:19,11.9880924
6:10:20,11.9051914
6:10:21,12.1241188
6:10:22,12.2500725
6:10:23,12.0450258
6:10:24,12.1601257
6:10:25,12.0051479
6:10:26,11.9331179
6:10:27,11.9242191
6:10:28,12.0467014
6:10:29,12.20478
6:10:30,11.9447546
6:10:31,11.9227152
6:10:32,11.8495378
6:10:33,11.7516241
6:10:34,11.9610977
6:10:35,12.03711
6:10:36,11.7780972
6:10:37,12.0791082
6:10:38,11.7991571
6:10:39,12.0727081
6:10:40,12.2788086
6:10:41,11.9632921
6:10:42,12.2224054
6:10:43,11.8698721
6:10:44,12.2305756
6:10:45,11.7329664
6:10:46,12.0561647
6:10:47,12.1933432
6:10:48,12.1583967
6:10:49,11.8622131
6:10:50,12.1247482
6:10:51,11.8297405
6:10:52,11.987874
6:10:53,12.2833452
6:10:54,11.9440231
6:10:55,11.8801327
6:10:56,11.8318157
6:10:57,12.0442266
6:10:58,12.478776
6:10:59,12.0610476
6:11:00,11.7631607
6:11:01,11.8991375
6:11:02,12.0592718
6:11:03,11.901062
6:11:04,12.28003
6:11:05,12.3904448
6:11:06,11.6043825
6:11:07,12.0364408
6:11:08,11.993535
6:11:09,12.1096888
6:11:10,12.0027542
6:11:11,12.2155771
6:11:12,11.8208847
6:11:13,11.7346373
6:11:14,12.1106091
6:11:15,11.7205
6:11:16,12.0391541
6:11:17,12.0263567
6:11:18,12.102993
6:11:19,11.6203423
6:11:20,11.70641
6:11:21,12.1801243
6:11:22,12.0365162
6:11:23,11.87589
6:11:24,12.0298061
6:11:25,11.88631
6:11:26,12.0652132
6:11:27,11.9889164
6:11:28,12.1821289
6:11:29,12.0730276
6:11:30,12.0389185
6:11:31,11.7987309
6:11:32,12.0947342
6:11:33,11.98905
6:11:34,12.1667824
6:11:35,11.822938
6:11:36,12.0483685
6:11:37,12.1768913
6:11:38,12.0605917
6:11:39,11.9192638
6:11:40,12.00448
6:11:41,12.1733122
6:11:42,12.0948124
6:11:43,12.5284414
6:11:44,11.92809
6:11:45,12.0031376
6:11:46,12.0048361
6:11:47,12.0073738
6:11:48,12.126646
6:11:49,11.8741446
6:11:50,11.949667
6:11:51,12.0903587
6:11:52,12.0243578
6:11:53,12.0854712
6:11:54,12.00218
6:11:55,11.85552
6:11:56,12.04253
6:11:57,12.0421133
6:11:58,11.9790182
6:11:59,12.0157909
6:12:00,11.858078
6:12:01,11.8737926
6:12:02,12.0779915
6:12:03,12.1725779
6:12:04,12.33608
6:12:05,11.9100218
6:12:06,12.05267
6:12:07,12.1044016
6:12:08,12.3731308
6:12:09,12.0119343
6:12:10,12.1275883
6:12:11,11.9336109
6:12:12,11.9514093
6:12:13,12.0298452
6:12:14,12.3113966
6:12:15,12.0492611
6:12:16,11.9656668
6:12:17,12.34152
6:12:18,12.4660463
6:12:19,11.9656143
6:12:20,11.7970476
6:12:21,12.2009068
6:12:22,12.1014767
6:12:23,11.981658
6:12:24,12.043992
6:12:25,11.834691
6:12:26,11.7427616
6:12:27,11.8617849
6:12:28,12.0113306
6:12:29,11.9261484
6:12:30,11.8585072
6:12:31,11.8798532
6:12:32,11.9168272
6:12:33,12.01732
6:12:34,12.149127
6:12:35,11.9848967
6:12:36,12.2479439
6:12:37,12.24027
6:12:38,12.2437334
6:12:39,11.7764673
6:12:40,12.1666279
6:12:41,11.8927317
6:12:42,12.1079779
6:12:43,11.812149
6:12:44,11.761714
6:12:45,11.8917141
6:12:46,11.81132
6:12:47,11.8243437
6:12:48,12.0422678
6:12:49,11.7202215
6:12:50,12.0473509
6:12:51,11.9818668
6:12:52,11.7750416
6:12:53,12.05689
6:12:54,12.0951824
6:12:55,12.0038376
6:12:56,11.7891521
6:12:57,12.0517206
6:12:58,12.0735044
6:12:59,12.21139
6:13:00,12.1377954
6:13:01,12.3036013
6:13:02,11.9145184
6:13:03,12.1348839
6:13:04,11.7709179
6:13:05,12.2524433
6:13:06,11.8401051
6:13:07,12.1587763
6:13:08,11.8101311
6:13:09,12.0902042
6:13:10,11.6424112
6:13:11,12.226161
6:13:12,12.0082874
6:13:13,12.4755945
6:13:14,11.973628
6:13:15,11.7078218
6:13:16,12.0389471
6:13:17,12.2064791
6:13:18,11.8520508
6:13:19,11.3463678
6:13:20,11.7176838
6:13:21,12.0902042
6:13:22,11.75101
6:13:23,12.1993923
6:13:24,11.901906
6:13:25,12.2964869
6:13:26,12.2446909
6:13:27,11.7846413
6:13:28,12.0942917
6:13:29,12.09411
6:13:30,12.6890745
6:13:31,11.6742582
6:13:32,12.0035505
6:13:33,11.7256155
6:13:34,12.17805
6:13:35,11.9182148
6:13:36,12.0539694
6:13:37,12.0995979
6:13:38,12.0954762
6:13:39,11.9802036
6:13:40,11.8509922
6:13:41,11.5984907
6:13:42,12.2543688
6:13:43,11.6458435
6:13:44,11.9013147
6:13:45,11.842288
6:13:46,12.3598166
6:13:47,11.997983
6:13:48,12.3138666
6:13:49,11.6793938
6:13:50,11.0153875
6:13:51,10.3067579
6:13:52,12.58859
6:13:53,14.88225
6:13:54,11.706233
6:13:55,11.85682
6:13:56,11.9334278
6:13:57,12.2214241
6:13:58,11.924181
6:13:59,11.7116928
6:14:00,11.7025366
6:14:01,12.3261309
6:14:02,12.1460619
6:14:03,11.8986683
6:14:04,11.9471788
6:14:05,11.96561
6:14:06,11.9242706
6:14:07,11.9878979
6:14:08,12.0195618
6:14:09,12.0538759
6:14:10,11.8304138
6:14:11,11.8981495
6:14:12,11.8466129
6:14:13,12.2109337
6:14:14,11.7947044
6:14:15,11.8773556
6:14:16,11.6722631
6:14:17,12.0400515
6:14:18,11.9191084
6:14:19,12.07561
6:14:20,11.9616051
6:14:21,12.0022583
6:14:22,11.8773232
6:14:23,11.7653084
6:14:24,11.90405
6:14:25,12.1233711
6:14:26,11.9612455
6:14:27,12.0885334
6:14:28,11.9209166
6:14:29,12.0338488
6:14:30,11.8215914
6:14:31,11.879323
6:14:32,11.9609556
6:14:33,11.8180294
6:14:34,12.073246
6:14:35,12.0485659
6:14:36,11.9519939
6:14:37,11.9136858
6:14:38,12.1024189
6:14:39,11.6573114
6:14:40,11.9135094
6:14:41,11.7932272
6:14:42,11.8713264
6:14:43,12.1420355
6:14:44,11.9181814
6:14:45,11.9576187
6:14:46,12.1847429
6:14:47,11.9488115
6:14:48,11.9434958
6:14:49,12.1497068
6:14:50,11.9765873
6:14:51,12.0149536
6:14:52,11.9136162
6:14:53,11.9848537
6:14:54,11.8392935
6:14:55,11.9142418
6:14:56,12.2986345
6:14:57,11.821454
6:14:58,12.0435915
6:14:59,11.8688774
6:15:00,11.8438969
6:15:01,11.7148094
6:15:02,12.0379009
6:15:03,11.8897724
6:15:04,12.0787754
6:15:05,11.89188
6:15:06,11.9395514
6:15:07,11.8846712
6:15:08,12.0087585
6:15:09,12.1947575
6:15:10,12.3033228
6:15:11,12.0602455
6:15:12,11.9054651
6:15:13,12.0810385
6:15:14,11.7922659
6:15:15,11.9627352
6:15:16,12.2142124
6:15:17,12.021615
6:15:18,11.8577194
6:15:19,11.9186859
6:15:20,12.0302362
6:15:21,12.0046425
6:15:22,11.86278
6:15:23,11.8409443
6:15:24,11.8060265
6:15:25,11.80982
6:15:26,12.0265093
6:15:27,12.2352028
6:15:28,11.9345932
6:15:29,12.1292458
6:15:30,12.0964146
6:15:31,11.8697758
6:15:32,11.9613914
6:15:33,11.9720917
6:15:34,11.88285
6:15:35,11.6877213
6:15:36,12.0713024
6:15:37,11.9465246
6:15:38,12.1140766
6:15:39,12.0377893
6:15:40,12.0971928
6:15:41,12.2048254
6:15:42,11.7878065
6:15:43,12.0034494
6:15:44,11.9211016
6:15:45,11.71566
6:15:46,11.9936562
6:15:47,12.1048632
6:15:48,12.14429
6:15:49,11.9040461
6:15:50,12.0905924
6:15:51,12.0352907
6:15:52,11.6904993
6:15:53,11.8545284
6:15:54,12.0546589
6:15:55,11.994813
6:15:56,11.9718723
6:15:57,12.0517225
6:15:58,12.0196438
6:15:59,11.8769407
6:16:00,12.25115
6:16:01,11.40549
6:16:02,12.1527481
6:16:03,11.8658361
6:16:04,11.8674364
6:16:05,12.1272593
6:16:06,12.0733042
6:16:07,12.2862854
6:16:08,11.8702717
6:16:09,12.08206
6:16:10,12.0229931
6:16:11,11.7361279
6:16:12,12.5115194
6:16:13,12.22657
6:16:14,11.9543991
6:16:15,11.7739716
6:16:16,11.90588
6:16:17,12.3012314
6:16:18,11.7368546
6:16:19,11.9169436
6:16:20,12.0168943
6:16:21,11.99613
6:16:22,11.994669
6:16:23,11.9750929
6:16:24,12.0570564
6:16:25,12.1010075
6:16:26,12.1896925
6:16:27,12.2292671
6:16:28,11.946888
6:16:29,11.8452368
6:16:30,11.8738356
6:16:31,11.9596567
6:16:32,11.90684
6:16:33,11.896266
6:16:34,12.102457
6:16:35,12.221632
6:16:36,11.8776035
6:16:37,11.7549562
6:16:38,11.988986
6:16:39,12.0880156
6:16:40,12.027544
6:16:41,12.06364
6:16:42,12.0147429
6:16:43,11.9330349
6:16:44,11.8284006
6:16:45,12.0619154
6:16:46,12.06297
6:16:47,11.9199181
6:16:48,11.9382038
6:16:49,11.9314032
6:16:50,12.1074533
6:16:51,12.093503
6:16:52,11.8136625
6:16:53,11.8266888
6:16:54,12.1564922
6:16:55,11.909215
6:16:56,11.7291365
6:16:57,11.9926023
6:16:58,11.96925
6:16:59,12.2429581
6:17:00,11.901166
6:17:01,11.95114
6:17:02,11.5311556
6:17:03,11.9981632
6:17:04,12.26382
6:17:05,11.9116764
6:17:06,11.9313622
6:17:07,11.9699926
6:17:08,12.0120983
6:17:09,12.0341158
6:17:10,12.0128994
6:17:11,12.1190033
6:17:12,12.0520849
6:17:13,11.8483925
6:17:14,12.2926769
6:17:15,12.06483
6:17:16,11.728569
6:17:17,11.7213717
6:17:18,12.0958118
6:17:19,11.9336891
6:17:20,11.8802805
6:17:21,12.0713282
6:17:22,12.0359135
6:17:23,12.0091667
6:17:24,12.2782021
6:17:25,11.9124327
6:17:26,11.7963333
6:17:27,11.9508324
6:17:28,12.1412668
6:17:29,12.0094452
6:17:30,11.80737
6:17:31,12.1521559
6:17:32,11.56756
6:17:33,12.2716064
6:17:34,12.1264515
6:17:35,12.043952
6:17:36,12.145586
6:17:37,11.9989824
6:17:38,12.08815
6:17:39,11.8186073
6:17:40,11.8920975
6:17:41,12.0178967
6:17:42,12.043417
6:17:43,11.98522
6:17:44,12.069068
6:17:45,12.0449514
6:17:46,11.910326
6:17:47,11.8621607
6:17:48,11.7542048
6:17:49,12.1118469
6:17:50,11.9661379
6:17:51,12.264966
6:17:52,11.9002438
6:17:53,12.1606
6:17:54,12.2509317
6:17:55,11.9977217
6:17:56,12.7258129
6:17:57,12.0907688
6:17:58,11.8845329
6:17:59,11.7686529
6:18:00,11.8203793
6:18:01,11.922636
6:18:02,12.1410284
6:18:03,11.6178122
6:18:04,11.6822777
6:18:05,12.3405943
6:18:06,12.2143335
6:18:07,12.0064383
6:18:08,11.7568989
6:18:09,11.9332209
6:18:10,12.0480375
6:18:11,11.87618
6:18:12,12.1586037
6:18:13,11.9893942
6:18:14,12.2842274
6:18:15,11.8109217
6:18:16,12.2400007
6:18:17,11.8372259
6:18:18,11.517312
6:18:19,12.0421085
6:18:20,11.7156324
6:18:21,11.9639769
6:18:22,11.9798613
6:18:23,12.0078182
6:18:24,11.9660892
6:18:25,12.3262939
6:18:26,12.0474186
6:18:27,12.1048183
6:18:28,12.2351246
6:18:29,12.19854
6:18:30,12.2852373
6:18:31,12.2527676
6:18:32,12.0107985
6:18:33,12.0831223
6:18:34,12.06782
6:18:35,12.1680155
6:18:36,11.9742594
6:18:37,11.6123314
6:18:38,11.9144382
6:18:39,12.0278149
6:18:40,11.9773417
6:18:41,11.721365
6:18:42,12.05738
6:18:43,12.239502
6:18:44,12.3540869
6:18:45,11.8451157
6:18:46,11.9905348
6:18:47,12.1174564
6:18:48,12.0652781
6:18:49,12.3730793
6:18:50,12.1492548
6:18:51,11.8897829
6:18:52,11.7884188
6:18:53,11.9445429
6:18:54,12.0362062
6:18:55,11.9859867
6:18:56,11.8813782
6:18:57,12.0448065
6:18:58,11.852026
6:18:59,12.0692377
6:19:00,12.1912727
6:19:01,11.8634949
6:19:02,12.031168
6:19:03,11.964715
6:19:04,11.8886738
6:19:05,12.1827841
6:19:06,11.6927958
6:19:07,11.9438505
6:19:08,11.6408472
6:19:09,11.89482
6:19:10,12.119648
6:19:11,12.193409
6:19:12,12.2393389
6:19:13,11.700078
6:19:14,11.9826183
6:19:15,12.0369415
6:19:16,12.0047846
6:19:17,11.7093906
6:19:18,11.9970131
6:19:19,12.1262455
6:19:20,12.2378626
6:19:21,11.892951
6:19:22,12.278204
6:19:23,11.8721457
6:19:24,12.0503941
6:19:25,11.8252125
6:19:26,11.8288126
6:19:27,11.9222708
6:19:28,12.0576429
6:19:29,12.1078072
6:19:30,12.078124
6:19:31,12.0042458
6:19:32,11.9881773
6:19:33,11.9709024
6:19:34,12.1217766
6:19:35,11.7411642
6:19:36,11.7761
6:19:37,11.838625
6:19:38,11.9608679
6:19:39,11.8997641
6:19:40,11.9361706
6:19:41,11.8664293
6:19:42,11.9645939
6:19:43,12.1391964
6:19:44,12.1418514
6:19:45,11.9584761
6:19:46,12.1319513
6:19:47,12.1486073
6:19:48,11.8487148
6:19:49,12.0855465
6:19:50,12.0241261
6:19:51,11.9118757
6:19:52,11.9011383
6:19:53,11.9343719
6:19:54,11.9625368
6:19:55,12.1438112
6:19:56,11.8457518
6:19:57,12.004982
6:19:58,12.1655979
6:19:59,12.2276239
6:20:00,12.127944
6:20:01,12.0757437
6:20:02,12.1231089
6:20:03,12.0788145
6:20:04,11.8660889
6:20:05,12.2495956
6:20:06,12.2913027
6:20:07,11.9372082
6:20:08,11.8859987
6:20:09,11.9009418
6:20:10,12.2594852
6:20:11,11.9620867
6:20:12,12.0298519
6:20:13,11.8241215
6:20:14,11.8896656
6:20:15,12.1014681
6:20:16,11.7422628
6:20:17,11.9675245
6:20:18,12.2171421
6:20:19,11.8779955
6:20:20,11.848649
6:20:21,12.2348652
6:20:22,12.0980711
6:20:23,11.98622
6:20:24,11.88359
6:20:25,11.6998606
6:20:26,12.03743
6:20:27,11.956275
6:20:28,11.8034
6:20:29,12.0170975
6:20:30,12.07018
6:20:31,11.9626951
6:20:32,12.10031
6:20:33,11.8807316
6:20:34,12.3503523
6:20:35,12.0643845
6:20:36,11.8500366
6:20:37,11.7829208
6:20:38,12.3154058
6:20:39,12.1200123
6:20:40,11.4211512
6:20:41,12.0008345
6:20:42,11.9476023
6:20:43,12.0970154
6:20:44,11.9342184
6:20:45,11.9866781
6:20:46,12.0191269
6:20:47,12.0085926
6:20:48,11.9221554
6:20:49,12.010623
6:20:50,11.6130943
6:20:51,12.9573078
6:20:52,11.9676428
6:20:53,12.0446253
6:20:54,11.90872
6:20:55,12.1865025
6:20:56,11.9167786
6:20:57,12.0785017
6:20:58,11.9269934
6:20:59,12.3348465
6:21:00,12.237155
6:21:01,11.8506975
6:21:02,12.0402546
6:21:03,11.8955173
6:21:04,12.0559778
6:21:05,11.8832264
6:21:06,12.0734749
6:21:07,11.8945036
6:21:08,11.9234991
6:21:09,12.1053066
6:21:10,11.8421717
6:21:11,12.3435984
6:21:12,12.3666821
6:21:13,12.2245979
6:21:14,11.8536634
6:21:15,12.1144209
6:21:16,11.9630842
6:21:17,12.0366535
6:21:18,12.0136757
6:21:19,12.1812515
6:21:20,12.1721277
6:21:21,11.8626041
6:21:22,12.018424
6:21:23,11.8579912
6:21:24,11.7635937
6:21:25,11.9154787
6:21:26,11.9758263
6:21:27,12.0439682
6:21:28,12.0310307
6:21:29,11.854475
6:21:30,12.0308046
6:21:31,12.0072575
6:21:32,12.0178719
6:21:33,11.8878708
6:21:34,12.1681795
6:21:35,12.2003136
6:21:36,12.1938658
6:21:37,11.9718437
6:21:38,12.0271482
6:21:39,12.176446
6:21:40,11.8498278
6:21:41,11.7762632
6:21:42,12.1895294
6:21:43,12.2082958
6:21:44,12.31514
6:21:45,12.063859
6:21:46,11.8965492
6:21:47,12.1120358
6:21:48,11.8761168
6:21:49,12.441083
6:21:50,12.0039005
6:21:51,12.1543188
6:21:52,12.1371651
6:21:53,11.8252077
6:21:54,12.09819
6:21:55,12.2173548
6:21:56,11.7660828
6:21:57,12.0896635
6:21:58,12.0607347
6:21:59,11.8835688
6:22:00,11.5412245
6:22:01,11.7747316
6:22:02,12.09446
6:22:03,11.9724636
6:22:04,11.6008015
6:22:05,11.973938
6:22:06,12.0189085
6:22:07,11.7530861
6:22:08,11.8005066
6:22:09,11.6252422
6:22:10,11.6416454
6:22:11,12.0019178
6:22:12,12.1828814
6:22:13,11.97061
6:22:14,12.0065117
6:22:15,12.15062
6:22:16,11.8995008
6:22:17,11.6727362
6:22:18,12.0150547
6:22:19,12.26751
6:22:20,12.0747576
6:22:21,12.1798
6:22:22,11.9625788
6:22:23,12.0767078
6:22:24,12.048213
6:22:25,12.1301155
6:22:26,11.9032526
6:22:27,11.81165
6:22:28,12.0747051
6:22:29,11.8412018
6:22:30,12.0844173
6:22:31,12.382308
6:22:32,11.9667931
6:22:33,12.0210276
6:22:34,12.0355358
6:22:35,12.08288
6:22:36,11.6362438
6:22:37,11.7147923
6:22:38,12.0468864
6:22:39,12.1625
6:22:40,12.0611591
6:22:41,11.9653807
6:22:42,12.0345354
6:22:43,11.9506359
6:22:44,11.8330812
6:22:45,12.0753355
6:22:46,12.0871944
6:22:47,12.0418806
6:22:48,12.2530556
6:22:49,12.1067333
6:22:50,12.05382
6:22:51,11.9773178
6:22:52,11.8562155
6:22:53,11.9512606
6:22:54,12.1321516
6:22:55,12.116477
6:22:56,12.0215635
6:22:57,12.0699348
6:22:58,12.27427
6:22:59,11.7582531
6:23:00,11.5191154
6:23:01,11.894968
6:23:02,11.5597773
6:23:03,12.0167675
6:23:04,11.85127
6:23:05,12.0502443
6:23:06,12.241889
6:23:07,11.9946136
6:23:08,12.077672
6:23:09,12.1285877
6:23:10,11.8128767
6:23:11,12.5559969
6:23:12,12.0138617
6:23:13,11.8922873
6:23:14,12.0468445
6:23:15,11.8669138
6:23:16,11.94222
6:23:17,12.148222
6:23:18,11.8545237
6:23:19,11.85781
6:23:20,12.051383
6:23:21,12.1021643
6:23:22,12.0638723
6:23:23,11.8603458
6:23:24,11.751833
6:23:25,12.0701313
6:23:26,12.13564
6:23:27,11.8022137
6:23:28,11.9100618
6:23:29,11.6816931
6:23:30,11.9668913
6:23:31,12.2984457
6:23:32,12.0247545
6:23:33,12.0808477
6:23:34,12.1759481
6:23:35,12.1458168
6:23:36,12.1466656
6:23:37,11.7801514
6:23:38,11.9052763
6:23:39,12.0538788
6:23:40,12.0445786
6:23:41,12.2705307
6:23:42,12.1908407
6:23:43,12.0082006
6:23:44,11.8029861
6:23:45,12.3197756
6:23:46,11.9700994
6:23:47,11.9909334
6:23:48,11.7817841
6:23:49,12.1621161
6:23:50,12.0813313
6:23:51,11.96361
6:23:52,12.1248693
6:23:53,12.0261641
6:23:54,12.2467871
6:23:55,12.0110035
6:23:56,11.8329611
6:23:57,11.9940519
6:23:58,12.1986542
6:23:59,11.6777782
6:24:00,11.9468565
6:24:01,11.8962231
6:24:02,11.8317633
6:24:03,11.8657827
6:24:04,12.3487644
6:24:05,11.9427195
6:24:06,11.9852114
6:24:07,12.2971706
6:24:08,12.0604486
6:24:09,11.9040661
6:24:10,11.7952528
6:24:11,11.6408243
6:24:12,11.9049635
6:24:13,12.0364819
6:24:14,11.93529
6:24:15,11.8352861
6:24:16,12.0747433
6:24:17,12.1726589
6:24:18,12.0043154
6:24:19,12.225359
6:24:20,11.5302315
6:24:21,12.2540379
6:24:22,12.2042427
6:24:23,12.3340044
6:24:24,12.1115284
6:24:25,11.9983082
6:24:26,11.6967983
6:24:27,12.2027473
6:24:28,12.0065994
6:24:29,12.0313053
6:24:30,12.1528
6:24:31,11.8696861
6:24:32,11.9240446
6:24:33,12.0540247
6:24:34,12.0373316
6:24:35,11.8214121
6:24:36,12.291954
6:24:37,12.06715
6:24:38,12.0694418
6:24:39,12.1790657
6:24:40,11.8161936
6:24:41,12.0189171
6:24:42,11.8200369
6:24:43,11.9118185
6:24:44,12.0986452
6:24:45,12.1407871
6:24:46,12.0135479
6:24:47,12.04557
6:24:48,11.8546257
6:24:49,11.8713627
6:24:50,11.9116974
6:24:51,12.1073647
6:24:52,12.3660755
6:24:53,11.9186554
6:24:54,11.7307949
6:24:55,12.2225437
6:24:56,11.9708576
6:24:57,12.300868
6:24:58,11.8032837
6:24:59,11.9654665
6:25:00,12.0924435
6:25:01,11.91793
6:25:02,11.9716349
6:25:03,11.8670912
6:25:04,11.9774179
6:25:05,11.9504337
6:25:06,11.9572906
6:25:07,11.9551373
6:25:08,11.7199459
6:25:09,12.3244648
6:25:10,11.9869041
6:25:11,11.8135672
6:25:12,11.8131132
6:25:13,12.2911482
6:25:14,12.2441645
6:25:15,12.1515913
6:25:16,12.0896587
6:25:17,11.8512421
6:25:18,11.8223333
6:25:19,11.893981
6:25:20,11.4238472
6:25:21,11.6143532
6:25:22,12.1995277
6:25:23,12.1711321
6:25:24,11.85156
6:25:25,12.1661415
6:25:26,12.1379547
6:25:27,11.634594
6:25:28,11.8261986
6:25:29,12.22851
6:25:30,12.4721279
6:25:31,12.0497007
6:25:32,11.9653025
6:25:33,11.3749352
6:25:34,11.7922754
6:25:35,12.0711489
6:25:36,12.05027
6:25:37,11.916358
6:25:38,11.8003206
6:25:39,12.1678581
6:25:40,11.7854424
6:25:41,11.9767475
6:25:42,11.7748079
6:25:43,12.0786982
6:25:44,12.0128593
6:25:45,11.9923439
6:25:46,11.8788328
6:25:47,12.0695515
6:25:48,11.9693031
6:25:49,12.1423178
6:25:50,11.938549
6:25:51,11.910203
6:25:52,12.0422945
6:25:53,12.1414623
6:25:54,12.1141605
6:25:55,11.8606358
6:25:56,11.8819952
6:25:57,12.0118637
6:25:58,12.0334721
6:25:59,11.816906
6:26:00,11.8214464
6:26:01,12.0051384
6:26:02,12.2097654
6:26:03,11.8199844
6:26:04,12.1921978
6:26:05,11.7507362
6:26:06,12.0811768
6:26:07,11.7898369
6:26:08,12.1642647
6:26:09,12.1834364
6:26:10,12.039712
6:26:11,12.1179514
6:26:12,12.0870094
6:26:13,12.067481
6:26:14,11.7861547
6:26:15,12.1740208
6:26:16,11.95019
6:26:17,11.8293219
6:26:18,12.1036148
6:26:19,12.0072136
6:26:20,11.858634
6:26:21,12.3017883
6:26:22,12.2776327
6:26:23,12.0537176
6:26:24,12.1084585
6:26:25,11.8209648
6:26:26,12.25561
6:26:27,12.0164175
6:26:28,12.0031214
6:26:29,11.872736
6:26:30,12.1499758
6:26:31,11.9567842
6:26:32,12.2282953
6:26:33,11.8581953
6:26:34,12.1652308
6:26:35,11.8472843
6:26:36,11.8931522
6:26:37,12.0685339
6:26:38,11.656249
6:26:39,11.8788061
6:26:40,11.9515591
6:26:41,12.0199289
6:26:42,12.1751242
6:26:43,12.0838747
6:26:44,12.008049
6:26:45,12.1519794
6:26:46,12.3003025
6:26:47,11.9499149
6:26:48,12.042902
6:26:49,12.0151415
6:26:50,12.1068058
6:26:51,12.2248211
6:26:52,11.7582245
6:26:53,11.9530516
6:26:54,11.9862328
6:26:55,11.93536
6:26:56,12.1348944
6:26:57,12.1540632
6:26:58,11.611701
6:26:59,11.9909115
6:27:00,12.0628157
6:27:01,11.5514536
6:27:02,11.6359425
6:27:03,11.7234926
6:27:04,11.9582911
6:27:05,11.9941492
6:27:06,12.25704
6:27:07,11.7547932
6:27:08,12.0940351
6:27:09,11.6645212
6:27:10,12.1423883
6:27:11,12.0180874
6:27:12,11.8311625
6:27:13,12.1052713
6:27:14,12.1486244
6:27:15,12.030242
6:27:16,12.0973272
6:27:17,12.1444473
6:27:18,12.0900946
6:27:19,11.8054152
6:27:20,11.9145737
6:27:21,12.15227
6:27:22,11.8938417
6:27:23,11.9844484
6:27:24,12.1385679
6:27:25,11.9944706
6:27:26,11.8661184
6:27:27,12.0317488
6:27:28,12.1046762
6:27:29,12.1079512
6:27:30,11.6654692
6:27:31,11.8584423
6:27:32,12.0632057
6:27:33,12.044796
6:27:34,12.0951643
6:27:35,12.1589975
6:27:36,12.0913439
6:27:37,11.8317671
6:27:38,12.168354
6:27:39,11.3978519
6:27:40,11.8633957
6:27:41,12.1458483
6:27:42,12.038187
6:27:43,12.3932762
6:27:44,12.3293953
6:27:45,11.8698158
6:27:46,11.5525427
6:27:47,11.9920492
6:27:48,12.209404
6:27:49,12.2243958
6:27:50,12.32976
6:27:51,12.2375841
6:27:52,12.0540648
6:27:53,11.9673691
6:27:54,11.92738
6:27:55,11.8757305
6:27:56,12.0099
6:27:57,11.5906563
6:27:58,12.0599318
6:27:59,11.7369642
6:28:00,11.5338984
6:28:01,12.0758858
6:28:02,11.999651
6:28:03,11.878911
6:28:04,12.0115471
6:28:05,11.7978907
6:28:06,11.9704342
6:28:07,12.1366091
6:28:08,11.7719641
6:28:09,12.1052151
6:28:10,12.0095491
6:28:11,11.9433584
6:28:12,11.8977957
6:28:13,12.2122183
6:28:14,12.0002775
6:28:15,12.0141582
6:28:16,11.7562342
6:28:17,12.2735252
6:28:18,11.8168907
6:28:19,11.7311373
6:28:20,11.7834511
6:28:21,12.2411251
6:28:22,11.78208
6:28:23,12.18335
6:28:24,12.08549
6:28:25,11.8347864
6:28:26,12.042222
6:28:27,12.1822748
6:28:28,11.9055624
6:28:29,11.9142656
6:28:30,11.8814955
6:28:31,11.77579
6:28:32,11.9336834
6:28:33,12.166482
6:28:34,12.0265274
6:28:35,11.9402332
6:28:36,12.0796738
6:28:37,11.8343372
6:28:38,12.0336876
6:28:39,12.2257538
6:28:40,12.1862268
6:28:41,12.007349
6:28:42,11.9792471
6:28:43,11.9893141
6:28:44,11.7649765
6:28:45,11.9718561
6:28:46,12.0543108
6:28:47,11.7918758
6:28:48,11.9846125
6:28:49,12.1018534
6:28:50,11.815114
6:28:51,11.8932381
6:28:52,11.88332
6:28:53,12.0467
6:28:54,11.9911995
6:28:55,11.8892117
6:28:56,12.32312
6:28:57,11.9928551
6:28:58,11.8072691
6:28:59,12.4468231
6:29:00,12.0350494
6:29:01,11.94189
6:29:02,11.9781561
6:29:03,11.6630049
6:29:04,12.027667
6:29:05,12.1335106
6:29:06,12.07806
6:29:07,11.8467426
6:29:08,12.0096407
6:29:09,11.9870024
6:29:10,12.1130018
6:29:11,11.7545891
6:29:12,12.0963354
6:29:13,11.7322578
6:29:14,12.15074
6:29:15,12.08269
6:29:16,12.2314453
6:29:17,12.08391
6:29:18,12.147316
6:29:19,11.8323917
6:29:20,12.0664034
6:29:21,12.0664616
6:29:22,12.0252228
6:29:23,12.1064882
6:29:24,11.8592367
6:29:25,11.9187489
6:29:26,11.7883377
6:29:27,12.0166492
6:29:28,11.9030027
6:29:29,11.9936295
6:29:30,11.8613958
6:29:31,12.0361261
6:29:32,12.0511894
6:29:33,11.8183308
6:29:34,12.1584167
6:29:35,11.921423
6:29:36,11.8978472
6:29:37,11.9409142
6:29:38,12.0226374
6:29:39,12.2835617
6:29:40,12.291666
6:29:41,11.9416943
6:29:42,11.9144793
6:29:43,12.0961523
6:29:44,11.9609442
6:29:45,12.08835
6:29:46,11.7154093
6:29:47,12.2790337
6:29:48,11.93397
6:29:49,11.98647
6:29:50,12.27105
6:29:51,12.1864548
6:29:52,11.8711624
6:29:53,12.0838652
6:29:54,11.7489061
6:29:55,11.8211441
6:29:56,11.772562
6:29:57,12.1589775
6:29:58,11.3643055
6:29:59,12.0594769
6:30:00,11.8173285
6:30:01,12.1129513
6:30:02,12.1694527
6:30:03,11.59387
6:30:04,12.0926151
6:30:05,11.9239607
6:30:06,12.1485691
6:30:07,11.9468241
6:30:08,11.8666506
6:30:09,12.843502
6:30:10,12.0199556
6:30:11,12.1980715
6:30:12,11.9433479
6:30:13,11.957099
6:30:14,12.1164656
6:30:15,11.8498688
6:30:16,11.8490124
6:30:17,11.8723269
6:30:18,11.9737844
6:30:19,12.03149
6:30:20,11.7641935
6:30:21,11.7999029
6:30:22,12.2906008
6:30:23,11.8765717
6:30:24,11.8474512
6:30:25,11.9112635
6:30:26,12.0321236
6:30:27,12.1561108
6:30:28,11.8085165
6:30:29,12.03073
6:30:30,11.9482965
6:30:31,12.29494
6:30:32,12.0715675
6:30:33,11.9299612
6:30:34,11.8852148
6:30:35,11.9200068
6:30:36,11.8414383
6:30:37,12.057703
6:30:38,11.9877663
6:30:39,12.1869707
6:30:40,12.008255
6:30:41,11.6353045
6:30:42,11.9069033
6:30:43,12.04009
6:30:44,12.043088
6:30:45,12.1209145
6:30:46,12.1383591
6:30:47,11.8641491
6:30:48,11.9762363
6:30:49,12.0996714
6:30:50,12.1102686
6:30:51,11.992487
6:30:52,11.9313536
6:30:53,11.8589373
6:30:54,12.0827789
6:30:55,12.1115866
6:30:56,11.9691744
6:30:57,12.0853357
6:30:58,11.883069
6:30:59,12.1405888
6:31:00,12.0888786
6:31:01,12.1089478
6:31:02,11.815546
6:31:03,11.9231386
6:31:04,12.1088753
6:31:05,11.8743191
6:31:06,11.9144669
6:31:07,11.7582912
6:31:08,11.8655157
6:31:09,11.9395342
6:31:10,11.9693117
6:31:11,12.1601009
6:31:12,12.3210239
6:31:13,12.0996246
6:31:14,11.9388714
6:31:15,12.0347548
6:31:16,11.965188
6:31:17,11.8718958
6:31:18,11.976141
6:31:19,12.08778
6:31:20,11.8740959
6:31:21,12.2268391
6:31:22,12.0102682
6:31:23,11.6960859
6:31:24,11.9016542
6:31:25,12.22279
6:31:26,11.8832779
6:31:27,11.925993
6:31:28,12.0404387
6:31:29,12.1382341
6:31:30,11.7769852
6:31:31,12.0382547
6:31:32,12.055294
6:31:33,12.0057716
6:31:34,12.1157055
6:31:35,11.7866707
6:31:36,12.086854
6:31:37,11.8388739
6:31:38,11.8550129
6:31:39,11.8655615
6:31:40,12.04111
6:31:41,11.91043
6:31:42,11.9566412
6:31:43,11.9593506
6:31:44,11.9079828
6:31:45,11.9403934
6:31:46,11.6161165
6:31:47,12.4151344
6:31:48,12.2555037
6:31:49,12.2148838
6:31:50,11.8100634
6:31:51,11.9616518
6:31:52,11.9266853
6:31:53,12.08128
6:31:54,12.0467691
6:31:55,12.1196842
6:31:56,12.0689545
6:31:57,11.9260826
6:31:58,12.0288343
6:31:59,12.1442642
6:32:00,11.8129406
6:32:01,11.9468117
6:32:02,11.5989914
6:32:03,12.1426907
6:32:04,12.0699987
6:32:05,11.9253931
6:32:06,12.2815132
6:32:07,12.1591339
6:32:08,12.03977
6:32:09,12.0807629
6:32:10,12.0844927
6:32:11,12.345645
6:32:12,12.0265408
6:32:13,11.8260765
6:32:14,11.9398651
6:32:15,11.974473
6:32:16,12.2709579
6:32:17,11.2823658
6:32:18,12.0985079
6:32:19,11.9181929
6:32:20,12.0735044
6:32:21,12.1778517
6:32:22,12.4442091
6:32:23,11.8601418
6:32:24,12.004817
6:32:25,12.120079
6:32:26,12.0342846
6:32:27,12.1223812
6:32:29,12.1865158
6:32:30,11.9374485
6:32:31,11.8480711
6:32:32,12.0753679
6:32:33,11.7509985
6:32:34,11.8940458
6:32:35,11.9049969
6:32:36,12.3810291
6:32:37,11.6827927
6:32:38,12.1503315
6:32:39,11.9427452
6:32:40,12.0555258
6:32:41,11.9890671
6:32:42,11.824955
6:32:43,12.131793
6:32:44,12.1040583
6:32:45,11.9292889
6:32:46,12.0551538
6:32:47,11.7980356
6:32:48,11.6861143
6:32:49,12.4140882
6:32:50,12.2685108
6:32:51,11.8665447
6:32:52,11.96248
6:32:53,11.8023424
6:32:54,11.8864546
6:32:55,11.8850079
6:32:56,11.8546581
6:32:57,12.0068731
6:32:58,11.9854259
6:32:59,11.9068689
6:33:00,12.1493425
6:33:01,11.8119287
6:33:02,11.8083954
6:33:03,12.0085516
6:33:04,11.7779894
6:33:05,11.9682112
6:33:06,11.830534
6:33:07,11.758997
6:33:08,12.1676865
6:33:09,12.150156
6:33:10,11.7570457
6:33:11,11.9455376
6:33:12,12.1468277
6:33:13,11.7940035
6:33:14,12.1152658
6:33:15,11.8930826
6:33:16,11.9831152
6:33:17,11.7574921
6:33:18,11.8853683
6:33:19,11.9112883
6:33:20,12.1753826
6:33:21,11.9671345
6:33:22,11.8479595
6:33:23,12.1391783
6:33:24,11.849061
6:33:25,11.8395748
6:33:26,12.0899506
6:33:27,12.0628452
6:33:28,12.0851707
6:33:29,12.0918007
6:33:30,11.8439932
6:33:31,11.8514147
6:33:32,11.8841124
6:33:33,12.046319
6:33:34,12.0643978
6:33:35,12.1548986
6:33:36,11.83561
6:33:37,11.7737827
6:33:38,11.9718
6:33:39,11.8343582
6:33:40,11.95388
6:33:41,12.0807734
6:33:42,11.7431545
6:33:43,11.9831161
6:33:44,12.2271137
6:33:45,11.9346275
6:33:46,12.1061411
6:33:47,11.8401556
6:33:48,11.764967
6:33:49,12.1312943
6:33:50,11.7710133
6:33:51,12.1382742
6:33:52,11.85405
6:33:53,12.2438993
6:33:54,11.9918547
6:33:55,12.08076
6:33:56,12.0567513
6:33:57,11.9707365
6:33:58,11.9123573
6:33:59,12.141717
6:34:00,12.0629721
6:34:01,12.0465469
6:34:02,12.0207472
6:34:03,12.2318945
6:34:04,12.2546053
6:34:05,11.9005995
6:34:06,12.0006466
6:34:07,12.1996517
6:34:08,11.9719458
6:34:09,12.022356
6:34:10,12.0470409
6:34:11,11.86622
6:34:12,11.7774734
6:34:13,12.1825542
6:34:14,12.2278585
6:34:15,12.0952082
6:34:16,11.9993973
6:34:17,12.0365248
6:34:18,11.8614311
6:34:19,11.8919458
6:34:20,11.9294481
6:34:21,11.8525829
6:34:22,12.0087042
6:34:23,12.0093441
6:34:24,12.03502
6:34:25,11.9375639
6:34:26,11.99601
6:34:27,12.0027685
6:34:29,12.2568169
6:34:30,11.9543858
6:34:31,11.9394817
6:34:32,11.9761543
6:34:33,11.9489889
6:34:34,12.0183525
6:34:35,12.0779028
6:34:36,11.9474735
6:34:37,11.4998236
6:34:38,11.9169483
6:34:39,12.1424093
6:34:40,11.9050951
6:34:41,12.0897741
6:34:42,12.0942841
6:34:43,11.9380608
6:34:44,12.0952682
6:34:45,12.2462034
6:34:46,11.9869928
6:34:47,11.6082935
6:34:48,12.983202
6:34:49,11.8060913
6:34:50,11.797266
6:34:51,11.85492
6:34:52,11.8864
6:34:53,12.3466587
6:34:54,12.0211315
6:34:55,11.8037634
6:34:56,12.0541248
6:34:57,11.7854662
6:34:58,12.1838989
6:34:59,12.0699511
6:35:00,11.8118534
6:35:01,11.8962355
6:35:02,12.1021824
6:35:03,12.0664892
6:35:04,11.9608135
6:35:05,12.0742731
6:35:06,12.1909018
6:35:07,12.1137133
6:35:08,11.974062
6:35:09,11.7765951
6:35:10,11.83949
6:35:11,11.7715054
6:35:12,11.821167
6:35:13,12.32647
6:35:14,11.9036894
6:35:15,11.8477678
6:35:16,11.8852148
6:35:17,11.94346
6:35:18,11.9438753
6:35:19,11.6724539
6:35:20,11.9474287
6:35:21,11.8598747
6:35:22,12.1926842
6:35:23,12.0385695
6:35:24,12.12348
6:35:25,12.0077629
6:35:26,11.9274788
6:35:27,12.2796144
6:35:29,12.2464609
6:35:30,12.2588053
6:35:31,11.8002367
6:35:32,11.8294649
6:35:33,11.9034395
6:35:34,11.9867611
6:35:35,11.9365015
6:35:36,12.074214
6:35:37,12.3774662
6:35:38,11.9812193
6:35:39,11.86835
6:35:40,11.9896059
6:35:41,11.9580774
6:35:42,11.9407272
6:35:43,12.0667763
6:35:44,11.7916059
6:35:45,12.1133585
6:35:46,11.9000111
6:35:47,12.1303167
6:35:48,12.0366707
6:35:49,12.0203228
6:35:50,11.8457232
6:35:51,11.8888578
6:35:52,12.04837
6:35:53,12.0786839
6:35:54,11.95687
6:35:55,12.07473
6:35:56,11.8090506
6:35:57,11.912138
6:35:58,12.00303
6:35:59,11.9138584
6:36:00,11.6775951
6:36:01,11.9526253
6:36:02,12.0667915
6:36:03,11.9917641
6:36:04,12.1865578
6:36:05,11.7697754
6:36:06,12.10761
6:36:07,11.9679594
6:36:08,11.9985332
6:36:09,11.9201746
6:36:10,12.0843315
6:36:11,12.0235977
6:36:12,11.6767187
6:36:13,11.970335
6:36:14,12.0876608
6:36:15,11.7568569
6:36:16,12.235817
6:36:17,12.1679783
6:36:18,12.223279
6:36:19,11.9635983
6:36:20,12.325388
6:36:21,11.99264
6:36:22,12.28517
6:36:23,11.9146957
6:36:24,12.0592031
6:36:25,11.867548
6:36:26,11.8773
6:36:27,12.2309055
6:36:28,11.6881952
6:36:29,12.1115322
6:36:30,11.7999945
6:36:31,11.8025532
6:36:32,11.7932148
6:36:33,12.0494347
6:36:34,11.8900042
6:36:35,11.8640661
6:36:36,12.1286974
6:36:37,11.9627533
6:36:38,11.8523493
6:36:39,11.8207941
6:36:40,12.0161428
6:36:41,12.119338
6:36:42,12.1772575
6:36:43,11.92365
6:36:44,12.0315523
6:36:45,11.5487738
6:36:46,12.1098042
6:36:47,11.9064016
6:36:48,11.9978952
6:36:49,12.2693386
6:36:50,11.7303915
6:36:51,12.0441284
6:36:52,12.0679417
6:36:53,11.9368448
6:36:54,12.1248465
6:36:55,12.3609419
6:36:56,11.5591736
6:36:57,11.9778872
6:36:58,12.310936
6:36:59,11.906703
6:37:00,11.7490606
6:37:01,12.3942795
6:37:02,11.8736706
6:37:03,11.9199505
6:37:04,12.093854
6:37:05,11.7383785
6:37:06,11.96249
6:37:07,12.1135159
6:37:08,11.9969292
6:37:09,12.067297
6:37:10,11.9725657
6:37:11,12.0029612
6:37:12,12.0502405
6:37:13,11.8970213
6:37:14,12.0241194
6:37:15,12.0060616
6:37:16,11.94694
6:37:17,12.0833979
6:37:18,12.4317484
6:37:19,12.1073637
6:37:20,11.9115162
6:37:21,11.8738365
6:37:22,12.193821
6:37:23,11.73496
6:37:24,11.996212
6:37:25,11.88964
6:37:26,11.995348
6:37:27,11.6312323
6:37:28,10.0044956
6:37:29,11.6022444
6:37:30,14.6810093
6:37:31,13.5020285
6:37:32,11.6449547
6:37:33,11.9375353
6:37:34,12.2891092
6:37:35,11.881176
6:37:36,12.06404
6:37:37,11.94007
6:37:38,11.8484344
6:37:39,11.7773218
6:37:40,12.0609474
6:37:41,11.5550661
6:37:42,12.00114
6:37:43,12.1212111
6:37:44,12.0211029
6:37:45,11.6949654
6:37:46,12.25006
6:37:47,12.0498581
6:37:48,12.24005
6:37:49,12.0478306
6:37:50,11.9414244
6:37:51,12.0500793
6:37:52,12.1837959
6:37:53,12.1179295
6:37:54,12.0283
6:37:55,12.0911522
6:37:56,11.93147
6:37:57,11.823245
6:37:58,11.827672
6:37:59,12.03097
6:38:00,11.9858227
6:38:01,11.996129
6:38:02,11.9035368
6:38:03,12.1412868
6:38:04,12.2717752
6:38:05,11.9772587
6:38:06,12.278986
6:38:07,11.9005938
6:38:08,11.9002647
6:38:09,11.9896851
6:38:10,12.2612009
6:38:11,12.0992813
6:38:12,12.16111
6:38:13,11.9119568
6:38:14,12.453413
6:38:15,11.9287214
6:38:16,12.0641794
6:38:17,12.0771761
6:38:18,11.7005491
6:38:19,11.9035034
6:38:20,11.8607626
6:38:21,12.3401556
6:38:22,12.0036831
6:38:23,11.9671631
6:38:24,12.152277
6:38:25,11.5884962
6:38:26,11.8170862
6:38:27,12.2049694
6:38:28,11.8722277
6:38:29,12.1941624
6:38:31,11.7625513
6:38:32,11.8619127
6:38:33,12.0288
6:38:34,12.0640907
6:38:35,12.1915874
6:38:36,11.9307089
6:38:37,12.2183647
6:38:38,12.2853813
6:38:39,12.0740414
6:38:40,11.86176
6:38:41,11.9780359
6:38:42,12.0101624
6:38:43,11.8614655
6:38:44,11.8807087
6:38:45,12.01885
6:38:46,12.052927
6:38:47,12.1228466
6:38:48,12.2195578
6:38:49,11.9177847
6:38:50,12.02401
6:38:51,11.8578291
6:38:52,12.0334473
6:38:53,12.0229216
6:38:54,12.2015419
6:38:55,12.0123987
6:38:56,12.2452564
6:38:57,11.8502789
6:38:58,11.94255
6:38:59,11.8346062
6:39:00,12.2240372
6:39:01,11.9442749
6:39:02,12.11624
6:39:03,11.9957571
6:39:04,11.8772745
6:39:05,12.0421133
6:39:06,12.0042305
6:39:07,12.1244955
6:39:08,12.14961
6:39:09,12.2528992
6:39:10,11.7593412
6:39:11,12.4162741
6:39:12,11.9873857
6:39:13,12.0528669
6:39:14,12.1572561
6:39:15,12.1847944
6:39:16,12.027688
6:39:17,11.862669
6:39:18,12.0203514
6:39:19,11.8270988
6:39:20,11.9283218
6:39:21,12.15516
6:39:22,12.0031538
6:39:23,12.0130692
6:39:24,12.075738
6:39:25,12.3630457
6:39:26,12.1302433
6:39:27,12.0182381
6:39:28,12.1430693
6:39:30,11.7353582
6:39:31,12.0385618
6:39:32,11.9310408
6:39:33,12.0162964
6:39:34,11.9223747
6:39:35,12.3488417
6:39:36,11.9923763
6:39:37,12.3017139
6:39:38,11.7399569
6:39:39,12.3345375
6:39:40,11.9151411
6:39:41,12.2379131
6:39:42,11.7295914
6:39:43,12.5127316
6:39:44,11.7978926
6:39:45,12.1638708
6:39:46,12.0093594
6:39:47,11.6320429
6:39:48,12.09092
6:39:49,12.45094
6:39:50,11.8070478
6:39:51,12.0548267
6:39:52,12.1093788
6:39:53,12.1257124
6:39:54,11.9020958
6:39:55,12.1906395
6:39:56,11.9089422
6:39:57,11.9010954
6:39:58,12.1853933
6:39:59,11.9169683
6:40:00,12.2858343
6:40:01,11.8029089
6:40:02,11.9089985
6:40:03,11.947135
6:40:04,12.09266
6:40:05,11.894762
6:40:06,11.8652239
6:40:07,11.9806747
6:40:08,11.8897152
6:40:09,11.7763195
6:40:10,11.9533224
6:40:11,12.0606813
6:40:12,12.0439186
6:40:13,12.0368052
6:40:14,12.1769953
6:40:15,12.16258
6:40:16,11.9126778
6:40:17,12.0084476
6:40:18,12.2419071
6:40:19,11.8099766
6:40:20,12.2011232
6:40:21,12.0551271
6:40:22,12.1108227
6:40:23,11.6802578
6:40:24,11.7343321
6:40:25,11.8476353
6:40:26,12.1024227
6:40:27,11.9038267
6:40:29,12.1308308
6:40:30,12.1212044
6:40:31,12.0277586
6:40:32,12.0292282
6:40:33,12.1611595
6:40:34,11.9534416
6:40:35,11.83175
6:40:36,11.97604
6:40:37,11.9414043
6:40:38,12.0592537
6:40:39,11.9345865
6:40:40,12.0347185
6:40:41,12.0050058
6:40:42,12.0385065
6:40:43,11.9748878
6:40:44,11.7058353
6:40:45,11.825448
6:40:46,12.0989428
6:40:47,12.064353
6:40:48,11.9953184
6:40:49,11.8077211
6:40:50,11.9748936
6:40:51,11.9556532
6:40:52,11.8216648
6:40:53,12.14542
6:40:54,11.9249821
6:40:55,12.0965624
6:40:56,12.0834913
6:40:57,11.9678631
6:40:58,12.1220236
6:40:59,12.19706
6:41:00,12.0584135
6:41:01,11.9124556
6:41:02,12.2433653
6:41:03,12.2667494
6:41:04,11.97909
6:41:05,12.1033621
6:41:06,12.1950293
6:41:07,12.0223656
6:41:08,11.9838419
6:41:09,12.2331028
6:41:10,11.7438679
6:41:11,11.6872931
6:41:12,12.0348558
6:41:13,12.2580814
6:41:14,12.0495434
6:41:15,11.9195957
6:41:16,11.8418846
6:41:17,11.91864
6:41:18,12.0123243
6:41:19,12.2000494
6:41:20,11.8508549
6:41:21,11.9987583
6:41:22,11.927145
6:41:23,11.7957
6:41:24,11.8414793
6:41:25,11.9760227
6:41:26,11.7072153
6:41:27,11.8563662
6:41:29,12.1184349
6:41:30,12.1907148
6:41:31,12.044672
6:41:32,11.9341717
6:41:33,12.0148964
6:41:34,11.9025908
6:41:35,12.2102642
6:41:36,11.925724
6:41:37,11.8818216
6:41:38,11.8471107
6:41:39,11.6680346
6:41:40,12.1860828
6:41:41,12.10056
6:41:42,12.1762085
6:41:43,12.1471186
6:41:44,12.2247534
6:41:45,12.00873
6:41:46,12.1538029
6:41:47,12.09858
6:41:48,12.1618919
6:41:49,12.1876945
6:41:50,12.096426
6:41:51,12.0553436
6:41:52,11.9358025
6:41:53,11.8984709
6:41:54,11.9725351
6:41:55,12.4130526
6:41:56,11.4171371
6:41:57,11.7346115
6:41:58,12.235651
6:41:59,11.9048
6:42:00,11.8685884
6:42:01,11.6224356
6:42:02,11.898674
6:42:03,12.1816788
6:42:04,12.1492615
6:42:05,11.7951221
6:42:06,12.0706568
6:42:07,12.7191772
6:42:08,12.0130577
6:42:09,12.014802
6:42:10,12.02616
6:42:11,12.0055552
6:42:12,11.9248657
6:42:13,11.813405
6:42:14,12.0468092
6:42:15,12.1542578
6:42:16,11.8768559
6:42:17,11.9824047
6:42:18,12.0155678
6:42:19,11.9848833
6:42:20,11.9546385
6:42:21,12.2154846
6:42:22,11.8679247
6:42:23,11.80072
6:42:24,12.13065
6:42:25,12.0544262
6:42:26,11.876092
6:42:27,12.1444941
6:42:29,11.9415607
6:42:30,12.1681757
6:42:31,11.9344606
6:42:32,11.914938
6:42:33,12.0938005
6:42:34,11.9890041
6:42:35,11.9460649
6:42:36,11.9035053
6:42:37,11.956007
6:42:38,11.497817
6:42:39,11.6898127
6:42:40,12.2839594
6:42:41,12.0181665
6:42:42,11.6910124
6:42:43,11.8671875
6:42:44,12.1141539
6:42:45,11.6434116
6:42:46,11.9750757
6:42:47,12.0555363
6:42:48,12.1945229
6:42:49,12.1594334
6:42:50,12.1939087
6:42:51,12.0931787
6:42:52,12.135397
6:42:53,11.9537983
6:42:54,11.9835052
6:42:55,12.2017431
6:42:56,11.9961815
6:42:57,11.7445621
6:42:58,12.1624508
6:42:59,11.9774113
6:43:00,12.2910948
6:43:01,12.0571184
6:43:02,12.1611433
6:43:03,12.00605
6:43:04,12.0570593
6:43:05,11.8930206
6:43:06,12.2232943
6:43:07,12.0066328
6:43:08,11.7950554
6:43:09,12.066287
6:43:10,12.20027
6:43:11,12.4835052
6:43:12,11.68253
6:43:13,11.9669209
6:43:14,12.1304083
6:43:15,11.8671761
6:43:16,12.1008816
6:43:17,11.9647179
6:43:18,12.1068239
6:43:19,12.1629477
6:43:20,12.2124538
6:43:21,11.9832335
6:43:22,12.01776
6:43:23,11.6872768
6:43:24,12.0973492
6:43:25,11.9704266
6:43:26,12.3985806
6:43:27,12.06265
6:43:29,11.9444122
6:43:30,12.0460129
6:43:31,12.0125389
6:43:32,11.93336
6:43:33,12.0065308
6:43:34,11.6905689
6:43:35,12.0173569
6:43:36,11.8454475
6:43:37,12.0022106
6:43:38,12.1503286
6:43:39,12.1521788
6:43:40,11.9187679
6:43:41,11.9986181
6:43:42,12.0937033
6:43:43,12.2106638
6:43:44,11.93758
6:43:45,12.0726471
6:43:46,12.1439838
6:43:47,11.9727859
6:43:48,12.0571413
6:43:50,11.8938055
6:43:51,11.7756338
6:43:52,12.2536249
6:43:53,11.9916735
6:43:54,12.1025467
6:43:55,12.2269583
6:43:56,12.24692
6:43:57,12.2063494
6:43:58,11.8723488
6:43:59,12.034359
6:44:00,11.9038086
6:44:01,12.104207
6:44:02,11.810523
6:44:03,12.0837221
6:44:04,12.0712919
6:44:05,12.1207914
6:44:06,12.0704346
6:44:07,12.046401
6:44:08,12.1134214
6:44:09,11.90826
6:44:10,12.0266953
6:44:11,12.1232748
6:44:12,12.168786
6:44:13,11.7758322
6:44:14,11.8029976
6:44:15,11.2129593
6:44:16,12.0450172
6:44:17,12.3745546
6:44:18,11.85375
6:44:19,12.4043159
6:44:20,12.1207256
6:44:21,11.6763544
6:44:22,11.9433765
6:44:23,11.8026066
6:44:24,11.8635664
6:44:25,12.2321129
6:44:26,12.2028828
6:44:28,12.0199585
6:44:29,12.0254011
6:44:30,11.9462662
6:44:31,12.0383415
6:44:33,11.8436432
6:44:34,12.0012083
6:44:36,11.773838
6:44:37,12.07874
6:44:38,12.0271511
6:44:39,11.9679289
6:44:40,12.0160971
6:44:41,11.9164543
6:44:43,11.9259968
6:44:44,12.000989
6:44:46,12.1982574
6:44:47,11.906601
6:44:49,11.8390284
6:44:50,11.9137583
6:44:51,12.0608425
6:44:52,12.0798378
6:44:54,12.2029419
6:44:55,11.8835783
6:44:56,11.8172321
6:44:57,12.1604576
6:44:58,11.9180136
6:44:59,11.8236427
6:45:00,11.8067007
6:45:01,12.03106
6:45:03,11.7638912
6:45:04,12.0028181
6:45:05,11.9451647
6:45:06,11.9382639
6:45:07,12.1288681
6:45:08,12.2138891
6:45:09,12.11406
6:45:11,11.9708071
6:45:12,11.9291286
6:45:13,11.9264536
6:45:14,11.9529743
6:45:15,11.9458885
6:45:16,11.9720011
6:45:17,11.8170824
6:45:18,12.1217346
6:45:19,11.9707012
6:45:20,11.98709
6:45:21,11.7600517
6:45:22,12.0529184
6:45:23,12.1301765
6:45:24,11.9650888
6:45:25,12.0140858
6:45:26,12.0875721
6:45:27,11.9618454
6:45:28,11.8076973
6:45:29,11.9782715
6:45:30,12.429471
6:45:31,11.4718027
6:45:32,11.9655838
6:45:33,11.9660387
6:45:34,12.0678024
6:45:35,11.8769922
6:45:36,11.9238634
6:45:38,11.9683838
6:45:39,11.8463068
6:45:40,11.7376385
6:45:41,12.0087633
6:45:42,12.0926456
6:45:43,11.7462454
6:45:44,11.9225674
6:45:45,11.8690014
6:45:47,12.0119066
6:45:48,12.0800905
6:45:49,11.8668089
6:45:50,11.8969336
6:45:51,12.0564613
6:45:52,12.2899456
6:45:53,11.846837
6:45:54,12.0862684
6:45:55,11.8138943
6:45:56,12.01349
6:45:57,11.920249
6:45:58,11.8785429
6:45:59,12.0824575
6:46:00,11.9031963
6:46:01,12.13291
6:46:02,11.9720907
6:46:03,12.0817862
6:46:04,11.97494
6:46:05,11.6994019
6:46:06,12.2566061
6:46:07,11.9202261
6:46:08,12.1435947
6:46:09,11.6801109
6:46:10,11.8842087
6:46:11,11.8482037
6:46:12,12.0528975
6:46:13,12.1617384
6:46:14,11.9730883
6:46:15,12.0791121
6:46:16,12.0388908
6:46:17,11.84036
6:46:18,12.0188608
6:46:19,11.8906116
6:46:20,12.1688967
6:46:21,12.047492
6:46:22,11.6325588
6:46:23,11.8504248
6:46:24,12.2382946
6:46:25,12.191576
6:46:26,11.9866266
6:46:27,12.1488285
6:46:28,11.901907
6:46:29,12.1110373
6:46:30,12.2585649
6:46:31,12.0427208
6:46:32,11.9540138
6:46:33,12.0989466
6:46:34,12.3681107
6:46:35,11.6323938
6:46:36,12.2290983
6:46:37,12.2425661
6:46:38,11.5611734
6:46:39,12.0878391
6:46:40,12.1300364
6:46:41,12.2086763
6:46:42,11.6525631
6:46:43,12.01692
6:46:44,12.214262
6:46:45,11.8668175
6:46:46,12.9655352
6:46:47,12.0112791
6:46:48,11.8074751
6:46:49,11.9570751
6:46:50,12.0767965
6:46:51,11.8485174
6:46:52,11.9435558
6:46:53,12.060915
6:46:54,12.1358728
6:46:55,12.1559181
6:46:56,11.9217653
6:46:57,12.2278481
6:46:58,11.9359636
6:46:59,11.9442749
6:47:00,12.21199
6:47:01,11.660779
6:47:02,11.7920933
6:47:04,12.1852684
6:47:05,12.3682318
6:47:06,11.6656008
6:47:07,11.8947592
6:47:08,11.9264278
6:47:09,12.05292
6:47:10,11.9932871
6:47:11,12.3387537
6:47:12,12.2191238
6:47:13,11.8053074
6:47:15,11.9699278
6:47:16,12.2745094
6:47:17,11.8480835
6:47:18,11.9482288
6:47:19,12.2288933
6:47:20,12.1151943
6:47:21,11.74989
6:47:22,12.0690947
6:47:23,12.3316746
6:47:24,12.13744
6:47:25,12.06487
6:47:26,11.9482689
6:47:27,11.9053087
6:47:28,12.0090256
6:47:29,11.9641638
6:47:30,11.7972078
6:47:31,12.1405344
6:47:32,11.8209314
6:47:33,11.9076691
6:47:34,11.876215
6:47:35,12.16389
6:47:36,11.8803587
6:47:37,12.1222525
6:47:38,11.9995089
6:47:39,11.9182844
6:47:40,12.0036
6:47:41,12.2030725
6:47:42,12.0300608
6:47:43,11.9172945
6:47:44,11.7093945
6:47:45,11.9430618
6:47:46,12.0193138
6:47:47,12.0646515
6:47:48,11.9196959
6:47:49,12.2496357
6:47:50,11.832963
6:47:51,12.0805359
6:47:52,11.9480124
6:47:53,11.9991751
6:47:54,12.1979151
6:47:55,11.85085
6:47:56,11.9868469
6:47:57,12.14497
6:47:58,11.9614029
6:47:59,12.1957979
6:48:00,12.2652483
6:48:01,12.00294
6:48:02,12.0174437
6:48:03,11.9244738
6:48:04,11.9026451
6:48:05,11.93885
6:48:06,12.045125
6:48:07,12.2065163
6:48:08,12.1624012
6:48:09,11.9399853
6:48:10,12.2423277
6:48:11,11.9437876
6:48:12,11.9580059
6:48:13,11.9940958
6:48:14,12.1685429
6:48:15,12.1926708
6:48:16,11.9251041
6:48:17,12.0701408
6:48:18,12.0229483
6:48:19,12.0219307
6:48:20,11.9183378
6:48:21,12.0016594
6:48:22,12.0777464
6:48:23,11.8341484
6:48:24,12.1000147
6:48:25,12.0245132
6:48:26,12.2668056
6:48:27,11.8601046
6:48:28,11.6427574
6:48:29,12.1150475
6:48:30,11.9888287
6:48:31,11.9792109
6:48:32,11.9750338
6:48:33,12.1210985
6:48:34,11.9110956
6:48:35,11.9641476
6:48:36,12.2368221
6:48:37,11.9926825
6:48:38,11.7510843
6:48:39,11.9985256
6:48:40,12.27855
6:48:41,12.1128311
6:48:42,11.9261684
6:48:43,12.1326666
6:48:44,11.974596
6:48:45,11.7753782
6:48:46,12.06402
6:48:47,11.9650106
6:48:48,12.0249109
6:48:49,11.6434956
6:48:50,12.1520081
6:48:51,12.1042175
6:48:52,11.6456547
6:48:53,12.0138769
6:48:54,12.0270224
6:48:55,11.8726416
6:48:56,12.4800711
6:48:57,12.1553106
6:48:58,11.6151228
6:48:59,11.8433895
6:49:00,12.08486
6:49:01,11.91062
6:49:02,12.05379
6:49:03,11.9476118
6:49:04,12.0892658
6:49:05,12.0010891
6:49:06,12.174161
6:49:07,11.9841194
6:49:08,12.0014353
6:49:09,12.2862635
6:49:10,12.201725
6:49:11,12.0531807
6:49:12,12.0015631
6:49:13,11.9487047
6:49:14,12.0585032
6:49:15,11.7840328
6:49:16,12.0276461
6:49:17,11.9935656
6:49:18,11.8083029
6:49:19,12.1118956
6:49:20,12.0228987
6:49:21,12.0901327
6:49:22,12.0255756
6:49:23,11.6394987
6:49:24,11.701189
6:49:25,11.8804541
6:49:26,12.3181849
6:49:27,11.96974
6:49:28,11.9767408
6:49:29,12.11712
6:49:30,11.7506046
6:49:31,12.0511351
6:49:32,11.8371267
6:49:33,11.9890232
6:49:34,12.1415148
6:49:35,12.0260363
6:49:36,12.0586824
6:49:37,11.7306309
6:49:38,12.0919495
6:49:39,12.1123924
6:49:40,12.1626816
6:49:41,12.07329
6:49:42,11.92086
6:49:43,12.1532345
6:49:44,11.6894684
6:49:45,11.8652277
6:49:46,11.7281141
6:49:47,12.08992
6:49:48,12.260622
6:49:49,11.7094536
6:49:50,12.2654095
6:49:51,11.9671879
6:49:52,11.9324884
6:49:53,12.0173464
6:49:54,12.3383722
6:49:55,12.15243
6:49:56,11.8139191
6:49:57,12.0203943
6:49:58,12.0975122
6:49:59,12.0875607
6:50:00,11.9736
6:50:01,11.7747355
6:50:02,12.1205959
6:50:03,11.864933
6:50:04,11.83553
6:50:05,12.0231562
6:50:06,12.1198807
6:50:07,11.8682384
6:50:08,11.9249792
6:50:09,11.8692017
6:50:10,12.3316469
6:50:11,12.0109568
6:50:12,11.865716
6:50:13,12.0685215
6:50:14,11.6062222
6:50:15,12.1002321
6:50:16,12.0251179
6:50:17,12.0272026
6:50:18,12.123004
6:50:19,12.0111227
6:50:20,12.2794056
6:50:21,11.8584871
6:50:22,11.8442
6:50:23,12.0824108
6:50:24,11.852438
6:50:25,11.6647749
6:50:26,12.0207844
6:50:27,11.82051
6:50:28,11.9224615
6:50:29,11.9994211
6:50:30,11.9224958
6:50:31,11.9683867
6:50:32,12.15875
6:50:33,12.0927677
6:50:34,12.0926952
6:50:35,11.85215
6:50:36,12.0275335
6:50:37,11.8868475
6:50:38,11.9604025
6:50:39,12.1654205
6:50:40,11.9096632
6:50:41,12.1326532
6:50:42,12.0609369
6:50:43,11.9595327
6:50:44,12.0809193
6:50:45,11.9029436
6:50:46,12.16684
6:50:47,11.6915874
6:50:48,11.8833046
6:50:49,11.7217474
6:50:50,12.0813456
6:50:51,12.0413132
6:50:52,11.804594
6:50:53,11.9980087
6:50:54,12.0826492
6:50:55,12.0671377
6:50:56,12.12488
6:50:57,12.2138128
6:50:58,11.9760189
6:50:59,12.1499
6:51:00,12.11338
6:51:01,12.053627
6:51:02,11.95322
6:51:03,12.0245714
6:51:04,11.9897594
6:51:05,11.997654
6:51:06,12.0174789
6:51:07,12.2039127
6:51:08,11.9375782
6:51:09,12.1363
6:51:10,11.9878387
6:51:11,12.162097
6:51:12,12.2381973
6:51:13,12.210639
6:51:14,12.0138063
6:51:15,12.1808882
6:51:16,11.8367319
6:51:17,12.15512
6:51:18,12.3469334
6:51:19,11.1427126
6:51:20,12.2159481
6:51:21,12.229147
6:51:22,12.4635162
6:51:23,11.8695383
6:51:24,11.8291655
6:51:25,11.89481
6:51:26,12.1453161
6:51:27,11.7754345
6:51:28,12.23992
6:51:29,11.6886339
6:51:30,12.5038357
6:51:31,11.9138241
6:51:32,11.8939924
6:51:33,11.8855448
6:51:34,12.0915527
6:51:35,12.3031263
6:51:36,12.10312
6:51:37,11.8391037
6:51:38,12.0894594
6:51:39,12.15135
6:51:40,11.9926071
6:51:41,12.0954523
6:51:42,12.1008844
6:51:43,11.9501276
6:51:44,12.0954437
6:51:45,12.0265217
6:51:46,11.6765022
6:51:47,12.2252312
6:51:48,11.8577719
6:51:49,12.2543888
6:51:50,11.7899837
6:51:51,11.7556982
6:51:52,11.9891367
6:51:53,12.0289345
6:51:54,11.6581564
6:51:55,11.759222
6:51:56,11.9570885
6:51:57,12.0367937
6:51:58,12.0541439
6:51:59,11.7377644
6:52:00,12.08358
6:52:01,11.9879637
6:52:02,11.7525015
6:52:03,11.6252127
6:52:04,12.0007305
6:52:05,11.854907
6:52:06,11.9459534
6:52:07,11.7935858
6:52:08,12.2091513
6:52:09,11.8084431
6:52:10,12.0376835
6:52:11,11.6723824
6:52:12,12.2307453
6:52:13,11.95651
6:52:14,11.7339878
6:52:15,12.0114737
6:52:16,11.9562054
6:52:17,12.0532894
6:52:18,11.75838
6:52:19,11.969883
6:52:20,11.7059021
6:52:21,12.0523605
6:52:22,11.9562807
6:52:23,12.0581722
6:52:24,11.9722643
6:52:25,12.0354338
6:52:26,12.2045345
6:52:27,12.1320677
6:52:28,12.055275
6:52:29,11.7956161
6:52:30,12.3283567
6:52:31,11.92149
6:52:32,11.806716
6:52:33,12.0124168
6:52:34,11.9314213
6:52:35,12.0455008
6:52:36,12.1427126
6:52:37,12.0567923
6:52:38,11.6050873
6:52:39,11.8536243
6:52:40,12.1551743
6:52:41,11.8788538
6:52:42,12.0719814
6:52:43,11.9423094
6:52:44,12.0914288
6:52:45,12.0716209
6:52:46,11.9225931
6:52:47,12.1307163
6:52:48,12.1055727
6:52:49,11.6717539
6:52:50,11.9676676
6:52:51,11.9015551
6:52:52,11.9396515
6:52:53,12.0323238
6:52:54,12.2050724
6:52:55,11.9554386
6:52:56,12.1478653
6:52:57,11.840313
6:52:58,11.6362095
6:52:59,12.1706829
6:53:00,12.3200436
6:53:01,11.8922739
6:53:02,12.1741467
6:53:03,11.8279428
6:53:04,11.8698177
6:53:05,12.2117519
6:53:06,11.8165026
6:53:07,12.2941294
6:53:08,12.0073853
6:53:09,12.0853405
6:53:10,11.982832
6:53:11,12.1443682
6:53:12,11.9115458
6:53:13,12.1596727
6:53:14,11.9784832
6:53:15,11.8622341
6:53:16,11.9555092
6:53:17,11.9770756
6:53:18,12.106204
6:53:19,11.923914
6:53:20,12.205595
6:53:21,12.1150112
6:53:22,11.7304258
6:53:23,11.959692
6:53:24,12.2082033
6:53:25,11.9214706
6:53:26,11.7340689
6:53:27,11.8990955
6:53:28,11.7297869
6:53:29,11.9487524
6:53:30,11.8322973
6:53:31,12.3594484
6:53:32,11.8624973
6:53:33,12.0114231
6:53:34,12.0369883
6:53:35,11.965291
6:53:36,11.987114
6:53:37,12.1853037
6:53:38,11.9870777
6:53:39,12.1206665
6:53:40,12.0152569
6:53:41,12.2048683
6:53:42,11.8825788
6:53:43,12.1844835
6:53:44,11.93056
6:53:45,12.123292
6:53:46,12.0819359
6:53:47,11.9541464
6:53:48,12.2443247
6:53:49,11.9370041
6:53:50,11.888196
6:53:51,12.1688261
6:53:52,11.8975163
6:53:53,12.4103832
6:53:54,12.1988077
6:53:55,11.8427668
6:53:56,11.98838
6:53:57,11.70719
6:53:58,11.9447212
6:53:59,12.0701466
6:54:00,11.9888992
6:54:01,11.987608
6:54:02,12.202589
6:54:03,12.0055161
6:54:04,12.1121168
6:54:05,11.977581
6:54:06,12.3091307
6:54:07,11.78562
6:54:08,12.0353966
6:54:09,11.8378124
6:54:10,12.0238533
6:54:11,12.0456991
6:54:12,11.9209423
6:54:13,12.0113983
6:54:14,11.809454
6:54:15,11.8866587
6:54:16,12.0146227
6:54:17,12.1783628
6:54:18,12.128581
6:54:19,12.1250114
6:54:20,11.8776464
6:54:21,11.6888113
6:54:22,11.9572048
6:54:23,11.9184227
6:54:24,12.1244831
6:54:25,11.796916
6:54:26,12.0103254
6:54:27,11.8956413
6:54:28,12.0739269
6:54:29,12.0569887
6:54:30,11.4326925
6:54:31,11.8766356
6:54:32,11.9080811
6:54:33,11.937747
6:54:34,11.9555531
6:54:35,11.8913412
6:54:36,11.8229523
6:54:37,12.072094
6:54:38,11.7241249
6:54:39,12.1165838
6:54:40,12.1231794
6:54:41,12.09773
6:54:42,12.20753
6:54:43,12.1518106
6:54:44,11.9536514
6:54:45,12.1799326
6:54:46,12.0617008
6:54:47,12.0786943
6:54:48,11.9242849
6:54:49,11.7816744
6:54:50,12.0763845
6:54:51,11.7845945
6:54:52,12.1505775
6:54:53,12.0256882
6:54:54,12.1713066
6:54:55,11.7189188
6:54:56,11.8990746
6:54:57,12.29173
6:54:58,11.8986712
6:54:59,12.0788069
6:55:00,11.6806917
6:55:01,11.9507208
6:55:02,12.1682005
6:55:03,11.8105679
6:55:04,11.75166
6:55:05,11.9078283
6:55:06,11.9795437
6:55:07,11.9484491
6:55:08,11.9420786
6:55:09,12.2007084
6:55:10,11.9394779
6:55:11,11.9869118
6:55:12,12.0312729
6:55:13,12.0601826
6:55:14,12.0677185
6:55:15,12.1534767
6:55:16,11.86936
6:55:17,11.8386059
6:55:18,11.9822674
6:55:19,11.9594917
6:55:20,12.2303209
6:55:21,12.0203762
6:55:22,11.8908148
6:55:23,12.3041544
6:55:24,12.2488966
6:55:25,11.7868032
6:55:26,11.73738
6:55:27,11.8978281
6:55:28,12.0633135
6:55:29,11.8592882
6:55:30,12.0691719
6:55:31,11.8034945
6:55:32,11.8788948
6:55:33,11.9593592
6:55:34,12.0803881
6:55:35,11.9003572
6:55:36,12.2050009
6:55:37,11.7310581
6:55:38,12.22215
6:55:39,11.999609
6:55:40,11.8210821
6:55:41,12.1439838
6:55:42,12.1463718
6:55:43,12.1196918
6:55:44,11.9484863
6:55:45,12.0646429
6:55:46,11.8812819
6:55:47,12.0344286
6:55:48,11.5661793
6:55:49,11.9212084
6:55:50,11.893569
6:55:51,12.10203
6:55:52,12.3562193
6:55:53,11.7303829
6:55:54,12.1877451
6:55:55,12.028595
6:55:56,12.1364937
6:55:57,11.9811468
6:55:58,11.9738388
6:55:59,12.1998377
6:56:00,12.0933208
6:56:01,12.0009117
6:56:02,12.0496006
6:56:03,11.8515034
6:56:04,11.9944525
6:56:05,12.1146278
6:56:06,11.4331322
6:56:07,11.737052
6:56:08,12.0669842
6:56:09,12.2575655
6:56:10,12.1550055
6:56:11,12.2189465
6:56:12,12.0245638
6:56:13,12.0813475
6:56:14,12.1930313
6:56:15,11.8079853
6:56:16,11.8134441
6:56:17,12.4728022
6:56:18,11.7934656
6:56:19,12.1635094
6:56:20,11.88855
6:56:21,11.9935837
6:56:22,12.1999683
6:56:23,11.7061577
6:56:24,12.422101
6:56:25,11.9650974
6:56:26,11.7932224
6:56:27,11.8157673
6:56:28,12.0539675
6:56:29,12.01297
6:56:30,12.0543041
6:56:31,12.1906519
6:56:32,11.7890463
6:56:33,12.1643276
6:56:34,11.5178432
6:56:35,11.8531656
6:56:36,11.9701376
6:56:37,12.0213556
6:56:38,12.1571808
6:56:39,11.6723461
6:56:40,11.9363947
6:56:41,11.8751345
6:56:42,11.8784809
6:56:43,12.011837
6:56:44,12.1132507
6:56:45,11.7405815
6:56:46,12.24918
6:56:47,12.196703
6:56:48,12.1208429
6:56:49,11.99199
6:56:50,12.1835308
6:56:51,11.7106485
6:56:52,12.25453
6:56:53,11.8758154
6:56:54,12.1706934
6:56:55,11.7846889
6:56:56,12.1931534
6:56:57,11.8739386
6:56:58,12.0790081
6:56:59,11.9565687
6:57:00,12.4854889
6:57:01,12.8772583
6:57:02,11.8580856
6:57:03,11.8974657
6:57:04,11.8458176
6:57:05,12.08416
6:57:06,12.2646675
6:57:07,11.936408
6:57:08,11.9796753
6:57:09,11.8857174
6:57:10,12.5754023
6:57:11,11.6241474
6:57:12,12.1125107
6:57:13,12.2535076
6:57:14,12.1464472
6:57:15,11.9463787
6:57:16,12.0298738
6:57:17,12.2010555
6:57:18,12.3373117
6:57:19,12.1644716
6:57:20,11.9979887
6:57:21,12.2674675
6:57:22,12.1211729
6:57:23,11.700099
6:57:24,12.02796
6:57:25,12.2262583
6:57:26,12.3485279
6:57:27,12.0146065
6:57:28,12.22758
6:57:29,12.1131191
6:57:30,11.9133549
6:57:31,12.2086477
6:57:32,11.9522
6:57:33,12.0615549
6:57:34,12.1222515
6:57:35,12.003336
6:57:36,12.1008081
6:57:37,11.9880867
6:57:38,11.910676
6:57:39,12.2055559
6:57:40,11.9479876
6:57:41,11.9332628
6:57:42,12.0376358
6:57:43,12.0795746
6:57:44,12.206665
6:57:45,12.25744
6:57:46,11.578455
6:57:47,12.1518135
6:57:48,12.2451878
6:57:49,11.8964739
6:57:50,11.9053373
6:57:51,12.0553665
6:57:52,11.9459791
6:57:53,12.2872562
6:57:54,11.7984257
6:57:55,11.6077566
6:57:56,11.8143177
6:57:57,11.8856668
6:57:58,11.9157772
6:57:59,12.0672312
6:58:00,11.9890594
6:58:01,11.9258451
6:58:02,11.8900051
6:58:03,12.2875252
6:58:04,11.9383793
6:58:05,12.2786379
6:58:06,12.0008707
6:58:07,11.9431171
6:58:08,11.6704445
6:58:09,12.1384535
6:58:10,11.8046951
6:58:11,12.2422228
6:58:12,11.9523993
6:58:13,12.004159
6:58:14,11.8934612
6:58:15,11.9981651
6:58:16,12.1064606
6:58:17,12.0587149
6:58:18,11.8545494
6:58:19,12.0994463
6:58:20,12.3775063
6:58:21,12.21596
6:58:22,11.6343679
6:58:23,12.00216
6:58:24,12.0634508
6:58:25,11.8622971
6:58:26,12.03885
6:58:27,12.2418938
6:58:28,12.1825609
6:58:29,11.9938078
6:58:30,11.4899111
6:58:31,11.8598747
6:58:32,11.6920834
6:58:33,12.0276909
6:58:34,12.0664024
6:58:35,11.98676
6:58:36,11.7880363
6:58:37,12.2725649
6:58:38,12.1217661
6:58:39,12.1156731
6:58:40,12.1738214
6:58:41,12.237155
6:58:42,12.451539
6:58:43,12.1787939
6:58:44,11.7200155
6:58:45,11.9359541
6:58:46,11.9324312
6:58:47,11.7381773
6:58:48,12.2649107
6:58:49,11.744153
6:58:50,11.5077887
6:58:51,12.3965893
6:58:52,11.6717091
6:58:53,11.994482
6:58:54,11.8873549
6:58:55,12.4252815
6:58:56,12.222888
6:58:57,12.0719194
6:58:58,12.0147076
6:58:59,11.8248272
6:59:00,11.7599831
6:59:01,11.8428659
6:59:02,12.3266935
6:59:03,12.1108532
6:59:04,11.8526993
6:59:05,11.03151
6:59:06,9.701157
6:59:07,11.6953764
6:59:08,14.4146347
6:59:09,14.9883137
6:59:10,12.0357018
6:59:11,12.0206213
6:59:12,11.8563423
6:59:13,11.6283226
6:59:14,11.4937906
6:59:15,12.033618
6:59:16,11.9092045
6:59:17,12.1490669
6:59:18,11.9401941
6:59:19,11.9468346
6:59:20,11.855155
6:59:21,12.6462612
6:59:22,11.6907206
6:59:23,11.74531
6:59:24,12.2601929
6:59:25,11.6719751
6:59:26,11.8042278
6:59:27,11.8025379
6:59:28,11.9090786
6:59:29,11.8529015
6:59:30,11.86876
6:59:31,11.6071911
6:59:32,12.221324
6:59:33,12.3835773
6:59:34,12.0024328
6:59:35,11.7547092
6:59:36,11.860177
6:59:37,12.0586672
6:59:38,11.6540117
6:59:39,11.9382267
6:59:40,11.911067
6:59:41,12.0660467
6:59:42,12.0716362
6:59:43,12.2403412
6:59:44,12.202323
6:59:45,12.1198845
6:59:46,11.7306385
6:59:47,12.1762114
6:59:48,12.019331
6:59:49,11.9253769
6:59:50,11.9010973
6:59:51,11.6427078
6:59:52,12.0326815
6:59:53,12.0436726
6:59:54,12.0588779
6:59:55,12.1520376
6:59:56,12.0892372
6:59:57,12.1204329
6:59:58,11.9192429
6:59:59,12.037117
7:00:00,11.7319412
7:00:01,11.6534128
7:00:02,12.1026964
7:00:03,12.0782852
7:00:04,11.91532
7:00:05,12.0152607
7:00:06,12.2586823
7:00:07,12.0123005
7:00:08,12.0856438
7:00:09,12.1248131
7:00:10,12.1747923
7:00:11,11.963377
7:00:12,11.9524975
7:00:13,12.0066271
7:00:14,11.958643
7:00:15,11.8662119
7:00:16,11.8440161
7:00:17,12.1151619
7:00:18,11.8902893
7:00:19,12.0623016
7:00:20,11.8869457
7:00:21,11.9287148
7:00:22,11.947607
7:00:23,12.0189219
7:00:24,12.0840673
7:00:25,12.4539452
7:00:26,11.7545242
7:00:27,11.8769693
7:00:28,11.7870283
7:00:29,12.0842953
7:00:30,11.8397722
7:00:31,12.0880671
7:00:32,12.2077293
7:00:33,12.2342787
7:00:34,11.8972006
7:00:35,12.1791391
7:00:36,12.0839949
7:00:37,11.9417629
7:00:38,11.8829365
7:00:39,12.0831108
7:00:40,12.0204906
7:00:41,12.032711
7:00:42,12.0848789
7:00:43,11.71097
7:00:44,12.1448212
7:00:45,12.0828543
7:00:46,11.9986238
7:00:47,12.1892977
7:00:48,12.0257187
7:00:49,12.1905727
7:00:50,11.73832
7:00:51,12.3424215
7:00:52,12.0393114
7:00:53,12.0645361
7:00:54,12.2422886
7:00:55,12.02288
7:00:56,12.1220694
7:00:57,11.8961687
7:00:58,12.3301058
7:00:59,11.7371845
7:01:00,12.3036366
7:01:01,11.8332548
7:01:02,12.1931944
7:01:03,11.818223
7:01:04,11.7261314
7:01:05,11.8866644
7:01:06,12.15131
7:01:07,12.0070381
7:01:08,11.7673407
7:01:09,12.1757574
7:01:10,11.9208012
7:01:11,12.25977
7:01:12,12.4054985
7:01:13,12.0890293
7:01:14,12.0197792
7:01:15,11.9566154
7:01:16,11.6247578
7:01:17,12.353507
7:01:18,11.8537655
7:01:19,12.0058441
7:01:20,12.3704729
7:01:21,10.8877335
7:01:22,11.8907614
7:01:23,12.4577007
7:01:24,12.1408758
7:01:25,12.3349018
7:01:26,12.0342264
7:01:27,12.0444632
7:01:28,11.828145
7:01:29,12.2420578
7:01:30,11.746851
7:01:31,11.8902655
7:01:32,12.2821379
7:01:33,12.36885
7:01:34,12.5136576
7:01:35,11.7799921
7:01:36,12.007494
7:01:37,12.0237865
7:01:38,11.8825111
7:01:39,11.83833
7:01:40,11.86345
7:01:41,11.9993391
7:01:42,11.9421949
7:01:43,11.827137
7:01:44,11.6871252
7:01:45,11.9928808
7:01:46,11.9726343
7:01:47,12.1127186
7:01:48,12.18566
7:01:49,12.340168
7:01:50,12.070715
7:01:51,11.7387781
7:01:52,12.1349516
7:01:53,12.0242767
7:01:54,11.7577562
7:01:55,12.0399361
7:01:56,11.9702835
7:01:57,11.6872177
7:01:58,11.7857561
7:01:59,12.2359095
7:02:00,11.998414
7:02:01,12.0407372
7:02:02,12.2497225
7:02:03,12.0939732
7:02:04,11.9486065
7:02:05,12.2346458
7:02:06,12.1540594
7:02:07,11.9838657
7:02:08,11.8738985
7:02:09,12.6289539
7:02:10,12.0913267
7:02:11,12.3599405
7:02:12,11.6355238
7:02:13,11.9864292
7:02:14,12.2730131
7:02:15,12.1370792
7:02:16,12.0816488
7:02:17,11.959837
7:02:18,12.0261517
7:02:19,11.8596287
7:02:20,12.0894442
7:02:21,11.8104439
7:02:22,11.9385614
7:02:23,12.1039238
7:02:24,11.847209
7:02:25,12.0989876
7:02:26,12.5077734
7:02:27,12.0730553
7:02:28,11.9596529
7:02:29,11.97151
7:02:30,12.1118069
7:02:31,12.1324329
7:02:32,11.7958269
7:02:33,11.6763964
7:02:34,11.91568
7:02:35,12.01249
7:02:36,12.0173187
7:02:37,12.1375875
7:02:38,11.9900389
7:02:39,11.8395271
7:02:40,12.0829124
7:02:41,12.1570673
7:02:42,11.9352484
7:02:43,12.18014
7:02:44,11.9472189
7:02:45,11.9073648
7:02:46,11.9332008
7:02:47,12.1180916
7:02:48,12.3777
7:02:49,11.8698931
7:02:50,11.9417562
7:02:51,12.11222
7:02:52,11.685894
7:02:53,11.7699766
7:02:54,11.8107624
7:02:55,11.8225851
7:02:56,11.9643393
7:02:57,12.0615
7:02:58,12.0919561
7:02:59,11.807456
7:03:00,11.4181643
7:03:01,12.02179
7:03:02,12.1420641
7:03:03,11.936409
7:03:04,11.9599695
7:03:05,11.8989162
7:03:06,12.3965693
7:03:07,11.9493475
7:03:08,11.9790058
7:03:09,11.8249722
7:03:10,11.929285
7:03:11,12.1870108
7:03:12,11.8539619
7:03:13,11.9908619
7:03:14,12.0320892
7:03:15,12.2054949
7:03:16,12.1343727
7:03:17,11.8506317
7:03:18,12.1131992
7:03:19,12.0650024
7:03:20,12.1999855
7:03:21,11.770649
7:03:22,12.1656437
7:03:23,12.2874889
7:03:24,12.018652
7:03:25,12.00214
7:03:26,12.2208128
7:03:27,12.0361109
7:03:28,11.7951908
7:03:29,11.9076567
7:03:30,12.150631
7:03:31,12.2891207
7:03:32,11.93787
7:03:33,12.0967636
7:03:34,11.9327164
7:03:35,11.7972527
7:03:36,12.1135721
7:03:37,11.8043108
7:03:38,12.138588
7:03:39,11.6955242
7:03:40,11.7838879
7:03:41,11.6244946
7:03:42,12.1142035
7:03:43,11.8287048
7:03:44,12.0345383
7:03:45,12.0118294
7:03:46,11.8695946
7:03:47,12.2389078
7:03:48,12.3713436
7:03:49,11.7510138
7:03:50,11.7340088
7:03:51,12.20287
7:03:52,11.4598761
7:03:53,12.3248672
7:03:54,11.9876738
7:03:55,11.8492327
7:03:56,11.8467865
7:03:57,12.1787939
7:03:58,11.3009605
7:03:59,12.0019455
7:04:00,12.0997458
7:04:01,11.977663
7:04:02,12.3693762
7:04:03,11.9834957
7:04:04,12.1247349
7:04:05,11.8826437
7:04:06,12.1169806
7:04:07,12.0230942
7:04:08,11.8806486
7:04:09,12.1300287
7:04:10,12.2773876
7:04:11,11.937479
7:04:12,12.120204
7:04:13,11.9593573
7:04:14,11.9143906
7:04:15,11.9305954
7:04:16,11.8778915
7:04:17,11.8375664
7:04:18,12.1577625
7:04:19,11.963522
7:04:20,12.4808788
7:04:21,12.3085623
7:04:22,11.8894329
7:04:23,11.8920879
7:04:24,12.2917442
7:04:25,12.1238794
7:04:26,12.08539
7:04:27,12.006587
7:04:28,12.0415735
7:04:29,12.3015385
7:04:30,12.127737
7:04:31,11.9790688
7:04:32,11.6528492
7:04:33,12.1599073
7:04:34,11.8191547
7:04:35,11.92665
7:04:36,12.2242527
7:04:37,12.2102528
7:04:38,11.8213053
7:04:39,11.7190666
7:04:40,12.0462666
7:04:41,11.8381634
7:04:42,12.0243073
7:04:43,12.070282
7:04:44,11.867012
7:04:45,12.0003633
7:04:46,11.9315748
7:04:47,12.0056381
7:04:48,11.6734629
7:04:49,12.2619715
7:04:50,12.23138
7:04:51,12.1365824
7:04:52,12.1349039
7:04:53,12.0868769
7:04:54,11.8946257
7:04:55,11.8521681
7:04:56,11.8484058
7:04:57,12.52044
7:04:58,12.1781607
7:04:59,11.8750153
7:05:00,11.7070274
7:05:01,11.8013716
7:05:02,11.8815937
7:05:03,12.3711739
7:05:04,12.1148472
7:05:05,12.11903
7:05:06,12.021575
7:05:07,11.8285761
7:05:08,12.2496891
7:05:09,12.2261457
7:05:10,11.9403563
7:05:11,12.0385189
7:05:12,12.43443
7:05:13,11.796155
7:05:14,11.9662886
7:05:15,12.2905664
7:05:16,12.2473688
7:05:17,11.8558378
7:05:18,11.7088289
7:05:19,11.9490795
7:05:20,12.0577154
7:05:21,11.9889069
7:05:22,12.02913
7:05:23,11.832345
7:05:24,11.8787718
7:05:25,12.4842482
7:05:26,11.9105873
7:05:27,11.9967442
7:05:28,11.9311781
7:05:29,11.92317
7:05:30,11.9526558
7:05:31,11.8076067
7:05:32,11.9758768
7:05:33,12.1692162
7:05:34,11.7807169
7:05:35,12.1644049
7:05:36,11.9235411
7:05:37,11.7101145
7:05:38,12.0199461
7:05:39,12.1733742
7:05:40,12.1473227
7:05:41,12.0576353
7:05:42,12.1049261
7:05:43,11.5913858
7:05:44,11.9808111
7:05:45,12.0289469
7:05:46,12.4702635
7:05:47,11.510335
7:05:48,11.7411394
7:05:49,12.0712194
7:05:50,12.135499
7:05:51,12.1734467
7:05:52,12.3239679
7:05:53,11.8911285
7:05:54,11.94874
7:05:55,12.0716391
7:05:56,12.2009954
7:05:57,12.0344992
7:05:58,12.0527639
7:05:59,12.3751707
7:06:00,12.2750664
7:06:01,11.6320629
7:06:02,12.0288868
7:06:03,11.97006
7:06:04,11.9247408
7:06:05,11.89195
7:06:06,11.7391958
7:06:07,12.3408337
7:06:08,11.6535692
7:06:09,11.9774275
7:06:10,12.295454
7:06:11,11.9292107
7:06:12,12.089653
7:06:13,11.9535112
7:06:14,12.1733513
7:06:15,11.9558268
7:06:16,11.8925905
7:06:17,11.8836355
7:06:18,12.2797785
7:06:19,11.95046
7:06:20,11.8125067
7:06:21,11.6807642
7:06:22,11.9584284
7:06:24,12.2287531
7:06:25,11.7196789
7:06:26,11.7326746
7:06:27,11.6801453
7:06:28,12.7240448
7:06:29,11.8684177
7:06:30,11.9709463
7:06:31,11.6069136
7:06:32,11.4884453
7:06:33,12.6781826
7:06:34,11.8428965
7:06:35,11.9162836
7:06:36,11.7753487
7:06:37,12.0786839
7:06:38,12.0183678
7:06:39,11.8109741
7:06:40,11.8958006
7:06:41,12.2149763
7:06:42,11.9357386
7:06:43,11.84862
7:06:44,12.3548269
7:06:45,11.8230381
7:06:46,11.6922
7:06:47,11.7626057
7:06:48,11.8019114
7:06:49,11.9804573
7:06:50,11.7296152
7:06:51,11.9055786
7:06:52,11.8006716
7:06:53,12.2431669
7:06:54,12.1674728
7:06:55,11.8458652
7:06:56,11.9450722
7:06:57,11.8171711
7:06:58,12.0173759
7:06:59,12.2164125
7:07:00,11.9599552
7:07:01,11.9425554
7:07:02,11.8165913
7:07:03,11.9104729
7:07:04,12.2172279
7:07:05,12.0909433
7:07:06,12.2118464
7:07:07,11.6471252
7:07:08,12.0685349
7:07:09,12.0198393
7:07:10,12.1085606
7:07:11,12.0704355
7:07:12,11.7981844
7:07:13,12.0547056
7:07:14,12.155303
7:07:15,12.2166338
7:07:16,11.5954695
7:07:17,12.176116
7:07:18,12.0761566
7:07:19,12.2536182
7:07:20,11.8942747
7:07:21,12.0518179
7:07:22,12.0141516
7:07:23,12.1493073
7:07:24,11.8707323
7:07:25,11.8827353
7:07:26,12.2366056
7:07:27,11.84459
7:07:28,12.0524187
7:07:30,12.2449923
7:07:31,12.0492554
7:07:32,11.788559
7:07:33,12.00214
7:07:34,11.8850384
7:07:35,11.8960905
7:07:36,12.1410732
7:07:37,12.1614265
7:07:38,11.7122126
7:07:39,11.9148207
7:07:40,11.9048128
7:07:41,12.1315508
7:07:42,12.0469751
7:07:43,11.8883514
7:07:44,11.9750814
7:07:45,12.10377
7:07:46,11.8339205
7:07:47,12.0605974
7:07:48,12.1509361
7:07:49,11.9308929
7:07:50,12.0797749
7:07:51,12.1356668
7:07:52,11.9444342
7:07:53,12.0742712
7:07:54,12.0060635
7:07:55,12.1328945
7:07:56,12.0259361
7:07:57,11.9519987
7:07:58,12.0528851
7:07:59,11.827322
7:08:00,12.0903091
7:08:01,11.6232176
7:08:02,11.90098
7:08:03,11.8334293
7:08:04,12.2017946
7:08:05,11.9129095
7:08:06,12.0656395
7:08:07,12.1682653
7:08:08,11.9807138
7:08:09,12.10349
7:08:10,12.0017014
7:08:11,11.9673958
7:08:12,11.6846466
7:08:13,11.9992933
7:08:14,11.7560015
7:08:15,12.4390793
7:08:16,11.8803215
7:08:17,12.2076845
7:08:18,11.9259071
7:08:19,12.0109463
7:08:20,12.07119
7:08:21,12.0216131
7:08:22,12.2393551
7:08:23,11.9440813
7:08:24,12.0460548
7:08:25,11.9909229
7:08:26,12.2722931
7:08:27,11.9178419
7:08:29,11.9394417
7:08:30,12.1808634
7:08:31,12.2062063
7:08:32,12.1160879
7:08:33,11.8201256
7:08:34,11.92136
7:08:35,12.0174923
7:08:36,11.6414528
7:08:37,12.1449261
7:08:38,12.3018894
7:08:39,12.020834
7:08:40,12.3535213
7:08:41,11.97478
7:08:42,11.8243685
7:08:43,11.7079554
7:08:44,12.0587864
7:08:45,11.5060835
7:08:46,11.9472227
7:08:47,11.96117
7:08:48,12.2777109
7:08:49,11.77279
7:08:50,12.0334606
7:08:51,11.9690332
7:08:52,11.8511314
7:08:53,12.10641
7:08:54,12.1147165
7:08:55,11.92349
7:08:56,12.0198259
7:08:57,12.34096
7:08:58,11.9796886
7:08:59,12.131114
7:09:00,11.88374
7:09:01,12.0123205
7:09:02,11.795826
7:09:03,11.8851757
7:09:04,12.0514431
7:09:05,12.1691437
7:09:06,11.9629774
7:09:07,12.0197315
7:09:08,12.0480747
7:09:09,11.8289366
7:09:10,12.1010151
7:09:11,11.808259
7:09:12,11.9762421
7:09:14,12.1673822
7:09:15,12.3950224
7:09:16,11.9954309
7:09:17,11.7894707
7:09:19,11.9363546
7:09:20,12.1244316
7:09:21,12.173646
7:09:22,12.2126179
7:09:23,12.1318216
7:09:24,12.0822039
7:09:25,12.0090818
7:09:26,11.83462
7:09:27,12.0225391
7:09:28,11.9677877
7:09:29,12.4204435
7:09:30,11.9905024
7:09:31,11.5497971
7:09:32,12.4998541
7:09:33,11.8433971
7:09:34,11.9006834
7:09:35,11.8345623
7:09:36,11.9203863
7:09:37,11.7967329
7:09:38,12.1149845
7:09:39,12.1017675
7:09:40,12.15558
7:09:41,12.0048428
7:09:42,11.8755322
7:09:43,11.9975929
7:09:44,12.1583529
7:09:45,12.0019159
7:09:46,11.99768
7:09:47,12.1017084
7:09:48,11.9612751
7:09:49,12.2649355
7:09:50,11.92251
7:09:51,11.911562
7:09:52,11.97706
7:09:53,11.7901
7:09:54,11.9715538
7:09:55,12.1645212
7:09:56,11.9310408
7:09:57,11.8874588
7:09:58,11.9785948
7:09:59,12.29186
7:10:00,12.0017157
7:10:01,11.9151754
7:10:02,11.938262
7:10:03,12.0033522
7:10:04,11.8515787
7:10:05,11.8250027
7:10:06,12.0908489
7:10:07,12.07032
7:10:08,12.0333548
7:10:09,12.154705
7:10:10,12.1054182
7:10:11,11.8730345
7:10:12,11.9773531
7:10:13,11.8899393
7:10:14,12.3152924
7:10:15,11.9828691
7:10:16,11.8497038
7:10:17,11.9751291
7:10:18,11.9424667
7:10:19,12.0696249
7:10:20,11.5480185
7:10:21,12.11536
7:10:22,11.9100752
7:10:23,11.849021
7:10:24,12.11428
7:10:25,11.889081
7:10:26,11.994709
7:10:27,11.8636227
7:10:28,12.0464048
7:10:29,12.026762
7:10:30,12.0876493
7:10:31,12.2469521
7:10:32,12.0207148
7:10:33,12.1222992
7:10:34,11.8827629
7:10:35,11.9112415
7:10:36,11.9231482
7:10:37,11.9508839
7:10:38,12.00187
7:10:39,12.0490522
7:10:40,12.0359068
7:10:41,11.9714527
7:10:42,12.226841
7:10:43,11.8567848
7:10:44,12.0981293
7:10:45,11.7532387
7:10:46,11.6708889
7:10:47,12.672287
7:10:48,12.11815
7:10:49,11.812377
7:10:50,11.8559351
7:10:51,11.7489948
7:10:52,11.9122572
7:10:53,12.05898
7:10:54,11.993269
7:10:55,11.9955082
7:10:56,11.9681053
7:10:57,11.7737761
7:10:58,11.9452238
7:10:59,12.2448187
7:11:00,11.7469072
7:11:01,12.1547422
7:11:02,11.7341728
7:11:03,11.9476233
7:11:04,11.9734993
7:11:05,11.8580093
7:11:06,12.0925779
7:11:07,11.710989
7:11:08,11.7470808
7:11:09,12.1895781
7:11:10,12.0074215
7:11:11,11.244133
7:11:12,12.17031
7:11:13,12.3899193
7:11:14,12.1413012
7:11:15,11.6764269
7:11:16,12.07973
7:11:17,11.9502792
7:11:18,12.2476368
7:11:19,12.1222963
7:11:20,11.8573923
7:11:21,11.9170542
7:11:22,12.2325583
7:11:23,12.04751
7:11:24,11.8822527
7:11:25,11.9473839
7:11:26,12.1110229
7:11:27,11.7744713
7:11:28,11.9005823
7:11:29,11.7967463
7:11:30,11.9924841
7:11:31,12.1076918
7:11:32,12.3284941
7:11:33,11.8985109
7:11:34,11.7190876
7:11:35,12.103466
7:11:36,12.16332
7:11:37,12.1687326
7:11:38,12.0429792
7:11:39,11.8639
7:11:40,11.9506636
7:11:41,12.1070414
7:11:42,12.0332966
7:11:43,11.87997
7:11:44,11.8110008
7:11:45,12.0716352
7:11:46,12.1271734
7:11:47,12.09759
7:11:48,11.9076014
7:11:49,12.0711336
7:11:50,11.922987
7:11:51,11.7981606
7:11:52,11.74213
7:11:53,12.05971
7:11:54,12.07569
7:11:55,12.1217318
7:11:56,12.0056276
7:11:57,12.082675
7:11:58,11.8532772
7:11:59,12.1478033
7:12:00,12.1238766
7:12:01,11.842886
7:12:02,12.0712128
7:12:03,11.6135664
7:12:04,11.9703064
7:12:05,11.8767061
7:12:06,11.7587366
7:12:07,12.1945915
7:12:08,11.9953756
7:12:09,11.8841667
7:12:10,11.915019
7:12:11,12.0144978
7:12:12,12.0969076
7:12:13,11.8547678
7:12:14,11.9695187
7:12:15,12.2366982
7:12:16,12.2029009
7:12:17,11.716691
7:12:18,12.0027523
7:12:19,12.2026415
7:12:20,12.2072325
7:12:21,11.9963455
7:12:22,12.3441305
7:12:23,12.3096809
7:12:24,12.2752733
7:12:25,12.2545567
7:12:26,11.7985973
7:12:27,12.131072
7:12:28,12.1795607
7:12:29,12.1102819
7:12:30,11.5014029
7:12:31,12.293129
7:12:32,12.186677
7:12:33,12.0062876
7:12:34,11.4188852
7:12:35,12.2918177
7:12:36,11.6856976
7:12:37,12.2391434
7:12:38,12.1850576
7:12:39,12.29306
7:12:40,11.6723309
7:12:41,12.3115005
7:12:42,12.0001488
7:12:43,11.7222958
7:12:44,12.4360294
7:12:45,11.9264774
7:12:46,11.9427557
7:12:47,12.06274
7:12:48,11.9376287
7:12:49,11.7845354
7:12:50,12.0588465
7:12:51,11.9720783
7:12:52,12.1781588
7:12:53,12.1287155
7:12:54,11.8652954
7:12:55,12.0569105
7:12:56,12.2356968
7:12:57,12.0413713
7:12:58,11.6431532
7:12:59,12.13251
7:13:00,12.1150331
7:13:01,12.3615856
7:13:02,12.16179
7:13:03,12.2753544
7:13:04,11.4099264
7:13:05,11.9455738
7:13:06,11.9297943
7:13:07,11.8839417
7:13:08,11.8090782
7:13:09,12.0265379
7:13:10,12.163538
7:13:11,11.7250109
7:13:12,11.7347784
7:13:13,11.7153673
7:13:14,12.1329527
7:13:15,12.0451193
7:13:16,11.8801832
7:13:17,12.11093
7:13:18,11.9831371
7:13:19,12.12003
7:13:20,11.8492107
7:13:21,12.0238562
7:13:22,11.89286
7:13:23,11.9473791
7:13:24,11.6788349
7:13:25,11.9509363
7:13:26,11.7703543
7:13:27,12.1992416
7:13:28,12.22554
7:13:29,11.9767246
7:13:30,11.5840139
7:13:31,12.1029272
7:13:32,12.122694
7:13:33,11.3382874
7:13:34,12.0450573
7:13:35,11.9581356
7:13:36,12.0414343
7:13:37,11.5533295
7:13:38,12.1311808
7:13:39,12.1233339
7:13:40,12.1145172
7:13:41,12.2095032
7:13:42,11.9965286
7:13:43,11.735055
7:13:44,11.92908
7:13:45,11.9369183
7:13:46,12.1306639
7:13:47,11.9586754
7:13:48,12.07243
7:13:49,12.1808281
7:13:50,11.9566507
7:13:51,11.9525518
7:13:52,11.7205162
7:13:53,12.0863924
7:13:54,11.9784384
7:13:55,12.0902529
7:13:56,12.0952406
7:13:57,12.0656214
7:13:58,12.2462
7:13:59,12.03529
7:14:00,11.968133
7:14:01,11.9130344
7:14:02,11.9106731
7:14:03,12.1307011
7:14:04,11.9604578
7:14:05,12.3936167
7:14:06,12.0634356
7:14:07,11.7586145
7:14:08,12.4494514
7:14:09,12.1958714
7:14:10,11.9132051
7:14:11,12.0856333
7:14:12,11.9846945
7:14:13,11.8462858
7:14:14,12.0407867
7:14:15,12.0820026
7:14:16,11.8299932
7:14:17,11.9618435
7:14:18,11.7910872
7:14:19,11.9885168
7:14:20,12.04669
7:14:21,11.4821739
7:14:22,12.3018656
7:14:23,11.8983545
7:14:24,12.1632748
7:14:25,12.170908
7:14:26,11.9271479
7:14:27,12.0647373
7:14:28,11.9248295
7:14:30,12.1408072
7:14:32,12.0194464
7:14:33,12.2068892
7:14:34,11.991806
7:14:35,12.0600948
7:14:36,12.0340881
7:14:37,11.8099566
7:14:38,12.0129051
7:14:39,12.0353575
7:14:40,11.8769865
7:14:41,11.9010582
7:14:42,11.9151878
7:14:43,11.9004583
7:14:44,11.94843
7:14:45,11.7823305
7:14:46,11.8801994
7:14:47,12.0649948
7:14:48,11.884264
7:14:49,12.0706491
7:14:50,11.9645891
7:14:51,12.1214676
7:14:52,11.8559866
7:14:53,12.1746531
7:14:54,12.0313606
7:14:55,11.9498482
7:14:56,11.998971
7:14:57,12.1240568
7:14:58,12.1968479
7:14:59,12.2237654
7:15:00,12.1589222
7:15:01,11.9943666
7:15:02,12.0583487
7:15:03,12.1165323
7:15:04,11.9543676
7:15:05,12.05542
7:15:06,12.1684637
7:15:07,12.0437193
7:15:08,12.3172016
7:15:09,12.01936
7:15:10,11.9586935
7:15:11,12.1642132
7:15:12,12.1414633
7:15:13,12.025939
7:15:14,11.9654217
7:15:15,12.0773115
7:15:16,12.00053
7:15:17,12.0206108
7:15:18,11.9174194
7:15:19,12.1671371
7:15:20,11.974885
7:15:21,11.9722643
7:15:22,11.974864
7:15:23,12.1405888
7:15:24,12.1089306
7:15:25,12.21063
7:15:26,11.7901011
7:15:27,12.0030117
7:15:28,12.14791
7:15:29,11.8130922
7:15:30,11.8139791
7:15:31,12.3457479
7:15:32,11.8208513
7:15:33,11.6939993
7:15:34,11.9916878
7:15:35,12.4263515
7:15:36,12.0525789
7:15:37,11.852047
7:15:38,11.9760847
7:15:39,11.8347235
7:15:40,12.2011747
7:15:41,11.8443146
7:15:42,11.90298
7:15:43,11.8135643
7:15:44,11.813448
7:15:45,11.8010035
7:15:46,12.0376682
7:15:47,12.3109875
7:15:48,12.087657
7:15:49,11.9892178
7:15:50,12.3925848
7:15:51,12.1286678
7:15:52,11.8161955
7:15:53,12.2256231
7:15:54,12.0857191
7:15:55,12.0979977
7:15:56,12.1415958
7:15:57,12.1604557
7:15:58,11.7064056
7:15:59,12.0620651
7:16:00,12.2168436
7:16:01,12.50439
7:16:02,12.0194807
7:16:03,12.1606379
7:16:04,11.9985495
7:16:05,11.8779526
7:16:06,12.0197239
7:16:07,12.3480034
7:16:08,11.8325663
7:16:09,12.12692
7:16:10,11.9158716
7:16:11,12.0811567
7:16:12,12.0496864
7:16:13,11.9648466
7:16:14,12.012681
7:16:15,11.8427076
7:16:16,12.2877665
7:16:17,11.9673338
7:16:18,12.0498562
7:16:19,11.7176037
7:16:20,11.97684
7:16:21,12.0346231
7:16:22,12.182147
7:16:23,12.2159376
7:16:25,11.980423
7:16:27,11.8935127
7:16:28,12.1072359
7:16:30,11.8912916
7:16:31,12.0091438
7:16:32,11.888936
7:16:33,12.2196245
7:16:35,11.8835478
7:16:36,11.8512907
7:16:37,12.1342239
7:16:38,11.8363667
7:16:40,12.0498648
7:16:41,11.9465427
7:16:42,12.0642586
7:16:43,11.8185472
7:16:45,12.3416748
7:16:46,11.938242
7:16:47,12.1835585
7:16:49,12.1476269
7:16:50,11.9711418
7:16:51,11.6604662
7:16:52,11.7561808
7:16:53,11.9854727
7:16:54,12.0665922
7:16:55,12.1830606
7:16:56,11.8782749
7:16:57,12.04204
7:16:58,11.92573
7:16:59,11.9491549
7:17:00,11.8842173
7:17:01,11.6905642
7:17:02,11.9538984
7:17:03,12.241869
7:17:04,11.8289652
7:17:05,11.75567
7:17:06,12.03865
7:17:07,11.6523123
7:17:08,12.4985952
7:17:09,11.9119062
7:17:10,11.8595276
7:17:11,11.9404316
7:17:12,11.90952
7:17:13,12.1339178
7:17:14,11.9225445
7:17:15,11.9592972
7:17:16,12.0983858
7:17:17,11.8968639
7:17:18,12.1424284
7:17:19,11.7999458
7:17:20,12.2385111
7:17:21,12.2266121
7:17:22,11.9985743
7:17:23,12.1423206
7:17:24,11.9735909
7:17:25,12.235034
7:17:26,11.9227047
7:17:27,11.898015
7:17:28,11.9896479
7:17:29,11.9637833
7:17:30,12.1888742
7:17:31,11.8468733
7:17:32,11.8149319
7:17:33,12.1533642
7:17:34,11.7266436
7:17:35,12.03029
7:17:36,12.1416559
7:17:37,11.8537683
7:17:38,12.1400881
7:17:39,12.0460653
7:17:40,12.1346273
7:17:41,11.7627039
7:17:42,11.8756008
7:17:43,11.871911
7:17:44,11.7084417
7:17:45,11.9572716
7:17:46,12.0164185
7:17:47,11.9557648
7:17:48,11.7738218
7:17:49,12.0889826
7:17:50,12.0332518
7:17:51,12.0729618
7:17:52,11.9476957
7:17:53,11.6502666
7:17:54,12.2019625
7:17:55,11.85063
7:17:56,11.9100418
7:17:57,11.8013144
7:17:58,11.9827042
7:17:59,12.1680632
7:18:00,12.0695839
7:18:01,12.0211763
7:18:02,11.946887
7:18:03,12.0821667
7:18:04,11.7726355
7:18:05,11.8164406
7:18:06,12.0390682
7:18:07,12.0715742
7:18:08,12.0916386
7:18:09,11.9176006
7:18:10,12.1930981
7:18:11,12.0535688
7:18:12,12.13784
7:18:13,12.146
7:18:14,11.8957
7:18:15,12.08046
7:18:16,11.9527493
7:18:17,12.2473593
7:18:18,11.8594189
7:18:19,12.1484156
7:18:20,11.3740959
7:18:21,11.9978838
7:18:22,11.853097
7:18:23,11.7690525
7:18:24,11.9367828
7:18:25,11.9702787
7:18:26,11.7561159
7:18:27,11.8965893
7:18:28,12.23112
7:18:29,12.0836773
7:18:30,12.034627
7:18:31,12.6723719
7:18:32,11.9741764
7:18:33,12.2366962
7:18:34,12.2844038
7:18:35,11.8722572
7:18:36,11.67963
7:18:37,12.3955412
7:18:38,12.092103
7:18:39,11.9357147
7:18:40,11.7485657
7:18:41,12.01989
7:18:42,11.784071
7:18:43,11.9670362
7:18:44,11.9590626
7:18:45,11.9072189
7:18:46,12.11927
7:18:47,11.7497787
7:18:48,12.0930891
7:18:49,12.0585461
7:18:50,12.3624134
7:18:51,12.0859613
7:18:52,11.8859177
7:18:53,11.9477015
7:18:54,12.1247139
7:18:55,11.8797979
7:18:56,11.8954811
7:18:57,11.8988676
7:18:58,11.8024254
7:18:59,11.9905119
7:19:00,12.2490587
7:19:01,11.8522673
7:19:02,12.0721846
7:19:03,12.0328989
7:19:04,11.9911261
7:19:05,11.6799955
7:19:06,11.9927807
7:19:07,11.9664593
7:19:08,12.1520367
7:19:09,11.80535
7:19:10,11.8992586
7:19:11,11.9103537
7:19:12,11.8637352
7:19:13,11.914999
7:19:14,11.9172058
7:19:15,11.7991819
7:19:16,11.7916384
7:19:17,11.9741373
7:19:18,12.2388287
7:19:19,11.9222279
7:19:20,12.0218391
7:19:21,11.971302
7:19:22,11.5475254
7:19:23,11.89416
7:19:24,12.1412582
7:19:25,12.1447706
7:19:26,12.2401428
7:19:27,11.9504433
7:19:28,12.059865
7:19:29,11.8938732
7:19:30,12.0577345
7:19:31,12.1741047
7:19:32,11.9900665
7:19:33,11.8669252
7:19:34,11.8716993
7:19:35,11.905942
7:19:36,11.79976
7:19:37,11.889123
7:19:38,12.20123
7:19:39,12.0840693
7:19:40,12.1683226
7:19:41,11.85959
7:19:42,11.9087877
7:19:43,12.1552734
7:19:44,12.2409344
7:19:45,11.6830921
7:19:46,11.8781681
7:19:47,12.1665077
7:19:48,12.0362263
7:19:49,12.01545
7:19:50,11.8718405
7:19:51,11.9928207
7:19:52,12.0216
7:19:53,11.8619261
7:19:54,11.9222794
7:19:55,12.0397825
7:19:56,11.8212938
7:19:57,12.1831074
7:19:58,11.8054247
7:19:59,12.1038961
7:20:00,11.9855165
7:20:01,11.9915142
7:20:02,12.0725069
7:20:03,11.9612207
7:20:04,12.0850687
7:20:05,12.07155
7:20:06,11.9626665
7:20:07,11.9305382
7:20:08,11.9923124
7:20:09,11.5955849
7:20:10,12.5297213
7:20:11,11.9815626
7:20:12,12.0386744
7:20:13,11.85857
7:20:14,12.1042318
7:20:15,12.1086712
7:20:16,12.2937717
7:20:17,11.8194723
7:20:18,12.0669518
7:20:19,12.0184984
7:20:20,11.79151
7:20:21,11.8681211
7:20:22,12.1871786
7:20:23,11.7840071
7:20:24,11.886878
7:20:25,11.99116
7:20:26,12.3267727
7:20:27,12.1969452
7:20:28,11.9155226
7:20:29,12.0441875
7:20:30,11.8863726
7:20:31,12.074995
7:20:32,11.7569141
7:20:33,11.8979416
7:20:34,11.9383812
7:20:35,11.7615929
7:20:36,12.1862974
7:20:37,12.0622711
7:20:38,11.917614
7:20:39,11.4218016
7:20:40,11.8868418
7:20:41,12.1342449
7:20:42,12.5178375
7:20:43,11.7447042
7:20:44,12.1627779
7:20:45,11.8750124
7:20:46,11.8997316
7:20:47,11.9990416
7:20:48,12.1073513
7:20:49,12.1788454
7:20:50,12.0289755
7:20:51,12.278964
7:20:52,11.5213585
7:20:53,11.6745281
7:20:54,12.0439072
7:20:55,12.2074766
7:20:56,11.9888525
7:20:57,11.947
7:20:58,11.9374838
7:20:59,11.7308969
7:21:00,12.1021729
7:21:01,11.5097189
7:21:02,12.661046
7:21:03,11.67974
7:21:04,11.92506
7:21:05,11.9838638
7:21:06,12.0528288
7:21:07,11.7504816
7:21:08,12.11123
7:21:09,12.0665464
7:21:10,12.0047827
7:21:11,12.43329
7:21:12,10.7029476
7:21:13,11.3371592
7:21:14,12.6990986
7:21:15,14.1530886
7:21:16,12.02412
7:21:17,12.0532293
7:21:18,11.9669075
7:21:19,11.8147421
7:21:20,11.9096031
7:21:21,11.8123865
7:21:22,12.1008606
7:21:23,11.9146423
7:21:24,11.80212
7:21:25,12.07597
7:21:26,11.67206
7:21:27,12.09429
7:21:28,11.7871532
7:21:29,12.0850134
7:21:31,11.9834557
7:21:32,11.9530172
7:21:33,12.0158663
7:21:34,12.1236115
7:21:35,11.8351116
7:21:36,11.7757006
7:21:37,12.0693684
7:21:38,12.428422
7:21:39,11.9785051
7:21:40,12.12584
7:21:41,12.1829443
7:21:42,12.0747356
7:21:43,11.843399
7:21:44,12.0061827
7:21:45,11.7622051
7:21:46,11.9377947
7:21:47,11.9262209
7:21:48,12.1857157
7:21:49,12.0866261
7:21:50,12.2644835
7:21:51,11.8573809
7:21:52,11.8689375
7:21:53,11.9934292
7:21:54,12.2160358
7:21:55,11.7865229
7:21:56,12.4323044
7:21:57,12.0540581
7:21:58,12.2752953
7:21:59,12.0108137
7:22:00,11.9696121
7:22:01,11.9379272
7:22:02,12.220005
7:22:03,11.9215679
7:22:04,11.9278135
7:22:05,11.7954206
7:22:06,12.3462439
7:22:07,11.8594828
7:22:08,12.10181
7:22:09,11.8369522
7:22:10,12.0528088
7:22:11,12.07939
7:22:12,11.8335447
7:22:13,11.9642572
7:22:14,11.8105917
7:22:15,12.0271015
7:22:16,11.7435322
7:22:17,12.050621
7:22:18,12.0557966
7:22:19,12.0508471
7:22:20,12.2645636
7:22:21,12.0051413
7:22:22,11.8663273
7:22:23,11.9677382
7:22:24,11.9125328
7:22:25,11.9740076
7:22:26,12.0058336
7:22:27,11.7280321
7:22:28,12.07829
7:22:30,11.9294672
7:22:31,11.924283
7:22:32,12.112566
7:22:33,11.4222956
7:22:34,12.240674
7:22:35,12.1123142
7:22:36,12.0643816
7:22:37,11.7381983
7:22:38,11.77519
7:22:39,11.7504244
7:22:40,11.7567167
7:22:41,12.0048141
7:22:42,11.9760866
7:22:43,11.9350338
7:22:44,11.878603
7:22:45,11.8579025
7:22:46,12.2611666
7:22:47,11.6838474
7:22:48,12.2371635
7:22:49,11.5188656
7:22:50,11.9425211
7:22:51,11.763689
7:22:52,12.0431757
7:22:53,12.1435785
7:22:54,11.9440851
7:22:55,11.8703909
7:22:56,11.8962288
7:22:57,12.2208672
7:22:58,11.9130936
7:22:59,12.2465792
7:23:00,11.8226137
7:23:01,12.3426685
7:23:02,12.1114063
7:23:03,12.1541853
7:23:04,11.6974382
7:23:05,11.9771843
7:23:06,11.9991045
7:23:07,12.0276709
7:23:08,12.3121109
7:23:09,12.0642958
7:23:10,11.9546547
7:23:11,12.1233025
7:23:12,11.935338
7:23:13,11.8831882
7:23:14,11.9755106
7:23:15,12.0863438
7:23:16,12.1073256
7:23:17,12.054368
7:23:18,11.8019838
7:23:19,11.9762678
7:23:20,11.7963324
7:23:21,12.0146341
7:23:22,11.6163054
7:23:23,11.8844824
7:23:24,11.7013474
7:23:25,12.0513525
7:23:26,12.1381
7:23:27,11.6445293
7:23:28,12.1639175
7:23:29,11.99179
7:23:30,12.1106739
7:23:31,12.3584671
7:23:32,12.1065359
7:23:33,11.9859486
7:23:34,12.12307
7:23:35,11.9323463
7:23:36,11.97943
7:23:37,11.4574566
7:23:38,12.7533484
7:23:39,11.9783926
7:23:40,11.882987
7:23:41,11.97793
7:23:42,12.160552
7:23:43,12.10599
7:23:44,11.88373
7:23:45,11.955924
7:23:46,12.0154037
7:23:47,12.0106392
7:23:48,11.8168554
7:23:49,12.0580387
7:23:50,11.9628048
7:23:51,12.1174192
7:23:52,12.1004629
7:23:53,12.1894245
7:23:54,12.0668678
7:23:55,11.939455
7:23:56,11.9567928
7:23:57,11.98283
7:23:58,11.8370934
7:23:59,11.789813
7:24:00,12.1173172
7:24:01,11.8883915
7:24:02,11.9948206
7:24:03,12.05626
7:24:04,11.9016781
7:24:05,11.9035273
7:24:06,11.8461838
7:24:07,11.9195585
7:24:08,11.8527346
7:24:09,12.1067438
7:24:10,11.7754641
7:24:11,11.7150126
7:24:12,12.2547922
7:24:13,12.1306524
7:24:14,12.1161737
7:24:15,11.6995163
7:24:16,12.044384
7:24:17,11.8200436
7:24:18,11.9016542
7:24:19,11.909317
7:24:20,11.9760723
7:24:21,12.0604649
7:24:22,12.108779
7:24:23,11.6627827
7:24:24,11.82027
7:24:25,11.9241886
7:24:26,11.9318666
7:24:27,12.1528482
7:24:28,11.9590006
7:24:30,11.8396111
7:24:31,11.72547
7:24:32,11.95311
7:24:33,11.77239
7:24:34,12.0084639
7:24:35,12.3517542
7:24:36,11.7547178
7:24:37,11.868535
7:24:38,12.1223965
7:24:39,12.0659323
7:24:40,11.7881927
7:24:41,11.8478222
7:24:42,11.9687729
7:24:43,12.0466366
7:24:44,12.2464247
7:24:45,11.874464
7:24:46,12.0912075
7:24:47,11.9942656
7:24:48,11.8086557
7:24:49,12.0632
7:24:50,11.7742128
7:24:51,11.7579279
7:24:52,11.89455
7:24:53,12.1372423
7:24:54,11.6250134
7:24:55,11.9445305
7:24:56,12.0902433
7:24:57,11.83968
7:24:58,12.1351967
7:24:59,11.8472662
7:25:00,12.07041
7:25:01,12.043644
7:25:02,12.01699
7:25:03,12.17474
7:25:04,11.8980255
7:25:05,12.164854
7:25:06,11.9825878
7:25:07,12.0541325
7:25:08,12.0609426
7:25:09,12.0118494
7:25:10,11.7595482
7:25:11,11.9229374
7:25:12,11.9992542
7:25:13,11.8421879
7:25:14,12.13266
7:25:15,11.7690907
7:25:16,12.3705616
7:25:17,11.998064
7:25:18,11.7582474
7:25:19,11.8632612
7:25:20,12.146512
7:25:21,11.92837
7:25:22,12.0616331
7:25:23,11.7757149
7:25:24,12.073164
7:25:25,11.997818
7:25:26,12.0990458
7:25:27,12.19171
7:25:28,12.16808
7:25:30,11.9617052
7:25:31,11.9403248
7:25:32,12.1021776
7:25:33,11.9669218
7:25:34,12.1718416
7:25:35,11.9504051
7:25:36,11.980896
7:25:37,11.7220469
7:25:38,11.9117775
7:25:39,11.9186659
7:25:40,11.9060926
7:25:41,12.0885763
7:25:42,12.2568445
7:25:43,11.9358158
7:25:44,12.0721312
7:25:45,12.1332321
7:25:46,11.8315058
7:25:47,12.0773592
7:25:48,11.8976221
7:25:49,11.6237955
7:25:50,12.2918863
7:25:51,12.0910082
7:25:52,12.1251307
7:25:53,12.4359713
7:25:54,11.7945356
7:25:55,12.0455284
7:25:56,12.2257624
7:25:57,12.09053
7:25:58,11.7862463
7:26:00,12.3155909
7:26:01,12.2010584
7:26:02,11.9392633
7:26:04,12.127902
7:26:05,12.0236959
7:26:06,12.1334467
7:26:07,11.8450994
7:26:08,11.7843847
7:26:09,12.0351772
7:26:10,11.990634
7:26:11,12.0336065
7:26:12,12.0810766
7:26:13,12.11468
7:26:14,11.8720284
7:26:15,11.79302
7:26:16,12.0460205
7:26:17,11.9228611
7:26:18,12.0167713
7:26:19,12.2532635
7:26:20,11.9556236
7:26:21,12.1459131
7:26:22,12.0996952
7:26:23,12.17359
7:26:24,12.1228762
7:26:25,11.8703051
7:26:26,11.730608
7:26:27,11.8110914
7:26:28,12.092433
7:26:29,12.01503
7:26:30,12.2305059
7:26:31,12.0990305
7:26:32,11.9386854
7:26:33,11.9997387
7:26:34,12.1088648
7:26:35,11.9516649
7:26:36,12.1134968
7:26:37,12.11548
7:26:38,12.1582642
7:26:40,12.1350431
7:26:41,12.2615767
7:26:42,12.1965017
7:26:43,12.1432943
7:26:44,11.8519144
7:26:45,12.0725183
7:26:46,12.055479
7:26:47,11.8098555
7:26:48,11.8687572
7:26:49,12.1434364
7:26:50,11.8798294
7:26:51,12.1092777
7:26:52,11.9817057
7:26:53,11.9855833
7:26:54,11.8275461
7:26:55,11.981555
7:26:56,12.0571012
7:26:57,11.8146181
7:26:58,11.9023361
7:26:59,12.0581779
7:27:00,12.0696573
7:27:01,12.1702948
7:27:02,11.9072723
7:27:03,11.9127264
7:27:04,11.9259653
7:27:05,12.1036158
7:27:06,12.1074858
7:27:07,11.7865524
7:27:08,11.8510523
7:27:09,12.1478024
7:27:10,12.0164165
7:27:11,12.0136118
7:27:12,11.8520546
7:27:13,12.1771069
7:27:14,12.1202612
7:27:15,12.0088167
7:27:16,11.7795382
7:27:17,12.0124912
7:27:18,11.9885349
7:27:19,11.9672852
7:27:20,11.9873819
7:27:21,12.0694923
7:27:22,11.927865
7:27:23,12.1117163
7:27:24,11.8103094
7:27:25,11.9420547
7:27:26,11.8631859
7:27:27,12.0629072
7:27:28,12.00943
7:27:29,12.0137215
7:27:30,12.4067659
7:27:31,11.8982391
7:27:32,11.85545
7:27:33,11.8991737
7:27:34,11.835537
7:27:35,12.1564474
7:27:36,11.9164286
7:27:37,11.7811012
7:27:38,11.6377754
7:27:39,11.8518915
7:27:40,11.8658514
7:27:41,11.6020269
7:27:42,12.0492668
7:27:43,11.9234428
7:27:44,11.8274279
7:27:45,12.0130548
7:27:46,12.1848793
7:27:47,12.11993
7:27:48,12.1690245
7:27:49,11.7413311
7:27:50,11.9038754
7:27:51,12.0202923
7:27:52,11.8855791
7:27:53,12.0938616
7:27:54,12.3666868
7:27:55,11.8381624
7:27:56,11.8781614
7:27:57,12.094162
7:27:58,12.1732235
7:27:59,12.2733355
7:28:00,12.1689978
7:28:01,11.7650681
7:28:02,12.4510593
7:28:03,12.0944214
7:28:04,11.7399368
7:28:05,12.1083469
7:28:06,12.0829992
7:28:07,11.7159576
7:28:08,11.8035507
7:28:09,12.0570526
7:28:10,12.1143179
7:28:11,12.0326672
7:28:12,11.5688591
7:28:13,11.6574373
7:28:14,11.7768631
7:28:15,12.0257788
7:28:16,12.0776215
7:28:17,11.8719158
7:28:18,11.7786007
7:28:19,12.4277744
7:28:20,12.1062889
7:28:21,12.1901283
7:28:22,11.9341106
7:28:23,12.5156984
7:28:24,12.1185951
7:28:25,11.7862949
7:28:26,12.0337811
7:28:27,11.6430826
7:28:28,12.1480131
7:28:29,11.8624811
7:28:30,11.798769
7:28:31,12.3664207
7:28:32,11.7407656
7:28:33,12.2192574
7:28:34,11.9417849
7:28:35,11.9890652
7:28:36,11.8064718
7:28:37,11.7337208
7:28:38,11.9627438
7:28:39,12.084094
7:28:40,12.1599665
7:28:41,11.9216194
7:28:42,12.2762375
7:28:43,12.15342
7:28:44,12.1393013
7:28:45,12.0301762
7:28:46,11.9324751
7:28:47,11.8160477
7:28:48,11.89461
7:28:49,12.0425615
7:28:50,11.9738712
7:28:51,11.7766962
7:28:52,11.8976316
7:28:53,11.9179039
7:28:54,12.1778393
7:28:55,12.0074911
7:28:56,11.6782522
7:28:57,12.3669062
7:28:58,12.06666
7:28:59,12.3527241
7:29:00,12.0693445
7:29:01,11.9780779
7:29:02,11.83031
7:29:03,11.9008389
7:29:04,12.001133
7:29:05,11.8945856
7:29:06,12.1986818
7:29:07,12.1545115
7:29:08,12.3690777
7:29:09,11.9982271
7:29:10,11.9489889
7:29:11,12.1020069
7:29:12,12.2714691
7:29:13,11.9807272
7:29:14,12.1099024
7:29:15,11.7521458
7:29:16,12.2429419
7:29:17,12.2140446
7:29:18,11.94707
7:29:19,11.9659128
7:29:20,12.2071867
7:29:21,11.8146935
7:29:22,12.0656471
7:29:23,11.9988585
7:29:24,12.0608244
7:29:25,11.9705315
7:29:26,12.3279915
7:29:27,12.1242542
7:29:28,12.2237244
7:29:29,12.1858664
7:29:30,11.8559866
7:29:31,12.3013268
7:29:32,11.9191875
7:29:33,11.6750755
7:29:34,12.1163263
7:29:35,12.1915464
7:29:36,11.6171989
7:29:37,12.2960854
7:29:38,11.8385763
7:29:39,11.8417912
7:29:40,12.1331568
7:29:41,12.0805082
7:29:42,12.1050072
7:29:43,11.8462467
7:29:44,11.8993864
7:29:45,12.0712738
7:29:46,11.8908043
7:29:47,11.9197254
7:29:48,12.1619987
7:29:49,12.122365
7:29:50,12.0430965
7:29:51,12.0280933
7:29:52,12.1590519
7:29:53,12.1932974
7:29:54,12.0741711
7:29:55,11.9739656
7:29:56,11.7828932
7:29:57,12.1855288
7:29:58,12.2176523
7:29:59,12.0605059
7:30:00,11.8332176
7:30:01,12.010828
7:30:02,11.8658419
7:30:03,11.8472891
7:30:04,12.0235777
7:30:05,11.8592043
7:30:06,12.08783
7:30:07,12.0898876
7:30:08,11.9820595
7:30:09,11.8951578
7:30:10,11.9423265
7:30:11,11.9596949
7:30:12,12.215991
7:30:13,11.7821465
7:30:14,12.1588345
7:30:15,11.7207937
7:30:16,12.2706337
7:30:17,12.0152092
7:30:18,11.9204865
7:30:19,11.6078463
7:30:20,11.8681955
7:30:21,12.0556993
7:30:22,12.0120411
7:30:23,12.0173
7:30:24,11.8075829
7:30:25,11.9607754
7:30:26,12.0544662
7:30:27,12.0647688
7:30:28,11.9238682
7:30:29,11.6834812
7:30:30,12.0894632
7:30:31,11.9136744
7:30:32,11.6480684
7:30:33,12.0580368
7:30:34,12.2246723
7:30:35,11.3582487
7:30:36,11.8082924
7:30:37,11.9686289
7:30:38,12.1000013
7:30:39,11.8059492
7:30:40,12.069499
7:30:41,11.9989052
7:30:42,11.8200455
7:30:43,12.07335
7:30:44,11.7489252
7:30:45,12.2024612
7:30:46,12.5975
7:30:47,12.08813
7:30:48,12.1473389
7:30:49,11.7389326
7:30:50,11.84958
7:30:51,12.0529757
7:30:52,11.946559
7:30:53,11.9046183
7:30:54,12.1577454
7:30:55,12.0039082
7:30:56,11.7435532
7:30:57,12.2209158
7:30:58,11.8118534
7:30:59,12.1028214
7:31:00,11.8120937
7:31:01,12.0632219
7:31:02,11.96384
7:31:03,12.0401344
7:31:04,12.0622435
7:31:05,12.0780888
7:31:06,12.20177
7:31:07,12.1909132
7:31:08,12.3264484
7:31:09,11.9803848
7:31:10,11.5683651
7:31:11,12.0507793
7:31:12,11.8337126
7:31:13,12.1283684
7:31:14,11.902668
7:31:15,11.8664007
7:31:16,12.03409
7:31:17,11.7725029
7:31:18,11.9308548
7:31:19,11.9882021
7:31:20,12.1133413
7:31:21,11.9607325
7:31:22,12.0409355
7:31:23,12.0529251
7:31:24,11.9892836
7:31:25,12.0979633
7:31:26,12.0198431
7:31:27,11.9066181
7:31:28,12.076458
7:31:29,11.8484669
7:31:31,12.0218477
7:31:32,12.20821
7:31:33,12.0575218
7:31:34,12.1272326
7:31:35,12.05685
7:31:36,11.9609518
7:31:37,11.9773588
7:31:38,11.994195
7:31:39,11.9641113
7:31:40,11.9364605
7:31:41,12.0493994
7:31:42,12.0555458
7:31:43,11.9440565
7:31:44,11.9020357
7:31:45,12.2392683
7:31:46,12.035037
7:31:47,11.8623428
7:31:48,12.2019806
7:31:49,11.8774929
7:31:50,11.9633045
7:31:51,12.0104733
7:31:52,12.04809
7:31:53,12.1555
7:31:54,12.3535938
7:31:55,11.723196
7:31:56,11.6785631
7:31:57,12.0454235
7:31:58,11.9495144
7:31:59,11.9491377
7:32:00,12.1241064
7:32:01,11.98867
7:32:02,11.8435488
7:32:03,11.9950247
7:32:04,11.9717789
7:32:05,11.8291159
7:32:06,11.8354721
7:32:07,12.0904322
7:32:08,12.2725725
7:32:09,11.76175
7:32:10,12.1825037
7:32:11,12.2152719
7:32:12,12.0283756
7:32:13,12.1070223
7:32:14,11.7468681
7:32:15,12.2329512
7:32:16,11.9305639
7:32:17,11.9861336
7:32:18,12.3571
7:32:19,11.9891348
7:32:20,11.83315
7:32:21,12.0411043
7:32:22,12.0015726
7:32:23,11.9724388
7:32:24,12.2470551
7:32:25,11.98065
7:32:26,12.12298
7:32:27,12.1404362
7:32:28,11.8688059
7:32:30,12.0838251
7:32:32,11.9496632
7:32:33,12.02858
7:32:34,11.9566555
7:32:35,12.1615858
7:32:36,12.127799
7:32:37,11.8103571
7:32:38,12.0196047
7:32:39,11.9670076
7:32:40,12.052578
7:32:41,11.7753477
7:32:42,11.9647293
7:32:43,12.02984
7:32:44,12.1726494
7:32:45,11.8179588
7:32:46,12.0940294
7:32:47,12.1432762
7:32:48,11.9030724
7:32:49,12.1116257
7:32:50,11.93998
7:32:51,12.0199842
7:32:52,11.8717995
7:32:53,11.7227011
7:32:54,11.820406
7:32:55,11.7486391
7:32:56,12.0680771
7:32:57,11.1451769
7:32:58,12.3391314
7:32:59,11.9290133
7:33:00,12.1058512
7:33:01,12.47515
7:33:02,12.0739441
7:33:03,12.1029129
7:33:04,11.7320566
7:33:05,12.255475
7:33:06,11.9894142
7:33:07,12.122447
7:33:08,12.443224
7:33:09,12.3354626
7:33:10,11.9657593
7:33:11,12.2281742
7:33:12,11.8613749
7:33:14,12.3503685
7:33:15,12.1815453
7:33:17,11.94373
7:33:18,12.0673895
7:33:19,12.3495436
7:33:20,12.2416677
7:33:21,12.1424341
7:33:23,11.7190971
7:33:24,12.0897942
7:33:25,12.0856314
7:33:27,11.9316063
7:33:29,11.48894
7:33:30,12.0481291
7:33:31,11.9339771
7:33:32,12.1554146
7:33:33,11.9105511
7:33:34,12.14205
7:33:35,11.91728
7:33:36,12.2411194
7:33:37,12.1452475
7:33:38,12.0455866
7:33:39,12.6300211
7:33:40,11.549284
7:33:41,12.1416216
7:33:42,11.9256191
7:33:43,11.8305292
7:33:44,11.8712
7:33:45,11.942812
7:33:46,11.8508825
7:33:47,12.115222
7:33:48,12.0747385
7:33:49,12.3718557
7:33:50,11.9918356
7:33:51,11.9014359
7:33:52,12.2042656
7:33:53,11.9417305
7:33:54,11.8091354
7:33:55,12.1599178
7:33:56,12.0138187
7:33:57,11.8130779
7:33:58,12.1747475
7:33:59,12.1340542
7:34:00,11.8462191
7:34:01,12.2989445
7:34:02,11.76846
7:34:03,12.019743
7:34:04,11.9978476
7:34:05,12.1141472
7:34:06,11.7930889
7:34:07,12.2265425
7:34:08,12.170599
7:34:09,12.0836658
7:34:10,12.0282316
7:34:11,11.9863873
7:34:12,11.9375277
7:34:13,11.9325027
7:34:14,11.900054
7:34:15,12.1856871
7:34:16,12.0511017
7:34:17,12.0200472
7:34:18,11.9301481
7:34:19,11.9721661
7:34:20,12.1568165
7:34:21,11.9924421
7:34:22,11.9091377
7:34:23,11.7278824
7:34:24,12.1824722
7:34:25,12.20541
7:34:26,12.0507679
7:34:27,11.9840422
7:34:28,12.1731672
7:34:29,12.1155272
7:34:30,12.0859041
7:34:31,11.5462761
7:34:32,12.4322567
7:34:33,12.3050966
7:34:34,11.8661861
7:34:35,11.8807068
7:34:36,11.9257994
7:34:37,12.0314665
7:34:38,11.8978243
7:34:39,12.3947039
7:34:40,11.8771362
7:34:41,12.0190678
7:34:42,12.2504148
7:34:43,12.0222073
7:34:44,12.0871792
7:34:45,12.0161295
7:34:46,12.0399075
7:34:47,11.9394007
7:34:48,12.0331955
7:34:49,12.2841854
7:34:50,12.00525
7:34:51,12.0351429
7:34:52,11.8955631
7:34:53,12.283658
7:34:54,11.8071852
7:34:55,12.1103649
7:34:56,11.6849155
7:34:57,12.2020617
7:34:58,12.0903959
7:34:59,11.9665127
7:35:00,12.0291262
7:35:01,11.8925409
7:35:02,12.3003607
7:35:03,12.1452789
7:35:04,12.1491976
7:35:05,12.0536842
7:35:06,12.3021812
7:35:07,11.9147243
7:35:08,11.8963785
7:35:09,12.2031479
7:35:10,12.099762
7:35:11,11.7052774
7:35:12,12.1934528
7:35:13,12.0807686
7:35:14,12.0448322
7:35:15,11.9868994
7:35:16,12.0010872
7:35:17,12.1617279
7:35:18,11.8298035
7:35:19,12.4317894
7:35:20,12.2204752
7:35:21,11.3002577
7:35:22,12.0269966
7:35:23,11.7828617
7:35:24,12.0507259
7:35:25,12.2451134
7:35:26,11.90039
7:35:27,12.35297
7:35:28,11.98596
7:35:29,11.9889984
7:35:30,11.7106476
7:35:31,12.3694439
7:35:32,11.9654617
7:35:33,11.9989481
7:35:34,11.6977177
7:35:35,12.0659437
7:35:36,11.8252659
7:35:37,12.0546608
7:35:38,11.8443642
7:35:39,11.8875074
7:35:40,11.8425894
7:35:41,11.5703411
7:35:42,11.9196634
7:35:43,11.8305445
7:35:44,11.968276
7:35:45,11.7673454
7:35:46,11.8482647
7:35:47,12.2794762
7:35:48,12.0253811
7:35:49,12.3352079
7:35:50,11.8530931
7:35:51,12.1686878
7:35:52,12.0864754
7:35:53,11.73478
7:35:54,11.9543657
7:35:55,12.0663586
7:35:56,11.7203608
7:35:57,12.2223415
7:35:58,11.5353279
7:35:59,11.9333858
7:36:00,12.2053909
7:36:01,12.0200882
7:36:02,12.0101891
7:36:03,12.00433
7:36:04,12.0167027
7:36:05,11.8363943
7:36:06,11.8029461
7:36:07,11.9679737
7:36:08,11.9699955
7:36:09,12.1397123
7:36:10,11.9271727
7:36:11,11.7675762
7:36:12,11.8489542
7:36:13,12.3434849
7:36:14,12.2301569
7:36:15,11.8068027
7:36:16,12.1211367
7:36:17,11.8317995
7:36:18,12.0139093
7:36:19,11.8357067
7:36:20,11.8097725
7:36:21,11.9890671
7:36:22,12.14291
7:36:23,11.9163456
7:36:24,11.9134722
7:36:25,12.2004986
7:36:26,12.0625792
7:36:27,11.999012
7:36:28,11.8217688
7:36:29,12.0095158
7:36:30,12.08756
7:36:31,11.8763809
7:36:32,12.2303162
7:36:33,11.9787426
7:36:34,12.0179958
7:36:35,12.0521889
7:36:36,12.0534592
7:36:37,12.1084795
7:36:38,11.9940014
7:36:39,11.70006
7:36:40,12.1826086
7:36:41,11.9525948
7:36:42,11.6292362
7:36:43,11.9342775
7:36:44,12.0937805
7:36:45,11.8795624
7:36:46,11.9152184
7:36:47,11.890255
7:36:48,12.0236092
7:36:49,12.0434647
7:36:50,12.0985746
7:36:51,11.9854746
7:36:52,11.9759579
7:36:53,12.0986576
7:36:54,11.9371157
7:36:55,11.905674
7:36:56,12.0708637
7:36:57,11.9535675
7:36:58,11.9631357
7:36:59,12.24558
7:37:00,11.7418451
7:37:01,11.8036747
7:37:02,12.2640915
7:37:03,11.9446983
7:37:04,12.1927414
7:37:05,11.95693
7:37:06,12.0413666
7:37:07,11.84608
7:37:08,11.7916327
7:37:09,12.2034845
7:37:10,12.2181845
7:37:11,11.9668579
7:37:12,12.2920189
7:37:13,11.93668
7:37:14,11.7265348
7:37:15,12.0394211
7:37:16,12.06034
7:37:17,12.0737276
7:37:18,12.1268826
7:37:19,12.1009521
7:37:20,11.8897142
7:37:21,12.2402468
7:37:22,12.0720377
7:37:23,11.5713549
7:37:24,11.9027147
7:37:25,12.2535429
7:37:26,11.9725122
7:37:27,11.9863663
7:37:28,11.9598808
7:37:29,11.9449139
7:37:30,11.7550392
7:37:31,12.06534
7:37:32,11.7180882
7:37:33,11.9082232
7:37:34,11.9204292
7:37:35,12.0292168
7:37:36,11.97138
7:37:37,11.8675632
7:37:38,12.080205
7:37:39,11.8063889
7:37:40,11.9539156
7:37:41,12.0175877
7:37:42,11.81646
7:37:43,11.4663944
7:37:44,11.80244
7:37:45,12.071826
7:37:46,12.12748
7:37:47,12.0191717
7:37:48,12.1638031
7:37:49,11.8451853
7:37:50,12.3306818
7:37:51,12.1317434
7:37:52,11.7671938
7:37:53,11.9937
7:37:54,11.745101
7:37:55,11.8946228
7:37:56,11.5698328
7:37:57,12.1996632
7:37:58,11.9293289
7:37:59,12.0960808
7:38:00,12.3131161
7:38:01,11.6578064
7:38:02,11.9332552
7:38:03,11.6520109
7:38:04,11.8720388
7:38:05,11.92982
7:38:06,11.8735466
7:38:07,11.8636322
7:38:08,12.1813927
7:38:09,11.8616476
7:38:10,11.75871
7:38:11,12.0044727
7:38:12,11.8950882
7:38:13,11.8158493
7:38:14,12.1737795
7:38:15,11.9168911
7:38:16,10.3962269
7:38:17,11.3110514
7:38:18,13.6001616
7:38:19,13.884284
7:38:20,12.1143293
7:38:21,11.63778
7:38:22,12.1578932
7:38:23,11.751255
7:38:24,11.9388142
7:38:25,11.6161308
7:38:26,12.1233387
7:38:27,12.429574
7:38:28,11.8895855
7:38:29,11.8641081
7:38:30,12.0107021
7:38:31,11.999588
7:38:32,11.6511049
7:38:33,11.85012
7:38:34,12.2668009
7:38:35,12.0333614
7:38:36,11.8322067
7:38:37,12.2078152
7:38:38,11.7761507
7:38:39,12.308919
7:38:40,12.3834734
7:38:41,11.6887455
7:38:42,11.8957138
7:38:43,11.987215
7:38:44,12.0912142
7:38:45,12.0783281
7:38:46,11.703289
7:38:47,11.8116884
7:38:48,12.028429
7:38:49,12.0636549
7:38:50,12.0770168
7:38:51,12.045393
7:38:52,11.8572035
7:38:53,11.8279181
7:38:54,11.7989264
7:38:55,12.1586771
7:38:56,11.6330528
7:38:57,11.7797241
7:38:58,11.949645
7:38:59,11.9869595
7:39:00,11.8642235
7:39:01,11.6853495
7:39:02,12.29982
7:39:03,11.9964933
7:39:04,12.1517477
7:39:05,11.7759962
7:39:06,11.9050112
7:39:07,11.89074
7:39:08,12.2477083
7:39:09,11.9303885
7:39:10,12.0993471
7:39:11,11.8885355
7:39:12,11.809947
7:39:13,12.5001564
7:39:14,12.0402641
7:39:15,11.8777781
7:39:16,12.0579414
7:39:17,11.8714714
7:39:18,12.227499
7:39:19,11.9887657
7:39:20,12.1158123
7:39:21,12.08408
7:39:22,11.9282694
7:39:23,11.7581415
7:39:24,11.9476318
7:39:25,12.0621881
7:39:26,11.9650745
7:39:27,11.9837227
7:39:28,12.5897
7:39:29,11.7322922
7:39:30,12.063941
7:39:31,12.1555519
7:39:32,12.1406536
7:39:33,11.8990831
7:39:34,11.8467016
7:39:35,12.0822086
7:39:36,11.8099079
7:39:37,12.0701809
7:39:38,11.8704958
7:39:39,11.8763418
7:39:40,12.2339344
7:39:41,11.7861414
7:39:42,12.2031393
7:39:43,11.9674616
7:39:44,12.1213751
7:39:45,12.0144835
7:39:46,12.2420864
7:39:47,11.8841715
7:39:48,12.00399
7:39:49,12.0980568
7:39:50,11.9595966
7:39:51,11.9326744
7:39:52,11.9441061
7:39:53,12.0748091
7:39:54,11.6712618
7:39:55,12.0218935
7:39:56,11.9961567
7:39:57,12.1203957
7:39:58,12.151288
7:39:59,11.7964115
7:40:00,11.90486
7:40:01,11.7257528
7:40:02,12.3964205
7:40:03,12.114707
7:40:04,12.2347927
7:40:05,11.8086987
7:40:06,11.9196529
7:40:07,12.2385921
7:40:08,11.9282646
7:40:09,12.0593061
7:40:10,11.9144211
7:40:11,12.1330872
7:40:12,11.6175346
7:40:13,12.0171623
7:40:14,12.1013556
7:40:15,12.1755075
7:40:16,12.35329
7:40:17,12.1010227
7:40:18,11.6773968
7:40:19,12.0920458
7:40:20,11.9257
7:40:21,12.0521927
7:40:22,12.2154322
7:40:23,11.8205948
7:40:24,11.6628637
7:40:25,12.0590324
7:40:26,12.2088509
7:40:27,11.9493542
7:40:28,12.3763428
7:40:30,11.9832878
7:40:31,11.9957037
7:40:32,11.7874022
7:40:33,11.9705925
7:40:34,12.1924591
7:40:35,11.7500286
7:40:36,12.105917
7:40:37,11.9300613
7:40:38,11.6465673
7:40:39,11.7912922
7:40:40,12.3113518
7:40:41,12.1931095
7:40:42,11.6850576
7:40:43,12.0435057
7:40:44,12.1591043
7:40:45,11.9499569
7:40:46,12.8626385
7:40:47,11.8694191
7:40:48,11.993227
7:40:49,11.8757906
7:40:50,11.8310843
7:40:51,11.9070549
7:40:52,11.89424
7:40:53,11.9317408
7:40:54,11.8424759
7:40:55,12.15047
7:40:56,12.17567
7:40:57,12.1359787
7:40:58,11.9970617
7:40:59,12.0356588
7:41:00,11.8361864
7:41:01,11.9574356
7:41:02,11.7707434
7:41:03,11.847352
7:41:04,11.7832127
7:41:05,11.9645967
7:41:06,11.92432
7:41:07,11.88551
7:41:08,11.9004116
7:41:09,12.0491266
7:41:10,12.1177616
7:41:11,12.1665564
7:41:12,11.85029
7:41:13,11.99991
7:41:14,11.904191
7:41:15,11.8018579
7:41:16,12.0709114
7:41:17,11.9469709
7:41:18,12.1290817
7:41:19,11.7563162
7:41:20,11.6271019
7:41:21,12.3831244
7:41:22,12.02621
7:41:23,11.8673611
7:41:24,11.8805895
7:41:25,11.97723
7:41:26,11.9659653
7:41:27,11.9072056
7:41:28,12.0834742
7:41:29,12.0528278
7:41:31,11.6988993
7:41:32,12.0828619
7:41:33,11.8495674
7:41:34,11.8917236
7:41:35,11.8363028
7:41:36,12.213707
7:41:37,11.8928146
7:41:38,11.8653593
7:41:39,11.7369032
7:41:40,12.4960756
7:41:42,12.0391979
7:41:43,11.9915686
7:41:44,12.09637
7:41:45,11.7438374
7:41:46,12.0882063
7:41:47,12.1131477
7:41:48,11.8938618
7:41:49,12.1448336
7:41:50,12.03711
7:41:51,12.0239458
7:41:52,11.9613953
7:41:53,11.9015236
7:41:54,12.1047516
7:41:55,11.8268967
7:41:56,11.9867229
7:41:57,12.3187838
7:41:58,11.9628115
7:41:59,11.7335339
7:42:00,11.8607569
7:42:01,11.721138
7:42:02,12.13197
7:42:03,12.0566664
7:42:04,11.8867788
7:42:05,11.9560938
7:42:06,12.0222969
7:42:07,11.7225571
7:42:08,11.8821554
7:42:09,11.9956789
7:42:10,12.039794
7:42:11,12.1156616
7:42:12,12.2120457
7:42:13,11.7499228
7:42:14,12.0725012
7:42:15,12.1019888
7:42:16,12.1883411
7:42:17,12.0778732
7:42:18,12.2102089
7:42:19,11.9978714
7:42:20,12.1221628
7:42:21,12.1182814
7:42:22,12.00384
7:42:23,12.109313
7:42:24,11.6896181
7:42:25,11.8563662
7:42:26,12.0145006
7:42:27,12.1448975
7:42:28,11.89337
7:42:29,11.9293556
7:42:30,12.0674248
7:42:31,12.0078011
7:42:32,12.4335337
7:42:33,11.6447229
7:42:34,12.2153416
7:42:35,11.8969431
7:42:36,12.0239964
7:42:37,12.1102028
7:42:38,12.0465441
7:42:39,12.1923456
7:42:40,12.0428066
7:42:41,12.3588686
7:42:42,12.1375389
7:42:43,11.9508886
7:42:44,11.8967237
7:42:45,12.0282526
7:42:46,12.0788469
7:42:47,11.9775887
7:42:48,12.0747766
7:42:49,12.0876055
7:42:50,12.0012188
7:42:51,11.9658232
7:42:52,12.0220652
7:42:53,11.9409342
7:42:54,12.0771294
7:42:55,11.9247313
7:42:56,11.6038294
7:42:57,12.2494879
7:42:58,11.9841547
7:42:59,12.0120649
7:43:00,12.0881681
7:43:01,12.07269
7:43:02,11.7939415
7:43:03,12.0670242
7:43:04,12.052887
7:43:05,11.9747772
7:43:06,11.9115219
7:43:07,12.6685143
7:43:08,12.0022554
7:43:09,11.8235159
7:43:10,12.1372929
7:43:11,12.1041565
7:43:12,11.7718782
7:43:13,12.0315189
7:43:14,11.8859873
7:43:15,12.08818
7:43:16,11.90009
7:43:17,11.7156935
7:43:18,11.9537277
7:43:19,11.73423
7:43:20,11.9709034
7:43:21,11.8748608
7:43:22,11.7793074
7:43:23,11.9948025
7:43:24,12.3263407
7:43:25,11.8768463
7:43:26,11.9857864
7:43:27,12.1323557
7:43:28,12.0555449
7:43:29,12.0150938
7:43:30,11.8206635
7:43:31,11.71128
7:43:32,12.2182827
7:43:33,12.0555811
7:43:34,11.9179764
7:43:35,12.1379948
7:43:36,11.8745155
7:43:37,11.8352814
7:43:38,11.9088459
7:43:39,12.0093241
7:43:40,12.107317
7:43:41,11.9314594
7:43:42,12.1218643
7:43:43,11.9513054
7:43:44,12.1281147
7:43:45,12.02796
7:43:46,12.0008984
7:43:47,11.8118362
7:43:48,11.7438612
7:43:49,12.06038
7:43:50,12.0778494
7:43:51,12.0860348
7:43:52,12.1667347
7:43:53,12.2210121
7:43:54,11.9177771
7:43:55,12.0964994
7:43:56,11.9268894
7:43:57,11.9623222
7:43:58,12.1809578
7:43:59,11.9566336
7:44:00,12.2242193
7:44:01,12.09609
7:44:02,12.0263643
7:44:03,11.71953
7:44:04,12.0337992
7:44:05,12.1540947
7:44:06,12.12262
7:44:07,11.7636328
7:44:08,12.3588476
7:44:09,12.0829811
7:44:10,11.988102
7:44:11,11.9590244
7:44:12,12.0417528
7:44:13,12.0472965
7:44:14,11.9240675
7:44:15,12.0227737
7:44:16,12.3588219
7:44:17,12.0371094
7:44:18,12.2034512
7:44:19,12.1328487
7:44:20,12.0320864
7:44:21,12.1765652
7:44:22,11.9305906
7:44:23,12.0464077
7:44:24,12.2505465
7:44:25,12.020647
7:44:26,12.101367
7:44:27,11.9714985
7:44:28,11.9197359
7:44:29,11.9470139
7:44:30,12.1313477
7:44:31,12.010767
7:44:32,11.80415
7:44:33,12.0497818
7:44:34,12.0029383
7:44:35,11.96124
7:44:36,11.9399414
7:44:37,12.1652441
7:44:38,12.1303349
7:44:39,12.1603
7:44:40,11.8525267
7:44:41,12.0825481
7:44:42,11.8086681
7:44:43,11.9384394
7:44:44,11.7496767
7:44:45,12.2458439
7:44:46,12.0069761
7:44:47,12.22268
7:44:48,12.259491
7:44:49,12.0175257
7:44:50,11.8641481
7:44:51,11.9784746
7:44:52,12.13647
7:44:53,12.2169342
7:44:54,12.0403929
7:44:55,11.7788887
7:44:56,12.0994148
7:44:57,11.8966036
7:44:58,12.1385794
7:44:59,11.8409777
7:45:00,12.2086029
7:45:01,11.697628
7:45:02,12.0223522
7:45:03,12.01646
7:45:04,11.7651329
7:45:05,11.7996178
7:45:06,12.1397839
7:45:07,11.8795223
7:45:08,11.960186
7:45:09,12.3558292
7:45:10,12.0571518
7:45:11,12.0059462
7:45:12,11.9718533
7:45:13,11.7580214
7:45:14,12.0349417
7:45:15,11.9790554
7:45:16,12.0501566
7:45:17,11.98414
7:45:18,11.8137884
7:45:19,11.9704056
7:45:20,12.1922112
7:45:21,11.8226061
7:45:22,12.3396292
7:45:23,11.8221521
7:45:24,12.0303335
7:45:25,12.3661337
7:45:26,12.129426
7:45:27,11.9781446
7:45:28,11.9238167
7:45:29,11.9523621
7:45:30,12.0167456
7:45:31,12.1022081
7:45:32,12.1228485
7:45:33,12.20601
7:45:34,12.0982656
7:45:35,12.0348568
7:45:36,11.9778337
7:45:37,11.9681845
7:45:38,12.03721
7:45:39,12.06421
7:45:40,12.1076317
7:45:41,12.1032782
7:45:42,12.1344881
7:45:43,12.0688124
7:45:44,12.04561
7:45:45,12.2162724
7:45:46,12.3936386
7:45:47,11.9677877
7:45:48,11.9043951
7:45:49,11.7562828
7:45:50,12.1489563
7:45:51,11.9903116
7:45:52,11.8465986
7:45:53,12.0245428
7:45:54,11.8177681
7:45:55,12.199
7:45:56,11.8926592
7:45:57,12.016098
7:45:58,12.205061
7:45:59,11.9435492
7:46:00,12.0541143
7:46:01,11.6093073
7:46:02,11.9358931
7:46:03,11.6943092
7:46:04,12.1436644
7:46:05,12.2095718
7:46:06,12.0041227
7:46:07,12.0704842
7:46:08,12.1542873
7:46:09,11.9661484
7:46:10,12.1144514
7:46:11,11.9093781
7:46:12,12.1799707
7:46:13,12.0903788
7:46:14,11.9745264
7:46:15,12.0361958
7:46:16,11.9672527
7:46:17,12.5127134
7:46:18,11.9743423
7:46:19,11.9395447
7:46:20,12.204977
7:46:21,12.2342653
7:46:22,12.230958
7:46:23,11.9674911
7:46:24,11.7919474
7:46:25,11.9914589
7:46:26,11.75704
7:46:27,11.9098063
7:46:28,12.0728
7:46:29,12.02967
7:46:30,12.26607
7:46:31,11.9988928
7:46:32,11.9081964
7:46:33,11.9879274
7:46:34,12.2175465
7:46:35,12.1774349
7:46:36,12.0871172
7:46:37,12.0684023
7:46:38,12.0785646
7:46:39,12.1777363
7:46:40,11.8611107
7:46:41,11.9637079
7:46:42,11.8942251
7:46:43,11.900713
7:46:44,11.7894611
7:46:45,12.1101952
7:46:46,11.8619747
7:46:47,11.96439
7:46:48,11.7515173
7:46:49,12.1139669
7:46:50,12.2225847
7:46:51,11.8184195
7:46:52,12.0121737
7:46:53,12.3293982
7:46:54,11.69249
7:46:55,11.84713
7:46:56,12.20536
7:46:57,11.9186563
7:46:58,11.5780125
7:46:59,12.0008516
7:47:00,12.05713
7:47:01,11.9439535
7:47:02,11.8614616
7:47:03,12.2992229
7:47:04,12.0841131
7:47:05,12.1974525
7:47:06,11.7965612
7:47:07,11.7259455
7:47:08,12.0415258
7:47:09,12.059021
7:47:10,11.8725462
7:47:11,11.9179811
7:47:12,12.3392267
7:47:13,12.0963631
7:47:14,12.0813723
7:47:15,11.6436129
7:47:16,11.8041277
7:47:17,12.0040026
7:47:18,11.8071
7:47:19,12.0109148
7:47:20,12.2173767
7:47:21,11.9831266
7:47:22,11.9472017
7:47:23,12.0030251
7:47:24,12.14515
7:47:25,11.9770746
7:47:26,12.0490694
7:47:27,11.725029
7:47:28,11.7976894
7:47:30,12.0888309
7:47:31,12.0390511
7:47:32,11.1785059
7:47:33,12.0688
7:47:34,12.0123835
7:47:35,12.2976294
7:47:36,12.0017862
7:47:37,12.0190086
7:47:38,11.7465582
7:47:39,12.1065483
7:47:40,12.2167282
7:47:41,12.0195
7:47:42,12.1688614
7:47:43,12.2381268
7:47:44,12.3015928
7:47:45,11.7829609
7:47:46,11.9892521
7:47:47,11.9162149
7:47:48,12.125082
7:47:49,12.015317
7:47:50,12.3127184
7:47:51,12.0435581
7:47:52,12.0800371
7:47:53,11.9174585
7:47:54,12.1156616
7:47:55,11.8302422
7:47:56,12.0526342
7:47:57,12.067441
7:47:58,11.6041126
7:47:59,11.8096933
7:48:00,12.0379839
7:48:01,11.8233128
7:48:02,11.9523659
7:48:03,11.7904177
7:48:04,12.0149059
7:48:05,12.10436
7:48:06,12.1106968
7:48:07,11.9854755
7:48:08,11.7891
7:48:09,12.2006817
7:48:10,11.8453045
7:48:11,12.1852083
7:48:12,12.11344
7:48:13,12.1265926
7:48:14,11.9953213
7:48:15,11.609251
7:48:16,11.8992929
7:48:17,12.0990543
7:48:18,11.8085728
7:48:19,12.3377829
7:48:20,11.9537773
7:48:21,11.9417782
7:48:22,11.9858437
7:48:23,12.1099939
7:48:24,11.876647
7:48:25,11.8683929
7:48:26,11.9038382
7:48:27,12.1745558
7:48:28,11.824604
7:48:30,11.913825
7:48:31,11.981926
7:48:32,12.0280867
7:48:33,12.0913792
7:48:34,11.9317884
7:48:35,12.2025518
7:48:36,12.000493
7:48:37,11.7202425
7:48:38,11.5491238
7:48:39,11.9967222
7:48:40,11.9147243
7:48:41,11.801137
7:48:42,11.9907856
7:48:43,12.0053616
7:48:44,11.8233318
7:48:45,12.13321
7:48:46,12.1189022
7:48:47,11.7701254
7:48:48,11.9989777
7:48:49,11.8538857
7:48:50,12.0461149
7:48:51,11.9814634
7:48:52,11.9813023
7:48:53,11.9652147
7:48:54,11.81862
7:48:55,11.8334169
7:48:56,12.1303234
7:48:57,12.0578623
7:48:58,11.8290434
7:48:59,12.0575466
7:49:00,12.212224
7:49:01,11.9966717
7:49:02,11.9489746
7:49:03,11.9390774
7:49:04,12.0438528
7:49:05,12.1385326
7:49:06,12.3092575
7:49:07,12.0124283
7:49:08,12.2172594
7:49:09,11.7898321
7:49:10,11.8736725
7:49:11,12.1039772
7:49:12,11.9026117
7:49:13,12.1782351
7:49:14,11.9186726
7:49:15,11.8072052
7:49:16,12.0754681
7:49:17,12.0531378
7:49:18,11.864728
7:49:19,11.9394035
7:49:20,12.2206421
7:49:21,11.9600706
7:49:22,11.5875473
7:49:23,12.0017872
7:49:24,11.7573395
7:49:25,12.0162582
7:49:26,12.0272865
7:49:27,12.1263437
7:49:28,12.0813837
7:49:30,11.8819094
7:49:31,12.2621546
7:49:32,12.1724424
7:49:33,12.2816429
7:49:34,11.8578615
7:49:35,12.1580591
7:49:36,12.1047029
7:49:37,12.1709633
7:49:38,11.9248381
7:49:39,12.175931
7:49:40,12.065937
7:49:41,12.1435013
7:49:42,11.9971457
7:49:43,11.9895716
7:49:44,12.0482063
7:49:45,11.9158392
7:49:46,11.6236343
7:49:47,11.94554
7:49:48,11.6511345
7:49:49,11.8217783
7:49:50,11.5977278
7:49:51,11.7544165
7:49:52,12.1477566
7:49:53,11.9131289
7:49:54,12.1452179
7:49:55,12.1368809
7:49:56,11.7878551
7:49:57,12.2968988
7:49:58,11.8728857
7:49:59,12.0570469
7:50:00,12.5647545
7:50:01,12.3152122
7:50:02,11.91455
7:50:03,11.9522705
7:50:04,11.94004
7:50:05,12.1066122
7:50:06,12.1730289
7:50:07,12.1301966
7:50:08,11.8791027
7:50:09,12.256793
7:50:10,12.2317038
7:50:11,11.9682074
7:50:12,12.10377
7:50:13,11.97177
7:50:14,11.9857683
7:50:15,12.0885925
7:50:16,12.1562309
7:50:17,11.7589788
7:50:18,12.0355911
7:50:19,12.0845928
7:50:20,11.98698
7:50:21,12.2763281
7:50:22,11.8104086
7:50:23,11.9363356
7:50:24,11.9693441
7:50:25,11.8365707
7:50:26,12.1208887
7:50:27,11.8539143
7:50:28,12.1155424
7:50:30,11.9469213
7:50:31,11.939024
7:50:32,11.689744
7:50:33,11.9759426
7:50:34,11.7847242
7:50:35,12.1463423
7:50:36,12.1525784
7:50:37,12.1943913
7:50:38,12.020236
7:50:39,11.8285646
7:50:40,12.0193233
7:50:41,11.9940367
7:50:42,11.8638945
7:50:43,12.0226221
7:50:44,12.3087082
7:50:45,11.976573
7:50:46,12.0936432
7:50:47,11.8952627
7:50:48,11.9616556
7:50:49,12.0301819
7:50:50,11.7398443
7:50:51,11.9240437
7:50:52,11.6285582
7:50:53,12.18966
7:50:54,12.015583
7:50:55,12.0402861
7:50:56,11.8631954
7:50:57,11.9817114
7:50:58,11.9737024
7:50:59,11.7534266
7:51:00,12.1900311
7:51:01,12.1273117
7:51:03,12.0636511
7:51:04,12.1551418
7:51:06,11.7948685
7:51:07,12.0165644
7:51:08,11.9587326
7:51:09,11.9257784
7:51:10,12.0012417
7:51:12,12.11468
7:51:13,11.68598
7:51:14,11.9587193
7:51:16,12.0089817
7:51:17,11.9258709
7:51:18,11.9340487
7:51:19,11.7458944
7:51:21,11.9610434
7:51:22,11.8566666
7:51:23,12.2095613
7:51:25,11.8464108
7:51:26,12.3307905
7:51:27,12.2319508
7:51:28,11.8927183
7:51:30,12.0508633
7:51:31,12.0923462
7:51:33,11.8647032
7:51:34,12.0804739
7:51:35,11.9765816
7:51:36,12.0258846
7:51:37,12.0899906
7:51:38,11.89094
7:51:39,11.8513651
7:51:40,12.0347109
7:51:41,11.89498
7:51:42,12.1496134
7:51:43,11.693759
7:51:44,11.9940767
7:51:45,12.0895119
7:51:46,11.8417883
7:51:47,12.2219486
7:51:48,11.8492289
7:51:49,12.03299
7:51:50,11.9253206
7:51:51,11.9285707
7:51:52,12.2349348
7:51:53,11.954195
7:51:54,11.7421207
7:51:55,11.9426794
7:51:56,11.94293
7:51:57,12.1020355
7:51:58,11.7924852
7:51:59,12.1412325
7:52:00,11.9004736
7:52:01,12.0088749
7:52:02,11.9642334
7:52:03,12.0596294
7:52:04,12.0060644
7:52:05,12.0226746
7:52:06,12.2998075
7:52:07,12.4475136
7:52:08,11.0356693
7:52:09,12.0604115
7:52:10,12.1184425
7:52:11,12.0068474
7:52:12,11.6829643
7:52:13,12.03334
7:52:14,11.8850107
7:52:15,12.0789576
7:52:16,11.7841015
7:52:17,12.0871553
7:52:18,12.1212015
7:52:19,12.3318806
7:52:20,11.8827019
7:52:21,11.8868141
7:52:22,12.06403
7:52:23,11.71085
7:52:24,12.1378183
7:52:25,11.8488493
7:52:26,11.71809
7:52:27,12.0432072
7:52:28,11.9092283
7:52:29,12.0041294
7:52:30,11.9691448
7:52:31,11.9414692
7:52:32,11.8499727
7:52:33,11.9582605
7:52:34,11.9932547
7:52:35,12.0690651
7:52:36,12.1215219
7:52:37,11.8772345
7:52:38,11.8312311
7:52:39,11.9332418
7:52:40,12.22693
7:52:41,12.1197882
7:52:42,12.0516472
7:52:43,11.843317
7:52:44,12.0783272
7:52:45,12.0903864
7:52:46,12.0187273
7:52:47,11.9686213
7:52:48,11.8947668
7:52:49,11.8315353
7:52:50,11.9157534
7:52:51,11.9234867
7:52:52,11.9400959
7:52:53,12.1707058
7:52:54,12.1186266
7:52:55,12.1568317
7:52:56,12.0914679
7:52:57,11.69952
7:52:58,12.1037846
7:52:59,11.8025236
7:53:00,11.9626932
7:53:01,11.6312752
7:53:02,11.8139429
7:53:03,12.07176
7:53:04,11.99367
7:53:05,11.959383
7:53:06,12.0926962
7:53:07,11.96614
7:53:08,11.9650927
7:53:09,11.6893511
7:53:10,12.007349
7:53:11,11.8834257
7:53:12,12.0919361
7:53:13,12.1154747
7:53:14,12.2343483
7:53:15,11.63334
7:53:16,11.6008911
7:53:17,12.0762663
7:53:18,12.0122862
7:53:19,12.116396
7:53:20,12.0085793
7:53:21,12.0829153
7:53:22,12.1013136
7:53:23,12.1598787
7:53:24,12.1370821
7:53:25,11.7203436
7:53:26,11.9990644
7:53:27,12.18936
7:53:28,11.990633
7:53:29,12.0271816
7:53:30,12.2310772
7:53:31,12.066082
7:53:32,11.8340635
7:53:33,12.0414352
7:53:34,12.1201057
7:53:35,12.01091
7:53:36,12.1113625
7:53:37,12.375639
7:53:38,11.9463444
7:53:39,11.7532539
7:53:40,12.111083
7:53:41,12.2320709
7:53:42,11.6468716
7:53:43,11.933259
7:53:44,11.8863573
7:53:45,12.25538
7:53:46,11.7217321
7:53:47,12.0448771
7:53:48,12.0657406
7:53:49,11.89027
7:53:50,12.0120649
7:53:51,12.3202753
7:53:52,12.2680025
7:53:53,11.8286591
7:53:54,12.0625029
7:53:55,11.9015608
7:53:56,12.0226955
7:53:57,12.2869
7:53:58,11.9942961
7:53:59,11.7693529
7:54:00,12.1772013
7:54:01,12.054594
7:54:02,12.0122862
7:54:03,11.982501
7:54:04,12.1331873
7:54:05,12.0395622
7:54:06,12.0587692
7:54:07,12.356411
7:54:08,11.8345165
7:54:09,11.6774578
7:54:10,11.7977266
7:54:11,11.9014378
7:54:12,11.9925184
7:54:13,11.8510342
7:54:14,11.9412508
7:54:15,12.2166023
7:54:16,12.2052889
7:54:17,11.8398056
7:54:18,11.92014
7:54:19,11.932539
7:54:20,12.1088715
7:54:21,12.0189266
7:54:22,12.05309
7:54:23,11.9439363
7:54:24,12.0015821
7:54:25,12.2120638
7:54:26,11.4000111
7:54:27,11.8551311
7:54:28,11.9318981
7:54:29,12.0261574
7:54:30,11.9928656
7:54:31,12.1408482
7:54:32,11.7042494
7:54:33,11.7684088
7:54:34,12.02626
7:54:35,11.9936113
7:54:36,12.2132368
7:54:37,12.751935
7:54:38,11.9927158
7:54:39,12.0126944
7:54:40,11.9625177
7:54:41,11.8603592
7:54:42,12.0529757
7:54:43,11.7255173
7:54:44,11.9216433
7:54:45,12.09727
7:54:46,12.0619936
7:54:47,12.37517
7:54:48,11.8992424
7:54:49,12.2075043
7:54:50,11.9376316
7:54:51,12.0012951
7:54:52,11.8007545
7:54:53,12.13883
7:54:54,11.9911213
7:54:55,12.0148087
7:54:56,12.0533171
7:54:57,12.1954365
7:54:58,12.0470409
7:54:59,11.9444
7:55:00,11.6590233
7:55:01,12.0223541
7:55:02,12.2946835
7:55:03,12.27346
7:55:04,11.8777571
7:55:05,12.0350685
7:55:06,12.18446
7:55:07,12.3907623
7:55:08,11.8830786
7:55:09,11.8234529
7:55:10,12.065196
7:55:11,12.0921354
7:55:12,12.1241
7:55:13,11.6634493
7:55:14,11.8202257
7:55:15,11.9582052
7:55:16,12.1837015
7:55:17,11.8576708
7:55:18,11.95036
7:55:19,12.0257788
7:55:20,12.1354008
7:55:21,11.883049
7:55:22,12.0064487
7:55:23,11.9146633
7:55:24,11.9638367
7:55:25,12.0464458
7:55:26,12.0389814
7:55:27,11.9714556
7:55:28,11.8456411
7:55:29,11.89295
7:55:30,11.9729109
7:55:31,12.14618
7:55:32,11.9219465
7:55:33,12.0782423
7:55:34,12.044754
7:55:35,12.2565889
7:55:36,12.15397
7:55:37,11.9404278
7:55:38,11.9483662
7:55:39,11.824852
7:55:40,12.1714649
7:55:41,11.8181086
7:55:42,12.2410431
7:55:43,11.8815117
7:55:44,12.0544271
7:55:45,11.8753061
7:55:46,11.9468784
7:55:47,11.9088888
7:55:48,12.2304649
7:55:49,12.093461
7:55:50,11.8265314
7:55:51,12.044734
7:55:52,11.8005657
7:55:53,11.9669666
7:55:54,11.8713322
7:55:55,12.1696119
7:55:56,11.8377695
7:55:57,11.98627
7:55:58,11.8170309
7:55:59,11.7942076
7:56:00,11.9726124
7:56:01,11.9873209
7:56:02,12.0281143
7:56:03,12.0913181
7:56:04,11.9808989
7:56:05,12.1064024
7:56:06,12.2089748
7:56:07,11.9876347
7:56:08,12.0435715
7:56:09,12.1126871
7:56:10,12.0287123
7:56:11,11.9718981
7:56:12,11.994298
7:56:13,11.8804045
7:56:14,12.1572952
7:56:15,11.8300371
7:56:16,12.1418934
7:56:17,12.0170593
7:56:18,11.65843
7:56:19,11.9765358
7:56:20,12.1444769
7:56:21,11.861659
7:56:22,11.72033
7:56:23,12.2534924
7:56:24,12.03609
7:56:25,11.9038715
7:56:26,11.8217916
7:56:27,11.8697948
7:56:28,11.9506
7:56:29,11.9826527
7:56:30,11.7478056
7:56:31,12.1905479
7:56:32,11.9364128
7:56:33,12.1456776
7:56:34,11.8668556
7:56:35,11.8937864
7:56:36,11.8820267
7:56:37,12.0430584
7:56:38,12.1323185
7:56:39,12.0163965
7:56:40,12.02478
7:56:41,12.3782568
7:56:42,11.7137108
7:56:43,11.455986
7:56:44,12.0012131
7:56:45,11.932395
7:56:46,12.1251755
7:56:47,12.2282295
7:56:48,11.7011251
7:56:49,11.7757339
7:56:50,12.221323
7:56:51,12.0063915
7:56:52,11.7632942
7:56:53,11.951581
7:56:54,11.8909941
7:56:55,11.8095617
7:56:56,11.9016781
7:56:57,11.9425068
7:56:58,11.765892
7:56:59,12.1585369
7:57:00,12.344532
7:57:01,12.0043077
7:57:02,11.8483734
7:57:03,12.05202
7:57:04,12.2650967
7:57:05,11.93181
7:57:06,11.7606993
7:57:07,12.0294266
7:57:08,11.99183
7:57:09,12.2194748
7:57:10,11.6383324
7:57:11,12.1906471
7:57:12,11.9526033
7:57:13,11.9506969
7:57:14,11.9988918
7:57:15,9.138725
7:57:16,13.0750532
7:57:17,12.86866
7:57:18,12.180934
7:57:19,12.0268574
7:57:20,12.2350874
7:57:21,11.7268677
7:57:22,11.527688
7:57:23,11.7861958
7:57:24,11.9279232
7:57:25,11.9446363
7:57:26,11.7426367
7:57:27,12.0245924
7:57:28,12.101615
7:57:30,12.30115
7:57:31,12.0122547
7:57:32,12.0251169
7:57:33,12.0583048
7:57:34,12.1767139
7:57:35,12.2367783
7:57:36,12.0177126
7:57:37,12.03486
7:57:38,11.9268532
7:57:39,11.8136311
7:57:40,12.0067148
7:57:41,11.85886
7:57:42,12.0518742
7:57:43,12.1369514
7:57:44,12.086894
7:57:45,12.1020575
7:57:46,12.2714663
7:57:47,12.0999994
7:57:48,11.5180006
7:57:49,12.1681643
7:57:50,11.68098
7:57:51,12.4642429
7:57:52,11.9353247
7:57:53,11.9605083
7:57:54,12.1039953
7:57:55,11.92824
7:57:56,11.9424572
7:57:57,12.0074377
7:57:58,12.0667009
7:57:59,11.6622038
7:58:00,12.2365894
7:58:01,11.5398922
7:58:02,12.2515335
7:58:03,11.62512
7:58:05,12.0601931
7:58:06,11.8503065
7:58:07,11.9844456
7:58:08,12.0134029
7:58:09,12.0281973
7:58:10,12.0411263
7:58:11,11.7581739
7:58:12,11.9487448
7:58:14,11.9339352
7:58:15,12.058423
7:58:16,12.0377436
7:58:17,12.1055431
7:58:18,11.6762428
7:58:20,12.1806679
7:58:21,12.0366955
7:58:22,12.2489033
7:58:23,11.8739138
7:58:24,11.9354715
7:58:25,12.2082644
7:58:26,11.9418888
7:58:27,12.0951719
7:58:29,12.2183037
7:58:30,12.4236078
7:58:31,12.01018
7:58:32,11.8252659
7:58:33,11.8817692
7:58:34,11.97068
7:58:35,12.0263805
7:58:36,11.9332047
7:58:37,11.8383207
7:58:38,11.9238138
7:58:39,12.1158972
7:58:40,12.01909
7:58:41,11.9799509
7:58:42,12.002492
7:58:43,11.9613419
7:58:44,12.0058012
7:58:45,11.85446
7:58:46,12.3925877
7:58:47,12.0986786
7:58:48,12.0943317
7:58:49,12.2717371
7:58:50,11.9903336
7:58:51,11.7620173
7:58:52,12.0961056
7:58:53,11.892807
7:58:54,11.9608717
7:58:55,11.927103
7:58:56,11.9625988
7:58:57,11.9619665
7:58:58,11.8344784
7:58:59,11.882679
7:59:00,12.1497011
7:59:01,11.7804766
7:59:02,11.9493494
7:59:03,12.1985674
7:59:04,12.1650286
7:59:05,11.9181623
7:59:06,12.2512875
7:59:07,11.7635832
7:59:08,11.9642611
7:59:09,12.1423769
7:59:10,12.137145
7:59:11,12.0293074
7:59:12,12.0124931
7:59:13,12.0484991
7:59:14,11.94604
7:59:15,12.0651131
7:59:16,12.0675421
7:59:17,12.1223822
7:59:18,11.8225355
7:59:19,12.2125711
7:59:20,11.8815775
7:59:21,12.254879
7:59:22,11.5756435
7:59:23,12.2448416
7:59:24,11.8953056
7:59:25,12.1264763
7:59:26,11.4029474
7:59:27,12.2661743
7:59:28,12.2924767
7:59:29,11.8087063
7:59:30,12.3190212
7:59:31,11.91787
7:59:32,11.9457312
7:59:33,12.36133
7:59:34,12.1213484
7:59:35,12.0784664
7:59:36,12.7388411
7:59:37,12.0486927
7:59:38,12.183322
7:59:39,11.7901917
7:59:40,11.8647776
7:59:41,11.8388376
7:59:42,11.9118032
7:59:43,12.2622271
7:59:44,12.1285906
7:59:45,12.1620359
7:59:46,11.9150906
7:59:47,12.0545626
7:59:48,12.0304909
7:59:49,12.02661
7:59:50,11.7556658
7:59:51,11.919467
7:59:52,11.7388306
7:59:53,11.8726892
7:59:54,11.943924
7:59:55,12.0934267
7:59:56,12.0213728
7:59:57,12.2371807
7:59:58,12.2224016
7:59:59,11.7934217
8:00:00,11.9376688
8:00:01,12.1651707
8:00:02,12.1056986
8:00:03,12.1946383
8:00:04,11.970458
8:00:05,11.8799152
8:00:06,11.82233
8:00:07,12.1463614
8:00:08,11.898572
8:00:09,11.8575811
8:00:10,12.1509132
8:00:11,12.1995888
8:00:12,11.98978
8:00:13,12.382226
8:00:14,12.1391611
8:00:15,11.95744
8:00:16,11.9653625
8:00:17,12.0323467
8:00:18,11.8583164
8:00:19,11.9519653
8:00:20,11.9829187
8:00:21,11.8745975
8:00:22,12.1607037
8:00:23,11.9529886
8:00:24,11.9322691
8:00:25,12.1033878
8:00:26,12.22624
8:00:27,12.1525469
8:00:28,11.7701216
8:00:29,11.7409716
8:00:30,12.2499609
8:00:31,11.7332144
8:00:32,11.8741407
8:00:33,12.0484314
8:00:34,12.0977669
8:00:35,11.9941082
8:00:36,11.839571
8:00:37,11.9235907
8:00:38,12.0180855
8:00:39,11.8087416
8:00:40,11.89001
8:00:41,11.7747984
8:00:42,12.415102
8:00:43,11.86231
8:00:44,12.1776762
8:00:45,11.9418144
8:00:46,11.9785147
8:00:47,11.7980108
8:00:48,11.9832478
8:00:49,11.9001369
8:00:50,11.9079828
8:00:51,11.9182968
8:00:52,12.2118263
8:00:53,12.0689249
8:00:54,12.5626907
8:00:55,11.74476
8:00:56,12.1738768
8:00:57,12.0488129
8:00:58,12.1401281
8:00:59,12.0967808
8:01:00,12.2114754
8:01:01,11.9031639
8:01:02,12.0274506
8:01:03,12.1309443
8:01:04,12.1461449
8:01:05,11.8554735
8:01:06,11.943017
8:01:07,12.1674547
8:01:08,11.9003344
8:01:09,11.7063494
8:01:10,12.1797113
8:01:11,12.1222105
8:01:12,11.7908773
8:01:13,11.5934238
8:01:14,11.6646385
8:01:15,12.2474432
8:01:16,11.9532223
8:01:17,11.9969559
8:01:18,11.8794613
8:01:19,11.8469534
8:01:20,12.1670227
8:01:21,11.9465923
8:01:22,11.7253761
8:01:23,12.0842581
8:01:24,12.2492809
8:01:25,12.0137415
8:01:26,11.96152
8:01:27,11.9949455
8:01:28,11.9865122
8:01:29,12.1838913
8:01:30,12.1288252
8:01:31,11.9531364
8:01:32,11.7315912
8:01:33,11.9782276
8:01:34,11.9099684
8:01:35,12.052721
8:01:36,12.0224161
8:01:37,12.229743
8:01:38,11.9101858
8:01:39,12.0513172
8:01:40,12.0235176
8:01:41,11.7662859
8:01:42,12.08086
8:01:43,11.8656607
8:01:44,11.3526077
8:01:45,12.32858
8:01:46,11.788784
8:01:47,11.6269159
8:01:48,12.1684313
8:01:49,12.0069923
8:01:50,12.17746
8:01:51,12.30482
8:01:52,12.3167572
8:01:53,11.9656992
8:01:54,12.2747736
8:01:55,12.0202179
8:01:56,12.1585608
8:01:57,11.9487228
8:01:58,12.2325678
8:01:59,12.2404156
8:02:00,11.8240776
8:02:01,11.8112326
8:02:02,11.9959135
8:02:03,11.9841785
8:02:04,11.7603731
8:02:05,12.29869
8:02:06,11.9132147
8:02:07,12.3601179
8:02:08,12.202836
8:02:09,11.8647919
8:02:10,12.0203066
8:02:11,12.1336079
8:02:12,12.064518
8:02:13,12.0032482
8:02:14,12.0042009
8:02:15,12.2653341
8:02:16,12.1207476
8:02:17,11.8351059
8:02:18,11.9531126
8:02:19,12.2923622
8:02:20,11.9887762
8:02:21,12.2240753
8:02:22,11.9751949
8:02:23,12.0819092
8:02:24,11.9122686
8:02:25,12.0356607
8:02:26,11.8698349
8:02:27,12.3727827
8:02:28,11.8711634
8:02:29,11.9560022
8:02:30,12.3562813
8:02:31,12.1652784
8:02:32,11.7994022
8:02:33,12.0550032
8:02:34,12.0334263
8:02:35,12.078455
8:02:36,11.8459215
8:02:37,12.3810072
8:02:38,12.07033
8:02:39,11.8651533
8:02:40,11.83726
8:02:41,11.7847519
8:02:42,11.9909544
8:02:43,11.8245649
8:02:44,11.90807
8:02:45,11.8629255
8:02:46,12.0333
8:02:47,11.6038494
8:02:48,11.7524738
8:02:49,11.8324776
8:02:50,12.1136847
8:02:51,11.9383287
8:02:52,12.0214405
8:02:53,11.8280239
8:02:54,12.276329
8:02:55,11.9977684
8:02:56,12.0185909
8:02:57,11.9643774
8:02:58,12.300334
8:02:59,11.9509287
8:03:00,12.2843018
8:03:01,12.0904875
8:03:02,12.2343092
8:03:03,11.9986591
8:03:04,12.0438271
8:03:05,12.2080078
8:03:06,12.1972189
8:03:07,12.106082
8:03:08,12.2066536
8:03:09,11.8293476
8:03:10,12.0952692
8:03:11,11.9801273
8:03:12,12.1139545
8:03:13,12.0606756
8:03:14,12.0122414
8:03:15,11.8466825
8:03:16,12.073245
8:03:17,12.0986223
8:03:18,12.0355921
8:03:19,11.8155184
8:03:20,12.0460777
8:03:21,11.8219719
8:03:22,12.1783581
8:03:23,11.9835711
8:03:24,11.8648348
8:03:25,11.7970877
8:03:26,12.0443363
8:03:27,12.0534592
8:03:28,12.100728
8:03:29,12.0503941
8:03:30,12.1263685
8:03:31,11.8500309
8:03:32,11.8740864
8:03:33,12.13161
8:03:34,11.9552
8:03:35,12.0421877
8:03:36,11.8811169
8:03:37,12.067234
8:03:38,11.842145
8:03:39,12.0504341
8:03:40,12.0809259
8:03:41,12.0280418
8:03:42,11.98794
8:03:43,11.8540564
8:03:44,12.214715
8:03:45,12.0030384
8:03:46,11.9169636
8:03:47,11.9747534
8:03:48,11.8831463
8:03:49,11.9472666
8:03:50,11.99727
8:03:51,12.0987978
8:03:52,11.9771709
8:03:53,12.3242321
8:03:54,11.78244
8:03:55,11.8249187
8:03:56,11.7473593
8:03:57,12.1007471
8:03:58,11.7788239
8:03:59,11.9351206
8:04:00,12.0967846
8:04:01,11.3625441
8:04:02,12.1437292
8:04:03,12.1036348
8:04:04,12.4648752
8:04:05,12.3095713
8:04:06,12.3320475
8:04:07,11.8982353
8:04:08,11.9914141
8:04:09,12.0998478
8:04:10,11.7466621
8:04:11,12.1275225
8:04:12,12.0347261
8:04:13,12.0044518
8:04:14,12.204545
8:04:15,11.7638531
8:04:16,12.0760269
8:04:17,11.9134951
8:04:18,11.974226
8:04:19,12.1152706
8:04:20,11.9297171
8:04:21,11.6688166
8:04:22,12.3560286
8:04:23,11.9050331
8:04:24,11.9609337
8:04:25,11.7925682
8:04:26,12.1430559
8:04:27,11.9938593
8:04:28,12.0429716
8:04:29,11.7894506
8:04:30,11.9036274
8:04:31,12.2496729
8:04:32,12.1326418
8:04:33,11.9076462
8:04:34,11.880785
8:04:35,11.7213984
8:04:36,12.39779
8:04:37,11.5628567
8:04:38,11.76232
8:04:39,12.3339243
8:04:40,11.827899
8:04:41,12.2816477
8:04:42,11.9035139
8:04:43,11.8948669
8:04:44,11.9933243
8:04:45,11.7883739
8:04:46,12.0323944
8:04:47,12.010253
8:04:48,12.1772947
8:04:49,11.98004
8:04:50,12.057888
8:04:51,12.0743008
8:04:52,11.8102293
8:04:53,11.8590651
8:04:54,11.8107519
8:04:55,12.0622635
8:04:56,12.1780939
8:04:57,12.3335323
8:04:58,12.0294819
8:04:59,12.46417
8:05:00,11.9844627
8:05:01,11.9615946
8:05:02,11.7873192
8:05:03,12.0040035
8:05:04,11.7198334
8:05:05,11.9031763
8:05:06,12.17759
8:05:07,11.9581842
8:05:08,11.8786812
8:05:09,12.0959787
8:05:10,12.204196
8:05:11,12.0042343
8:05:12,11.81118
8:05:13,12.1419535
8:05:14,12.0235529
8:05:15,11.977931
8:05:16,11.9026842
8:05:17,12.2976818
8:05:18,11.7164631
8:05:19,11.9741745
8:05:20,12.2109776
8:05:21,12.1188078
8:05:22,12.0622168
8:05:23,12.1067839
8:05:24,11.9323263
8:05:25,12.1561365
8:05:26,11.9786091
8:05:27,12.4071054
8:05:28,11.95571
8:05:29,12.2043791
8:05:30,11.6999054
8:05:31,12.1177816
8:05:32,12.0654354
8:05:33,12.1881762
8:05:34,11.9195719
8:05:35,12.0425205
8:05:36,12.00647
8:05:37,12.01626
8:05:38,12.08266
8:05:39,11.67852
8:05:40,11.752223
8:05:41,12.1631193
8:05:42,12.0615482
8:05:43,11.6878452
8:05:44,11.878129
8:05:45,12.0292578
8:05:46,12.0763664
8:05:47,12.16492
8:05:48,12.1252775
8:05:49,12.0951014
8:05:50,11.7612429
8:05:51,12.0323477
8:05:52,12.1114883
8:05:53,11.9500217
8:05:54,12.1652107
8:05:55,11.8958883
8:05:56,12.2762785
8:05:57,11.9235468
8:05:58,12.1450844
8:05:59,12.1861868
8:06:00,12.0869122
8:06:01,11.9345131
8:06:02,12.0919685
8:06:03,12.1660547
8:06:04,11.9353256
8:06:05,11.9193134
8:06:06,12.1746769
8:06:07,11.9578571
8:06:08,12.1003618
8:06:09,12.1816092
8:06:10,11.965271
8:06:11,12.14631
8:06:12,12.189311
8:06:13,11.8824549
8:06:14,12.0273476
8:06:15,11.859601
8:06:16,11.8898849
8:06:17,12.0321913
8:06:18,12.14366
8:06:19,11.7213612
8:06:20,12.0199251
8:06:21,11.9912252
8:06:22,12.2598429
8:06:23,12.2846546
8:06:24,11.815671
8:06:25,12.160758
8:06:26,12.0655489
8:06:27,12.1967192
8:06:28,11.8910494
8:06:29,11.8344965
8:06:30,11.7950087
8:06:31,12.32998
8:06:32,12.2070045
8:06:33,12.1084309
8:06:34,11.66136
8:06:35,11.6410961
8:06:36,11.7656193
8:06:37,11.8088512
8:06:38,12.1566505
8:06:39,11.984457
8:06:40,11.9913988
8:06:41,12.214262
8:06:42,11.9961729
8:06:43,12.23816
8:06:44,11.785738
8:06:45,11.9071579
8:06:46,11.8607845
8:06:47,11.9134045
8:06:48,12.0399809
8:06:49,11.8503551
8:06:50,12.35864
8:06:51,12.0346279
8:06:52,11.9815474
8:06:53,12.1203375
8:06:54,11.9777
8:06:55,12.0036268
8:06:56,12.0191536
8:06:57,11.7380047
8:06:58,11.9665251
8:06:59,12.0184717
8:07:00,11.9347715
8:07:01,11.8868113
8:07:02,12.1749744
8:07:03,11.9364166
8:07:04,11.8018312
8:07:05,12.1081705
8:07:06,12.1264305
8:07:07,11.9741
8:07:08,12.1079235
8:07:09,12.1450119
8:07:10,12.0381041
8:07:11,11.9186335
8:07:12,12.0895081
8:07:13,11.833807
8:07:14,12.0980158
8:07:15,11.8907957
8:07:16,12.1320906
8:07:17,12.1605072
8:07:18,11.9770422
8:07:19,11.9162264
8:07:20,11.7316074
8:07:21,11.9019308
8:07:22,11.895484
8:07:23,11.944829
8:07:24,12.0819006
8:07:25,11.9052362
8:07:26,11.8002853
8:07:27,12.0577784
8:07:28,12.0981836
8:07:29,12.1206808
8:07:31,11.9867353
8:07:32,11.9591446
8:07:33,11.951664
8:07:34,12.0411816
8:07:35,11.9316072
8:07:36,12.21172
8:07:37,11.9202757
8:07:38,12.0403862
8:07:39,12.1371784
8:07:40,11.899188
8:07:41,11.938694
8:07:42,11.964673
8:07:43,11.9142265
8:07:44,11.9415579
8:07:45,11.752677
8:07:46,12.10351
8:07:47,12.00918
8:07:48,11.63786
8:07:49,11.9895964
8:07:50,11.967783
8:07:51,12.0321331
8:07:52,11.59944
8:07:53,12.1036024
8:07:54,12.3076649
8:07:55,12.1057615
8:07:56,12.2371988
8:07:58,12.0139313
8:07:59,12.0625505
8:08:00,11.9633884
8:08:01,12.0401392
8:08:02,11.867528
8:08:03,12.1413851
8:08:04,11.8629656
8:08:05,11.9568329
8:08:06,11.8659849
8:08:07,11.959281
8:08:08,11.8528814
8:08:09,11.9700155
8:08:10,12.1160374
8:08:11,12.0187693
8:08:12,12.1881437
8:08:13,11.8920631
8:08:14,12.02792
8:08:15,12.05332
8:08:16,11.9654789
8:08:17,12.0739031
8:08:18,11.6908131
8:08:19,12.0675259
8:08:20,11.9522333
8:08:21,11.9038525
8:08:22,11.9940739
8:08:23,12.1373053
8:08:24,12.059864
8:08:25,12.4051571
8:08:26,12.2260342
8:08:27,11.9746733
8:08:28,12.0100946
8:08:30,12.1341753
8:08:31,11.6004772
8:08:32,11.7859421
8:08:33,12.100646
8:08:34,11.8444061
8:08:35,12.0462456
8:08:36,12.0552216
8:08:37,11.6616936
8:08:38,11.949482
8:08:39,12.1554813
8:08:40,11.9182711
8:08:42,12.2146292
8:08:44,12.0778055
8:08:45,12.0104961
8:08:46,11.9034395
8:08:47,11.8506241
8:08:48,12.6062059
8:08:50,12.3507376
8:08:51,12.2563686
8:08:52,11.9611845
8:08:53,11.9820642
8:08:55,11.9419127
8:08:56,12.1105566
8:08:57,11.7864285
8:08:58,12.2042027
8:08:59,12.2198629
8:09:00,11.8430862
8:09:01,12.1109438
8:09:02,11.9013357
8:09:03,11.790204
8:09:05,11.97813
8:09:06,11.7651539
8:09:07,11.9925327
8:09:08,12.0932722
8:09:09,12.3041534
8:09:10,11.8012371
8:09:11,11.6869993
8:09:12,11.8083019
8:09:13,11.8346386
8:09:14,12.1384258
8:09:15,12.1977816
8:09:16,11.9069862
8:09:17,11.9156427
8:09:18,11.8771639
8:09:19,11.8071928
8:09:20,11.8252211
8:09:21,11.9335489
8:09:22,11.85371
8:09:23,12.2484264
8:09:24,12.2389193
8:09:25,11.7970905
8:09:26,11.892662
8:09:27,12.1732168
8:09:28,11.984374
8:09:29,12.0033236
8:09:30,12.3277016
8:09:31,12.1031647
8:09:32,11.7350273
8:09:33,12.0519819
8:09:34,12.237752
8:09:35,12.0743752
8:09:36,11.87531
8:09:37,11.8113279
8:09:38,12.0389738
8:09:39,11.885251
8:09:40,11.9834023
8:09:41,12.1401548
8:09:42,12.1409245
8:09:43,12.0215454
8:09:44,11.74036
8:09:45,12.035696
8:09:46,11.5585108
8:09:47,11.9663515
8:09:48,11.9530973
8:09:49,12.0854778
8:09:50,11.99677
8:09:51,12.0106182
8:09:52,11.7975607
8:09:53,12.0198717
8:09:54,11.86204
8:09:55,12.1265535
8:09:56,11.9720812
8:09:57,12.1457424
8:09:58,12.0440931
8:09:59,12.0063171
8:10:00,11.9550495
8:10:01,12.1211748
8:10:02,12.0827045
8:10:03,12.1858282
8:10:04,12.03421
8:10:05,12.0478163
8:10:06,12.1001778
8:10:07,11.9978914
8:10:08,12.0512667
8:10:09,11.9584265
8:10:10,11.8327866
8:10:11,11.8746195
8:10:12,12.0716305
8:10:13,11.9631414
8:10:14,12.2343025
8:10:15,12.107048
8:10:16,12.0453615
8:10:17,12.02867
8:10:18,11.7889538
8:10:19,11.9794579
8:10:20,12.0270176
8:10:21,12.0459337
8:10:22,11.9353876
8:10:23,12.16095
8:10:24,11.9314156
8:10:25,11.8666019
8:10:26,11.9096317
8:10:27,12.1261683
8:10:28,11.88071
8:10:29,12.2386446
8:10:30,12.1574974
8:10:31,11.6821032
8:10:32,11.9363165
8:10:33,11.7897329
8:10:34,11.8136787
8:10:35,12.1152649
8:10:36,11.9232731
8:10:37,11.7616177
8:10:38,12.053133
8:10:39,11.8235073
8:10:40,11.7283163
8:10:41,12.0410948
8:10:42,11.9192953
8:10:43,11.868722
8:10:44,11.9496584
8:10:45,12.08375
8:10:46,11.9428129
8:10:47,12.0228
8:10:48,12.0171232
8:10:49,12.0516329
8:10:50,11.71766
8:10:51,12.2678461
8:10:52,12.1282682
8:10:53,11.8396931
8:10:54,11.8356113
8:10:55,11.6645594
8:10:56,11.6023932
8:10:57,11.91959
8:10:58,12.2772694
8:10:59,12.1277666
8:11:00,11.89579
8:11:01,11.957408
8:11:02,12.0490427
8:11:03,12.0841284
8:11:04,11.9229059
8:11:05,11.9291677
8:11:06,12.2862139
8:11:07,11.8536482
8:11:08,12.00369
8:11:09,11.935503
8:11:10,11.8488216
8:11:11,11.9273186
8:11:12,12.00161
8:11:13,11.8915663
8:11:14,11.8705759
8:11:15,12.0237551
8:11:16,12.1022177
8:11:17,11.8958635
8:11:18,12.0154228
8:11:19,11.8914814
8:11:20,11.9490423
8:11:21,11.81304
8:11:22,11.9599056
8:11:23,11.7330055
8:11:24,12.1517372
8:11:25,12.1216679
8:11:26,12.0746737
8:11:27,12.0888519
8:11:28,12.1750946
8:11:29,11.9243975
8:11:30,12.0682583
8:11:31,12.2037945
8:11:32,11.7292833
8:11:33,12.2762022
8:11:34,12.1853485
8:11:35,12.028224
8:11:36,12.0984278
8:11:37,12.1710815
8:11:38,11.9026728
8:11:39,11.9127312
8:11:40,11.876092
8:11:41,12.0435209
8:11:42,12.0381784
8:11:43,11.987442
8:11:44,11.9526815
8:11:45,11.9931669
8:11:46,11.7429733
8:11:47,12.2028742
8:11:48,12.1091022
8:11:49,11.75033
8:11:50,11.9853563
8:11:51,12.3165226
8:11:52,12.1033268
8:11:53,11.9791
8:11:54,11.6715183
8:11:55,11.9386072
8:11:56,12.1123571
8:11:57,11.8223848
8:11:58,11.7698679
8:11:59,12.0825481
8:12:00,11.8763475
8:12:01,11.8672609
8:12:02,11.9082279
8:12:03,11.9362841
8:12:04,11.8651495
8:12:05,12.1338987
8:12:06,11.8013124
8:12:07,11.8817272
8:12:08,11.9672441
8:12:09,11.89344
8:12:10,11.8551159
8:12:11,12.1203089
8:12:12,11.9632177
8:12:13,12.013236
8:12:14,12.1263132
8:12:15,12.090045
8:12:16,12.1855259
8:12:17,11.9981651
8:12:18,11.76557
8:12:19,12.1189537
8:12:20,11.7638588
8:12:21,12.1370277
8:12:22,12.1521378
8:12:23,11.9940071
8:12:24,11.87669
8:12:25,12.1387873
8:12:26,11.8927259
8:12:27,12.1486216
8:12:28,11.8586588
8:12:29,12.0018282
8:12:30,12.0518246
8:12:31,11.9879351
8:12:32,11.7088909
8:12:33,11.9995575
8:12:34,12.1500835
8:12:35,11.9860363
8:12:36,11.8247976
8:12:37,12.1191053
8:12:38,12.0891638
8:12:39,12.0415134
8:12:40,12.01483
8:12:41,11.9842405
8:12:42,12.5231943
8:12:43,11.39616
8:12:44,12.1693087
8:12:45,11.9319258
8:12:46,11.9731207
8:12:47,12.1629906
8:12:48,11.9585371
8:12:49,11.795785
8:12:50,11.80511
8:12:51,12.205883
8:12:52,12.0781717
8:12:53,12.0171919
8:12:54,11.8886156
8:12:55,12.1152248
8:12:56,12.1016684
8:12:57,12.089654
8:12:58,12.029933
8:12:59,11.7648277
8:13:00,12.2401438
8:13:01,11.9814644
8:13:02,12.0146112
8:13:03,12.125783
8:13:04,11.733532
8:13:05,11.7615252
8:13:06,11.5821247
8:13:07,12.1108742
8:13:08,12.4828863
8:13:09,11.3886576
8:13:10,12.1969872
8:13:11,11.8992224
8:13:12,12.3332882
8:13:13,11.52107
8:13:14,12.1653547
8:13:15,12.1096621
8:13:16,12.2058525
8:13:17,12.1725636
8:13:18,11.9082432
8:13:19,12.1829071
8:13:20,11.8010473
8:13:21,12.0136862
8:13:22,12.005043
8:13:23,11.7715874
8:13:24,12.2940664
8:13:25,12.1616411
8:13:26,11.87212
8:13:27,11.8021555
8:13:28,12.0843925
8:13:29,12.14062
8:13:30,12.1171513
8:13:31,11.940362
8:13:32,12.0358553
8:13:33,11.7912025
8:13:34,11.9110317
8:13:35,12.1300507
8:13:36,12.0957689
8:13:37,12.1352911
8:13:38,12.07836
8:13:39,11.66094
8:13:40,11.7962179
8:13:41,12.1852322
8:13:42,11.8731432
8:13:43,12.0724468
8:13:44,11.9516392
8:13:45,12.0380754
8:13:46,12.0838413
8:13:47,12.3241405
8:13:48,12.2506609
8:13:49,12.1156511
8:13:50,11.9744387
8:13:51,12.1194944
8:13:52,12.0463686
8:13:53,12.0094576
8:13:54,11.9423761
8:13:55,12.0629311
8:13:56,12.2693462
8:13:57,12.0085773
8:13:58,11.66892
8:13:59,11.9590492
8:14:00,11.854619
8:14:01,12.0767841
8:14:02,11.9377794
8:14:03,11.92457
8:14:04,12.1338005
8:14:05,12.1953182
8:14:06,12.154458
8:14:07,12.1129541
8:14:08,12.3171329
8:14:09,11.877161
8:14:10,12.0157394
8:14:11,11.8964
8:14:12,12.1082067
8:14:13,11.9272442
8:14:14,11.868227
8:14:15,11.9700966
8:14:16,12.0887127
8:14:17,11.8608789
8:14:18,12.081646
8:14:19,11.9415207
8:14:20,12.1632271
8:14:21,12.0396128
8:14:22,11.8931379
8:14:23,12.162
8:14:24,12.0512342
8:14:25,11.8240595
8:14:26,12.21874
8:14:27,12.1379337
8:14:28,12.03174
8:14:29,12.2080555
8:14:30,12.1750956
8:14:31,11.85872
8:14:32,12.26265
8:14:33,12.0798111
8:14:34,11.8510876
8:14:35,12.0442123
8:14:36,11.9872818
8:14:37,12.0043983
8:14:38,12.2381344
8:14:39,12.2430067
8:14:40,12.0159464
8:14:41,11.9155836
8:14:42,12.1623182
8:14:43,11.6907072
8:14:44,11.7900448
8:14:45,12.0271292
8:14:46,11.90399
8:14:47,11.9526262
8:14:48,11.8870764
8:14:49,11.9336357
8:14:50,12.2131443
8:14:51,11.9449692
8:14:52,12.06224
8:14:53,11.7468195
8:14:54,11.9831553
8:14:55,12.0043058
8:14:56,11.9628916
8:14:57,11.9202538
8:14:58,11.8958282
8:14:59,12.0288382
8:15:00,12.0428715
8:15:01,12.0182562
8:15:02,11.9775782
8:15:03,11.7125559
8:15:04,11.9497023
8:15:05,11.8948793
8:15:06,11.9578333
8:15:07,12.0688448
8:15:08,11.7602816
8:15:09,12.2045889
8:15:10,12.3314276
8:15:11,12.0666246
8:15:12,11.9629831
8:15:13,12.046833
8:15:14,11.9237709
8:15:15,11.8385658
8:15:16,11.9949369
8:15:17,12.4885378
8:15:18,12.078681
8:15:19,11.7958765
8:15:20,12.05691
8:15:21,12.1610813
8:15:22,12.1312561
8:15:23,12.1896048
8:15:24,11.5063362
8:15:25,12.0114908
8:15:26,12.0094366
8:15:27,11.6554289
8:15:28,12.0222206
8:15:30,12.2470627
8:15:31,11.8765917
8:15:32,12.0791187
8:15:33,11.86412
8:15:34,11.8648176
8:15:35,12.0702419
8:15:36,12.0351419
8:15:37,11.8643255
8:15:38,11.9886284
8:15:39,12.1578674
8:15:40,11.6862621
8:15:41,12.4526587
8:15:42,12.095808
8:15:43,12.2504282
8:15:44,12.012044
8:15:45,11.9829245
8:15:46,12.096693
8:15:47,12.0519381
8:15:48,12.0413628
8:15:49,11.9262924
8:15:50,11.4177895
8:15:51,12.0466356
8:15:52,11.762722
8:15:53,12.080615
8:15:54,11.9480343
8:15:55,12.134016
8:15:56,12.04645
8:15:57,12.0386734
8:15:58,12.1637583
8:15:59,12.0428028
8:16:00,12.421608
8:16:01,11.7463
8:16:02,9.707571
8:16:03,12.5372887
8:16:04,15.05761
8:16:05,11.9803829
8:16:06,11.5801563
8:16:07,11.9851618
8:16:08,12.1433792
8:16:09,11.8133812
8:16:10,12.195097
8:16:11,11.9762716
8:16:12,11.9606209
8:16:13,12.3360319
8:16:14,11.995883
8:16:15,11.8735609
8:16:16,12.0782394
8:16:17,11.8482866
8:16:18,11.8329153
8:16:19,11.9768677
8:16:20,11.9965353
8:16:21,12.346117
8:16:22,11.6580973
8:16:23,11.8783064
8:16:24,12.0002594
8:16:25,11.9147224
8:16:26,12.1353836
8:16:27,12.13481
8:16:28,12.1558876
8:16:30,12.0765676
8:16:31,12.0572891
8:16:32,12.17223
8:16:33,11.7527924
8:16:35,12.1155462
8:16:36,11.8443022
8:16:37,12.1505527
8:16:38,12.1932573
8:16:39,12.0003891
8:16:40,11.982564
8:16:41,11.8971872
8:16:43,11.9098415
8:16:44,11.8129244
8:16:45,11.859231
8:16:46,12.3535042
8:16:47,11.864274
8:16:48,12.0261917
8:16:49,11.8982258
8:16:50,11.7429171
8:16:51,11.8222628
8:16:52,11.9757032
8:16:53,11.8637667
8:16:54,11.9891329
8:16:55,11.8018
8:16:56,11.8381453
8:16:57,12.1726656
8:16:58,12.0576992
8:16:59,11.9263144
8:17:00,12.1389465
8:17:01,12.0012455
8:17:02,12.2889366
8:17:03,11.9432116
8:17:04,12.045392
8:17:05,12.0253143
8:17:06,12.1420259
8:17:07,11.6977549
8:17:08,12.0884686
8:17:09,11.8719788
8:17:10,11.986433
8:17:11,12.2035789
8:17:12,11.6584845
8:17:13,12.0611238
8:17:14,11.9035082
8:17:15,12.0687933
8:17:16,12.1183214
8:17:17,12.1810484
8:17:18,12.1701584
8:17:19,11.8907118
8:17:20,12.2808313
8:17:21,11.9435539
8:17:22,11.79782
8:17:23,12.00236
8:17:24,11.8982391
8:17:25,12.0861778
8:17:26,12.2004633
8:17:27,12.20332
8:17:28,11.839798
8:17:29,12.0418148
8:17:30,12.2704916
8:17:31,11.79966
8:17:32,11.865056
8:17:33,11.6937065
8:17:34,11.79738
8:17:35,11.8137512
8:17:36,12.0934706
8:17:37,11.7347889
8:17:38,12.1266546
8:17:39,12.1728315
8:17:40,12.1682529
8:17:41,11.8604946
8:17:42,11.7226524
8:17:43,12.3394156
8:17:44,11.9413071
8:17:45,12.0336971
8:17:46,12.1741018
8:17:47,11.9723635
8:17:48,11.973424
8:17:49,11.8314829
8:17:50,12.2863874
8:17:51,11.9838829
8:17:52,12.0566206
8:17:53,11.947999
8:17:54,12.1873236
8:17:55,11.8766642
8:17:56,12.1131163
8:17:57,12.1223726
8:17:58,11.8074636
8:17:59,11.718462
8:18:00,12.1938353
8:18:01,12.1136351
8:18:02,12.182497
8:18:03,11.9712439
8:18:04,12.0421419
8:18:05,11.9194059
8:18:06,11.85403
8:18:07,11.8628778
8:18:08,12.3752165
8:18:09,12.1091957
8:18:10,11.8991556
8:18:11,11.143259
8:18:12,11.7609043
8:18:13,11.8916693
8:18:14,12.0251808
8:18:15,12.1008711
8:18:16,12.0947933
8:18:17,12.0064678
8:18:18,12.3046465
8:18:19,11.8648758
8:18:20,11.888032
8:18:21,12.3882275
8:18:22,12.0187607
8:18:23,12.20323
8:18:24,12.0411425
8:18:25,11.9708786
8:18:26,12.0244961
8:18:27,12.1678295
8:18:28,12.024168
8:18:29,12.13112
8:18:30,11.98478
8:18:31,12.0262527
8:18:32,12.0630407
8:18:33,11.9806747
8:18:34,12.0309706
8:18:35,11.8987122
8:18:36,12.0667028
8:18:37,12.142725
8:18:38,11.9651384
8:18:39,11.9370937
8:18:40,11.9415007
8:18:41,11.8635731
8:18:42,11.958518
8:18:43,11.9958181
8:18:44,12.1198893
8:18:45,12.098321
8:18:46,12.045742
8:18:47,11.8374062
8:18:48,11.9459467
8:18:49,12.2204466
8:18:50,12.0937366
8:18:51,12.0236759
8:18:52,12.0104427
8:18:53,11.9304113
8:18:54,12.1976728
8:18:55,11.8632679
8:18:56,11.9830542
8:18:57,11.8850136
8:18:58,12.2055635
8:18:59,12.0908012
8:19:00,12.0157137
8:19:01,12.229104
8:19:02,11.6017361
8:19:03,12.2248526
8:19:04,11.8319063
8:19:05,11.9552422
8:19:06,11.8711519
8:19:07,11.9882116
8:19:08,11.8495855
8:19:09,11.9568453
8:19:10,11.8285847
8:19:11,12.1407661
8:19:12,11.9564953
8:19:13,11.6650181
8:19:14,11.890522
8:19:15,11.7963142
8:19:16,12.0354443
8:19:17,12.0915794
8:19:18,12.2274647
8:19:19,12.0357466
8:19:20,11.8498383
8:19:21,12.0846462
8:19:22,12.3135958
8:19:23,12.0627232
8:19:24,12.4098272
8:19:25,11.7271919
8:19:26,11.8108072
8:19:27,12.4233189
8:19:28,11.9901924
8:19:29,11.9726372
8:19:30,12.1179953
8:19:31,11.8566341
8:19:32,12.1465559
8:19:33,12.2068691
8:19:34,12.0544748
8:19:35,11.9270105
8:19:36,11.9913263
8:19:37,11.9507332
8:19:38,11.8055353
8:19:39,11.7847548
8:19:40,12.0313206
8:19:41,12.30252
8:19:42,12.4120121
8:19:43,11.8736219
8:19:44,12.0653038
8:19:45,11.8160286
8:19:46,12.0605669
8:19:47,12.0777254
8:19:48,12.1101408
8:19:49,12.0743723
8:19:50,12.2147932
8:19:51,12.0872612
8:19:52,11.7270746
8:19:53,12.093462
8:19:54,12.2090816
8:19:55,11.9191666
8:19:56,12.06883
8:19:57,12.25611
8:19:58,11.662384
8:19:59,12.1247673
8:20:00,12.0493584
8:20:01,12.2391758
8:20:02,12.0174026
8:20:03,12.0213165
8:20:04,11.7004728
8:20:05,12.0121927
8:20:06,12.0586376
8:20:07,12.1124382
8:20:08,12.02306
8:20:09,12.2282991
8:20:10,11.9380655
8:20:11,12.0703278
8:20:12,12.1340342
8:20:13,12.3044872
8:20:14,12.0778637
8:20:15,12.03225
8:20:16,11.9656048
8:20:17,11.96539
8:20:18,12.0243034
8:20:19,11.9450245
8:20:20,12.0103817
8:20:21,12.3142071
8:20:22,12.28983
8:20:23,11.6819792
8:20:24,12.0587034
8:20:25,11.9128962
8:20:26,11.9645
8:20:27,11.8248024
8:20:28,11.59993
8:20:29,12.0452251
8:20:30,12.0265436
8:20:31,12.0616474
8:20:32,11.9089928
8:20:33,12.2163134
8:20:34,11.8582525
8:20:35,11.9851942
8:20:36,12.0859251
8:20:37,11.8971548
8:20:38,12.2513695
8:20:39,12.1736727
8:20:40,11.9168024
8:20:41,11.9397488
8:20:42,12.1762753
8:20:43,11.8573465
8:20:44,12.0887
8:20:45,11.8223333
8:20:46,12.02966
8:20:47,12.1120958
8:20:48,12.1074514
8:20:49,12.0078135
8:20:50,11.9952288
8:20:51,11.8490124
8:20:52,12.0977316
8:20:53,12.0773268
8:20:54,11.9794979
8:20:55,12.0505772
8:20:56,11.8505907
8:20:57,12.0866814
8:20:58,11.9367723
8:20:59,11.9894524
8:21:00,12.1090641
8:21:01,11.8371058
8:21:02,12.2425451
8:21:03,12.0043488
8:21:04,11.9756575
8:21:05,11.74658
8:21:06,12.1186523
8:21:07,12.3930378
8:21:08,12.2916126
8:21:09,12.0244217
8:21:10,11.7871552
8:21:11,12.0982523
8:21:12,11.9752665
8:21:13,12.0783405
8:21:14,11.9398413
8:21:15,11.9181662
8:21:16,11.9642563
8:21:17,11.9515095
8:21:18,11.8959417
8:21:19,12.0182962
8:21:20,11.9868269
8:21:21,11.873209
8:21:22,12.0002031
8:21:23,12.0719919
8:21:24,12.0797863
8:21:25,12.1984539
8:21:26,12.1357565
8:21:27,12.0837221
8:21:28,11.9781046
8:21:29,12.0082531
8:21:30,11.8822174
8:21:31,11.8698387
8:21:32,11.883563
8:21:33,12.0235548
8:21:34,11.9467678
8:21:35,12.1846991
8:21:36,12.0518045
8:21:37,11.98851
8:21:38,11.7421131
8:21:39,12.1388988
8:21:40,11.9918556
8:21:41,11.8977
8:21:42,12.0791359
8:21:43,11.8685923
8:21:44,11.7765665
8:21:45,11.7924786
8:21:46,11.8574457
8:21:47,11.9429893
8:21:48,11.9724169
8:21:49,12.2076244
8:21:50,11.9629345
8:21:51,11.9553747
8:21:52,12.1254473
8:21:53,12.0506334
8:21:54,11.8012829
8:21:55,12.0298529
8:21:56,11.7633343
8:21:57,11.8574915
8:21:58,11.8384743
8:21:59,12.0999146
8:22:00,11.7926025
8:22:01,12.0356588
8:22:02,11.8040972
8:22:03,12.1219645
8:22:04,11.9032536
8:22:05,12.0321856
8:22:06,11.9296627
8:22:07,12.2918539
8:22:08,12.1704607
8:22:09,12.232399
8:22:10,11.9789925
8:22:11,11.795476
8:22:12,11.7627115
8:22:13,11.8492546
8:22:14,12.1921005
8:22:15,11.9886141
8:22:16,11.83912
8:22:17,12.1389065
8:22:18,11.9206038
8:22:19,11.9472218
8:22:20,12.1975832
8:22:21,12.249177
8:22:22,12.0159731
8:22:23,12.076128
8:22:24,11.8389931
8:22:25,11.707119
8:22:26,11.8867273
8:22:27,12.0498381
8:22:28,12.0520258
8:22:30,11.884202
8:22:31,12.0763807
8:22:32,12.1425037
8:22:33,12.0262966
8:22:34,11.4973135
8:22:35,11.9839973
8:22:36,12.2277308
8:22:37,11.9185381
8:22:38,11.9667778
8:22:39,12.56724
8:22:40,11.6361723
8:22:41,11.9326735
8:22:42,12.1512308
8:22:43,11.5441341
8:22:44,11.7234154
8:22:45,12.1035852
8:22:46,11.8017187
8:22:47,12.0652933
8:22:48,12.0639286
8:22:49,11.7654047
8:22:50,12.2919359
8:22:51,12.0401649
8:22:52,12.06747
8:22:53,12.6402788
8:22:54,11.872735
8:22:55,11.9695082
8:22:56,11.6719542
8:22:57,12.10081
8:22:58,12.1327133
8:22:59,12.089819
8:23:00,12.2617531
8:23:01,11.8954592
8:23:02,11.9994411
8:23:03,11.796361
8:23:04,11.7922812
8:23:05,12.2261992
8:23:06,12.16494
8:23:07,11.91109
8:23:08,11.95021
8:23:09,11.7600708
8:23:10,12.0246124
8:23:11,12.0746975
8:23:12,12.0068893
8:23:13,12.0291462
8:23:14,11.97481
8:23:15,12.0706663
8:23:16,11.97355
8:23:17,11.8859167
8:23:18,11.97155
8:23:19,11.5753031
8:23:20,11.9927073
8:23:21,12.0506849
8:23:22,12.0523186
8:23:23,11.9035463
8:23:24,11.8346586
8:23:25,11.997488
8:23:26,11.93061
8:23:27,11.6795731
8:23:28,11.84424
8:23:30,12.3415165
8:23:31,12.1633387
8:23:32,11.894968
8:23:33,12.187192
8:23:34,11.7949314
8:23:36,11.9311914
8:23:37,12.1427526
8:23:38,11.9241114
8:23:39,11.7271318
8:23:40,12.1542187
8:23:41,11.7952118
8:23:43,11.9572277
8:23:44,12.1020842
8:23:45,12.0073719
8:23:46,12.0145922
8:23:47,12.0770473
8:23:48,12.1144867
8:23:49,11.994422
8:23:50,11.8715525
8:23:51,12.1349182
8:23:52,12.124301
8:23:53,12.0337219
8:23:54,11.6856194
8:23:56,12.115036
8:23:57,11.9819422
8:23:58,12.1692743
8:23:59,12.032732
8:24:00,11.8555164
8:24:01,11.9327545
8:24:02,11.922431
8:24:03,11.90041
8:24:04,11.9505768
8:24:05,11.9545565
8:24:06,12.2891178
8:24:07,11.9684715
8:24:08,11.8158379
8:24:09,12.0813608
8:24:10,12.1005106
8:24:11,12.0056639
8:24:12,12.3774652
8:24:13,12.170825
8:24:14,12.1140718
8:24:15,11.7510872
8:24:16,12.1129932
8:24:17,12.0904093
8:24:18,12.0799389
8:24:19,12.0156469
8:24:20,12.2064514
8:24:21,11.86398
8:24:22,11.8937
8:24:23,11.8231287
8:24:24,12.03114
8:24:25,11.9473686
8:24:26,11.7051868
8:24:27,12.0772886
8:24:28,12.0591755
8:24:29,11.8892
8:24:30,11.6534243
8:24:31,12.3062
8:24:32,11.9671459
8:24:33,12.1149569
8:24:34,11.8115578
8:24:35,12.3023758
8:24:36,11.7613029
8:24:37,12.2995434
8:24:38,12.01957
8:24:39,12.173048
8:24:40,12.2244787
8:24:41,11.7687292
8:24:42,11.8957806
8:24:43,11.9832315
8:24:44,12.124238
8:24:45,11.8919153
8:24:46,12.0542736
8:24:47,12.1323233
8:24:48,12.11938
8:24:49,11.9949121
8:24:50,11.9372368
8:24:51,11.9607677
8:24:52,12.0495234
8:24:53,12.2028055
8:24:54,11.8078985
8:24:55,11.7678251
8:24:56,12.4102945
8:24:57,11.8371868
8:24:58,12.0442257
8:24:59,11.9439
8:25:00,11.9591436
8:25:01,12.309679
8:25:02,11.8570709
8:25:03,11.76028
8:25:04,11.8287306
8:25:05,12.0490437
8:25:06,11.7068233
8:25:07,12.0302935
8:25:08,12.0717678
8:25:09,11.8853168
8:25:10,11.8635206
8:25:11,12.9063082
8:25:12,12.14503
8:25:13,12.1375856
8:25:14,12.1456776
8:25:15,12.0162525
8:25:16,12.1379642
8:25:17,12.07375
8:25:18,11.92365
8:25:19,11.8972559
8:25:20,11.9506884
8:25:21,12.1115751
8:25:22,12.0354509
8:25:23,11.9759531
8:25:24,12.2142506
8:25:25,11.92644
8:25:26,12.1516495
8:25:27,11.9798965
8:25:28,12.2457695
8:25:29,11.972044
8:25:30,12.0266237
8:25:31,11.9935226
8:25:32,12.0563631
8:25:33,12.2159109
8:25:34,11.9492569
8:25:35,11.9403744
8:25:36,12.0105295
8:25:37,12.2151814
8:25:38,11.8532286
8:25:39,11.9918156
8:25:40,12.0210943
8:25:41,11.9639654
8:25:42,12.282958
8:25:43,12.1460533
8:25:44,11.95556
8:25:45,12.0418692
8:25:46,11.8585253
8:25:47,11.882391
8:25:48,12.0353355
8:25:49,11.9007387
8:25:50,11.5661526
8:25:51,11.9142923
8:25:52,12.1332693
8:25:53,11.8333426
8:25:54,11.9802141
8:25:55,11.9469547
8:25:56,11.7958117
8:25:57,12.154707
8:25:58,12.0917149
8:25:59,12.060709
8:26:00,11.6656628
8:26:01,12.1564379
8:26:02,11.8189011
8:26:03,12.1027889
8:26:04,12.0584335
8:26:05,11.8027182
8:26:06,12.1847315
8:26:07,11.6233511
8:26:08,11.7455416
8:26:09,12.0438061
8:26:10,11.8540087
8:26:11,12.2114477
8:26:12,11.8597221
8:26:13,11.8703995
8:26:14,12.1235209
8:26:15,11.9929962
8:26:16,12.1725044
8:26:17,11.9208708
8:26:18,11.6339445
8:26:19,12.17573
8:26:20,11.9821253
8:26:21,12.275671
8:26:22,11.8484945
8:26:23,11.903657
8:26:24,11.9906826
8:26:25,11.8794718
8:26:26,11.8936234
8:26:27,12.2884617
8:26:28,12.0387754
8:26:29,11.8876781
8:26:30,12.2968473
8:26:31,11.9582663
8:26:32,12.20289
8:26:33,12.2627058
8:26:34,12.1489983
8:26:35,11.827055
8:26:36,12.0821686
8:26:37,11.9609814
8:26:38,12.2864151
8:26:39,12.1991844
8:26:40,11.5927992
8:26:41,11.97109
8:26:42,12.0200729
8:26:43,11.9607954
8:26:44,11.8963671
8:26:45,11.9388475
8:26:46,12.1745033
8:26:47,11.6458731
8:26:48,12.1246128
8:26:49,12.3151731
8:26:50,12.1294851
8:26:51,12.046998
8:26:52,11.9828529
8:26:53,11.6711864
8:26:54,12.0848522
8:26:55,11.7591782
8:26:56,12.1785955
8:26:57,12.1496811
8:26:58,11.8928146
8:26:59,12.0239277
8:27:00,11.8994865
8:27:01,11.9371843
8:27:02,12.086813
8:27:03,11.73534
8:27:04,12.1100168
8:27:05,12.05434
8:27:06,12.1802273
8:27:07,12.2512827
8:27:08,12.01648
8:27:09,11.9568071
8:27:10,12.0359888
8:27:11,12.0218143
8:27:12,12.09128
8:27:13,11.9707537
8:27:14,11.9900951
8:27:15,11.9035683
8:27:16,11.6045618
8:27:17,12.103653
8:27:18,12.523303
8:27:19,12.1546211
8:27:20,12.0507841
8:27:21,12.2653017
8:27:22,12.6592178
8:27:23,11.895381
8:27:24,12.0563192
8:27:25,11.84727
8:27:26,12.12336
8:27:27,12.5301676
8:27:28,12.1267347
8:27:29,12.1102467
8:27:30,11.7853556
8:27:31,11.8884563
8:27:32,12.3608742
8:27:33,11.7429113
8:27:34,11.9899111
8:27:35,11.72969
8:27:36,12.103652
8:27:37,12.0736866
8:27:38,11.8440323
8:27:39,12.3338079
8:27:40,11.8748922
8:27:41,11.7655029
8:27:42,12.08197
8:27:43,12.1618452
8:27:44,12.03272
8:27:45,11.7684984
8:27:46,12.1763544
8:27:47,12.0668478
8:27:48,12.0493164
8:27:49,11.87121
8:27:50,11.8995647
8:27:51,11.797389
8:27:52,12.0050745
8:27:53,11.8399887
8:27:54,11.99688
8:27:55,12.1172342
8:27:56,11.9700069
8:27:57,11.9927654
8:27:58,11.9824724
8:27:59,11.8089914
8:28:00,12.1021338
8:28:01,12.0079222
8:28:02,11.8378143
8:28:03,11.8800573
8:28:04,12.1202564
8:28:05,11.9961529
8:28:06,12.1599026
8:28:07,11.8171577
8:28:08,11.75426
8:28:09,12.1691532
8:28:10,12.0722971
8:28:11,12.0510035
8:28:12,11.8964243
8:28:13,12.1366978
8:28:14,11.9821148
8:28:15,12.0475368
8:28:16,12.321475
8:28:17,11.8503866
8:28:18,12.3474579
8:28:19,11.8178911
8:28:20,12.0677166
8:28:21,12.0194893
8:28:22,11.9988127
8:28:23,12.0981455
8:28:24,11.75246
8:28:25,11.6750059
8:28:26,11.8193827
8:28:27,12.18392
8:28:28,12.18933
8:28:29,12.19955
8:28:30,12.0645561
8:28:31,11.8877068
8:28:32,12.1299286
8:28:33,11.7640238
8:28:34,12.01125
8:28:35,12.05805
8:28:36,11.9727659
8:28:37,11.8409615
8:28:38,12.2180986
8:28:39,12.0649071
8:28:40,12.0676374
8:28:41,11.98931
8:28:42,12.1254282
8:28:43,11.9406824
8:28:44,12.29701
8:28:45,11.8218937
8:28:46,12.1603422
8:28:47,12.0853243
8:28:48,11.9246025
8:28:49,12.0912495
8:28:50,11.9807129
8:28:51,11.911746
8:28:52,12.0308781
8:28:53,12.0181494
8:28:54,11.7985792
8:28:55,12.0002966
8:28:56,11.9353838
8:28:57,12.1809368
8:28:58,12.0675936
8:28:59,11.8432426
8:29:00,12.1973524
8:29:01,12.0798616
8:29:02,12.2004051
8:29:03,12.0438681
8:29:04,12.1910677
8:29:05,11.7177515
8:29:06,12.0290756
8:29:07,12.0272474
8:29:08,11.8612833
8:29:09,11.9629564
8:29:10,12.0466251
8:29:11,12.168869
8:29:12,11.9206409
8:29:13,11.9594612
8:29:14,11.98327
8:29:15,12.0143538
8:29:16,11.8704853
8:29:17,11.8982353
8:29:18,12.2059927
8:29:19,12.02529
8:29:20,11.9612827
8:29:21,11.95738
8:29:22,12.08063
8:29:23,11.9883432
8:29:24,12.05401
8:29:25,12.1586237
8:29:26,11.7244358
8:29:27,12.1358118
8:29:28,12.12039
8:29:29,12.0788078
8:29:30,11.9750919
8:29:31,12.1946039
8:29:32,12.0916138
8:29:33,11.421483
8:29:34,11.6564064
8:29:35,12.3595152
8:29:36,12.1692019
8:29:37,11.96471
8:29:38,11.9956541
8:29:39,12.2197151
8:29:40,11.8706493
8:29:41,12.3047609
8:29:42,11.9875193
8:29:43,12.0814342
8:29:44,12.257329
8:29:45,11.9472017
8:29:46,12.1354237
8:29:47,12.3658237
8:29:48,11.9323339
8:29:49,11.9306192
8:29:50,11.8743143
8:29:51,11.772748
8:29:52,12.2264595
8:29:53,11.9518328
8:29:54,12.1128435
8:29:55,11.8762293
8:29:56,12.0739222
8:29:57,11.8716946
8:29:58,11.898139
8:29:59,12.2195654
8:30:00,11.9204521
8:30:01,12.1530256
8:30:02,12.1071186
8:30:03,12.2000637
8:30:04,11.9590635
8:30:05,12.0919962
8:30:06,11.8748674
8:30:07,11.9090643
8:30:08,11.8734818
8:30:09,12.1404324
8:30:10,12.0310822
8:30:11,12.25216
8:30:12,12.1859779
8:30:13,12.0463848
8:30:14,12.15217
8:30:15,11.5930357
8:30:16,12.2809458
8:30:17,11.7914886
8:30:18,12.1738768
8:30:19,11.8678036
8:30:20,11.7494831
8:30:21,11.7496386
8:30:22,11.959815
8:30:23,12.0228176
8:30:24,12.218524
8:30:25,11.79909
8:30:26,11.9729214
8:30:27,12.0363379
8:30:28,12.0116749
8:30:29,11.7804556
8:30:30,12.09184
8:30:31,11.85569
8:30:32,12.14441
8:30:33,11.9235373
8:30:34,11.9548807
8:30:35,11.7871094
8:30:36,12.0814276
8:30:37,11.8763208
8:30:38,12.110713
8:30:39,11.9127073
8:30:40,12.0741911
8:30:41,12.0465927
8:30:42,12.0037613
8:30:43,11.8976545
8:30:44,11.8979874
8:30:45,11.8918247
8:30:46,11.9262085
8:30:47,11.8670692
8:30:48,12.39602
8:30:49,11.9460974
8:30:50,11.9591
8:30:51,11.8587933
8:30:52,12.0060492
8:30:53,11.9504509
8:30:54,11.9994574
8:30:55,12.0295439
8:30:56,12.0572948
8:30:57,11.8712807
8:30:58,12.0897141
8:30:59,12.0297413
8:31:00,11.9545555
8:31:01,11.9231272
8:31:02,12.2928257
8:31:03,11.8551254
8:31:04,12.055028
8:31:05,11.9464235
8:31:06,11.9686289
8:31:07,11.8998833
8:31:08,12.142663
8:31:09,11.8416586
8:31:10,12.0266962
8:31:11,12.0705986
8:31:12,12.1249914
8:31:13,11.9936247
8:31:14,12.0997963
8:31:15,11.9858379
8:31:16,12.02768
8:31:17,11.6326313
8:31:18,12.0536108
8:31:20,11.8902426
8:31:21,12.1508636
8:31:22,12.1124773
8:31:23,12.1413832
8:31:24,11.8751059
8:31:25,11.9323692
8:31:26,12.056653
8:31:27,12.1938992
8:31:28,11.93081
8:31:29,11.8674784
8:31:30,11.8743992
8:31:31,11.8101444
8:31:32,11.9607563
8:31:33,11.77349
8:31:34,12.1733074
8:31:35,12.0269985
8:31:36,12.1003885
8:31:37,11.9816809
8:31:38,12.2447433
8:31:39,11.8155565
8:31:40,11.7283773
8:31:41,11.8530359
8:31:42,11.9526787
8:31:43,12.0594778
8:31:44,12.06937
8:31:45,11.8027067
8:31:46,11.7871819
8:31:47,11.9506226
8:31:48,12.1001654
8:31:49,12.10574
8:31:50,11.9452333
8:31:51,11.7438869
8:31:52,12.0048
8:31:53,12.0750732
8:31:54,12.196949
8:31:55,11.8626947
8:31:56,11.7989779
8:31:57,12.0242023
8:31:58,12.2744446
8:31:59,11.9031963
8:32:00,12.8709955
8:32:01,12.0414639
8:32:02,12.4847345
8:32:03,11.7034559
8:32:04,11.78767
8:32:05,12.0911036
8:32:06,11.8747253
8:32:07,11.9128265
8:32:08,12.16875
8:32:09,12.0189075
8:32:10,11.8341522
8:32:11,11.8865223
8:32:12,12.0142193
8:32:13,12.0861244
8:32:14,12.0258446
8:32:15,11.9336319
8:32:16,11.9367695
8:32:17,11.8544083
8:32:18,12.0106087
8:32:19,11.9108486
8:32:20,11.6940546
8:32:21,12.0903692
8:32:22,11.9475441
8:32:23,11.7885866
8:32:24,12.2430611
8:32:25,12.0489025
8:32:26,11.943141
8:32:27,11.87613
8:32:28,12.0794754
8:32:29,11.8757544
8:32:30,12.2038145
8:32:31,12.1605721
8:32:32,11.7985983
8:32:33,12.1536846
8:32:34,11.9237347
8:32:35,12.0282183
8:32:36,11.8474474
8:32:37,12.034853
8:32:38,11.9535484
8:32:39,11.8090763
8:32:40,11.8669567
8:32:41,11.9457388
8:32:42,11.9571447
8:32:43,11.9392986
8:32:44,11.9897833
8:32:45,12.2247353
8:32:46,11.8606043
8:32:47,12.281991
8:32:48,12.2260256
8:32:49,11.9244385
8:32:50,11.8419724
8:32:51,12.0601673
8:32:52,12.1889458
8:32:53,12.1337376
8:32:54,12.0386686
8:32:55,12.0530205
8:32:56,11.8084679
8:32:57,12.2243032
8:32:58,11.9908066
8:32:59,11.8336868
8:33:00,11.9055452
8:33:01,12.2685928
8:33:02,12.2303438
8:33:03,12.01486
8:33:04,11.8122988
8:33:05,12.4630795
8:33:06,12.1496115
8:33:07,12.02992
8:33:08,12.1128016
8:33:09,12.0246811
8:33:10,11.7895937
8:33:11,12.1016426
8:33:12,12.171957
8:33:13,11.9449463
8:33:14,12.1408367
8:33:15,11.6918745
8:33:16,12.1382227
8:33:17,11.9069548
8:33:18,12.2148695
8:33:19,11.8486242
8:33:20,11.9259567
8:33:21,12.2341909
8:33:22,12.1500578
8:33:23,12.0732174
8:33:24,11.8801641
8:33:25,12.3368225
8:33:26,11.9276676
8:33:27,11.8773251
8:33:28,12.1061926
8:33:29,11.9932728
8:33:30,12.2462568
8:33:31,12.0764256
8:33:32,12.022769
8:33:33,12.0650978
8:33:34,12.1482153
8:33:35,11.9504
8:33:36,11.7078457
8:33:37,12.1627645
8:33:38,11.9998388
8:33:39,12.0232744
8:33:40,11.9416084
8:33:41,12.0275459
8:33:42,12.1397047
8:33:43,12.1464691
8:33:44,11.9929714
8:33:45,12.1859932
8:33:46,12.1574373
8:33:47,12.1474152
8:33:48,11.8537979
8:33:49,12.1310635
8:33:50,12.2899427
8:33:51,11.892662
8:33:52,11.952261
8:33:53,11.6773977
8:33:54,11.7096262
8:33:55,11.9007559
8:33:56,11.87514
8:33:57,11.7210455
8:33:58,12.082839
8:33:59,12.04694
8:34:00,12.0119238
8:34:01,11.96275
8:34:02,12.2308
8:34:03,11.7993946
8:34:04,11.8265333
8:34:05,11.9573946
8:34:06,11.7592325
8:34:07,11.9543619
8:34:08,11.7980995
8:34:09,11.8033981
8:34:10,11.9042177
8:34:11,11.909709
8:34:12,12.0138311
8:34:13,12.0120726
8:34:14,11.9003973
8:34:15,11.93292
8:34:16,11.98159
8:34:17,12.0837717
8:34:18,11.4250937
8:34:19,11.90925
8:34:20,11.7851381
8:34:21,11.8931713
8:34:22,11.7707787
8:34:23,12.0091391
8:34:24,11.8088646
8:34:25,12.2848225
8:34:26,12.0245218
8:34:27,12.0209923
8:34:28,11.8434238
8:34:29,11.9559145
8:34:30,11.9786358
8:34:31,12.1109314
8:34:32,12.0475464
8:34:33,12.3576765
8:34:34,11.90867
8:34:35,12.0737457
8:34:36,11.59285
8:34:37,12.1356077
8:34:38,12.0546484
8:34:39,12.0692739
8:34:40,11.8577757
8:34:41,11.88716
8:34:42,12.0446177
8:34:43,12.3556261
8:34:44,11.98435
8:34:45,12.1920929
8:34:46,12.0147438
8:34:47,12.0191507
8:34:48,11.9870329
8:34:49,11.8620958
8:34:50,11.9234991
8:34:51,12.0517111
8:34:52,12.1861362
8:34:53,12.0668869
8:34:54,11.9987812
8:34:55,12.0909472
8:34:56,12.0730667
8:34:57,11.9003754
8:34:58,11.9953833
8:34:59,12.1185932
8:35:00,12.1067228
8:35:01,11.9102106
8:35:02,12.3011656
8:35:03,12.0733128
8:35:04,11.7942057
8:35:05,11.9481106
8:35:06,12.0457125
8:35:07,12.0000381
8:35:08,11.9354916
8:35:09,11.8737221
8:35:10,11.9154606
8:35:11,11.72698
8:35:12,11.8701591
8:35:13,12.1711082
8:35:14,11.8205423
8:35:15,11.71569
8:35:16,12.3086252
8:35:17,11.9204836
8:35:18,12.0438614
8:35:19,12.0964489
8:35:20,11.92231
8:35:21,12.0175533
8:35:22,11.9321909
8:35:23,11.9755812
8:35:24,11.894887
8:35:25,12.0009775
8:35:26,11.930316
8:35:27,11.9419069
8:35:28,11.98417
8:35:29,12.2148638
8:35:30,11.9884129
8:35:31,11.9042368
8:35:32,12.4520245
8:35:33,12.1119452
8:35:34,12.0284424
8:35:35,12.3376989
8:35:36,12.0042658
8:35:37,11.8300447
8:35:38,12.140604
8:35:39,12.0759058
8:35:40,11.9856176
8:35:41,12.0505142
8:35:42,12.2677746
8:35:43,12.0131607
8:35:44,12.175828
8:35:45,12.1192894
8:35:46,11.9274569
8:35:47,11.8712292
8:35:48,11.7889967
8:35:49,11.9325037
8:35:50,11.8263445
8:35:51,11.9923077
8:35:52,12.007988
8:35:53,11.9967012
8:35:54,11.6564875
8:35:55,11.9289865
8:35:56,11.8222055
8:35:57,12.4274778
8:35:58,12.0588417
8:35:59,11.9470882
8:36:00,11.9290972
8:36:01,11.9172773
8:36:02,11.8427429
8:36:03,12.03949
8:36:04,12.1896505
8:36:05,12.1553459
8:36:06,12.36459
8:36:07,11.9935379
8:36:08,11.9499168
8:36:09,12.2156153
8:36:10,11.8946905
8:36:11,11.8593569
8:36:12,11.852952
8:36:13,11.8623943
8:36:14,11.9243288
8:36:15,11.9749012
8:36:16,11.86864
8:36:17,11.6807652
8:36:18,12.0718222
8:36:19,12.0962839
8:36:20,11.8904715
8:36:21,12.4127922
8:36:22,11.1395741
8:36:23,12.1992283
8:36:24,11.8064365
8:36:25,11.6847057
8:36:26,12.0614939
8:36:27,11.78469
8:36:28,12.03848
8:36:29,12.1693058
8:36:30,11.7232227
8:36:31,12.1504841
8:36:32,12.6371107
8:36:33,11.725996
8:36:34,11.67529
8:36:35,12.0149593
8:36:36,11.6618853
8:36:37,12.09281
8:36:38,12.0791473
8:36:39,11.8804054
8:36:40,11.69713
8:36:41,11.892354
8:36:42,11.85885
8:36:43,12.0328493
8:36:44,11.969471
8:36:45,11.97987
8:36:46,11.9414759
8:36:47,11.7926426
8:36:48,12.1026669
8:36:49,11.7660437
8:36:50,11.8135977
8:36:51,12.01661
8:36:52,12.0145054
8:36:53,12.2814083
8:36:54,12.1675539
8:36:55,11.9788532
8:36:56,11.907589
8:36:57,12.154891
8:36:58,11.8866529
8:36:59,12.149416
8:37:00,12.2677307
8:37:01,11.9374924
8:37:02,12.0230131
8:37:03,12.1038866
8:37:04,11.9488344
8:37:05,11.9163971
8:37:06,12.213788
8:37:07,12.229188
8:37:08,11.6920156
8:37:09,11.902298
8:37:10,11.902564
8:37:11,11.9196386
8:37:12,12.0409536
8:37:13,12.07371
8:37:14,12.0488987
8:37:15,11.9587765
8:37:16,11.8621655
8:37:17,11.8646212
8:37:18,11.8301973
8:37:19,12.0150166
8:37:20,11.8427534
8:37:21,12.0312614
8:37:22,12.057107
8:37:23,12.2469625
8:37:24,11.8568649
8:37:25,11.5736217
8:37:26,12.073596
8:37:27,11.9776516
8:37:28,11.8461828
8:37:29,11.9740915
8:37:30,12.1088028
8:37:32,12.1455336
8:37:33,11.8325176
8:37:34,12.2627983
8:37:35,11.928916
8:37:36,12.002965
8:37:37,12.2001934
8:37:38,11.8239946
8:37:39,12.1417141
8:37:40,12.1151686
8:37:41,12.1641855
8:37:42,12.0396681
8:37:43,12.1006927
8:37:44,12.0018053
8:37:45,11.7822723
8:37:46,12.2289782
8:37:47,12.2364464
8:37:48,12.1328325
8:37:49,11.85383
8:37:50,11.834837
8:37:51,11.7331219
8:37:52,11.9174595
8:37:53,12.2388525
8:37:54,12.0488205
8:37:55,11.9525728
8:37:56,12.1126013
8:37:57,12.3217726
8:37:58,11.9477539
8:37:59,11.9214687
8:38:00,11.951005
8:38:01,11.8833914
8:38:02,12.0724592
8:38:03,11.9065676
8:38:04,12.0959377
8:38:05,12.0551186
8:38:06,12.0079842
8:38:07,11.7993021
8:38:08,11.9671984
8:38:09,11.875247
8:38:10,12.1386366
8:38:11,12.367713
8:38:12,11.8188677
8:38:13,12.1040716
8:38:14,12.1538086
8:38:15,12.1073675
8:38:16,12.1589766
8:38:17,11.9849491
8:38:18,11.9018631
8:38:19,11.9543991
8:38:20,12.1886969
8:38:21,11.9820356
8:38:22,12.05511
8:38:23,12.1224813
8:38:24,11.9607477
8:38:25,12.0068445
8:38:26,12.2281256
8:38:27,12.21684
8:38:28,12.139267
8:38:29,11.66256
8:38:31,11.8894949
8:38:32,12.0666265
8:38:33,11.7727795
8:38:34,12.0827837
8:38:35,11.79478
8:38:36,11.7938251
8:38:37,11.733429
8:38:38,11.55836
8:38:39,11.9623022
8:38:40,12.123044
8:38:41,11.8489943
8:38:42,12.241787
8:38:43,12.0907812
8:38:44,12.2055588
8:38:46,11.8967829
8:38:47,12.0595236
8:38:49,12.7537766
8:38:50,11.8536453
8:38:51,11.924777
8:38:52,12.0867624
8:38:53,12.0824738
8:38:54,12.1702471
8:38:55,12.1668253
8:38:56,11.7577581
8:38:57,11.8838663
8:38:58,11.8732672
8:38:59,12.0993862
8:39:01,12.1088753
8:39:02,11.7083559
8:39:03,11.6935349
8:39:04,12.0479279
8:39:05,11.8307676
8:39:06,12.0410061
8:39:07,11.9809761
8:39:08,11.9714823
8:39:09,12.2939386
8:39:10,11.6976385
8:39:11,12.1322155
8:39:12,12.0267525
8:39:13,12.1639261
8:39:14,12.1939449
8:39:15,12.3283787
8:39:16,11.8827419
8:39:17,11.8395157
8:39:18,11.7950525
8:39:19,11.98824
8:39:20,12.0399189
8:39:21,11.8284683
8:39:22,12.1592226
8:39:23,12.02288
8:39:24,11.875164
8:39:25,11.8753128
8:39:26,12.1877108
8:39:27,11.97224
8:39:28,11.7863464
8:39:29,11.8334246
8:39:30,12.0986357
8:39:31,11.799962
8:39:32,11.8077927
8:39:33,11.9112778
8:39:34,12.0402145
8:39:35,11.606575
8:39:36,11.759819
8:39:37,12.0482092
8:39:38,12.0978336
8:39:39,12.3251553
8:39:40,11.6392756
8:39:41,11.9616137
8:39:42,11.9991884
8:39:43,12.06688
8:39:44,11.9586544
8:39:45,12.1592894
8:39:46,11.8537569
8:39:47,11.8074942
8:39:48,12.0109634
8:39:49,12.0963316
8:39:50,11.9206295
8:39:51,12.0625458
8:39:52,11.8489037
8:39:53,11.729866
8:39:54,12.0396252
8:39:55,11.9495993
8:39:56,12.0464182
8:39:57,11.9541759
8:39:58,12.1778231
8:39:59,12.0315666
8:40:00,11.9518194
8:40:01,12.0161877
8:40:02,11.9766026
8:40:03,11.8474941
8:40:04,11.9804783
8:40:05,12.0301037
8:40:06,11.9851589
8:40:07,11.913413
8:40:08,12.345191
8:40:09,12.1446381
8:40:10,11.7330551
8:40:11,12.043354
8:40:12,12.2646332
8:40:13,11.9117384
8:40:14,11.9312658
8:40:15,12.12866
8:40:16,12.0877275
8:40:17,12.0745287
8:40:18,11.9344721
8:40:19,11.92286
8:40:20,11.817626
8:40:21,11.89755
8:40:22,11.9523048
8:40:23,11.9937143
8:40:24,11.96192
8:40:25,11.97237
8:40:26,12.2376585
8:40:27,11.8552465
8:40:28,12.1144848
8:40:29,11.805007
8:40:30,12.1114769
8:40:31,11.8875227
8:40:32,11.9983454
8:40:33,11.8644943
8:40:34,12.0678854
8:40:35,12.2582321
8:40:36,12.0495739
8:40:37,11.845006
8:40:38,12.0659676
8:40:39,12.0027027
8:40:40,12.2115984
8:40:41,11.8234453
8:40:42,11.8671293
8:40:43,11.7426481
8:40:44,12.1890144
8:40:45,11.8355236
8:40:46,11.9701424
8:40:47,11.9720535
8:40:48,12.0113373
8:40:49,11.996254
8:40:50,11.8696728
8:40:51,12.1381512
8:40:52,12.254652
8:40:53,12.0764389
8:40:54,11.5729475
8:40:55,11.9679337
8:40:56,12.2158537
8:40:57,11.968749
8:40:58,12.0448093
8:40:59,12.4189129
8:41:00,11.9484882
8:41:01,11.9727144
8:41:02,11.7794065
8:41:03,11.8369513
8:41:04,11.8130417
8:41:05,12.4053755
8:41:06,12.3152618
8:41:07,11.8614511
8:41:08,12.0868454
8:41:09,11.7956676
8:41:10,11.94544
8:41:11,12.1435623
8:41:12,11.9755783
8:41:13,11.9594707
8:41:14,11.9633484
8:41:15,11.9597292
8:41:16,11.8175125
8:41:17,12.3076544
8:41:18,11.9001007
8:41:19,12.3271427
8:41:20,11.8635588
8:41:21,11.8925457
8:41:22,12.3061266
8:41:23,11.8457041
8:41:24,12.0319471
8:41:25,10.063405
8:41:26,11.2224855
8:41:27,13.9456606
8:41:28,13.3084011
8:41:29,11.8197994
8:41:30,11.826087
8:41:31,12.0555706
8:41:32,12.0022316
8:41:33,12.1188354
8:41:34,12.1176405
8:41:35,12.1003561
8:41:36,11.9110527
8:41:37,12.1138792
8:41:38,12.0350714
8:41:39,11.9277983
8:41:40,11.9623
8:41:41,11.8308372
8:41:42,12.14865
8:41:43,12.1048689
8:41:44,12.2171106
8:41:45,12.2069435
8:41:46,11.7934313
8:41:47,11.789773
8:41:48,11.8464947
8:41:49,11.8459444
8:41:50,12.0306482
8:41:51,12.0326166
8:41:52,11.9305925
8:41:53,12.1872044
8:41:54,12.0758667
8:41:55,11.9295168
8:41:56,12.32331
8:41:57,11.9669123
8:41:58,12.0765438
8:41:59,12.1044436
8:42:00,12.1631241
8:42:01,11.8704853
8:42:02,11.8339586
8:42:03,12.1728592
8:42:04,12.1740932
8:42:05,11.8830624
8:42:06,12.0326509
8:42:07,12.1103878
8:42:08,11.8814516
8:42:09,12.1398506
8:42:10,12.1520872
8:42:11,11.6651936
8:42:12,11.88508
8:42:13,12.016839
8:42:14,11.8861866
8:42:15,11.9628019
8:42:16,11.9351845
8:42:17,11.9830971
8:42:18,11.9068937
8:42:19,11.7160406
8:42:20,11.8347473
8:42:21,11.9409533
8:42:22,11.8207369
8:42:23,12.1667318
8:42:24,12.1139917
8:42:25,12.1187925
8:42:26,12.0139771
8:42:27,12.0954065
8:42:28,11.7501192
8:42:29,12.1350994
8:42:30,12.02608
8:42:31,11.6435881
8:42:32,12.3286972
8:42:33,12.63158
8:42:34,11.8746519
8:42:35,12.0443182
8:42:36,12.0928068
8:42:37,11.7057371
8:42:38,11.8205023
8:42:39,12.0283632
8:42:40,11.9308767
8:42:41,11.9305649
8:42:42,11.8531942
8:42:43,12.2389288
8:42:44,11.912878
8:42:45,12.0664282
8:42:46,11.7911844
8:42:47,12.2076693
8:42:48,11.8562584
8:42:49,12.03811
8:42:50,11.9861584
8:42:51,12.176115
8:42:52,12.0004616
8:42:53,12.0043221
8:42:54,11.7496481
8:42:55,12.1135559
8:42:56,12.2146
8:42:57,12.1162605
8:42:58,12.057786
8:42:59,12.0117989
8:43:00,11.8794994
8:43:01,12.0765676
8:43:02,11.8569555
8:43:03,12.3396244
8:43:04,11.71475
8:43:05,11.9811707
8:43:06,12.0186
8:43:07,12.1180773
8:43:08,12.0354767
8:43:09,11.9622231
8:43:10,12.2870178
8:43:11,12.1371145
8:43:12,11.9486217
8:43:13,12.2568445
8:43:14,12.0425291
8:43:15,12.1675453
8:43:16,12.1482277
8:43:17,11.8632154
8:43:18,12.095747
8:43:19,11.9553614
8:43:20,11.9503317
8:43:21,12.01607
8:43:22,12.2462149
8:43:23,11.7996817
8:43:24,12.0371914
8:43:25,11.94408
8:43:26,12.0829048
8:43:27,11.8589783
8:43:28,11.7589226
8:43:29,12.0761833
8:43:30,12.0700712
8:43:31,12.3596907
8:43:32,12.3700981
8:43:33,11.0088816
8:43:34,11.840066
8:43:35,12.1224461
8:43:36,11.865797
8:43:37,12.0851574
8:43:38,11.9599609
8:43:39,11.8916073
8:43:40,12.3845291
8:43:41,11.9834232
8:43:42,11.9790525
8:43:43,12.1084671
8:43:44,12.422492
8:43:45,11.8069124
8:43:46,11.8733692
8:43:47,12.0890675
8:43:48,12.1578064
8:43:49,12.0344028
8:43:50,12.1953716
8:43:51,12.0318451
8:43:52,11.9507246
8:43:53,11.7057018
8:43:54,11.9441977
8:43:55,11.7917309
8:43:56,12.1985016
8:43:57,11.8097706
8:43:58,12.1037731
8:43:59,12.1944809
8:44:00,11.9718809
8:44:01,12.06514
8:44:02,12.0843744
8:44:03,11.9929209
8:44:04,12.1151991
8:44:05,12.2922
8:44:06,12.0906153
8:44:07,12.1326962
8:44:08,11.9217968
8:44:09,11.7388077
8:44:10,11.94459
8:44:11,12.0567322
8:44:12,11.687788
8:44:13,11.9943743
8:44:14,11.9494715
8:44:15,11.695962
8:44:16,12.0863438
8:44:17,12.0493956
8:44:18,11.843277
8:44:19,11.9378557
8:44:20,12.2230883
8:44:21,11.7642145
8:44:22,11.6158352
8:44:23,11.7479362
8:44:24,12.1820173
8:44:25,12.0764418
8:44:26,12.001503
8:44:27,11.9761152
8:44:28,11.8717327
8:44:29,12.0913591
8:44:31,12.1281948
8:44:32,11.6805391
8:44:33,12.0236835
8:44:34,12.0231943
8:44:35,11.9907465
8:44:36,11.9090672
8:44:37,12.0420132
8:44:38,11.9654741
8:44:39,12.09467
8:44:40,12.0401688
8:44:41,12.0529232
8:44:42,11.9003382
8:44:43,12.0105257
8:44:44,11.9148331
8:44:45,11.98696
8:44:46,12.1029291
8:44:47,11.7574873
8:44:48,11.9031286
8:44:49,12.0804234
8:44:50,12.04096
8:44:51,12.2851429
8:44:52,11.8837614
8:44:53,12.0828943
8:44:54,11.9122229
8:44:55,11.6795168
8:44:56,12.3456011
8:44:57,12.2581844
8:44:58,11.8144455
8:45:00,11.7782526
8:45:01,12.03606
8:45:03,12.2660627
8:45:04,12.01086
8:45:05,11.6602125
8:45:06,12.0292234
8:45:07,11.8359289
8:45:09,12.1253662
8:45:10,11.9566584
8:45:11,12.1989555
8:45:12,12.2487116
8:45:13,11.9104347
8:45:14,12.1512556
8:45:15,11.7492008
8:45:16,11.9048042
8:45:17,11.8745384
8:45:18,11.9955711
8:45:19,12.069562
8:45:20,11.9793491
8:45:21,11.9091368
8:45:22,11.9649925
8:45:23,11.925724
8:45:24,12.283638
8:45:25,12.0593872
8:45:26,12.3033886
8:45:27,11.9745207
8:45:28,11.6406965
8:45:29,11.8600979
8:45:30,12.2141781
8:45:31,11.9957724
8:45:32,11.95393
8:45:33,11.8796778
8:45:34,12.1722355
8:45:35,12.22035
8:45:36,12.08002
8:45:37,11.7217236
8:45:38,11.9415312
8:45:39,11.9072275
8:45:40,12.2666979
8:45:41,12.0309172
8:45:42,12.1103888
8:45:43,12.0078869
8:45:44,12.1252022
8:45:45,12.0273647
8:45:46,12.1045122
8:45:47,11.9177752
8:45:48,12.0504208
8:45:49,11.5720692
8:45:50,12.0847912
8:45:51,11.835063
8:45:52,12.0740309
8:45:53,11.8500595
8:45:54,11.6670647
8:45:55,12.4512615
8:45:56,12.2593775
8:45:57,11.7563562
8:45:58,12.1464214
8:45:59,11.9770727
8:46:00,12.5178041
8:46:01,12.4375677
8:46:02,11.7591658
8:46:03,12.0184412
8:46:04,11.69972
8:46:05,12.2862568
8:46:06,11.7998142
8:46:07,11.75695
8:46:08,11.9188261
8:46:09,12.1651611
8:46:10,11.9539814
8:46:11,11.8829231
8:46:12,11.8913822
8:46:13,11.8219051
8:46:14,12.1358232
8:46:15,11.9534655
8:46:16,12.0953026
8:46:17,12.0646343
8:46:18,11.8152847
8:46:19,12.169775
8:46:20,11.9645519
8:46:21,12.051281
8:46:22,12.09581
8:46:23,11.9855242
8:46:24,12.3404913
8:46:25,11.9308758
8:46:26,11.9711561
8:46:27,11.7290134
8:46:28,12.147707
8:46:29,11.8812313
8:46:30,12.0061483
8:46:31,11.9791737
8:46:32,12.084197
8:46:33,11.7463446
8:46:34,12.188714
8:46:35,12.1694365
8:46:36,11.781867
8:46:37,11.7898188
8:46:38,12.0567646
8:46:39,12.0847225
8:46:40,11.939661
8:46:41,11.8587952
8:46:42,11.8510494
8:46:43,12.0314646
8:46:44,12.139719
8:46:45,12.0327559
8:46:46,12.1847725
8:46:47,11.98939
8:46:48,12.1044168
8:46:49,12.0983334
8:46:50,11.9407492
8:46:51,12.0004406
8:46:52,12.0529814
8:46:53,12.105896
8:46:54,11.916914
8:46:55,11.87272
8:46:56,12.2664547
8:46:57,12.33764
8:46:58,12.1225328
8:46:59,11.8787041
8:47:00,12.0073624
8:47:01,12.0594015
8:47:02,12.1547852
8:47:03,12.4237728
8:47:04,11.8808641
8:47:05,11.9343538
8:47:06,11.9917183
8:47:07,12.2655516
8:47:08,11.8755789
8:47:09,11.8016567
8:47:10,11.9154787
8:47:11,12.0475645
8:47:12,12.0687513
8:47:13,11.8502712
8:47:14,11.5410976
8:47:15,12.2455807
8:47:16,12.05495
8:47:17,12.1024618
8:47:18,11.9169512
8:47:19,11.9976645
8:47:20,11.6407681
8:47:21,11.9507885
8:47:22,11.6395226
8:47:23,12.3255987
8:47:24,12.1613789
8:47:25,12.2663975
8:47:26,12.504179
8:47:27,11.8254089
8:47:28,11.8153868
8:47:29,12.004364
8:47:30,12.1910973
8:47:31,11.742651
8:47:32,11.9953556
8:47:33,11.7224445
8:47:34,11.7452421
8:47:35,12.1514378
8:47:36,11.8828058
8:47:37,12.0089321
8:47:38,12.0479994
8:47:39,12.0414562
8:47:40,12.0163326
8:47:41,12.0049744
8:47:42,12.0688372
8:47:43,11.92567
8:47:44,12.203208
8:47:45,11.7962666
8:47:46,12.1357689
8:47:47,11.8032007
8:47:48,12.0676432
8:47:49,11.8490877
8:47:50,11.894453
8:47:51,12.0854893
8:47:52,12.0282955
8:47:53,12.0688906
8:47:54,12.1019344
8:47:55,11.8039351
8:47:56,11.8509073
8:47:57,11.819768
8:47:58,12.10104
8:47:59,11.9792223
8:48:00,11.9511538
8:48:01,11.7747469
8:48:02,11.9476633
8:48:03,12.2842054
8:48:04,12.005065
8:48:05,12.0313931
8:48:06,11.5342751
8:48:07,12.2375984
8:48:08,11.7487211
8:48:09,12.0167179
8:48:10,12.021904
8:48:11,11.7835588
8:48:12,11.7816
8:48:13,12.2157259
8:48:14,12.0653477
8:48:15,12.0948019
8:48:16,12.2807512
8:48:17,11.98331
8:48:18,12.033432
8:48:19,11.9646807
8:48:20,11.9410543
8:48:21,11.9562521
8:48:22,12.1644278
8:48:23,12.06472
8:48:24,12.1877861
8:48:25,12.125783
8:48:26,12.0504818
8:48:27,12.03459
8:48:28,12.1227951
8:48:29,12.0475292
8:48:30,12.0876417
8:48:31,11.9235373
8:48:32,11.9413643
8:48:33,12.1531658
8:48:34,12.02083
8:48:35,11.9459448
8:48:36,12.2181072
8:48:37,12.258954
8:48:38,12.0723982
8:48:39,11.8330994
8:48:40,11.969348
8:48:41,12.0441713
8:48:42,11.88581
8:48:43,12.0332222
8:48:44,12.0905762
8:48:45,12.0765715
8:48:46,12.1493816
8:48:47,12.0565081
8:48:48,12.00664
8:48:49,11.95111
8:48:50,11.8668451
8:48:51,12.0746937
8:48:52,12.26539
8:48:53,11.7954063
8:48:54,12.0650692
8:48:55,12.2365332
8:48:56,12.116354
8:48:57,11.77713
8:48:58,12.1169186
8:48:59,12.163599
8:49:00,12.0501585
8:49:01,11.8733578
8:49:02,12.0404005
8:49:03,12.1109848
8:49:04,11.748229
8:49:05,12.16159
8:49:06,12.1993437
8:49:07,11.8470688
8:49:08,12.1224747
8:49:09,12.0105467
8:49:10,11.9707346
8:49:11,11.7540321
8:49:12,11.8946772
8:49:13,11.7575283
8:49:14,11.9575806
8:49:15,12.0528316
8:49:16,12.0109253
8:49:17,11.8752108
8:49:18,12.1453552
8:49:19,11.8505573
8:49:20,11.9040976
8:49:21,11.8873072
8:49:22,11.7834206
8:49:23,12.1830034
8:49:24,12.0951366
8:49:25,12.0187626
8:49:26,12.1723909
8:49:27,12.0309248
8:49:28,11.8481789
8:49:29,12.0822268
8:49:30,12.0354815
8:49:31,12.1378412
8:49:32,11.7318363
8:49:33,12.1735487
8:49:34,12.0337839
8:49:35,12.0442467
8:49:36,11.9909048
8:49:37,11.8284464
8:49:38,12.117156
8:49:39,12.281827
8:49:40,12.0615253
8:49:41,12.0343294
8:49:42,11.8645954
8:49:43,12.1936417
8:49:44,12.4022512
8:49:45,11.912178
8:49:46,12.1892967
8:49:47,11.7424116
8:49:48,12.0846424
8:49:49,12.2267895
8:49:50,12.05617
8:49:51,11.9338732
8:49:52,11.9252424
8:49:53,11.9099922
8:49:54,11.92658
8:49:55,12.0690508
8:49:56,12.1937485
8:49:57,12.1490555
8:49:58,11.8674316
8:49:59,12.0966949
8:50:00,11.9804077
8:50:01,11.9685192
8:50:02,11.9329767
8:50:03,12.0639486
8:50:04,11.8173542
8:50:05,12.2400913
8:50:06,12.20733
8:50:07,11.9682541
8:50:08,11.9385567
8:50:09,12.2095909
8:50:10,12.0702925
8:50:11,11.9427452
8:50:12,12.0473175
8:50:13,11.8020248
8:50:14,12.000927
8:50:15,12.1151295
8:50:16,11.9267
8:50:17,12.0385056
8:50:18,12.3332472
8:50:19,11.9070654
8:50:20,12.6004095
8:50:21,11.529521
8:50:22,12.2689219
8:50:23,12.0164938
8:50:24,11.9916506
8:50:25,12.0293941
8:50:26,12.0481682
8:50:27,12.2909336
8:50:28,11.9600554
8:50:29,11.5958815
8:50:30,12.1123133
8:50:31,12.4468117
8:50:32,12.3493443
8:50:33,12.1263857
8:50:34,11.9373589
8:50:35,11.9706507
8:50:36,12.0313711
8:50:37,11.8320837
8:50:38,11.758194
8:50:39,11.744523
8:50:40,11.9477453
8:50:41,12.0205
8:50:42,12.1085491
8:50:43,11.9231567
8:50:44,12.0830631
8:50:45,11.8391914
8:50:46,11.9374542
8:50:47,11.9771891
8:50:48,12.15165
8:50:49,12.0112476
8:50:50,11.9913645
8:50:51,12.0077744
8:50:52,11.9918709
8:50:53,11.8350754
8:50:54,11.8409166
8:50:55,12.0624084
8:50:56,12.0597944
8:50:57,12.04509
8:50:58,11.8844852
8:50:59,11.98703
8:51:00,11.93775
8:51:01,11.8952475
8:51:02,12.1567345
8:51:03,11.9968586
8:51:04,12.319459
8:51:05,11.8060246
8:51:06,12.1664209
8:51:07,11.9841652
8:51:08,12.1645651
8:51:09,12.109436
8:51:10,11.970005
8:51:11,11.8230066
8:51:12,12.010849
8:51:13,11.8792782
8:51:14,12.1584568
8:51:15,11.9735613
8:51:16,12.19392
8:51:17,11.9745626
8:51:18,11.8663769
8:51:19,11.93627
8:51:20,11.93058
8:51:21,11.8475828
8:51:22,12.403904
8:51:23,11.9510231
8:51:24,11.90203
8:51:25,12.0087433
8:51:26,11.9997129
8:51:27,12.0451546
8:51:28,11.9482279
8:51:29,11.80311
8:51:30,11.8481293
8:51:32,12.0583172
8:51:33,11.98672
8:51:34,11.9606714
8:51:35,11.886055
8:51:36,11.7639589
8:51:37,11.9448147
8:51:38,11.8206234
8:51:39,12.0105333
8:51:40,11.80213
8:51:41,11.876091
8:51:42,12.0302391
8:51:43,12.0673656
8:51:44,12.1140614
8:51:45,12.0584526
8:51:46,12.3479433
8:51:47,12.1314144
8:51:48,11.9388018
8:51:49,12.0821867
8:51:50,11.8670874
8:51:51,11.6248655
8:51:52,11.8913431
8:51:53,11.789011
8:51:54,11.5897875
8:51:55,11.991457
8:51:56,11.9403868
8:51:57,12.1441259
8:51:58,11.9229212
8:51:59,12.09124
8:52:00,12.29736
8:52:01,11.9866295
8:52:02,12.0314331
8:52:03,12.2918444
8:52:04,11.9891911
8:52:05,11.771245
8:52:06,11.9368286
8:52:07,11.984334
8:52:08,12.0772161
8:52:09,12.05244
8:52:10,12.0772591
8:52:11,12.303834
8:52:12,12.0983133
8:52:13,12.083683
8:52:14,12.2634325
8:52:15,11.6933212
8:52:16,12.0939646
8:52:17,12.0425434
8:52:18,12.0706758
8:52:19,12.43966
8:52:20,12.0764465
8:52:21,12.211565
8:52:23,11.7694006
8:52:24,12.0296822
8:52:25,12.0460711
8:52:26,12.08863
8:52:27,12.0103436
8:52:28,11.9787436
8:52:29,11.8327217
8:52:30,12.1177683
8:52:31,12.10039
8:52:32,11.698678
8:52:33,12.0035973
8:52:34,11.9745913
8:52:35,12.2274523
8:52:36,11.8673916
8:52:37,11.6205463
8:52:38,11.9554081
8:52:39,11.7134333
8:52:40,12.262188
8:52:41,12.0443249
8:52:42,12.3617268
8:52:43,11.9807072
8:52:44,12.1084585
8:52:45,12.00032
8:52:46,11.7763233
8:52:47,12.5460711
8:52:48,12.0000219
8:52:49,11.920084
8:52:50,11.7086744
8:52:51,12.0389156
8:52:52,12.2251558
8:52:53,11.9381781
8:52:54,12.3175058
8:52:55,11.7975826
8:52:56,12.2103786
8:52:57,11.9263105
8:52:58,11.92792
8:52:59,12.1225719
8:53:00,12.1215391
8:53:01,12.0387449
8:53:02,12.0345535
8:53:03,11.7415342
8:53:04,11.8312159
8:53:05,11.9585905
8:53:06,12.1125469
8:53:07,11.9488668
8:53:08,12.0233545
8:53:09,12.0429821
8:53:10,12.0911341
8:53:11,11.9213772
8:53:12,12.1305647
8:53:13,11.9050379
8:53:14,12.0110073
8:53:15,12.19049
8:53:16,11.9876814
8:53:17,12.051219
8:53:18,11.98366
8:53:19,12.1778011
8:53:20,11.95339
8:53:21,12.1256161
8:53:22,11.7467117
8:53:23,11.8199
8:53:24,11.98645
8:53:25,11.93695
8:53:26,11.890831
8:53:27,11.9759521
8:53:28,12.0474014
8:53:29,12.324234
8:53:30,11.8078575
8:53:31,12.1382961
8:53:32,11.8075151
8:53:33,12.2128239
8:53:34,12.1112881
8:53:35,11.94405
8:53:36,11.9680777
8:53:37,11.8210726
8:53:38,12.1858215
8:53:39,12.3201122
8:53:40,11.7938147
8:53:41,11.937355
8:53:42,12.1062269
8:53:43,11.7794914
8:53:44,12.2580948
8:53:45,12.0871954
8:53:46,11.9292374
8:53:47,12.1279411
8:53:48,11.9394817
8:53:49,12.1686831
8:53:50,11.8081894
8:53:51,12.11945
8:53:52,11.9818316
8:53:53,12.1595392
8:53:54,12.0851774
8:53:55,12.002717
8:53:56,12.0420218
8:53:57,12.3024893
8:53:58,12.0201893
8:53:59,12.0691366
8:54:00,11.9327478
8:54:01,11.8716755
8:54:02,12.089138
8:54:03,12.0823107
8:54:04,12.16157
8:54:05,12.039341
8:54:06,11.8776922
8:54:07,11.9665718
8:54:08,11.82825
8:54:09,12.0209627
8:54:10,12.0666218
8:54:11,12.3519459
8:54:12,12.3172913
8:54:13,11.6453829
8:54:14,12.0489
8:54:15,11.9884825
8:54:16,11.7976122
8:54:17,12.2497368
8:54:18,11.9889021
8:54:19,11.8442926
8:54:20,11.9017048
8:54:21,12.0755644
8:54:22,11.9146519
8:54:23,12.0783587
8:54:24,12.0617418
8:54:25,12.1302214
8:54:26,11.9350758
8:54:27,11.970829
8:54:28,11.9265776
8:54:29,12.0177765
8:54:30,11.7199688
8:54:31,11.9894781
8:54:32,11.7532587
8:54:33,11.9702835
8:54:34,12.230978
8:54:35,12.32733
8:54:36,11.780715
8:54:37,11.8639193
8:54:38,11.9199724
8:54:39,12.4798384
8:54:40,11.877841
8:54:41,11.9327908
8:54:42,11.9895668
8:54:43,11.99921
8:54:44,12.06016
8:54:45,12.0818634
8:54:46,12.1225672
8:54:47,11.9203749
8:54:48,12.2681456
8:54:49,12.1541195
8:54:50,12.0085793
8:54:51,11.963129
8:54:52,11.88363
8:54:53,11.3872681
8:54:54,12.16822
8:54:55,12.2877312
8:54:56,11.9805
8:54:57,11.9500408
8:54:58,11.94564
8:54:59,12.381403
8:55:00,12.0295134
8:55:01,11.73239
8:55:02,12.4662123
8:55:03,12.4657459
8:55:04,12.1764727
8:55:05,11.9913187
8:55:06,12.0526114
8:55:07,11.9258385
8:55:08,11.7372923
8:55:09,11.9927835
8:55:10,11.9057655
8:55:11,11.9204378
8:55:12,12.1260586
8:55:13,12.29855
8:55:14,11.91653
8:55:15,12.1396513
8:55:16,12.2901392
8:55:17,11.9075146
8:55:18,11.96489
8:55:19,11.7986822
8:55:20,12.0096483
8:55:21,12.0153637
8:55:22,12.0953732
8:55:23,11.8556328
8:55:24,11.8961124
8:55:25,12.091157
8:55:26,12.0112505
8:55:27,11.9322367
8:55:28,12.0507717
8:55:29,12.2013865
8:55:30,11.9737272
8:55:31,11.9910727
8:55:32,11.9668884
8:55:33,11.94393
8:55:34,11.8894567
8:55:35,11.7571564
8:55:36,12.3527946
8:55:37,11.7594051
8:55:38,11.7637939
8:55:39,12.0347805
8:55:40,11.9696112
8:55:41,12.0510187
8:55:42,12.0915318
8:55:43,11.9742212
8:55:44,12.0023365
8:55:45,12.0589609
8:55:46,12.0629463
8:55:47,12.0328035
8:55:48,11.8587
8:55:49,11.8723974
8:55:50,11.865592
8:55:51,11.67976
8:55:52,12.043766
8:55:53,11.86413
8:55:54,12.0618982
8:55:55,12.2012978
8:55:56,11.9777422
8:55:57,12.1614037
8:55:58,12.1296892
8:55:59,11.8330851
8:56:00,11.7358036
8:56:01,12.1535769
8:56:02,11.9626245
8:56:03,12.0908575
8:56:04,12.3103724
8:56:05,11.87196
8:56:06,12.0453148
8:56:07,11.8610277
8:56:08,12.16326
8:56:09,12.0138454
8:56:10,12.2755785
8:56:11,12.1377993
8:56:12,11.8977537
8:56:13,11.9627581
8:56:14,12.0196543
8:56:15,12.0880985
8:56:16,11.8910913
8:56:17,12.0932159
8:56:18,11.9753275
8:56:19,11.88124
8:56:20,12.1350231
8:56:21,12.0108461
8:56:22,12.097928
8:56:23,12.0175209
8:56:24,11.7144318
8:56:25,12.1413965
8:56:26,11.9526043
8:56:27,11.8676558
8:56:28,11.9961309
8:56:29,12.2271471
8:56:30,11.9676628
8:56:31,11.99433
8:56:32,12.0299854
8:56:33,11.9979887
8:56:34,11.9205017
8:56:35,11.9667187
8:56:36,12.220336
8:56:37,11.99268
8:56:38,11.94137
8:56:39,11.8310747
8:56:40,12.1072178
8:56:41,12.0015984
8:56:42,12.1405973
8:56:43,11.9230738
8:56:44,11.8731651
8:56:45,12.2937412
8:56:46,11.9814
8:56:47,12.1636858
8:56:48,12.0786781
8:56:49,11.9149532
8:56:50,12.1284838
8:56:51,12.2049427
8:56:52,11.7506075
8:56:53,11.6215849
8:56:54,12.02983
8:56:55,12.0300074
8:56:56,12.3078594
8:56:57,12.0292177
8:56:58,11.8389492
8:56:59,12.2291183
8:57:00,11.85767
8:57:01,11.90372
8:57:02,12.2336731
8:57:03,12.0368023
8:57:04,11.9597378
8:57:05,11.9298449
8:57:06,11.9673538
8:57:07,12.0112228
8:57:08,12.0362206
8:57:09,11.9394341
8:57:10,11.9068308
8:57:11,12.3822079
8:57:12,11.9312916
8:57:13,12.0494986
8:57:14,12.25076
8:57:15,12.0748806
8:57:16,11.949708
8:57:17,11.7340164
8:57:18,12.0790081
8:57:19,12.34303
8:57:20,11.9749336
8:57:21,11.8001289
8:57:22,12.1019669
8:57:23,12.0517578
8:57:24,11.9978046
8:57:25,12.2449884
8:57:26,11.9822359
8:57:27,12.0822763
8:57:28,11.9727192
8:57:29,11.8156309
8:57:30,12.0278387
8:57:31,12.2055016
8:57:32,11.7878275
8:57:33,12.2840948
8:57:34,12.0798311
8:57:35,11.9043989
8:57:36,12.5444365
8:57:37,11.9107418
8:57:38,11.8216934
8:57:39,12.3099728
8:57:40,12.0746412
8:57:41,11.768755
8:57:42,11.8908358
8:57:43,12.13206
8:57:44,12.0727367
8:57:45,11.9064722
8:57:46,12.1532269
8:57:47,11.6984539
8:57:48,12.3014889
8:57:49,11.83331
8:57:50,12.0755434
8:57:51,12.1024685
8:57:52,12.2427969
8:57:53,11.9401073
8:57:54,12.0846386
8:57:55,11.8812637
8:57:56,12.0803347
8:57:57,12.1428967
8:57:58,11.9926662
8:57:59,11.9160891
8:58:00,11.89295
8:58:01,11.80432
8:58:02,11.9055319
8:58:03,12.0898066
8:58:04,12.0167713
8:58:05,11.6469688
8:58:06,12.038538
8:58:07,12.0141811
8:58:08,12.1346035
8:58:09,12.1470222
8:58:10,12.120286
8:58:11,11.8349667
8:58:12,11.4213486
8:58:13,11.8845987
8:58:14,11.9780951
8:58:15,12.0319719
8:58:16,12.1145277
8:58:17,12.1634979
8:58:18,11.7040873
8:58:19,11.7577772
8:58:20,12.2526636
8:58:21,11.7930384
8:58:22,11.9020224
8:58:23,12.0075388
8:58:24,11.9546976
8:58:25,12.1592121
8:58:26,12.1914482
8:58:27,12.097681
8:58:28,11.86317
8:58:29,12.011735
8:58:30,12.1297054
8:58:31,11.9489975
8:58:32,11.9335
8:58:33,11.8185024
8:58:34,12.13626
8:58:35,11.7328691
8:58:36,12.2525377
8:58:37,11.9812956
8:58:38,11.8762569
8:58:39,12.037199
8:58:40,12.1914988
8:58:41,12.3340225
8:58:42,11.9210949
8:58:43,12.1323662
8:58:44,12.0476322
8:58:45,12.12169
8:58:46,11.8153667
8:58:47,11.7961855
8:58:48,11.9162483
8:58:49,12.0286474
8:58:50,11.9918346
8:58:51,12.01618
8:58:52,11.98998
8:58:53,11.9279366
8:58:54,12.0013494
8:58:55,12.0562363
8:58:56,12.0358982
8:58:57,11.9838047
8:58:58,12.0945759
8:58:59,12.1410351
8:59:00,12.4369345
8:59:01,11.80319
8:59:02,12.1635342
8:59:03,12.0775223
8:59:04,12.0136585
8:59:05,11.8702164
8:59:06,11.8466215
8:59:07,12.3069277
8:59:08,11.8614779
8:59:09,12.0200872
8:59:10,11.85385
8:59:11,11.934762
8:59:12,11.8313189
8:59:13,11.8924379
8:59:14,11.9466629
8:59:15,12.1951876
8:59:16,11.960495
8:59:17,11.9491549
8:59:18,11.6902647
8:59:19,11.8012238
8:59:20,12.0872364
8:59:21,11.8380136
8:59:22,11.8468513
8:59:23,11.9834862
8:59:24,12.23005
8:59:25,11.6042557
8:59:26,12.2230587
8:59:27,12.0873251
8:59:28,12.00126
8:59:29,12.1891546
8:59:30,12.1310492
8:59:31,12.0729971
8:59:32,11.5463877
8:59:33,12.2590942
8:59:34,11.6081476
8:59:35,12.7144051
8:59:36,12.2081518
8:59:37,11.9336424
8:59:38,12.1552982
8:59:39,12.0234795
8:59:40,12.05703
8:59:41,11.8592987
8:59:42,12.0003567
8:59:43,11.9798927
8:59:44,11.9033108
8:59:45,12.0082779
8:59:46,11.9128532
8:59:47,11.8410025
8:59:48,12.13041
8:59:49,12.1230507
8:59:50,11.89153
8:59:51,12.0705929
8:59:52,11.9609861
8:59:53,11.8539543
8:59:54,12.0072813
8:59:55,11.7151814
8:59:56,12.31707
8:59:57,12.0889683
8:59:58,12.003334
8:59:59,12.330246
9:00:00,12.0122051
9:00:01,12.056222
9:00:02,11.9594164
9:00:03,12.1845837
9:00:04,12.03909
9:00:05,12.1824913
9:00:06,11.8218555
9:00:07,11.9994745
9:00:08,12.0582218
9:00:09,11.8983631
9:00:10,11.9292822
9:00:11,11.89012
9:00:12,11.9267044
9:00:13,11.8159857
9:00:14,12.2246609
9:00:15,11.9851742
9:00:16,11.8804531
9:00:17,12.0655279
9:00:18,11.8761625
9:00:19,12.2496281
9:00:20,12.3121233
9:00:21,12.1978531
9:00:22,11.78001
9:00:23,12.1353836
9:00:24,12.1245193
9:00:25,11.99589
9:00:26,11.7922611
9:00:27,12.09845
9:00:28,11.9984312
9:00:29,12.0086565
9:00:31,12.0335035
9:00:32,12.2522964
9:00:33,12.273592
9:00:34,11.9044628
9:00:35,11.9072275
9:00:36,12.1925411
9:00:37,12.0268354
9:00:38,11.85884
9:00:39,12.0498772
9:00:40,12.29117
9:00:41,11.9284716
9:00:42,11.7129507
9:00:43,11.9408293
9:00:45,12.0674047
9:00:46,12.0338774
9:00:48,12.1278963
9:00:49,12.008646
9:00:50,11.8763256
9:00:51,11.8498716
9:00:52,11.8723631
9:00:53,11.9754925
9:00:54,12.0448608
9:00:55,12.24991
9:00:56,12.2560053
9:00:57,11.9929667
9:00:58,11.9440861
9:00:59,11.91472
9:01:00,12.0818176
9:01:01,11.8589792
9:01:02,11.8507175
9:01:04,12.0452766
9:01:05,11.9866838
9:01:06,11.8691874
9:01:07,11.9002562
9:01:08,11.9795141
9:01:09,11.9680643
9:01:10,12.1657915
9:01:11,12.0388079
9:01:12,12.0780926
9:01:14,11.9787016
9:01:15,11.9837627
9:01:17,12.0313368
9:01:19,11.90883
9:01:20,11.7623262
9:01:21,11.786953
9:01:22,12.0523205
9:01:23,12.01692
9:01:24,12.1740179
9:01:25,12.1338091
9:01:26,11.9202185
9:01:27,11.9995537
9:01:28,11.8737984
9:01:30,12.2355137
9:01:31,11.8867569
9:01:32,12.0596294
9:01:33,11.9409523
9:01:34,12.2076626
9:01:35,11.9437284
9:01:36,12.0570164
9:01:37,11.8980732
9:01:38,11.8284721
9:01:39,12.272995
9:01:40,12.2143984
9:01:41,11.5998726
9:01:42,12.1281815
9:01:43,12.2270288
9:01:44,12.0785208
9:01:45,11.7974529
9:01:46,11.9563227
9:01:47,12.1100283
9:01:48,12.0680981
9:01:49,11.9633036
9:01:50,12.1136065
9:01:51,12.0032606
9:01:52,12.4335032
9:01:53,11.7972879
9:01:54,11.9741468
9:01:55,12.0762281
9:01:56,11.9790421
9:01:57,11.8759308
9:01:58,11.939332
9:01:59,11.9275408
9:02:00,12.00392
9:02:01,11.9356546
9:02:02,12.0785
9:02:03,12.0856075
9:02:04,11.8498507
9:02:05,12.0382519
9:02:06,11.9179945
9:02:07,12.0720739
9:02:08,12.1203318
9:02:09,11.9487572
9:02:10,12.0925636
9:02:11,12.0104313
9:02:12,11.8902378
9:02:13,12.0357161
9:02:14,11.6655931
9:02:15,12.2101393
9:02:16,12.12574
9:02:17,11.9227943
9:02:18,12.0359583
9:02:19,12.1014681
9:02:20,11.8883333
9:02:21,12.0642719
9:02:22,11.8671331
9:02:23,11.8440561
9:02:24,12.2801132
9:02:25,12.0219765
9:02:26,11.9035053
9:02:27,11.8137512
9:02:28,12.2505627
9:02:29,11.9943571
9:02:30,12.0297966
9:02:31,11.9662228
9:02:32,12.0048389
9:02:33,11.8421164
9:02:34,11.89118
9:02:35,11.9101276
9:02:36,12.0067129
9:02:37,12.0082445
9:02:38,12.0462179
9:02:39,11.8267536
9:02:40,11.791028
9:02:41,11.9053335
9:02:42,11.7681084
9:02:43,12.132987
9:02:44,11.9457712
9:02:45,12.0567169
9:02:46,12.0119228
9:02:47,11.7992439
9:02:48,12.2173777
9:02:49,11.8176765
9:02:50,11.8372583
9:02:51,11.8171167
9:02:52,11.9238844
9:02:53,12.0540657
9:02:54,12.2920351
9:02:55,11.7586756
9:02:56,12.281147
9:02:57,11.9232388
9:02:58,11.7339287
9:02:59,11.9375076
9:03:00,12.1671124
9:03:01,11.6968317
9:03:02,11.8556814
9:03:03,12.1423512
9:03:04,12.1707449
9:03:05,11.58723
9:03:06,11.9784126
9:03:07,11.92946
9:03:08,11.9395857
9:03:09,11.80023
9:03:10,12.053524
9:03:11,12.0315723
9:03:12,11.978447
9:03:13,11.89822
9:03:14,12.0925636
9:03:15,12.0374632
9:03:16,12.3620272
9:03:17,11.7891273
9:03:18,11.866477
9:03:19,11.9820766
9:03:20,11.9941664
9:03:21,11.8923674
9:03:22,12.30356
9:03:23,11.9079466
9:03:24,11.9008331
9:03:25,11.7869854
9:03:26,11.9980984
9:03:27,11.9294376
9:03:28,12.2881069
9:03:29,12.0582294
9:03:30,12.0918894
9:03:31,11.8581133
9:03:32,12.1767588
9:03:33,12.1292782
9:03:34,11.6722584
9:03:35,12.0116072
9:03:36,11.8581934
9:03:37,11.9362688
9:03:38,12.20438
9:03:39,11.763628
9:03:40,12.0883684
9:03:41,12.1401806
9:03:42,12.2525921
9:03:43,12.0492516
9:03:44,12.0977116
9:03:45,11.9746933
9:03:46,11.95453
9:03:47,12.0473814
9:03:48,12.0118742
9:03:49,11.9038057
9:03:50,12.1530962
9:03:51,11.9816322
9:03:52,11.8937445
9:03:53,11.8220711
9:03:54,12.01935
9:03:55,11.9848652
9:03:56,11.4734926
9:03:57,12.1297064
9:03:58,12.0654936
9:03:59,11.8715878
9:04:00,11.8428354
9:04:01,12.3770285
9:04:02,12.1653805
9:04:03,11.7274618
9:04:04,11.8786259
9:04:05,12.2766132
9:04:06,11.6782694
9:04:07,12.2090368
9:04:08,11.9302464
9:04:09,11.9279833
9:04:10,12.0845871
9:04:11,12.0393028
9:04:12,11.9378557
9:04:13,11.9249029
9:04:14,11.9305544
9:04:15,11.682641
9:04:16,11.853713
9:04:17,12.1470318
9:04:18,12.0962114
9:04:19,12.0518532
9:04:20,11.919343
9:04:21,11.9205332
9:04:22,11.8613405
9:04:23,11.9180393
9:04:24,12.063447
9:04:25,12.2042513
9:04:26,11.75483
9:04:27,12.1273508
9:04:28,12.0893116
9:04:29,11.6269464
9:04:30,12.0457458
9:04:31,11.7226839
9:04:32,12.1115074
9:04:33,11.7511921
9:04:34,11.9392433
9:04:35,11.9414263
9:04:36,12.0668516
9:04:37,12.0467739
9:04:38,11.927166
9:04:39,11.9663429
9:04:40,12.1888752
9:04:41,11.9689445
9:04:42,11.9846506
9:04:43,11.8588285
9:04:44,12.0754356
9:04:45,12.1853256
9:04:46,12.0231361
9:04:47,12.1382771
9:04:48,11.9670763
9:04:49,11.8069859
9:04:50,12.3360729
9:04:51,12.0931921
9:04:52,12.031395
9:04:53,12.033947
9:04:54,11.8523226
9:04:55,12.2423782
9:04:56,12.1336975
9:04:57,11.9555283
9:04:58,12.1736326
9:04:59,12.1116428
9:05:00,11.8771009
9:05:01,12.0251741
9:05:02,11.7646532
9:05:03,12.0270252
9:05:04,11.6042061
9:05:05,11.8566
9:05:06,11.9557209
9:05:07,12.1451159
9:05:08,11.9700785
9:05:09,12.0531158
9:05:10,12.0699682
9:05:11,11.8870506
9:05:12,12.2793512
9:05:13,11.9014568
9:05:14,12.0037527
9:05:15,12.010745
9:05:16,12.0290365
9:05:17,11.9945335
9:05:18,11.8026037
9:05:19,11.6575222
9:05:20,12.0053635
9:05:21,11.9266586
9:05:22,11.7668324
9:05:23,11.826438
9:05:24,11.8204145
9:05:25,11.8954983
9:05:26,12.0700912
9:05:27,12.0812063
9:05:28,11.9386587
9:05:29,11.8005047
9:05:30,12.0949154
9:05:31,11.82552
9:05:32,12.20599
9:05:33,12.2702341
9:05:34,12.0517616
9:05:35,12.1214476
9:05:36,11.8180351
9:05:37,11.9858055
9:05:38,12.0477581
9:05:39,11.9805431
9:05:40,12.0409269
9:05:41,12.181119
9:05:42,11.7503643
9:05:43,11.9504032
9:05:44,12.3294954
9:05:45,12.0581293
9:05:46,12.1473637
9:05:47,12.0087938
9:05:48,11.8525391
9:05:49,12.0927505
9:05:50,12.1081142
9:05:51,12.0505419
9:05:52,12.0863237
9:05:53,12.1401
9:05:54,12.1373358
9:05:55,12.0963
9:05:56,11.9891729
9:05:57,11.980648
9:05:58,12.1526461
9:05:59,11.9168711
9:06:00,11.6323738
9:06:01,12.0826683
9:06:02,11.864336
9:06:03,12.0115509
9:06:04,12.1906214
9:06:05,12.01862
9:06:06,12.1170483
9:06:07,11.9423466
9:06:08,12.1278639
9:06:09,11.7862682
9:06:10,11.990799
9:06:11,12.017086
9:06:12,11.5510483
9:06:13,11.8799772
9:06:14,12.095809
9:06:15,11.9723272
9:06:16,12.005825
9:06:17,12.213707
9:06:18,11.9259357
9:06:19,11.92728
9:06:20,12.0995131
9:06:21,12.2129831
9:06:22,12.3954468
9:06:23,12.0426264
9:06:24,11.8391848
9:06:25,11.6763353
9:06:26,12.048255
9:06:27,12.0475321
9:06:28,12.0556049
9:06:29,11.7262583
9:06:30,11.8623018
9:06:31,11.765934
9:06:32,11.6745462
9:06:33,12.158967
9:06:34,11.7146521
9:06:35,11.7607212
9:06:36,11.8166656
9:06:37,11.9044609
9:06:38,11.933
9:06:39,12.04194
9:06:40,12.1409
9:06:41,12.0262661
9:06:42,11.9897652
9:06:43,12.1809673
9:06:44,11.8663349
9:06:45,12.2085333
9:06:46,12.0083351
9:06:47,11.8948107
9:06:48,12.0474672
9:06:49,11.7859774
9:06:50,11.84314
9:06:51,12.0963945
9:06:52,12.2042074
9:06:53,12.2698078
9:06:54,12.00266
9:06:55,11.8677893
9:06:56,11.99949
9:06:57,12.0304375
9:06:58,12.0668726
9:06:59,11.7660093
9:07:00,11.9575472
9:07:01,12.0422611
9:07:02,12.1599712
9:07:03,12.052907
9:07:04,11.6897316
9:07:05,12.0049505
9:07:06,12.0377359
9:07:07,11.9387321
9:07:08,12.0909939
9:07:09,12.140542
9:07:10,11.8915644
9:07:11,11.760066
9:07:12,11.865303
9:07:13,11.9323606
9:07:14,12.2524652
9:07:15,11.7934923
9:07:16,11.898221
9:07:17,12.0165071
9:07:18,11.8154335
9:07:19,11.9127483
9:07:20,11.9085054
9:07:21,11.8342056
9:07:22,11.9978247
9:07:23,11.8144417
9:07:24,12.06936
9:07:25,12.16509
9:07:26,12.1795959
9:07:27,11.930481
9:07:28,11.9290981
9:07:29,12.1151247
9:07:30,12.4599524
9:07:31,11.7557106
9:07:32,11.5324
9:07:33,12.1677942
9:07:34,11.8927841
9:07:35,12.0665884
9:07:36,11.8490686
9:07:37,12.1325026
9:07:38,11.818718
9:07:39,11.8025541
9:07:40,11.9179735
9:07:41,11.9848757
9:07:42,11.9574442
9:07:43,12.2241993
9:07:44,12.1243248
9:07:45,12.034708
9:07:46,11.954565
9:07:47,11.908268
9:07:48,11.9814663
9:07:49,12.0079775
9:07:50,11.9637661
9:07:51,12.28939
9:07:52,11.862627
9:07:53,11.9399633
9:07:54,12.20566
9:07:55,12.0362711
9:07:56,12.0785275
9:07:57,11.80184
9:07:58,12.04614
9:07:59,12.0771112
9:08:00,11.9357061
9:08:01,12.07704
9:08:02,11.7344856
9:08:03,12.0966873
9:08:04,12.0534649
9:08:05,12.2219944
9:08:06,11.91468
9:08:07,11.952899
9:08:08,12.1636019
9:08:09,11.8785267
9:08:10,11.91899
9:08:11,11.8847847
9:08:12,12.12846
9:08:13,12.0275726
9:08:14,12.0228071
9:08:15,11.83103
9:08:16,11.9488554
9:08:17,12.0941658
9:08:18,12.0537367
9:08:19,11.8248129
9:08:20,12.0166264
9:08:21,11.8310928
9:08:22,11.972724
9:08:23,11.9653435
9:08:24,11.82284
9:08:25,12.1501036
9:08:26,11.9677315
9:08:27,11.6933222
9:08:28,11.824111
9:08:29,11.8366175
9:08:31,12.10125
9:08:32,12.0899734
9:08:33,12.0561314
9:08:34,11.7559137
9:08:35,12.2022285
9:08:36,12.10384
9:08:37,12.163352
9:08:38,12.2704945
9:08:39,11.9951591
9:08:40,11.8761873
9:08:41,11.8857021
9:08:42,12.262886
9:08:43,12.0388861
9:08:44,11.8823433
9:08:45,11.99628
9:08:46,11.81428
9:08:47,12.2454548
9:08:48,11.8992271
9:08:49,12.0609846
9:08:50,11.886797
9:08:51,11.7596207
9:08:52,12.193346
9:08:53,11.97106
9:08:54,12.0674572
9:08:55,11.7902775
9:08:56,12.1658344
9:08:57,12.2162132
9:08:58,10.6081877
9:08:59,11.2656059
9:09:00,13.1738443
9:09:01,14.4795961
9:09:02,11.9066849
9:09:03,11.8441191
9:09:04,11.9735489
9:09:05,12.0211535
9:09:06,11.8180676
9:09:07,11.9885654
9:09:08,11.8798418
9:09:09,11.87767
9:09:10,11.7499189
9:09:11,11.9230509
9:09:12,12.0371981
9:09:13,11.9577236
9:09:14,12.020915
9:09:15,11.7948227
9:09:16,12.0186453
9:09:17,11.9488573
9:09:18,11.8077831
9:09:19,12.0975208
9:09:20,12.0473852
9:09:21,12.0579929
9:09:22,12.2498159
9:09:23,12.02977
9:09:24,11.8536406
9:09:25,11.8897448
9:09:26,12.161828
9:09:27,12.0593605
9:09:28,11.9481983
9:09:29,12.0252638
9:09:31,11.9813223
9:09:32,11.87347
9:09:33,12.1812372
9:09:34,12.0740824
9:09:35,12.0786428
9:09:37,12.0986977
9:09:39,12.1076488
9:09:40,11.9148092
9:09:41,11.809742
9:09:42,12.26308
9:09:44,12.0883884
9:09:45,12.0020266
9:09:46,12.06822
9:09:47,11.5332794
9:09:48,11.7858553
9:09:49,12.0862885
9:09:50,11.8417463
9:09:51,12.1709738
9:09:52,11.8533154
9:09:53,12.09699
9:09:54,11.8438473
9:09:55,12.1190767
9:09:56,11.72151
9:09:57,12.0438786
9:09:58,12.1088152
9:09:59,11.9431562
9:10:00,11.9348917
9:10:01,12.0160713
9:10:02,11.788641
9:10:03,11.9561529
9:10:04,12.0215616
9:10:05,11.9837761
9:10:06,12.0908337
9:10:07,12.18014
9:10:08,12.0866232
9:10:09,11.908267
9:10:11,11.7879486
9:10:12,11.9541655
9:10:13,12.01929
9:10:14,11.9358969
9:10:15,11.9476814
9:10:16,12.01888
9:10:17,11.7989378
9:10:18,12.1735888
9:10:19,12.129138
9:10:20,12.1360264
9:10:21,12.2488127
9:10:22,11.9255543
9:10:23,12.0604591
9:10:24,12.3343868
9:10:25,12.1663094
9:10:26,12.0222025
9:10:27,12.104805
9:10:28,11.9868383
9:10:29,11.8639936
9:10:30,11.8565245
9:10:31,12.0543032
9:10:32,11.8839664
9:10:33,11.7047644
9:10:34,11.9346676
9:10:35,12.1293774
9:10:36,11.8270912
9:10:37,12.0645247
9:10:38,12.2172546
9:10:39,12.1557064
9:10:40,11.9665823
9:10:41,11.8726358
9:10:42,11.902359
9:10:43,12.0938549
9:10:44,12.0151825
9:10:45,12.2983332
9:10:46,12.2497921
9:10:47,11.8084888
9:10:48,12.2220945
9:10:49,12.00278
9:10:50,11.9305277
9:10:51,11.8904324
9:10:52,12.1385641
9:10:53,12.1571064
9:10:54,12.065443
9:10:55,12.0139523
9:10:56,12.3873568
9:10:57,11.9818554
9:10:58,12.0884037
9:10:59,11.9017467
9:11:00,12.18418
9:11:01,11.9418831
9:11:02,11.9806385
9:11:03,11.7980766
9:11:04,12.1049633
9:11:05,12.3109446
9:11:06,12.5549641
9:11:07,11.2149267
9:11:08,12.1296263
9:11:09,12.2760248
9:11:10,12.2717667
9:11:11,11.9805861
9:11:12,12.0126276
9:11:13,11.9740973
9:11:14,12.016367
9:11:15,12.1279659
9:11:16,11.8702545
9:11:17,12.3922539
9:11:18,12.0414429
9:11:19,11.96079
9:11:20,12.148613
9:11:21,12.0537262
9:11:22,12.0207462
9:11:23,11.7928076
9:11:24,12.0143957
9:11:25,12.1358
9:11:26,12.2343645
9:11:27,11.8815155
9:11:28,12.0592718
9:11:29,11.74935
9:11:30,11.750042
9:11:31,12.1827593
9:11:32,12.2070169
9:11:33,11.7854347
9:11:34,12.0380373
9:11:35,12.0548906
9:11:36,12.0864391
9:11:38,12.0985765
9:11:39,11.9373369
9:11:40,12.0415974
9:11:41,11.9602289
9:11:42,12.0056915
9:11:43,11.9075451
9:11:44,11.9861393
9:11:45,11.6402979
9:11:46,12.0883131
9:11:47,11.9796457
9:11:48,12.0573988
9:11:49,12.2299032
9:11:50,12.0085955
9:11:51,12.020587
9:11:52,11.6958427
9:11:53,12.0105448
9:11:54,11.7362947
9:11:55,12.1299934
9:11:56,12.1715984
9:11:57,12.0230446
9:11:58,12.1291094
9:11:59,11.8827639
9:12:00,11.75052
9:12:01,11.8472843
9:12:02,11.9730606
9:12:03,12.0029716
9:12:04,11.8421669
9:12:05,12.30965
9:12:06,12.0615253
9:12:07,11.8710337
9:12:08,11.8800783
9:12:09,11.8624716
9:12:10,11.9341841
9:12:11,12.1105566
9:12:12,12.1106834
9:12:13,11.8332472
9:12:14,12.0197191
9:12:15,12.0212812
9:12:16,11.9312382
9:12:17,12.0154095
9:12:18,12.1766682
9:12:19,12.2330236
9:12:20,12.0122232
9:12:21,11.9222765
9:12:22,11.7217073
9:12:23,11.9146595
9:12:24,12.0816822
9:12:25,11.9571924
9:12:26,11.9376535
9:12:27,12.1580639
9:12:28,12.1438875
9:12:29,11.9631624
9:12:30,11.9464722
9:12:31,11.85398
9:12:32,12.0642424
9:12:33,11.8549576
9:12:34,12.2181492
9:12:35,12.0230179
9:12:36,11.9950657
9:12:37,11.786541
9:12:38,12.2442293
9:12:39,12.3930492
9:12:40,11.9477768
9:12:41,11.8837633
9:12:42,12.84837
9:12:43,11.35957
9:12:44,11.6409645
9:12:45,11.8870049
9:12:46,12.0614433
9:12:47,11.8204632
9:12:48,11.9659348
9:12:49,12.1241722
9:12:50,11.8655939
9:12:51,12.1743011
9:12:52,11.9049511
9:12:53,12.165288
9:12:54,12.1707554
9:12:55,12.0834513
9:12:56,11.9517164
9:12:57,12.1832991
9:12:58,11.7980261
9:12:59,12.2254992
9:13:00,12.0317736
9:13:01,11.7763386
9:13:02,11.8813877
9:13:03,11.8392391
9:13:04,11.9064722
9:13:05,12.0971432
9:13:06,12.0036755
9:13:07,12.0533552
9:13:08,12.0452032
9:13:09,12.4089489
9:13:10,11.5017691
9:13:11,12.0900478
9:13:12,11.8720484
9:13:13,11.8997679
9:13:14,12.046217
9:13:15,12.0396519
9:13:16,11.96309
9:13:17,11.7552538
9:13:18,12.1254416
9:13:19,12.0936441
9:13:20,11.82336
9:13:21,11.9724216
9:13:22,12.1769247
9:13:23,11.3491869
9:13:24,11.7984295
9:13:25,12.2951126
9:13:26,12.0580959
9:13:27,12.1271963
9:13:28,11.9797525
9:13:29,11.9180346
9:13:30,11.8160257
9:13:31,12.0610857
9:13:32,12.412899
9:13:33,11.98763
9:13:34,12.0727043
9:13:35,11.9792795
9:13:36,11.7694006
9:13:37,11.834383
9:13:38,11.9636669
9:13:39,12.2788744
9:13:40,12.3240051
9:13:41,11.914031
9:13:42,11.9777412
9:13:43,11.855484
9:13:44,11.76375
9:13:45,12.0872536
9:13:46,11.6648293
9:13:47,11.9596529
9:13:48,12.0208654
9:13:49,11.9418
9:13:50,12.0217075
9:13:51,11.8193226
9:13:52,11.8944569
9:13:53,11.913476
9:13:54,12.0401764
9:13:55,12.3066711
9:13:56,11.9824429
9:13:57,12.0866575
9:13:58,11.6072521
9:13:59,12.0352345
9:14:00,12.0056238
9:14:01,11.821413
9:14:02,12.0397949
9:14:03,11.9395275
9:14:04,11.7045794
9:14:05,11.9364767
9:14:06,12.3011494
9:14:07,11.9719086
9:14:08,11.8413744
9:14:09,11.9769411
9:14:10,12.117383
9:14:11,11.9606819
9:14:12,12.2601452
9:14:13,12.0589724
9:14:14,12.36786
9:14:15,11.9340286
9:14:16,11.9333429
9:14:17,11.8007507
9:14:18,11.9636173
9:14:19,11.8448248
9:14:20,12.0753813
9:14:21,11.91229
9:14:22,12.0080481
9:14:23,12.0257473
9:14:24,11.9584665
9:14:25,11.8722105
9:14:26,11.7881536
9:14:27,12.13547
9:14:28,11.9441786
9:14:29,12.1870937
9:14:30,11.95156
9:14:31,11.8038979
9:14:32,12.12683
9:14:33,12.2240448
9:14:34,12.064106
9:14:35,11.8325157
9:14:36,11.8460913
9:14:37,11.7450237
9:14:38,12.4158335
9:14:39,12.0911608
9:14:40,11.8678989
9:14:41,12.0072308
9:14:42,11.9643955
9:14:43,11.8578548
9:14:44,12.1421385
9:14:45,12.0429859
9:14:46,11.9103031
9:14:47,12.0019722
9:14:48,11.8253851
9:14:49,12.3510637
9:14:50,11.8804235
9:14:51,11.9240208
9:14:52,12.1244888
9:14:53,12.08815
9:14:54,12.1476831
9:14:55,11.9813166
9:14:56,11.7034445
9:14:57,11.8330193
9:14:58,11.90078
9:14:59,11.9110479
9:15:00,12.2161865
9:15:01,12.3434868
9:15:02,11.8794613
9:15:03,12.1394567
9:15:04,11.86266
9:15:05,12.1586227
9:15:06,12.0085382
9:15:07,11.9833517
9:15:08,11.8795834
9:15:09,11.8670635
9:15:10,12.5262928
9:15:11,11.6447515
9:15:12,11.9632215
9:15:13,12.3562374
9:15:14,12.12585
9:15:15,11.8921957
9:15:16,12.0427961
9:15:17,11.8669786
9:15:18,11.969306
9:15:19,12.0169191
9:15:20,12.097291
9:15:21,12.1654406
9:15:22,12.1194706
9:15:23,11.8685942
9:15:24,11.9069328
9:15:25,12.0540028
9:15:26,12.2288036
9:15:27,12.1276836
9:15:28,11.8737535
9:15:29,12.3528986
9:15:30,12.1045885
9:15:31,11.9613857
9:15:32,12.259057
9:15:33,11.8818979
9:15:34,11.7868176
9:15:35,12.017025
9:15:36,11.9740562
9:15:37,11.9353724
9:15:38,11.5109882
9:15:39,12.0288506
9:15:40,12.0096111
9:15:41,11.9220152
9:15:42,12.0395317
9:15:43,11.9251995
9:15:44,11.9136782
9:15:45,12.0427
9:15:46,11.9098425
9:15:47,12.1383944
9:15:48,12.1352
9:15:49,12.4427729
9:15:50,11.9519367
9:15:51,12.2167969
9:15:52,12.0970573
9:15:53,12.1780634
9:15:54,12.1013823
9:15:55,11.9012079
9:15:56,12.0111647
9:15:57,11.8908949
9:15:58,11.8538752
9:15:59,12.0465021
9:16:00,11.8741875
9:16:01,11.8139286
9:16:02,12.26654
9:16:03,12.1561
9:16:04,12.2006779
9:16:05,11.7170191
9:16:06,11.6348839
9:16:07,11.9446363
9:16:08,12.046917
9:16:09,12.1120777
9:16:10,12.1493044
9:16:11,12.0198631
9:16:12,11.990057
9:16:13,12.0950594
9:16:14,11.892149
9:16:15,11.9870415
9:16:16,12.118763
9:16:17,11.9100885
9:16:18,11.8154716
9:16:19,11.9403343
9:16:20,11.94745
9:16:21,12.101881
9:16:22,12.0583916
9:16:23,11.987916
9:16:24,12.076479
9:16:25,12.1707964
9:16:26,11.9392242
9:16:27,11.8173275
9:16:28,12.01421
9:16:29,12.1629381
9:16:30,12.20181
9:16:31,12.1618633
9:16:32,12.0080719
9:16:33,12.1737051
9:16:34,12.0643454
9:16:35,12.0663757
9:16:36,12.0737553
9:16:37,11.8618059
9:16:38,12.1176643
9:16:39,11.8108234
9:16:40,12.1945724
9:16:41,11.9426937
9:16:42,11.8461161
9:16:43,11.8813963
9:16:44,12.134243
9:16:45,12.0782509
9:16:46,11.959321
9:16:47,11.9995852
9:16:48,12.1923695
9:16:49,12.0368147
9:16:50,12.2021551
9:16:51,11.9998522
9:16:52,11.9311781
9:16:53,12.2088442
9:16:54,11.9147949
9:16:55,11.9702673
9:16:56,11.9978724
9:16:57,12.1178646
9:16:58,12.0571814
9:16:59,12.28035
9:17:00,12.1999426
9:17:01,11.8874435
9:17:02,11.9403276
9:17:03,11.8144779
9:17:04,11.8570776
9:17:05,11.8929672
9:17:06,12.1369257
9:17:07,12.0663071
9:17:08,11.9668636
9:17:09,11.6905842
9:17:10,11.9921808
9:17:11,11.8387623
9:17:12,12.27886
9:17:13,12.2269554
9:17:14,11.7966318
9:17:15,12.1355267
9:17:16,12.1600924
9:17:17,12.2778978
9:17:18,12.0327682
9:17:19,11.9497986
9:17:20,11.7899742
9:17:21,11.9509811
9:17:22,11.8420677
9:17:23,12.1829567
9:17:24,11.7868443
9:17:25,12.0349865
9:17:26,12.1839819
9:17:27,11.9779968
9:17:28,12.03009
9:17:29,11.9231472
9:17:31,11.925786
9:17:32,12.3024473
9:17:33,11.886096
9:17:34,11.9098425
9:17:35,12.102952
9:17:36,11.9904613
9:17:37,12.0413542
9:17:38,12.1744251
9:17:39,11.9640789
9:17:40,12.1503477
9:17:41,11.9551086
9:17:42,12.1001978
9:17:43,11.6751566
9:17:44,11.681263
9:17:45,12.07136
9:17:46,11.843255
9:17:47,12.0789795
9:17:48,11.8638382
9:17:49,12.1775589
9:17:50,12.0028267
9:17:51,11.84104
9:17:52,12.1069136
9:17:53,11.8794127
9:17:54,11.4496832
9:17:55,12.4592772
9:17:56,12.0299006
9:17:57,11.9194994
9:17:58,12.0917768
9:17:59,12.1521082
9:18:00,12.0079
9:18:01,11.9556856
9:18:02,12.1237459
9:18:03,11.9890995
9:18:04,12.3653841
9:18:05,12.1913977
9:18:06,12.05227
9:18:07,11.9548178
9:18:08,12.0519075
9:18:09,12.2362747
9:18:10,12.1032944
9:18:11,11.8042488
9:18:12,11.9330034
9:18:13,11.95209
9:18:14,11.8050661
9:18:15,12.0265923
9:18:16,12.0217705
9:18:17,12.1136894
9:18:18,12.0292444
9:18:19,11.79985
9:18:20,12.0229044
9:18:21,11.8199692
9:18:22,11.97475
9:18:23,12.0933762
9:18:24,12.0218115
9:18:25,12.0614376
9:18:26,12.0038576
9:18:27,11.6763954
9:18:29,12.015255
9:18:30,12.0713625
9:18:32,11.9453192
9:18:33,11.8902683
9:18:35,11.83989
9:18:36,11.9323463
9:18:38,12.1529255
9:18:39,12.0339193
9:18:40,11.9592466
9:18:41,12.2335491
9:18:43,11.7797871
9:18:44,11.9945621
9:18:45,11.9770975
9:18:46,12.0292158
9:18:47,11.89014
9:18:48,12.0297785
9:18:49,12.3039274
9:18:50,12.1859007
9:18:51,11.8357611
9:18:52,11.7489395
9:18:53,11.7470522
9:18:54,12.0482368
9:18:55,11.8782082
9:18:56,11.9261541
9:18:57,11.9629908
9:18:58,11.8223171
9:18:59,12.0207472
9:19:00,12.0874434
9:19:01,12.0312281
9:19:02,12.0360126
9:19:03,11.9184952
9:19:04,11.8552971
9:19:05,11.9749975
9:19:06,11.9967051
9:19:07,11.6488619
9:19:08,12.046586
9:19:09,11.5490665
9:19:10,12.239027
9:19:11,12.008914
9:19:12,12.0919123
9:19:13,12.0802565
9:19:14,11.7068405
9:19:15,12.0299034
9:19:16,12.0374346
9:19:17,12.0558567
9:19:18,11.8866673
9:19:19,11.843132
9:19:20,11.80178
9:19:21,12.2887077
9:19:22,11.9287949
9:19:23,12.0646763
9:19:24,12.23945
9:19:25,12.0247641
9:19:26,12.1382914
9:19:27,11.9938774
9:19:28,12.1518536
9:19:29,12.3294582
9:19:30,12.18764
9:19:31,11.7662525
9:19:32,12.0407934
9:19:33,11.8981972
9:19:34,12.0888462
9:19:35,12.3659658
9:19:36,11.9583569
9:19:37,11.9194984
9:19:38,11.885498
9:19:39,12.12861
9:19:40,12.0582142
9:19:41,11.7032661
9:19:42,12.0182819
9:19:43,12.1205587
9:19:44,11.996191
9:19:45,11.813612
9:19:46,12.2165718
9:19:47,11.9528847
9:19:48,12.2510529
9:19:49,11.8967152
9:19:50,11.9219532
9:19:51,11.9862595
9:19:52,12.1042576
9:19:53,11.9122305
9:19:54,11.9269762
9:19:55,12.13412
9:19:56,11.8403
9:19:57,11.8616467
9:19:58,11.93397
9:19:59,12.1557589
9:20:00,12.1488152
9:20:01,12.188838
9:20:02,11.9082174
9:20:03,11.9684715
9:20:04,11.78634
9:20:05,11.6934977
9:20:06,12.2164249
9:20:07,11.90688
9:20:08,11.9263783
9:20:09,12.0205269
9:20:10,11.2184868
9:20:11,12.0443478
9:20:12,11.9241495
9:20:13,12.2689562
9:20:14,12.0133944
9:20:15,12.3017855
9:20:16,12.3471794
9:20:17,11.832346
9:20:18,11.9509525
9:20:19,11.9259768
9:20:20,11.7901068
9:20:21,12.096364
9:20:22,12.101613
9:20:23,11.8987942
9:20:24,12.1949854
9:20:25,12.0731306
9:20:26,11.8426828
9:20:27,12.2120409
9:20:28,11.7754059
9:20:29,11.9720659
9:20:30,12.2544651
9:20:31,12.1447477
9:20:32,11.9734049
9:20:33,11.8486061
9:20:34,11.8275385
9:20:35,12.0621424
9:20:36,11.8261738
9:20:37,11.8667278
9:20:38,11.8701239
9:20:39,11.82357
9:20:40,12.0973587
9:20:41,12.182148
9:20:42,12.0078459
9:20:43,11.9108438
9:20:44,11.9679832
9:20:45,12.0353079
9:20:46,12.1975155
9:20:47,12.1192417
9:20:48,12.0288486
9:20:49,11.8238659
9:20:50,12.18056
9:20:51,12.0074129
9:20:52,12.2458677
9:20:53,12.0466537
9:20:54,12.1087608
9:20:55,11.9031668
9:20:56,11.9262543
9:20:57,11.9847689
9:20:58,11.96851
9:20:59,12.1151085
9:21:00,12.2306662
9:21:01,11.8046522
9:21:02,11.9890881
9:21:03,11.8968716
9:21:04,11.7925158
9:21:05,11.8769178
9:21:06,11.7596817
9:21:07,11.909194
9:21:08,12.0234509
9:21:09,12.171505
9:21:10,11.9785128
9:21:11,12.0921211
9:21:12,11.6903687
9:21:13,11.960618
9:21:14,12.02319
9:21:15,11.9632692
9:21:16,11.9773846
9:21:17,11.9719353
9:21:18,12.2595749
9:21:19,12.0157881
9:21:20,11.8850946
9:21:21,12.0750494
9:21:22,11.8886852
9:21:23,11.8859272
9:21:24,12.19147
9:21:25,12.1927662
9:21:26,12.12285
9:21:27,11.8612766
9:21:28,11.8020344
9:21:29,12.1059227
9:21:30,11.9100685
9:21:31,11.9906921
9:21:32,11.7754812
9:21:33,11.7938271
9:21:34,11.9347076
9:21:35,11.9402742
9:21:36,11.8142414
9:21:37,11.9094477
9:21:38,11.98396
9:21:39,11.9508123
9:21:40,12.0251827
9:21:41,12.0283232
9:21:42,12.1112137
9:21:43,11.955986
9:21:44,11.8774443
9:21:45,12.1005831
9:21:46,12.02003
9:21:47,12.329175
9:21:48,12.0794106
9:21:49,12.0270185
9:21:50,12.0130186
9:21:51,11.9433308
9:21:52,11.9065151
9:21:53,11.9916019
9:21:54,12.2064066
9:21:55,11.9883432
9:21:56,11.890934
9:21:57,12.075736
9:21:58,12.0302143
9:21:59,11.9334583
9:22:00,12.0160589
9:22:01,11.8493767
9:22:02,12.0766182
9:22:03,11.7683277
9:22:04,12.0733423
9:22:05,11.9589
9:22:06,12.0858383
9:22:07,11.8557968
9:22:08,12.0058441
9:22:09,11.812006
9:22:10,12.1909342
9:22:11,12.0890827
9:22:12,12.0555391
9:22:13,12.1135864
9:22:14,11.9791574
9:22:15,12.2330236
9:22:16,12.1457548
9:22:17,11.9970131
9:22:18,11.9548349
9:22:19,12.081543
9:22:20,12.1847773
9:22:21,12.0654869
9:22:22,11.6622992
9:22:23,12.0748281
9:22:24,12.0654011
9:22:25,11.8701887
9:22:26,12.2297668
9:22:27,11.6096344
9:22:28,12.0577908
9:22:29,12.1110287
9:22:30,12.376502
9:22:31,12.0695305
9:22:32,11.7394981
9:22:33,11.9784412
9:22:34,12.1890173
9:22:35,12.3556719
9:22:36,12.461668
9:22:37,11.7539825
9:22:38,11.7538805
9:22:39,11.8041525
9:22:40,11.8958
9:22:41,12.2423172
9:22:42,12.0387583
9:22:43,11.9950008
9:22:44,12.0743876
9:22:45,11.9557447
9:22:46,11.7562876
9:22:47,11.7946825
9:22:48,12.0560656
9:22:49,12.1809092
9:22:50,11.8244944
9:22:51,12.2344761
9:22:52,12.1737309
9:22:53,12.2212553
9:22:54,11.7060366
9:22:55,12.1004648
9:22:56,12.1272774
9:22:57,11.8291492
9:22:58,12.1053219
9:22:59,12.2110291
9:23:00,12.1511288
9:23:01,12.0403013
9:23:02,11.7410793
9:23:03,11.9880772
9:23:04,11.9637308
9:23:05,12.0161657
9:23:06,12.1390467
9:23:07,11.5149879
9:23:08,12.1481476
9:23:09,12.0164423
9:23:10,11.9218845
9:23:11,11.9148369
9:23:12,11.89864
9:23:13,11.9126673
9:23:14,12.0736418
9:23:15,12.2148447
9:23:16,11.8543644
9:23:17,11.9696369
9:23:18,11.995863
9:23:19,12.1386623
9:23:20,12.2598438
9:23:21,12.0997667
9:23:22,11.8299618
9:23:23,12.0100288
9:23:24,12.3553534
9:23:25,12.0012
9:23:26,11.8350372
9:23:27,11.8636875
9:23:28,11.9705105
9:23:29,12.1282272
9:23:30,12.0603781
9:23:31,12.1308508
9:23:32,11.9692411
9:23:33,12.03559
9:23:34,12.0283031
9:23:35,11.74331
9:23:36,11.9325418
9:23:37,11.7959166
9:23:38,11.7955694
9:23:39,11.8814487
9:23:40,11.9296818
9:23:41,11.8543682
9:23:42,12.21098
9:23:43,11.9093285
9:23:44,12.3301859
9:23:45,12.0960026
9:23:46,12.0953236
9:23:47,12.162221
9:23:48,11.9027491
9:23:49,11.8774109
9:23:50,11.98188
9:23:51,12.0878162
9:23:52,12.3560553
9:23:53,11.9920549
9:23:54,11.8353834
9:23:55,11.8472
9:23:56,12.0292416
9:23:57,12.0918941
9:23:58,11.8790312
9:23:59,12.1087618
9:24:00,11.7872887
9:24:01,11.8193941
9:24:02,11.9439688
9:24:03,11.8337574
9:24:04,12.1841125
9:24:05,12.2595892
9:24:06,11.8913832
9:24:07,11.9813128
9:24:08,12.084672
9:24:09,11.9867163
9:24:10,12.0515432
9:24:11,12.1923828
9:24:12,12.2572651
9:24:13,12.1368141
9:24:14,11.9724035
9:24:15,12.1925707
9:24:16,11.95173
9:24:17,11.801589
9:24:18,12.0798063
9:24:19,12.1843014
9:24:20,11.9117584
9:24:21,12.0649033
9:24:22,12.0920477
9:24:23,11.9921331
9:24:24,11.9624491
9:24:25,12.155488
9:24:26,12.0917606
9:24:27,11.9723082
9:24:28,12.0849771
9:24:29,11.9672241
9:24:30,12.038043
9:24:31,11.97326
9:24:32,12.0003271
9:24:33,12.03529
9:24:34,11.97111
9:24:35,12.0367756
9:24:36,11.8350325
9:24:37,11.7649956
9:24:38,11.9665117
9:24:39,11.7984686
9:24:40,11.9119225
9:24:41,11.8965549
9:24:42,12.3387966
9:24:43,12.38156
9:24:44,11.705862
9:24:45,12.2386484
9:24:46,12.0586424
9:24:47,11.832509
9:24:48,11.9338179
9:24:49,11.9437628
9:24:50,11.6748028
9:24:51,12.2064972
9:24:52,12.066968
9:24:53,11.8742476
9:24:54,11.9374886
9:24:55,11.5743647
9:24:56,11.8381519
9:24:57,12.1713428
9:24:58,11.9283886
9:24:59,12.1253786
9:25:00,11.8486385
9:25:01,12.0998907
9:25:02,11.8019466
9:25:03,12.0372086
9:25:04,12.0137787
9:25:05,11.9657087
9:25:06,12.2181253
9:25:07,12.21991
9:25:08,11.7705488
9:25:09,12.0529509
9:25:10,12.0517769
9:25:11,11.9067984
9:25:12,12.3145418
9:25:13,12.1370773
9:25:14,12.2613916
9:25:15,12.0233574
9:25:16,12.1983166
9:25:17,11.7326584
9:25:18,12.1249609
9:25:19,12.0629635
9:25:20,12.0550442
9:25:21,12.1108637
9:25:22,11.9059649
9:25:23,11.8056612
9:25:24,12.0382776
9:25:25,12.0276918
9:25:26,11.8799095
9:25:27,11.8835936
9:25:28,12.0695763
9:25:29,12.1408682
9:25:31,12.1663322
9:25:32,11.8563547
9:25:33,11.6796494
9:25:34,12.107
9:25:35,11.9723358
9:25:36,11.8789835
9:25:37,11.6057587
9:25:38,12.0545
9:25:39,11.9789162
9:25:40,12.2343092
9:25:41,11.66117
9:25:42,11.9838295
9:25:43,11.6873379
9:25:44,11.9180508
9:25:45,11.913496
9:25:46,12.1401834
9:25:47,12.0635433
9:25:48,12.0944605
9:25:49,12.2523317
9:25:50,12.0947561
9:25:51,11.7535257
9:25:52,11.989934
9:25:53,12.2219858
9:25:54,11.8230057
9:25:55,11.7586718
9:25:56,11.9989052
9:25:57,12.0243759
9:25:58,12.041873
9:25:59,12.0402422
9:26:00,11.8638945
9:26:01,12.1933756
9:26:02,11.9022484
9:26:03,12.1321917
9:26:04,11.738081
9:26:05,11.821578
9:26:06,12.3283844
9:26:07,11.8595562
9:26:08,11.902709
9:26:09,11.9473915
9:26:10,12.1274662
9:26:11,12.0780983
9:26:12,12.471859
9:26:14,11.7266359
9:26:15,12.1059914
9:26:16,12.1306429
9:26:17,11.9392052
9:26:18,12.0679293
9:26:19,12.1434355
9:26:20,12.145545
9:26:21,11.93866
9:26:23,11.6692152
9:26:24,12.183217
9:26:25,12.0837612
9:26:27,12.0251665
9:26:28,12.0590591
9:26:30,12.0312061
9:26:31,11.9252434
9:26:32,11.864398
9:26:34,12.1983032
9:26:35,11.6914606
9:26:36,11.9343834
9:26:37,11.8380365
9:26:38,11.9870586
9:26:40,11.89632
9:26:41,11.8902206
9:26:42,11.8457022
9:26:43,11.7287588
9:26:44,12.2051764
9:26:45,12.28383
9:26:46,12.2070055
9:26:47,11.9243088
9:26:48,11.9868622
9:26:49,11.8042841
9:26:50,11.9593706
9:26:51,11.9613667
9:26:52,11.969286
9:26:53,12.0355825
9:26:54,12.2404585
9:26:55,11.9789667
9:26:56,11.9174252
9:26:57,12.0780373
9:26:58,11.4829683
9:26:59,11.9250584
9:27:00,11.9200878
9:27:01,12.1589508
9:27:02,11.7739954
9:27:03,11.8933144
9:27:04,11.768959
9:27:05,12.2217121
9:27:06,12.006979
9:27:07,12.2280626
9:27:08,12.3202868
9:27:09,11.8205929
9:27:10,12.1550817
9:27:11,11.6716614
9:27:12,12.2825937
9:27:13,11.9964743
9:27:15,12.4065695
9:27:16,12.1151886
9:27:17,11.802742
9:27:18,12.152916
9:27:19,12.2923336
9:27:20,11.8434782
9:27:21,12.0384617
9:27:22,11.8794384
9:27:23,12.2431316
9:27:24,11.9755516
9:27:25,11.9833279
9:27:26,12.0961914
9:27:27,12.2033424
9:27:28,12.006999
9:27:29,12.3532925
9:27:30,12.0053139
9:27:31,11.9620295
9:27:32,12.02776
9:27:33,11.897644
9:27:34,12.0941048
9:27:35,11.7402239
9:27:36,11.7153111
9:27:37,11.971879
9:27:38,11.950326
9:27:39,11.9644566
9:27:40,12.0558662
9:27:41,12.3096952
9:27:42,12.0261955
9:27:43,12.176218
9:27:44,11.9691343
9:27:45,11.9700327
9:27:46,11.936142
9:27:47,12.094286
9:27:48,11.7744665
9:27:49,12.0237093
9:27:50,12.1948195
9:27:51,12.1242313
9:27:52,11.7905045
9:27:53,11.7340145
9:27:54,12.0334768
9:27:55,12.3677235
9:27:56,11.8757019
9:27:57,12.1580887
9:27:58,11.9369888
9:27:59,12.0843334
9:28:00,12.07031
9:28:01,11.7336464
9:28:02,11.7656021
9:28:03,12.4068365
9:28:04,11.9553471
9:28:05,12.0458212
9:28:06,11.9389467
9:28:07,12.0733967
9:28:08,12.0482206
9:28:09,12.1009293
9:28:10,11.7305574
9:28:11,11.8947668
9:28:12,11.8743811
9:28:13,12.3911858
9:28:14,11.9860754
9:28:15,12.0110455
9:28:16,11.88692
9:28:17,12.0763578
9:28:18,12.101449
9:28:19,12.0446
9:28:20,11.8733683
9:28:21,12.1577759
9:28:22,12.2511339
9:28:23,11.8806229
9:28:24,12.070056
9:28:25,12.0107145
9:28:26,12.0527573
9:28:27,11.85593
9:28:28,12.028307
9:28:29,11.95281
9:28:30,11.8696165
9:28:31,11.8480406
9:28:32,12.4121571
9:28:33,12.0673208
9:28:34,12.1479578
9:28:35,12.0650959
9:28:36,11.7782183
9:28:37,12.0301743
9:28:38,11.9380407
9:28:39,12.3266325
9:28:40,12.0106878
9:28:41,12.0177717
9:28:42,11.9698191
9:28:43,11.9814777
9:28:44,11.6172838
9:28:45,12.3807793
9:28:46,11.9627228
9:28:47,11.9532509
9:28:48,12.0652666
9:28:49,12.0979567
9:28:50,11.8496771
9:28:51,11.8774652
9:28:52,11.9467325
9:28:53,12.2851133
9:28:54,11.9770489
9:28:55,12.2740088
9:28:56,11.946312
9:28:57,12.0374832
9:28:58,11.8175669
9:28:59,12.0717087
9:29:00,11.9630556
9:29:01,12.0696421
9:29:02,12.052043
9:29:03,12.07738
9:29:04,11.8578291
9:29:05,12.118536
9:29:06,12.12673
9:29:07,11.9101944
9:29:08,11.7422876
9:29:09,12.1806946
9:29:10,12.1874332
9:29:11,11.8172741
9:29:12,12.2062511
9:29:13,11.6700363
9:29:14,12.04842
9:29:15,11.9513674
9:29:16,11.6229563
9:29:17,12.0750189
9:29:18,11.8188858
9:29:19,12.157835
9:29:20,11.88158
9:29:21,12.4671869
9:29:22,11.662035
9:29:23,12.3036451
9:29:24,12.6399031
9:29:25,12.1124439
9:29:26,12.2540588
9:29:27,11.7945213
9:29:28,11.8967161
9:29:29,12.2630529
9:29:30,12.1169653
9:29:31,11.8036
9:29:32,12.0953436
9:29:33,11.7058449
9:29:34,12.018075
9:29:35,11.9467306
9:29:36,11.9240952
9:29:37,11.8320541
9:29:38,11.965
9:29:39,12.2088156
9:29:40,11.9238157
9:29:41,12.1485624
9:29:42,12.0906916
9:29:43,11.6906977
9:29:44,11.9894133
9:29:45,12.0421171
9:29:46,11.69389
9:29:47,11.9881077
9:29:48,12.0662441
9:29:49,11.9342823
9:29:50,11.975111
9:29:51,11.78704
9:29:52,11.8762608
9:29:53,12.0008421
9:29:54,12.4020815
9:29:55,12.0234661
9:29:56,11.6902065
9:29:57,11.9643965
9:29:58,11.9215155
9:29:59,11.8330612
9:30:00,12.0335617
9:30:01,12.0470123
9:30:02,11.9235
9:30:03,11.8777771
9:30:04,12.16969
9:30:05,11.6673594
9:30:06,12.1016912
9:30:07,12.166111
9:30:08,11.7461462
9:30:09,11.9660387
9:30:10,11.9710255
9:30:11,12.0580654
9:30:12,11.9996538
9:30:13,12.0631294
9:30:14,11.863431
9:30:15,12.0781288
9:30:16,11.7540369
9:30:17,11.9978714
9:30:18,12.07683
9:30:19,11.8807192
9:30:20,12.1072006
9:30:21,11.9745932
9:30:22,11.8041887
9:30:23,11.98442
9:30:24,11.9235764
9:30:25,12.0190239
9:30:26,12.1051474
9:30:27,11.8922644
9:30:28,11.9762516
9:30:29,12.0550489
9:30:30,11.9463987
9:30:32,12.1327286
9:30:33,11.93597
9:30:34,12.0450621
9:30:35,12.0100222
9:30:36,11.9789019
9:30:37,12.1791391
9:30:38,11.96006
9:30:39,12.0469847
9:30:40,12.053834
9:30:41,12.0197964
9:30:42,11.9122581
9:30:43,12.4701214
9:30:44,12.1538916
9:30:45,11.9306316
9:30:46,12.0137148
9:30:47,11.7011871
9:30:48,11.8721161
9:30:49,12.0395613
9:30:50,11.873704
9:30:51,12.1166763
9:30:52,12.1212721
9:30:53,12.1232128
9:30:54,12.2696438
9:30:55,12.2479506
9:30:56,11.9229326
9:30:57,11.9757929
9:30:58,12.083024
9:30:59,12.01662
9:31:00,11.84355
9:31:01,11.954298
9:31:02,11.9525433
9:31:03,11.8679276
9:31:04,12.3741074
9:31:05,12.1161156
9:31:06,11.9485588
9:31:07,12.1000338
9:31:08,12.0684729
9:31:09,12.0749407
9:31:10,11.9057226
9:31:11,12.205617
9:31:12,11.9141846
9:31:13,12.0546494
9:31:14,12.2298422
9:31:15,12.2859735
9:31:16,12.0782776
9:31:17,12.1557856
9:31:18,12.2301264
9:31:19,11.7548656
9:31:20,12.2501669
9:31:21,11.9178686
9:31:22,12.2396574
9:31:23,11.9634075
9:31:24,11.8916082
9:31:25,11.9432945
9:31:26,11.9118958
9:31:27,11.9303665
9:31:28,11.4313145
9:31:29,12.3040657
9:31:30,11.8907471
9:31:32,11.9197245
9:31:33,12.1130219
9:31:34,12.1568327
9:31:35,11.8905611
9:31:36,12.3773766
9:31:37,11.81139
9:31:38,12.1839981
9:31:39,12.1920862
9:31:40,12.6127844
9:31:41,11.5144625
9:31:42,12.2869205
9:31:43,11.8573542
9:31:44,11.8938475
9:31:45,12.0551825
9:31:46,11.7570505
9:31:47,12.1037712
9:31:48,11.9899244
9:31:49,11.8491163
9:31:50,12.2552652
9:31:51,11.9167938
9:31:52,11.9403982
9:31:53,11.8718987
9:31:54,12.227478
9:31:55,12.0463018
9:31:56,11.7905054
9:31:57,11.9380779
9:31:58,11.9054089
9:31:59,10.6298227
9:32:00,10.766242
9:32:01,12.9980869
9:32:02,14.0993862
9:32:03,11.9267855
9:32:04,12.0998926
9:32:05,11.5950708
9:32:06,11.9040194
9:32:07,11.9026814
9:32:08,12.3734856
9:32:09,12.0373831
9:32:10,12.0907373
9:32:11,12.1432562
9:32:12,11.9546165
9:32:13,12.14152
9:32:14,11.9991512
9:32:15,11.98194
9:32:16,12.055975
9:32:17,12.1598358
9:32:18,12.0921736
9:32:19,12.2349491
9:32:20,11.9201174
9:32:21,12.149107
9:32:22,11.9086866
9:32:23,11.9123373
9:32:24,12.0819559
9:32:25,12.0812635
9:32:26,11.9765425
9:32:27,11.8956547
9:32:28,11.8472223
9:32:29,11.86885
9:32:30,12.1025143
9:32:31,11.8510532
9:32:32,11.8567858
9:32:33,11.8265238
9:32:34,11.729681
9:32:35,12.2382374
9:32:36,12.0273008
9:32:37,12.0373
9:32:38,11.9229908
9:32:39,11.9619293
9:32:40,11.8930311
9:32:41,11.9362755
9:32:42,11.8566589
9:32:43,11.9072027
9:32:44,12.2145548
9:32:45,12.1882982
9:32:46,12.1882248
9:32:47,11.9538889
9:32:48,11.8695126
9:32:49,11.6346884
9:32:50,12.2250271
9:32:51,11.7698212
9:32:52,12.3124952
9:32:53,12.065567
9:32:54,11.9843616
9:32:55,12.0539827
9:32:56,11.9163551
9:32:57,11.8644495
9:32:58,11.83436
9:32:59,11.8264532
9:33:00,12.2291889
9:33:01,11.974473
9:33:02,12.1202421
9:33:03,12.3311052
9:33:04,11.9062662
9:33:05,11.8734722
9:33:06,11.8341627
9:33:07,11.8705206
9:33:08,12.0066814
9:33:09,11.9392776
9:33:10,12.0137014
9:33:11,11.8960724
9:33:12,11.9194708
9:33:13,11.9671745
9:33:14,12.0364256
9:33:15,12.2320528
9:33:16,12.1017189
9:33:17,12.004818
9:33:18,11.9586315
9:33:19,12.1878834
9:33:20,12.0445242
9:33:21,11.933979
9:33:22,11.7792168
9:33:23,12.0941677
9:33:24,12.0570307
9:33:25,12.078557
9:33:26,11.9930639
9:33:27,11.8307247
9:33:28,12.21824
9:33:29,12.0047836
9:33:31,12.1227684
9:33:32,11.8093615
9:33:33,11.9483128
9:33:34,12.0048285
9:33:35,11.8502483
9:33:36,11.8274412
9:33:37,11.7881241
9:33:38,11.7636061
9:33:39,12.0563965
9:33:40,11.9730968
9:33:41,12.1098452
9:33:42,11.800436
9:33:43,11.6698656
9:33:44,11.9092951
9:33:45,12.057148
9:33:46,12.0586386
9:33:47,12.0422153
9:33:48,11.9665537
9:33:49,11.9669228
9:33:50,11.9016447
9:33:51,11.9454918
9:33:52,11.9863977
9:33:53,11.9199667
9:33:54,12.1239223
9:33:55,12.1233587
9:33:56,12.0330906
9:33:58,11.8453951
9:33:59,11.855567
9:34:00,11.7768192
9:34:02,12.0107832
9:34:03,11.9463654
9:34:04,12.1939631
9:34:05,12.1288109
9:34:06,11.9156828
9:34:07,12.0808659
9:34:08,11.7857151
9:34:09,12.155426
9:34:10,11.8613825
9:34:11,12.0926867
9:34:12,12.0391884
9:34:13,12.0105352
9:34:14,11.96647
9:34:15,12.186862
9:34:16,11.7412119
9:34:17,11.9734974
9:34:18,12.367816
9:34:19,12.1709862
9:34:20,11.9630871
9:34:21,11.619401
9:34:22,11.9131727
9:34:23,12.1434259
9:34:24,11.9647446
9:34:25,12.0740767
9:34:26,11.7802067
9:34:27,11.8002148
9:34:28,11.9497576
9:34:29,11.8332825
9:34:30,11.8784437
9:34:31,12.1639957
9:34:32,11.7274847
9:34:33,11.7966595
9:34:34,12.2700014
9:34:35,11.870019
9:34:36,11.9362984
9:34:37,12.1331291
9:34:38,11.8476057
9:34:39,12.1163769
9:34:40,12.0763826
9:34:41,12.1515837
9:34:42,12.0661325
9:34:43,12.0066252
9:34:44,11.8046112
9:34:45,11.7705584
9:34:46,12.3299952
9:34:47,11.9225111
9:34:48,11.9775362
9:34:49,11.9513779
9:34:50,11.9154968
9:34:51,12.2056675
9:34:52,12.1571321
9:34:53,11.7887936
9:34:54,12.0123386
9:34:55,11.9628811
9:34:56,11.6609421
9:34:57,12.1500463
9:34:58,12.3370485
9:34:59,11.8390408
9:35:00,12.0176058
9:35:01,12.0282726
9:35:02,11.9924974
9:35:03,11.7850447
9:35:04,12.1035318
9:35:05,12.1463184
9:35:06,11.9035187
9:35:07,11.9991522
9:35:08,11.8780813
9:35:09,12.0502014
9:35:10,11.9560575
9:35:11,11.9541311
9:35:12,11.8895912
9:35:13,12.2316132
9:35:14,11.67001
9:35:15,12.0759945
9:35:16,12.0022745
9:35:17,11.9768744
9:35:18,11.987956
9:35:19,12.25237
9:35:20,12.045188
9:35:21,12.1142216
9:35:22,12.2555494
9:35:23,12.0627708
9:35:24,12.0439053
9:35:25,11.9301052
9:35:26,12.1331539
9:35:27,11.9254189
9:35:28,12.2171822
9:35:29,12.0273323
9:35:30,11.8636093
9:35:31,11.9267673
9:35:32,12.1367941
9:35:33,11.8261089
9:35:34,12.1376171
9:35:35,12.0823555
9:35:36,11.9575157
9:35:37,12.1147165
9:35:38,11.9103374
9:35:39,11.97875
9:35:40,12.1255417
9:35:41,12.0709143
9:35:42,11.9011583
9:35:43,12.21531
9:35:44,11.996583
9:35:45,12.0889063
9:35:46,11.8914089
9:35:47,12.0818472
9:35:48,12.0912619
9:35:49,12.0610867
9:35:50,12.028285
9:35:51,11.82698
9:35:52,11.7205238
9:35:53,11.8908367
9:35:54,12.0111933
9:35:55,11.8949
9:35:56,11.7688761
9:35:57,11.9757347
9:35:58,11.859725
9:35:59,12.1467094
9:36:00,12.0098543
9:36:01,12.1144676
9:36:02,11.9237509
9:36:03,11.9090872
9:36:04,12.1069441
9:36:05,12.2489948
9:36:06,12.0795155
9:36:07,11.7787857
9:36:08,12.070322
9:36:09,12.0744638
9:36:10,12.135211
9:36:11,11.917613
9:36:12,12.0457487
9:36:13,11.97027
9:36:14,12.0774813
9:36:15,11.905
9:36:16,11.8636808
9:36:17,11.7990179
9:36:18,12.24623
9:36:19,12.0567179
9:36:20,12.1622181
9:36:21,11.650979
9:36:22,11.9389505
9:36:23,11.5306416
9:36:24,12.144269
9:36:25,12.1281214
9:36:26,11.7826395
9:36:27,12.1839094
9:36:28,11.7385826
9:36:29,11.8790054
9:36:30,12.4670973
9:36:31,11.8452959
9:36:32,11.6740847
9:36:33,12.1925163
9:36:34,12.2065067
9:36:35,11.8129835
9:36:36,11.8738756
9:36:37,12.12457
9:36:38,12.1587152
9:36:39,12.2420721
9:36:40,12.3179131
9:36:41,12.0016537
9:36:42,11.727356
9:36:43,11.8754349
9:36:44,12.0742846
9:36:45,11.8467627
9:36:46,12.0019712
9:36:47,12.0004
9:36:48,11.7161274
9:36:49,12.0634232
9:36:50,11.9576406
9:36:51,12.0430727
9:36:52,11.7525091
9:36:53,12.0034266
9:36:54,12.1421194
9:36:55,12.0438986
9:36:56,12.1182632
9:36:57,11.9957361
9:36:58,11.71065
9:36:59,12.1162109
9:37:00,12.1305027
9:37:01,11.8297071
9:37:02,11.9572268
9:37:03,11.7873869
9:37:04,11.9329605
9:37:05,12.0443487
9:37:06,11.9084806
9:37:07,11.9352417
9:37:08,11.7001991
9:37:09,12.0130129
9:37:10,11.9901924
9:37:11,12.1943378
9:37:12,12.34384
9:37:13,11.8453989
9:37:14,12.1144295
9:37:15,11.9669819
9:37:16,11.6946154
9:37:17,11.8313065
9:37:18,12.3718929
9:37:19,11.8895168
9:37:20,11.8739214
9:37:21,11.9250593
9:37:22,11.9483738
9:37:23,11.9546852
9:37:24,12.06109
9:37:25,12.2117672
9:37:26,12.2367277
9:37:27,12.154645
9:37:28,12.04813
9:37:29,11.964488
9:37:30,12.0170307
9:37:31,12.1301947
9:37:32,12.0652647
9:37:33,11.9781151
9:37:34,12.3440151
9:37:35,12.0130825
9:37:36,12.2690859
9:37:37,11.8312187
9:37:38,12.1636915
9:37:39,11.8631458
9:37:40,11.9647722
9:37:41,11.9306021
9:37:42,12.0441675
9:37:43,11.9462118
9:37:44,11.8996449
9:37:45,11.937892
9:37:46,11.8620567
9:37:47,12.3268251
9:37:48,11.7323084
9:37:49,12.008563
9:37:50,12.2046509
9:37:51,12.11475
9:37:52,12.1521683
9:37:53,12.0526752
9:37:54,11.8152933
9:37:55,11.9905243
9:37:56,12.1035671
9:37:57,11.9778576
9:37:58,11.9297132
9:37:59,11.98102
9:38:00,11.6859455
9:38:01,12.0072536
9:38:02,12.0161963
9:38:03,12.0075
9:38:04,11.9597082
9:38:05,12.165904
9:38:06,11.7741451
9:38:07,11.6761265
9:38:08,11.9395456
9:38:09,12.105526
9:38:10,12.2294168
9:38:11,12.2408218
9:38:12,12.1784859
9:38:13,12.2341747
9:38:14,11.8427849
9:38:15,11.8585157
9:38:16,11.9887562
9:38:17,12.0842161
9:38:18,12.1261377
9:38:19,12.0962734
9:38:20,11.8861427
9:38:21,11.9079609
9:38:22,11.9748659
9:38:23,12.195837
9:38:24,11.8393288
9:38:25,11.931654
9:38:26,12.3872786
9:38:27,12.3600645
9:38:28,11.930789
9:38:29,12.0452166
9:38:30,11.9424248
9:38:31,12.282979
9:38:32,11.8380022
9:38:33,11.8461361
9:38:34,12.12991
9:38:35,12.0637627
9:38:36,11.7476482
9:38:37,12.1208353
9:38:38,11.9236164
9:38:39,11.9734764
9:38:40,12.0161161
9:38:41,11.9160633
9:38:42,12.0072145
9:38:43,11.7693472
9:38:44,12.1301622
9:38:45,12.3412514
9:38:46,12.0387335
9:38:47,11.9755459
9:38:48,12.1259823
9:38:49,12.2612257
9:38:50,12.1864614
9:38:51,11.7046518
9:38:52,12.011178
9:38:53,12.1596823
9:38:54,11.9563618
9:38:55,12.1832838
9:38:56,12.2160149
9:38:57,12.1219282
9:38:58,11.9661627
9:38:59,12.2171974
9:39:00,12.0699854
9:39:01,11.7493715
9:39:02,11.8701916
9:39:03,11.9730511
9:39:04,12.0960875
9:39:05,12.0325861
9:39:06,11.7569437
9:39:07,11.8106556
9:39:08,11.9649162
9:39:09,11.9386158
9:39:10,11.9794331
9:39:11,12.0482807
9:39:12,11.8162107
9:39:13,12.0941706
9:39:14,11.9090729
9:39:15,12.0595694
9:39:16,11.7997417
9:39:17,11.90039
9:39:18,12.0755615
9:39:19,12.0184679
9:39:20,11.886796
9:39:21,11.7052031
9:39:22,12.1804991
9:39:23,11.90037
9:39:24,11.6920958
9:39:25,11.8820753
9:39:26,12.0331507
9:39:27,11.8890848
9:39:28,12.1667662
9:39:29,11.7884169
9:39:30,11.9272928
9:39:31,11.9564543
9:39:32,12.157793
9:39:33,12.2150631
9:39:34,11.6927786
9:39:35,11.9477453
9:39:36,12.0652609
9:39:37,11.9377136
9:39:38,12.26229
9:39:39,12.1486912
9:39:40,11.72015
9:39:41,11.9937725
9:39:42,12.06573
9:39:43,12.06969
9:39:44,11.9808369
9:39:45,12.1311846
9:39:46,12.1408377
9:39:47,11.883585
9:39:48,11.92661
9:39:49,11.8533916
9:39:50,12.1685905
9:39:51,11.7013664
9:39:52,11.7582083
9:39:53,12.0691166
9:39:54,11.9687691
9:39:55,12.1783581
9:39:56,12.0343542
9:39:57,12.0629168
9:39:58,11.96776
9:39:59,11.8681135
9:40:00,12.018137
9:40:01,12.07424
9:40:02,12.0838833
9:40:03,11.9302692
9:40:04,12.1281977
9:40:05,11.8117352
9:40:06,11.9929314
9:40:07,12.1371527
9:40:08,11.978754
9:40:09,12.05123
9:40:10,11.9278612
9:40:11,12.0873518
9:40:12,12.2479992
9:40:13,11.9378767
9:40:14,12.0770264
9:40:15,11.9077663
9:40:16,12.0384493
9:40:17,12.3266449
9:40:18,12.0169249
9:40:19,12.0357208
9:40:20,11.6407576
9:40:21,11.8526106
9:40:22,11.8804169
9:40:23,12.0976915
9:40:24,12.0501614
9:40:25,11.8681965
9:40:26,11.9976635
9:40:27,11.9972515
9:40:28,11.8795271
9:40:29,12.0408363
9:40:31,11.8379431
9:40:32,11.8804541
9:40:33,11.7154274
9:40:34,12.0893412
9:40:35,12.0166311
9:40:36,12.3131618
9:40:37,12.19008
9:40:38,11.91089
9:40:39,12.01107
9:40:40,11.7869778
9:40:41,11.897172
9:40:42,12.0354347
9:40:43,12.2555714
9:40:44,12.1128378
9:40:45,12.0564613
9:40:46,11.777524
9:40:47,11.8841619
9:40:48,11.7334423
9:40:49,11.81982
9:40:50,12.2035589
9:40:51,12.3013077
9:40:52,12.275279
9:40:53,11.9435873
9:40:54,11.568038
9:40:55,12.1661444
9:40:56,11.8441486
9:40:57,11.971077
9:40:58,12.3510265
9:40:59,11.9943047
9:41:00,12.2043858
9:41:01,11.82778
9:41:02,12.262991
9:41:03,12.2449331
9:41:04,12.3971186
9:41:05,11.8512077
9:41:06,11.7447653
9:41:07,12.2353315
9:41:08,12.1024
9:41:09,12.1687479
9:41:10,11.9129763
9:41:11,11.9530954
9:41:12,12.2549534
9:41:13,11.7872
9:41:14,11.952755
9:41:15,11.9249477
9:41:16,12.196435
9:41:17,11.6614351
9:41:18,12.01661
9:41:19,12.0404654
9:41:20,12.2043066
9:41:21,11.9943295
9:41:22,12.2621269
9:41:23,11.8834982
9:41:24,12.0275049
9:41:25,12.0984068
9:41:26,11.9493895
9:41:27,11.9757566
9:41:28,12.10232
9:41:29,12.037674
9:41:31,11.988265
9:41:32,12.022645
9:41:33,12.0336237
9:41:34,11.8617086
9:41:35,12.1455164
9:41:36,11.7953367
9:41:37,12.33657
9:41:38,11.7471466
9:41:39,11.9398012
9:41:40,12.0791225
9:41:41,11.7430267
9:41:42,12.08344
9:41:43,12.013442
9:41:44,12.2648878
9:41:45,12.1115341
9:41:46,12.027319
9:41:47,11.9750834
9:41:48,11.9476147
9:41:50,12.0106106
9:41:52,11.9738483
9:41:53,12.0642662
9:41:54,11.9979544
9:41:55,11.9413176
9:41:56,11.796
9:41:58,11.799242
9:42:00,11.8993044
9:42:01,12.0358229
9:42:02,12.05031
9:42:03,11.9617062
9:42:04,12.1936674
9:42:05,11.7652731
9:42:06,12.1242523
9:42:07,11.8936625
9:42:08,12.15558
9:42:09,11.9629307
9:42:10,12.3800583
9:42:11,11.8428478
9:42:12,11.6216192
9:42:13,12.1001291
9:42:14,11.9348278
9:42:15,11.7143707
9:42:16,12.2208891
9:42:17,11.996769
9:42:18,12.0682421
9:42:19,11.7877808
9:42:20,12.0692949
9:42:21,12.0990438
9:42:22,11.9341125
9:42:23,12.0502291
9:42:24,12.1078711
9:42:25,12.1309862
9:42:26,11.843111
9:42:27,11.8333254
9:42:28,12.1396875
9:42:29,12.1128483
9:42:30,12.0410786
9:42:31,12.2108173
9:42:32,12.044096
9:42:33,12.3976068
9:42:34,11.769865
9:42:35,11.807395
9:42:36,12.0965014
9:42:37,11.9584818
9:42:38,11.9149961
9:42:39,12.21153
9:42:40,11.91777
9:42:41,11.8532085
9:42:42,11.8589859
9:42:43,11.9734592
9:42:44,12.0801716
9:42:45,12.1025
9:42:46,11.96776
9:42:47,11.8962078
9:42:48,11.8580341
9:42:49,11.913064
9:42:50,12.2079191
9:42:51,12.1462374
9:42:52,11.9809923
9:42:53,11.74394
9:42:54,12.0754318
9:42:55,11.8868847
9:42:56,12.0617819
9:42:57,12.0219355
9:42:58,11.9375916
9:42:59,11.8999662
9:43:00,11.9722805
9:43:01,12.127533
9:43:02,11.9857864
9:43:03,11.9407082
9:43:04,11.8492851
9:43:05,12.0649509
9:43:06,11.9704351
9:43:07,11.9160538
9:43:08,12.1307144
9:43:09,12.0521164
9:43:10,11.4874039
9:43:11,11.7368784
9:43:12,12.180027
9:43:13,11.6816635
9:43:14,12.0609856
9:43:15,12.1345291
9:43:16,11.9412327
9:43:17,12.2901955
9:43:18,12.1573229
9:43:19,11.8762531
9:43:20,11.9891615
9:43:21,12.2867279
9:43:22,12.1055918
9:43:23,12.0714331
9:43:24,12.0619955
9:43:25,11.9081545
9:43:26,12.073823
9:43:27,12.0212717
9:43:28,12.0489368
9:43:29,12.2069569
9:43:30,12.0666
9:43:31,11.938797
9:43:32,12.2978592
9:43:33,11.5066891
9:43:34,12.3176594
9:43:35,11.9785137
9:43:36,11.965291
9:43:37,11.8311014
9:43:38,11.962575
9:43:39,12.1518774
9:43:40,11.83489
9:43:41,12.0723877
9:43:42,11.9151878
9:43:43,12.36066
9:43:44,12.0331945
9:43:45,12.0611029
9:43:46,11.9781275
9:43:47,11.9494333
9:43:48,12.0958872
9:43:49,11.9813957
9:43:50,12.049489
9:43:51,12.1884527
9:43:52,11.6949692
9:43:53,12.3046112
9:43:54,11.9909515
9:43:55,11.9063873
9:43:56,12.0533466
9:43:57,12.13985
9:43:58,12.01213
9:43:59,11.8244791
9:44:00,11.8740578
9:44:01,12.08006
9:44:02,12.0271082
9:44:03,11.8554125
9:44:04,11.9765043
9:44:05,12.03466
9:44:06,11.9346094
9:44:07,12.288188
9:44:08,11.985549
9:44:09,12.2540665
9:44:10,12.152689
9:44:11,12.042367
9:44:12,12.0917549
9:44:13,11.8540277
9:44:14,11.8898153
9:44:15,11.9803028
9:44:16,12.2671175
9:44:17,12.04236
9:44:18,11.9462614
9:44:19,12.1805773
9:44:20,11.7380152
9:44:21,12.3608475
9:44:22,12.0080481
9:44:23,11.8711309
9:44:24,11.7848606
9:44:25,12.2531967
9:44:26,12.0271778
9:44:27,12.0592384
9:44:28,12.2234163
9:44:29,12.1155434
9:44:30,11.9461069
9:44:31,12.0393476
9:44:32,11.8428869
9:44:33,12.2127686
9:44:34,12.0585976
9:44:35,11.898675
9:44:36,11.778614
9:44:37,11.9665976
9:44:38,12.0084991
9:44:39,11.987093
9:44:40,11.9953842
9:44:41,12.2469025
9:44:42,12.0828152
9:44:43,11.8024626
9:44:44,11.9181032
9:44:45,11.9765778
9:44:46,12.063158
9:44:47,11.8622065
9:44:48,12.0044012
9:44:49,12.351387
9:44:50,11.940855
9:44:51,11.9056549
9:44:52,12.2116995
9:44:53,11.829627
9:44:54,12.2481546
9:44:55,12.0023823
9:44:56,11.9996481
9:44:57,12.4107027
9:44:58,11.8139849
9:44:59,12.1364546
9:45:00,12.2437487
9:45:01,12.2206869
9:45:02,12.186265
9:45:03,12.0114527
9:45:04,12.0657587
9:45:05,11.9395771
9:45:06,11.9122343
9:45:07,12.0417967
9:45:08,12.2631874
9:45:09,12.0962353
9:45:10,12.0645695
9:45:11,12.2643938
9:45:12,11.7902946
9:45:13,11.8126173
9:45:14,12.06236
9:45:15,12.1228075
9:45:16,12.1435566
9:45:17,12.07099
9:45:18,12.1053
9:45:19,11.9402
9:45:20,11.9706535
9:45:21,11.9805965
9:45:22,12.1292524
9:45:23,11.6149454
9:45:24,11.8945551
9:45:25,11.2932911
9:45:26,12.0581894
9:45:27,11.7983875
9:45:28,11.8372145
9:45:29,12.2020864
9:45:30,12.1155758
9:45:31,11.8504419
9:45:32,11.7354746
9:45:33,11.9399824
9:45:34,12.1204958
9:45:35,12.2390261
9:45:36,12.4659834
9:45:37,11.9943113
9:45:38,11.8315153
9:45:39,12.0870724
9:45:40,12.0165911
9:45:41,12.3076191
9:45:42,11.8534565
9:45:43,12.0609646
9:45:44,12.037323
9:45:45,11.836175
9:45:46,11.874424
9:45:47,12.1477137
9:45:48,12.0356092
9:45:49,11.9905186
9:45:50,12.219038
9:45:51,11.8926277
9:45:52,11.7583685
9:45:53,11.87462
9:45:54,12.0054235
9:45:55,11.8891354
9:45:56,11.9285536
9:45:57,11.8646088
9:45:58,11.9766407
9:45:59,12.0416536
9:46:00,12.0129318
9:46:01,11.8603945
9:46:02,12.097496
9:46:03,11.7964659
9:46:04,11.9064589
9:46:05,11.832262
9:46:06,11.9997425
9:46:07,11.6416035
9:46:08,12.1591463
9:46:09,11.9754286
9:46:10,12.1063089
9:46:11,11.9120512
9:46:12,12.1527824
9:46:13,12.149765
9:46:14,12.1306725
9:46:15,12.0360556
9:46:16,11.7802515
9:46:17,11.8935747
9:46:18,11.8564806
9:46:19,12.1257792
9:46:20,12.3535681
9:46:21,11.9281645
9:46:22,11.6764154
9:46:23,12.412056
9:46:24,11.8801327
9:46:25,11.9974051
9:46:26,11.9568949
9:46:27,12.0004663
9:46:28,12.0092764
9:46:29,11.8576069
9:46:30,11.8746271
9:46:31,11.7700806
9:46:32,11.9836321
9:46:33,12.3580027
9:46:34,11.9903069
9:46:35,11.6306028
9:46:36,11.8309793
9:46:37,12.0521107
9:46:38,11.9828281
9:46:39,11.7783051
9:46:40,12.3001089
9:46:41,12.115818
9:46:42,12.0910873
9:46:43,11.8972673
9:46:44,12.1523781
9:46:45,12.0853062
9:46:46,11.9354467
9:46:47,12.2852974
9:46:48,12.0983715
9:46:49,11.7486715
9:46:50,12.1511841
9:46:51,11.8685513
9:46:52,12.0175343
9:46:53,11.9360971
9:46:54,11.9347467
9:46:55,11.6493235
9:46:56,12.0166378
9:46:57,12.3194246
9:46:58,12.156991
9:46:59,11.6494188
9:47:00,11.8995543
9:47:01,11.9070492
9:47:02,12.0000725
9:47:03,12.2664566
9:47:04,12.2989368
9:47:05,12.0941677
9:47:06,11.8750086
9:47:07,12.0923681
9:47:08,11.958313
9:47:09,11.9353437
9:47:10,12.0735474
9:47:11,11.9692249
9:47:12,12.1539364
9:47:13,12.2982073
9:47:14,11.8343124
9:47:15,12.1571274
9:47:16,11.7699242
9:47:17,12.0929871
9:47:18,12.0017881
9:47:19,11.976264
9:47:20,11.7856627
9:47:21,11.906126
9:47:22,11.9164219
9:47:23,11.9649639
9:47:24,12.1636057
9:47:25,12.03006
9:47:26,11.9751043
9:47:27,11.9515009
9:47:28,11.9957161
9:47:29,12.0611324
9:47:30,11.868557
9:47:31,12.1537819
9:47:32,11.7133894
9:47:33,12.285552
9:47:34,11.98235
9:47:35,11.98759
9:47:36,12.0163231
9:47:37,11.9350653
9:47:38,11.9122906
9:47:39,12.4246531
9:47:40,12.1591091
9:47:41,11.0966635
9:47:42,11.8178272
9:47:43,11.6876831
9:47:44,12.0629683
9:47:45,11.910182
9:47:46,12.0424376
9:47:47,12.2967529
9:47:48,11.7284889
9:47:49,12.0025225
9:47:50,12.3058453
9:47:51,12.0883865
9:47:52,12.400959
9:47:53,12.1682892
9:47:54,12.0943737
9:47:55,11.882782
9:47:56,12.0626812
9:47:57,12.2115307
9:47:58,11.9369106
9:47:59,11.965682
9:48:00,11.7929106
9:48:01,12.3005342
9:48:02,12.15241
9:48:03,11.86146
9:48:04,11.8301487
9:48:05,12.0028343
9:48:06,11.9072647
9:48:07,12.281806
9:48:08,12.0087061
9:48:09,11.8710423
9:48:10,11.9297094
9:48:11,12.2060452
9:48:12,12.1200132
9:48:13,12.1856117
9:48:14,12.2346544
9:48:15,12.1061544
9:48:16,11.5963831
9:48:17,12.1111937
9:48:18,12.246192
9:48:19,11.80033
9:48:20,12.2130527
9:48:21,11.7255831
9:48:22,11.9609909
9:48:23,11.8511038
9:48:24,12.3609781
9:48:25,11.98798
9:48:26,12.1989584
9:48:27,11.8369255
9:48:28,11.9156675
9:48:29,12.0218534
9:48:30,11.9810972
9:48:31,12.0931587
9:48:32,12.413332
9:48:33,12.0591412
9:48:34,12.1882381
9:48:35,11.76021
9:48:36,12.2352352
9:48:37,12.1314116
9:48:38,12.01583
9:48:39,12.1521273
9:48:40,12.0017776
9:48:41,12.0443611
9:48:42,11.802103
9:48:43,11.7806568
9:48:44,11.9291792
9:48:45,12.1388226
9:48:46,11.8422213
9:48:47,12.2877359
9:48:48,11.9965153
9:48:49,11.8580475
9:48:50,12.0008869
9:48:51,11.8701162
9:48:52,11.8693609
9:48:53,12.0687094
9:48:54,11.8449
9:48:55,11.7421417
9:48:56,12.3283911
9:48:57,12.2085791
9:48:58,12.0799112
9:48:59,11.9689951
9:49:00,11.7856646
9:49:01,12.0071163
9:49:02,11.8845005
9:49:03,12.13285
9:49:04,11.8504343
9:49:05,11.9729815
9:49:06,12.0858431
9:49:07,12.2346773
9:49:08,11.8100786
9:49:09,12.54484
9:49:10,11.9457331
9:49:11,11.7710066
9:49:12,12.1206837
9:49:13,11.7812891
9:49:14,11.9585667
9:49:15,12.1451664
9:49:16,11.936821
9:49:17,12.2572536
9:49:18,12.09521
9:49:19,12.0631475
9:49:20,12.0574865
9:49:21,12.0323086
9:49:22,11.9655972
9:49:23,12.2327852
9:49:24,11.85706
9:49:25,12.1136169
9:49:26,11.8543816
9:49:27,12.011754
9:49:28,11.945405
9:49:29,12.320529
9:49:30,11.8390017
9:49:31,12.0025463
9:49:33,12.2863274
9:49:34,11.841588
9:49:35,11.9111719
9:49:36,12.0421228
9:49:37,11.9902115
9:49:38,12.2038488
9:49:39,12.1421146
9:49:40,12.036356
9:49:41,11.793973
9:49:42,12.050374
9:49:43,11.9207268
9:49:44,11.8264322
9:49:45,12.2561045
9:49:46,12.1243839
9:49:47,11.992424
9:49:48,11.8567467
9:49:49,11.6650209
9:49:50,12.1285381
9:49:51,11.8698759
9:49:52,12.0218639
9:49:53,11.7987661
9:49:54,11.9128189
9:49:55,12.034873
9:49:56,11.525526
9:49:57,12.0253353
9:49:58,12.389122
9:49:59,11.9002333
9:50:00,12.2795944
9:50:01,12.2262468
9:50:02,12.0540085
9:50:03,12.0569258
9:50:04,12.042984
9:50:05,12.1026335
9:50:06,12.29624
9:50:07,11.9572639
9:50:08,12.2253561
9:50:09,12.28456
9:50:10,11.9772692
9:50:11,11.7186489
9:50:12,11.957365
9:50:13,11.8426094
9:50:14,11.91008
9:50:15,12.1915655
9:50:16,11.9329605
9:50:17,12.1439943
9:50:18,11.7669649
9:50:19,11.7344856
9:50:20,12.1417942
9:50:21,11.8973141
9:50:22,12.0388346
9:50:23,11.9350176
9:50:24,12.0405169
9:50:25,11.972826
9:50:26,11.9882011
9:50:27,12.0090876
9:50:28,12.2001162
9:50:29,12.0114765
9:50:31,11.6812391
9:50:32,12.112546
9:50:33,11.8314238
9:50:34,11.9013147
9:50:35,11.8131809
9:50:36,12.06983
9:50:37,12.0206356
9:50:38,11.9636145
9:50:39,11.9613552
9:50:41,11.9962091
9:50:42,11.9778938
9:50:43,11.9789371
9:50:45,11.7331257
9:50:46,12.0719128
9:50:47,11.8923426
9:50:49,11.6094093
9:50:50,11.7460155
9:50:51,11.7248573
9:50:53,12.1232491
9:50:54,12.0122881
9:50:55,11.9271584
9:50:56,12.1101379
9:50:57,12.1266184
9:50:58,11.8468437
9:50:59,11.9572945
9:51:00,12.02714
9:51:01,11.9482231
9:51:02,11.8190413
9:51:03,11.8719521
9:51:04,11.999279
9:51:06,11.803504
9:51:07,11.95362
9:51:08,11.9225769
9:51:09,12.1473064
9:51:10,12.27346
9:51:11,11.8986845
9:51:12,11.98657
9:51:13,11.9893408
9:51:14,12.026228
9:51:15,12.0393658
9:51:16,11.8308964
9:51:17,12.0257092
9:51:18,12.3497419
9:51:19,11.90261
9:51:20,11.777421
9:51:21,11.9285278
9:51:22,11.8158808
9:51:23,12.1083069
9:51:24,12.0225563
9:51:25,11.9356518
9:51:26,12.0458193
9:51:27,11.9766235
9:51:28,11.7272434
9:51:29,11.935338
9:51:30,12.0852432
9:51:31,11.9236536
9:51:32,11.7686691
9:51:33,11.96361
9:51:34,12.0960169
9:51:35,12.1870232
9:51:36,11.93848
9:51:37,12.085927
9:51:38,12.0923309
9:51:39,12.2533188
9:51:40,12.0743256
9:51:41,11.9642029
9:51:42,12.255518
9:51:43,12.0790348
9:51:44,11.9643583
9:51:45,11.7800684
9:51:46,11.7842131
9:51:47,12.07967
9:51:48,11.9920435
9:51:49,11.9336367
9:51:50,12.1057549
9:51:51,11.7739973
9:51:52,11.8075323
9:51:53,12.0373888
9:51:54,11.8794279
9:51:55,12.136941
9:51:56,12.0199327
9:51:57,12.1065483
9:51:58,12.2345552
9:51:59,11.8566828
9:52:00,11.8844967
9:52:01,11.755167
9:52:02,11.9726982
9:52:03,12.01891
9:52:04,11.7286415
9:52:05,12.0030279
9:52:06,11.9005451
9:52:07,11.8955193
9:52:08,12.0881481
9:52:09,12.0895195
9:52:10,12.0549231
9:52:11,12.21612
9:52:12,11.7774277
9:52:13,11.9226151
9:52:14,11.7546453
9:52:15,11.8691711
9:52:16,12.3658466
9:52:17,11.9435091
9:52:18,11.9501057
9:52:19,12.1081944
9:52:20,12.0796442
9:52:21,12.0457878
9:52:22,11.8611212
9:52:23,12.783638
9:52:24,11.8779688
9:52:25,11.969099
9:52:26,11.8784847
9:52:27,12.1218891
9:52:28,11.8768063
9:52:29,11.8824911
9:52:30,11.7733974
9:52:31,11.8546791
9:52:32,12.1193733
9:52:33,12.0722647
9:52:34,12.0597992
9:52:35,11.7521629
9:52:36,11.8939371
9:52:37,12.0527687
9:52:38,12.1220512
9:52:39,11.9971476
9:52:40,12.1912432
9:52:41,11.9542885
9:52:42,11.6418562
9:52:43,12.0800438
9:52:44,12.06456
9:52:45,12.2296877
9:52:46,11.9474049
9:52:47,12.4610043
9:52:48,12.2260027
9:52:49,11.9731426
9:52:50,11.9539137
9:52:51,11.659277
9:52:52,12.1916676
9:52:53,12.0202684
9:52:54,11.942811
9:52:55,11.9447393
9:52:56,11.9922142
9:52:57,12.0792036
9:52:58,12.0381813
9:52:59,11.86295
9:53:00,12.1294212
9:53:01,12.05853
9:53:02,11.8439684
9:53:03,12.1115093
9:53:04,12.1212053
9:53:05,12.0424128
9:53:06,12.1449289
9:53:07,12.0182705
9:53:08,12.1670494
9:53:09,11.9863214
9:53:10,11.9655428
9:53:11,11.9678936
9:53:12,12.0631914
9:53:13,12.05035
9:53:14,12.0642786
9:53:15,11.6145449
9:53:16,11.9608994
9:53:17,11.7587109
9:53:18,12.1222563
9:53:19,11.9093847
9:53:20,12.0978556
9:53:21,11.9626131
9:53:22,11.9933882
9:53:23,12.1288481
9:53:24,11.9329252
9:53:25,11.8914652
9:53:26,12.2564154
9:53:27,11.843544
9:53:28,11.9621067
9:53:29,12.1301737
9:53:30,11.9220495
9:53:31,12.0425882
9:53:32,11.8848085
9:53:33,12.2733688
9:53:34,11.9704075
9:53:35,12.01907
9:53:36,12.07345
9:53:37,12.0191889
9:53:38,11.7652721
9:53:39,12.0371313
9:53:40,12.0323391
9:53:41,12.0795126
9:53:42,11.9850264
9:53:43,11.8840933
9:53:44,12.03756
9:53:45,11.8672285
9:53:46,11.9211941
9:53:47,12.0193119
9:53:48,11.9526749
9:53:49,11.9966669
9:53:50,11.9831324
9:53:51,12.1722107
9:53:52,11.6315489
9:53:53,11.8916674
9:53:54,11.7444916
9:53:55,12.0329838
9:53:56,12.1978846
9:53:57,11.692564
9:53:58,11.8330832
9:53:59,12.1508846
9:54:00,12.2004337
9:54:01,12.087759
9:54:02,11.9769878
9:54:03,11.898942
9:54:04,12.03268
9:54:05,12.0277863
9:54:06,11.9043531
9:54:07,12.386157
9:54:08,11.9187441
9:54:09,11.92425
9:54:10,11.6614151
9:54:11,12.0010195
9:54:12,11.8511839
9:54:13,11.97635
9:54:14,11.8624792
9:54:15,11.8324394
9:54:16,12.1047239
9:54:17,11.7015018
9:54:18,12.0524311
9:54:19,11.8848867
9:54:20,12.299449
9:54:21,11.9273748
9:54:22,11.940238
9:54:23,11.7641439
9:54:24,11.8349409
9:54:25,11.904705
9:54:26,11.9829006
9:54:27,11.8715572
9:54:28,12.0132923
9:54:29,12.0003748
9:54:30,12.1637526
9:54:31,12.2097626
9:54:32,12.18746
9:54:33,12.0451813
9:54:34,12.1110477
9:54:35,12.217638
9:54:36,12.0778074
9:54:37,11.974309
9:54:38,12.4579582
9:54:39,12.1639843
9:54:40,12.0159187
9:54:41,12.0911531
9:54:42,11.9197273
9:54:43,11.97157
9:54:44,12.1064653
9:54:45,12.1620712
9:54:46,12.0693378
9:54:47,11.9849358
9:54:48,12.0605354
9:54:49,11.9964247
9:54:50,12.0723066
9:54:51,11.8182068
9:54:52,11.9915371
9:54:53,12.2708559
9:54:54,12.0968943
9:54:55,12.0383072
9:54:56,11.9404383
9:54:57,12.2218866
9:54:58,11.8186359
9:54:59,11.7329741
9:55:00,11.86544
9:55:01,11.9928684
9:55:02,11.7219429
9:55:03,11.8311138
9:55:04,11.89941
9:55:05,12.0551338
9:55:06,11.9037342
9:55:07,12.024066
9:55:08,12.1503963
9:55:09,12.2273321
9:55:10,11.8647366
9:55:11,11.8545694
9:55:12,12.1351366
9:55:13,12.058301
9:55:14,11.9431562
9:55:15,12.0386982
9:55:16,12.0833464
9:55:17,12.0032139
9:55:18,12.0248423
9:55:19,12.0930567
9:55:20,12.0530806
9:55:21,12.0792694
9:55:22,12.2986689
9:55:23,12.0538034
9:55:24,11.9210882
9:55:25,12.1887369
9:55:26,12.1191254
9:55:27,12.1061773
9:55:28,11.904706
9:55:29,11.8664217
9:55:30,11.7914267
9:55:31,12.0962114
9:55:32,12.4268551
9:55:33,11.9653349
9:55:34,11.9925346
9:55:35,12.204854
9:55:36,11.9255533
9:55:37,12.1171236
9:55:38,11.8945942
9:55:39,12.1188192
9:55:40,12.1016283
9:55:41,12.1435671
9:55:42,12.0620956
9:55:43,11.8784208
9:55:44,11.9932737
9:55:45,11.8380623
9:55:46,11.8895035
9:55:47,11.9846878
9:55:48,11.98103
9:55:49,11.845129
9:55:50,12.17909
9:55:51,12.2044525
9:55:52,11.9419
9:55:53,12.03172
9:55:54,12.0630665
9:55:55,12.1763258
9:55:56,12.3045607
9:55:57,12.1080675
9:55:58,11.9062452
9:55:59,12.0493393
9:56:00,12.145587
9:56:01,11.6895819
9:56:02,11.9622183
9:56:03,11.9454079
9:56:04,12.213973
9:56:05,11.9053326
9:56:06,11.9234762
9:56:07,11.6874895
9:56:08,11.9028149
9:56:09,12.0822115
9:56:10,12.2557478
9:56:11,12.0604544
9:56:12,11.90838
9:56:13,11.9989061
9:56:14,11.9894714
9:56:15,11.9649429
9:56:16,12.0152025
9:56:17,12.0325441
9:56:18,12.0473194
9:56:19,11.8490038
9:56:20,12.1830835
9:56:21,11.8172235
9:56:22,12.0661764
9:56:23,12.2231388
9:56:24,11.9147654
9:56:25,12.0154667
9:56:26,11.9720926
9:56:27,11.9631643
9:56:28,11.8396959
9:56:29,12.0020313
9:56:31,11.9567823
9:56:32,11.915987
9:56:33,11.8389835
9:56:34,12.1247053
9:56:35,12.1469879
9:56:37,11.7522917
9:56:38,12.21646
9:56:39,12.3772488
9:56:40,11.5960436
9:56:41,11.6839266
9:56:42,11.9081955
9:56:43,11.6806593
9:56:44,11.8765335
9:56:45,12.4139194
9:56:46,11.7110548
9:56:47,11.99672
9:56:48,11.9289722
9:56:49,12.2198305
9:56:51,12.0389481
9:56:52,11.951889
9:56:53,11.8491316
9:56:54,12.2139292
9:56:55,12.2537632
9:56:56,11.8398933
9:56:57,11.7674484
9:56:58,11.8904142
9:56:59,12.11495
9:57:00,12.085393
9:57:01,11.99306
9:57:02,12.0919533
9:57:03,12.0066576
9:57:04,12.1168308
9:57:05,11.7533722
9:57:06,12.1279478
9:57:07,11.7267981
9:57:08,11.8137827
9:57:09,11.8905163
9:57:10,12.006299
9:57:11,12.0194349
9:57:12,11.6887445
9:57:13,12.0582867
9:57:14,12.0134821
9:57:15,12.1312056
9:57:16,11.8784761
9:57:17,11.9336662
9:57:18,11.8861952
9:57:19,12.1854486
9:57:20,12.0103807
9:57:21,12.07453
9:57:22,11.8735495
9:57:23,11.8370409
9:57:24,12.1327343
9:57:25,11.9798565
9:57:26,11.8369513
9:57:27,12.0369682
9:57:28,11.871336
9:57:29,12.1294661
9:57:30,11.8075237
9:57:31,11.9645853
9:57:32,11.9074268
9:57:33,11.875124
9:57:34,12.024106
9:57:35,12.2840834
9:57:36,11.9905615
9:57:37,11.8944931
9:57:38,11.6651163
9:57:39,12.0097637
9:57:40,11.9325171
9:57:41,12.4740276
9:57:42,11.8486681
9:57:43,11.8301344
9:57:44,11.7711344
9:57:45,12.1431141
9:57:46,11.8486118
9:57:47,12.1908875
9:57:48,12.2582579
9:57:49,11.8372545
9:57:50,12.0022354
9:57:51,11.7998829
9:57:52,11.9167585
9:57:53,12.0665607
9:57:54,11.9706945
9:57:55,11.9396849
9:57:56,12.2004023
9:57:57,12.0863256
9:57:58,11.903532
9:57:59,12.350811
9:58:00,12.0774736
9:58:01,12.2446194
9:58:02,11.8669138
9:58:03,12.02946
9:58:04,12.03193
9:58:05,12.2590084
9:58:06,11.976882
9:58:07,12.0677891
9:58:08,11.9687653
9:58:09,11.8446455
9:58:10,12.3978462
9:58:11,12.0462151
9:58:12,11.94786
9:58:13,11.8791647
9:58:14,11.8633451
9:58:15,11.9961672
9:58:16,11.9037266
9:58:17,11.8247662
9:58:18,12.00832
9:58:19,12.0862617
9:58:20,12.1085882
9:58:21,12.0763626
9:58:22,11.7620153
9:58:23,11.9271994
9:58:24,11.9660616
9:58:25,12.0782566
9:58:26,12.1340923
9:58:27,12.3007069
9:58:28,12.018795
9:58:29,12.1536283
9:58:30,11.6962891
9:58:31,11.9868631
9:58:32,12.0998583
9:58:33,11.7052164
9:58:34,12.1236525
9:58:35,11.8746481
9:58:36,11.9252214
9:58:37,12.1480722
9:58:38,12.1892033
9:58:39,12.1801214
9:58:40,12.0572033
9:58:41,12.0060062
9:58:42,11.7811289
9:58:43,11.8706236
9:58:44,11.7867365
9:58:45,11.8843231
9:58:46,12.20277
9:58:47,11.976243
9:58:48,11.8225613
9:58:49,11.9242449
9:58:50,11.876647
9:58:51,12.107255
9:58:52,11.9891853
9:58:53,12.07755
9:58:54,12.0325937
9:58:55,12.1512108
9:58:56,12.0146551
9:58:57,12.1825094
9:58:58,12.0864563
9:58:59,12.1117792
9:59:00,11.41595
9:59:01,11.6085911
9:59:02,12.2606487
9:59:03,11.8571005
9:59:04,11.7293081
9:59:05,11.8932734
9:59:06,11.9080467
9:59:07,11.92772
9:59:08,11.9422369
9:59:09,12.1390095
9:59:10,12.0489855
9:59:11,11.8996382
9:59:12,12.0727968
9:59:13,12.0265713
9:59:14,12.244607
9:59:15,11.9824934
9:59:16,11.6932087
9:59:17,11.973032
9:59:18,11.8519859
9:59:19,11.9004107
9:59:20,11.9799242
9:59:21,12.0095339
9:59:22,11.9006872
9:59:23,11.9989624
9:59:24,11.9275494
9:59:25,12.2600679
9:59:26,11.9175758
9:59:27,11.9477558
9:59:28,11.79529
9:59:29,12.0193634
9:59:30,12.0250912
9:59:31,11.85677
9:59:32,12.3370142
9:59:33,11.8623419
9:59:34,12.032649
9:59:35,12.1988106
9:59:36,11.8441763
9:59:37,12.1249952
9:59:38,11.9015312
9:59:39,11.7687311
9:59:40,12.11225
9:59:41,12.08119
9:59:42,11.695591
9:59:43,12.0708942
9:59:44,11.7746735
9:59:45,11.9636908
9:59:46,12.0003347
9:59:47,11.88456
9:59:48,11.9787626
9:59:49,12.1899529
9:59:50,11.9251308
9:59:51,12.1180077
9:59:52,11.8818378
9:59:53,11.9745121
9:59:54,11.9727917
9:59:55,11.7803249
9:59:56,11.8228226
9:59:57,11.8146305
9:59:58,11.8118649
9:59:59,12.2196522
10:00:00,12.043334
10:00:01,11.9669323
10:00:02,11.9715118
10:00:03,12.0134678
10:00:04,12.01567
10:00:05,11.782917
10:00:06,11.6670389
10:00:07,12.2366972
10:00:08,11.9176521
10:00:09,12.2823057
10:00:10,11.9991436
10:00:11,11.9057751
10:00:12,12.2627668
10:00:13,12.0556507
10:00:14,11.8773985
10:00:15,12.1497173
10:00:16,11.9510641
10:00:17,12.1966724
10:00:18,11.60676
10:00:19,12.1056433
10:00:20,11.7987661
10:00:21,12.0604687
10:00:22,12.0764713
10:00:23,11.877161
10:00:24,12.119482
10:00:25,11.8448391
10:00:26,11.9895754
10:00:27,12.0287848
10:00:28,11.9578953
10:00:29,12.1786356
10:00:30,12.0079136
10:00:31,12.0214138
10:00:32,11.9925079
10:00:33,11.8394346
10:00:34,12.0776415
10:00:35,11.896183
10:00:36,12.0053473
10:00:37,12.1113338
10:00:38,12.0355291
10:00:39,12.3330927
10:00:40,12.0903978
10:00:41,12.1504011
10:00:42,11.977417
10:00:43,12.1961813
10:00:44,11.9472628
10:00:45,12.2585592
10:00:46,11.5878172
10:00:47,12.07262
10:00:48,11.8938169
10:00:49,11.9375725
10:00:50,11.994647
10:00:51,11.4836531
10:00:52,12.0219746
10:00:53,11.9376287
10:00:54,12.2939339
10:00:55,12.1317205
10:00:56,12.1131124
10:00:57,11.8922386
10:00:58,11.8085394
10:00:59,11.5947542
10:01:00,12.1270981
10:01:01,12.0705452
10:01:02,11.9726248
10:01:03,11.8855448
10:01:04,11.8852177
10:01:05,11.769659
10:01:06,11.7926817
10:01:07,12.0479937
10:01:08,12.0083237
10:01:09,12.03496
10:01:10,12.0756493
10:01:11,11.88342
10:01:12,11.9038992
10:01:13,12.0129519
10:01:14,11.8512173
10:01:15,11.6411638
10:01:16,11.9536839
10:01:17,11.8383522
10:01:18,12.0819645
10:01:19,11.7019939
10:01:20,12.0096169
10:01:21,12.1035862
10:01:22,11.936882
10:01:23,12.11035
10:01:24,12.3856411
10:01:25,11.8925667
10:01:26,12.3002424
10:01:27,11.9065619
10:01:28,11.9858551
10:01:29,11.7392807
10:01:30,11.9250736
10:01:31,11.8861217
10:01:32,12.2591839
10:01:33,11.78231
10:01:34,11.9856281
10:01:35,12.0290661
10:01:36,11.9778252
10:01:37,11.8518753
10:01:38,11.8871183
10:01:39,12.1890717
10:01:40,11.9045877
10:01:41,12.0234308
10:01:42,11.91538
10:01:43,11.9869347
10:01:44,11.8309155
10:01:45,11.9894152
10:01:46,12.1257105
10:01:47,11.903182
10:01:48,12.0334349
10:01:49,12.1621895
10:01:50,11.839757
10:01:51,12.0166426
10:01:52,11.8311033
10:01:53,11.8856068
10:01:54,12.13111
10:01:55,12.2158241
10:01:56,11.9523964
10:01:57,11.7692595
10:01:58,12.0783758
10:01:59,12.08227
10:02:00,11.8206863
10:02:01,11.8397493
10:02:02,12.3956022
10:02:03,12.1721992
10:02:04,12.0532866
10:02:05,11.87891
10:02:06,11.706851
10:02:07,11.930995
10:02:08,12.0349817
10:02:09,12.0922461
10:02:10,12.0773668
10:02:11,11.9502573
10:02:12,11.8876286
10:02:13,12.066721
10:02:14,12.1924067
10:02:15,12.0301447
10:02:16,12.0920868
10:02:17,11.7190981
10:02:18,12.1043272
10:02:19,12.02513
10:02:20,11.9554472
10:02:21,11.9240713
10:02:22,11.8645916
10:02:23,12.2052822
10:02:24,11.9294691
10:02:25,11.9187813
10:02:26,11.8856373
10:02:27,12.015276
10:02:28,11.6761293
10:02:29,11.9346619
10:02:30,12.1403675
10:02:31,12.1267576
10:02:32,11.8972158
10:02:33,12.06469
10:02:34,11.8000765
10:02:35,11.6233
10:02:36,11.6217766
10:02:37,11.9153271
10:02:38,12.1757584
10:02:39,12.1331491
10:02:40,11.7655039
10:02:41,12.0331612
10:02:42,12.215064
10:02:43,11.9260006
10:02:44,12.3390722
10:02:45,11.85429
10:02:46,12.0361643
10:02:47,12.195631
10:02:48,12.1775913
10:02:49,12.1696558
10:02:50,12.08848
10:02:51,11.9707813
10:02:52,12.2527447
10:02:53,11.9235706
10:02:54,12.4062738
10:02:55,11.8910017
10:02:56,11.9935045
10:02:57,12.0401506
10:02:58,12.1413479
10:02:59,12.0879345
10:03:00,12.198945
10:03:01,11.9305058
10:03:02,12.1256151
10:03:03,11.8042622
10:03:04,12.2051706
10:03:05,11.7161722
10:03:06,12.367012
10:03:07,11.9917326
10:03:08,11.9221535
10:03:09,12.2128553
10:03:10,12.0341187
10:03:11,11.7762861
10:03:12,12.1646442
10:03:13,12.3086872
10:03:14,11.89068
10:03:15,11.965476
10:03:16,11.877017
10:03:17,12.1208029
10:03:18,12.0106077
10:03:19,12.0314159
10:03:20,11.4670773
10:03:21,11.98406
10:03:22,12.05024
10:03:23,11.8045139
10:03:24,11.9162464
10:03:25,12.1953154
10:03:26,11.781476
10:03:27,12.2373266
10:03:28,11.6347523
10:03:29,11.8785934
10:03:30,11.8232784
10:03:31,11.8949862
10:03:32,12.2283688
10:03:33,12.015358
10:03:34,12.1252069
10:03:35,12.2215662
10:03:36,11.690033
10:03:37,12.2079849
10:03:38,12.1862755
10:03:39,11.9300241
10:03:40,12.2947044
10:03:41,12.1369381
10:03:42,12.2117949
10:03:43,11.8586454
10:03:44,12.12931
10:03:45,11.7808867
10:03:46,12.2243185
10:03:47,11.8346214
10:03:48,12.2073574
10:03:49,11.9722767
10:03:50,12.320879
10:03:51,11.9594259
10:03:52,12.1678448
10:03:53,11.6478138
10:03:54,11.8848658
10:03:55,12.5582991
10:03:56,11.7327719
10:03:57,12.0398474
10:03:58,11.7078362
10:03:59,12.3067923
10:04:00,12.0816288
10:04:01,10.5941639
10:04:02,10.5003109
10:04:03,13.3099012
10:04:04,14.5208588
10:04:05,11.7012558
10:04:06,11.8731947
10:04:07,11.8248129
10:04:08,11.8403492
10:04:09,11.93843
10:04:10,12.1209068
10:04:11,12.0745792
10:04:12,11.8121252
10:04:13,11.7872772
10:04:14,12.0453625
10:04:15,12.10254
10:04:16,12.0127316
10:04:17,11.6309519
10:04:18,12.086607
10:04:19,11.8461933
10:04:20,11.968626
10:04:21,11.9802084
10:04:22,12.1440229
10:04:23,12.1280918
10:04:24,12.20996
10:04:25,12.0713673
10:04:27,11.662056
10:04:28,11.6742887
10:04:29,12.0590382
10:04:31,11.9382219
10:04:32,12.1865826
10:04:33,11.8995914
10:04:34,11.9450054
10:04:35,11.4497375
10:04:36,11.9198723
10:04:37,11.9507856
10:04:38,11.8632851
10:04:39,12.1023216
10:04:41,11.9494066
10:04:42,11.8399363
10:04:43,11.9927759
10:04:44,11.860239
10:04:45,12.2504044
10:04:46,12.2159824
10:04:47,11.7435656
10:04:48,12.0044918
10:04:49,11.724308
10:04:50,12.0804033
10:04:51,11.6085682
10:04:52,11.9795132
10:04:53,11.9838123
10:04:54,11.7207108
10:04:55,11.4996262
10:04:56,12.172739
10:04:57,12.1465979
10:04:58,12.0237455
10:04:59,11.8834124
10:05:00,11.8189754
10:05:01,12.2213678
10:05:02,11.89698
10:05:03,11.8913136
10:05:04,12.1841164
10:05:05,11.9181776
10:05:06,11.9204407
10:05:07,11.8946152
10:05:08,12.0716782
10:05:09,12.04225
10:05:10,11.9234724
10:05:11,11.9855652
10:05:12,11.8016529
10:05:13,12.3012428
10:05:14,12.1265221
10:05:15,12.2907448
10:05:16,11.9244432
10:05:17,12.0331211
10:05:18,12.1578856
10:05:19,12.22249
10:05:20,12.1734676
10:05:21,11.8612089
10:05:22,11.7061749
10:05:23,12.0220213
10:05:24,11.7834883
10:05:25,11.9629
10:05:26,11.9959488
10:05:27,12.0316868
10:05:28,11.848011
10:05:29,11.94625
10:05:30,11.9554768
10:05:31,11.7669334
10:05:32,12.0574627
10:05:33,12.2110987
10:05:34,11.92556
10:05:35,11.9997339
10:05:36,12.0506411
10:05:37,12.0221
10:05:38,11.8810205
10:05:39,11.9100695
10:05:40,12.228488
10:05:41,11.9846659
10:05:42,12.0092144
10:05:43,12.0402126
10:05:44,11.8770161
10:05:45,12.3008308
10:05:46,11.9728785
10:05:47,12.2444239
10:05:48,11.9045792
10:05:49,12.1221485
10:05:50,11.8113737
10:05:51,11.8625183
10:05:52,12.0800848
10:05:53,11.8961191
10:05:54,11.96071
10:05:55,12.1074677
10:05:56,12.0559368
10:05:57,11.9914875
10:05:58,12.0086517
10:05:59,11.6573944
10:06:00,11.8501158
10:06:01,11.9458447
10:06:02,11.8688021
10:06:03,11.965312
10:06:04,12.2188826
10:06:05,12.0451431
10:06:06,12.1308165
10:06:07,11.7626467
10:06:08,12.0252781
10:06:09,12.3323107
10:06:10,11.6779127
10:06:11,11.8423376
10:06:12,11.9026814
10:06:13,11.8993139
10:06:14,12.291625
10:06:15,11.9135
10:06:16,11.8730831
10:06:17,12.3679237
10:06:18,11.8334942
10:06:19,11.8878965
10:06:20,12.1392345
10:06:21,11.9391546
10:06:22,12.1203814
10:06:23,12.0508566
10:06:24,12.09874
10:06:25,11.8829842
10:06:26,11.77795
10:06:27,11.7830038
10:06:28,12.4234886
10:06:29,11.9602661
10:06:30,11.9743528
10:06:31,12.2088575
10:06:32,11.7787275
10:06:33,11.85012
10:06:34,11.9244957
10:06:35,12.2026615
10:06:36,11.9001236
10:06:37,11.9442835
10:06:38,11.7419643
10:06:39,11.8970995
10:06:40,11.9115276
10:06:41,12.1817293
10:06:42,12.0848169
10:06:43,11.9131327
10:06:44,12.20783
10:06:45,11.9485559
10:06:46,12.1054306
10:06:47,11.9266424
10:06:48,12.3541355
10:06:49,12.1514721
10:06:50,11.9086113
10:06:51,12.0352964
10:06:52,11.91838
10:06:53,11.9198809
10:06:54,11.9538431
10:06:55,12.0187368
10:06:56,11.9479485
10:06:57,12.0953369
10:06:58,11.8713369
10:06:59,11.9495506
10:07:00,12.082983
10:07:01,12.1759033
10:07:02,11.8916941
10:07:03,11.9862671
10:07:04,12.0556259
10:07:05,12.0690336
10:07:06,11.94354
10:07:07,12.0175171
10:07:08,11.7316837
10:07:09,11.9666376
10:07:10,12.0002184
10:07:11,11.9997139
10:07:12,12.0253916
10:07:13,11.946908
10:07:14,11.8819008
10:07:15,12.0506907
10:07:16,12.0803585
10:07:17,12.0770035
10:07:18,11.9058609
10:07:19,11.9787245
10:07:20,12.022543
10:07:21,12.171855
10:07:22,11.9241772
10:07:23,11.9765711
10:07:24,11.9378948
10:07:25,12.1325016
10:07:26,11.7622461
10:07:27,12.3924494
10:07:28,12.2500944
10:07:29,12.3291054
10:07:30,11.9420519
10:07:31,12.0715981
10:07:32,12.21746
10:07:33,11.8534069
10:07:34,11.8426962
10:07:35,12.0286217
10:07:36,11.9609776
10:07:37,11.8934822
10:07:38,12.013279
10:07:39,11.8118343
10:07:40,12.0600939
10:07:41,11.9857082
10:07:42,12.5214863
10:07:43,11.7660742
10:07:44,11.6437922
10:07:45,12.0666838
10:07:46,11.9985476
10:07:47,11.8125687
10:07:48,11.870986
10:07:49,12.2532635
10:07:50,11.8695631
10:07:51,12.0518913
10:07:52,12.2113152
10:07:53,12.1913691
10:07:54,11.8562927
10:07:55,12.04783
10:07:56,11.84379
10:07:57,11.8030214
10:07:58,12.0519705
10:07:59,11.9573717
10:08:00,12.1493216
10:08:01,12.2139854
10:08:02,11.9103537
10:08:03,12.1698637
10:08:04,11.7951393
10:08:05,11.953331
10:08:06,12.049819
10:08:07,12.2513819
10:08:08,11.7687168
10:08:09,11.9642487
10:08:10,11.862874
10:08:11,12.1362038
10:08:12,11.80466
10:08:13,11.8640642
10:08:14,12.0112143
10:08:15,11.8932123
10:08:16,12.0335522
10:08:17,12.1079159
10:08:18,11.7302961
10:08:19,12.0581064
10:08:20,12.0122766
10:08:21,12.0589466
10:08:22,12.0555582
10:08:23,12.0776348
10:08:24,12.1411924
10:08:25,11.5385981
10:08:26,11.8489847
10:08:27,12.1876841
10:08:28,12.217968
10:08:29,12.1862125
10:08:30,11.7259588
10:08:31,12.1190844
10:08:32,11.8889275
10:08:33,11.9470978
10:08:34,12.201293
10:08:35,12.1204281
10:08:36,12.058692
10:08:37,11.8155365
10:08:38,11.9749851
10:08:39,12.1027708
10:08:40,12.0088186
10:08:41,11.99105
10:08:42,11.9560308
10:08:43,12.0303249
10:08:44,11.6212578
10:08:45,12.2814426
10:08:46,12.0573492
10:08:47,11.9079227
10:08:48,11.9940052
10:08:49,11.67098
10:08:50,12.0470314
10:08:51,11.9749222
10:08:52,11.726162
10:08:53,12.0245361
10:08:54,11.6209221
10:08:55,11.9150505
10:08:56,11.6959162
10:08:57,11.75418
10:08:58,12.0396051
10:08:59,12.08021
10:09:00,12.03711
10:09:01,12.0921965
10:09:02,11.9105644
10:09:03,11.8205538
10:09:04,11.9716711
10:09:05,11.9081764
10:09:06,12.0192947
10:09:07,11.7228365
10:09:08,12.29489
10:09:09,11.7815895
10:09:10,11.8443823
10:09:11,12.0383348
10:09:12,11.6372929
10:09:13,11.956686
10:09:14,12.1041708
10:09:15,12.2670631
10:09:16,12.1319284
10:09:17,11.7853956
10:09:18,11.86865
10:09:19,11.9845219
10:09:20,11.9585562
10:09:21,11.9021826
10:09:22,11.9910059
10:09:23,11.9250011
10:09:24,11.93171
10:09:25,11.9968166
10:09:26,12.1517715
10:09:27,11.8643551
10:09:28,11.850729
10:09:29,12.0516663
10:09:30,11.9180708
10:09:31,11.8344116
10:09:33,11.9027243
10:09:34,12.1047058
10:09:35,11.713439
10:09:36,11.6772938
10:09:37,12.0232821
10:09:38,12.0184374
10:09:39,11.8422451
10:09:40,12.2889566
10:09:41,12.1305437
10:09:42,11.9273987
10:09:43,11.9818869
10:09:44,11.9907627
10:09:45,11.7943029
10:09:46,12.1474648
10:09:47,11.9458723
10:09:48,11.8986893
10:09:49,12.25038
10:09:50,11.8438358
10:09:51,11.97494
10:09:52,12.0596619
10:09:53,11.857585
10:09:54,11.8861523
10:09:55,12.0140867
10:09:56,12.1504765
10:09:57,11.9100447
10:09:58,11.7378025
10:09:59,12.1144466
10:10:00,11.9023819
10:10:01,12.1694183
10:10:02,11.9702921
10:10:03,12.0987291
10:10:04,11.8512888
10:10:05,12.0411854
10:10:06,12.0725288
10:10:07,12.1141768
10:10:08,11.9941874
10:10:09,11.8943634
10:10:10,11.9555111
10:10:11,11.9025126
10:10:12,11.95222
10:10:13,11.9233055
10:10:14,12.0716667
10:10:15,11.7826958
10:10:16,12.2036581
10:10:17,11.9159317
10:10:18,11.9375534
10:10:19,12.1821156
10:10:20,11.883667
10:10:21,12.0993128
10:10:22,12.1988649
10:10:23,11.6539841
10:10:24,12.1867
10:10:25,11.9679327
10:10:26,11.6889086
10:10:27,12.1865273
10:10:28,11.8734674
10:10:29,11.9390669
10:10:30,12.0092964
10:10:31,11.856039
10:10:33,11.8260546
10:10:34,11.9148922
10:10:35,12.2783766
10:10:36,12.0875778
10:10:37,11.8216953
10:10:38,12.1616087
10:10:39,11.7983942
10:10:40,11.629487
10:10:41,12.1546354
10:10:42,12.277669
10:10:43,12.12895
10:10:44,11.862977
10:10:45,12.02886
10:10:46,12.1675177
10:10:47,12.1534472
10:10:48,11.7118177
10:10:49,12.075386
10:10:50,11.8798275
10:10:51,12.6719828
10:10:52,12.0982208
10:10:53,12.1997414
10:10:54,11.9732542
10:10:55,11.7759018
10:10:56,12.4254
10:10:57,11.7684
10:10:58,12.1884165
10:10:59,12.2168856
10:11:00,11.9415131
10:11:01,12.2751293
10:11:02,12.042284
10:11:03,11.9130383
10:11:04,11.881156
10:11:06,12.069149
10:11:08,12.06546
10:11:09,12.0201836
10:11:11,12.1533175
10:11:12,11.9606495
10:11:13,12.0998325
10:11:14,11.9935236
10:11:16,11.7590818
10:11:17,11.8951006
10:11:19,11.9986019
10:11:21,11.8814
10:11:22,12.1928568
10:11:23,12.0685835
10:11:24,12.104928
10:11:25,12.1583567
10:11:26,11.9379654
10:11:27,12.1163883
10:11:28,12.0965939
10:11:29,12.1653881
10:11:31,12.10357
10:11:33,12.0878973
10:11:34,12.04121
10:11:35,11.7996044
10:11:36,11.9879932
10:11:37,11.9237261
10:11:38,12.0008259
10:11:39,12.0090694
10:11:40,11.8391161
10:11:42,11.8735409
10:11:43,12.1312094
10:11:44,12.0337181
10:11:46,11.9417372
10:11:47,12.3692741
10:11:48,11.9535809
10:11:49,11.9068909
10:11:50,12.007596
10:11:51,11.8427019
10:11:52,12.0981693
10:11:53,12.2736111
10:11:54,12.0824432
10:11:55,12.0539246
10:11:56,11.9852209
10:11:57,11.9715729
10:11:58,11.9778767
10:12:00,11.9116869
10:12:01,12.1362963
10:12:02,12.0902758
10:12:03,11.94102
10:12:04,12.1267586
10:12:05,11.7697182
10:12:06,12.0304184
10:12:07,12.2282658
10:12:08,12.0419893
10:12:09,12.0949631
10:12:10,11.7874393
10:12:11,11.7028227
10:12:12,12.1372671
10:12:13,12.0191841
10:12:14,11.9957666
10:12:15,11.9745493
10:12:16,11.9584436
10:12:17,11.872179
10:12:18,12.0549364
10:12:19,11.8465586
10:12:20,12.0151482
10:12:21,11.6853762
10:12:22,12.0131464
10:12:23,12.1060905
10:12:24,12.1439438
10:12:25,11.9278975
10:12:26,12.1587591
10:12:27,12.1060228
10:12:28,11.9730434
10:12:29,12.1016245
10:12:30,12.0293808
10:12:31,11.99888
10:12:32,11.6763716
10:12:33,11.8360968
10:12:34,11.9323664
10:12:35,12.07668
10:12:36,12.1119423
10:12:37,11.8972692
10:12:38,11.9814014
10:12:39,11.8119631
10:12:40,11.8918943
10:12:41,11.9774122
10:12:42,11.92645
10:12:43,12.3907728
10:12:44,11.5328617
10:12:45,12.1025162
10:12:46,11.9906092
10:12:47,12.0515079
10:12:48,12.0137863
10:12:49,12.0272655
10:12:50,12.0590611
10:12:51,12.0507069
10:12:52,12.1270247
10:12:53,11.9760656
10:12:54,11.8071079
10:12:55,11.84905
10:12:56,12.1878338
10:12:57,11.6938686
10:12:58,11.9078407
10:12:59,12.16858
10:13:00,11.9434156
10:13:01,11.9277649
10:13:02,12.1439972
10:13:03,12.1322794
10:13:04,12.1233492
10:13:05,12.182477
10:13:06,11.80365
10:13:07,12.53375
10:13:08,12.0366631
10:13:09,11.823226
10:13:10,11.9403677
10:13:11,12.0133181
10:13:12,12.07679
10:13:13,11.840807
10:13:14,12.04025
10:13:15,12.04914
10:13:16,11.6783266
10:13:17,11.8039742
10:13:18,12.0839834
10:13:19,12.0387325
10:13:20,11.6885376
10:13:21,11.8656588
10:13:22,12.1174374
10:13:23,12.0571156
10:13:24,11.9514771
10:13:25,12.1489763
10:13:26,11.993556
10:13:27,11.9664879
10:13:28,11.8928814
10:13:29,11.8877687
10:13:30,12.0322628
10:13:31,12.0320168
10:13:32,11.8596735
10:13:33,11.7926979
10:13:34,12.0774994
10:13:35,11.7198782
10:13:36,11.88822
10:13:37,12.268671
10:13:38,11.6842356
10:13:39,12.063817
10:13:40,11.9184475
10:13:41,11.8436766
10:13:42,12.108737
10:13:43,12.0242443
10:13:44,11.9610062
10:13:45,12.043272
10:13:46,12.08889
10:13:47,11.8526583
10:13:48,12.19928
10:13:49,11.9753323
10:13:50,12.13509
10:13:51,11.9691124
10:13:52,11.6948671
10:13:53,11.8535919
10:13:54,12.0839376
10:13:55,11.8412123
10:13:56,12.1609945
10:13:57,11.8813305
10:13:58,12.337163
10:13:59,11.9842815
10:14:00,11.9950562
10:14:01,12.3532867
10:14:02,11.7708855
10:14:03,12.191843
10:14:04,11.8329935
10:14:05,11.9478168
10:14:06,12.0951977
10:14:07,11.9871063
10:14:08,11.92997
10:14:09,11.9191227
10:14:10,12.0144672
10:14:11,12.1055183
10:14:12,12.1593513
10:14:13,12.3790588
10:14:14,11.8684683
10:14:15,11.8403006
10:14:16,12.0077
10:14:17,12.0132494
10:14:18,12.1261034
10:14:19,11.8867607
10:14:20,11.9907007
10:14:21,12.0368032
10:14:22,12.1193781
10:14:23,11.9644947
10:14:24,12.01225
10:14:25,11.7838
10:14:26,11.8322525
10:14:27,12.0729475
10:14:28,12.10862
10:14:29,12.0834846
10:14:30,12.1747627
10:14:31,12.1049242
10:14:32,11.9199076
10:14:33,12.3176279
10:14:34,12.054841
10:14:35,12.1478119
10:14:36,12.188571
10:14:37,11.9624777
10:14:38,11.92094
10:14:39,12.1557713
10:14:40,11.7094479
10:14:41,11.9802027
10:14:42,12.0576458
10:14:43,12.05099
10:14:44,12.2480049
10:14:45,12.0328836
10:14:46,11.8863239
10:14:47,12.0296669
10:14:48,11.767663
10:14:49,11.7668591
10:14:50,11.97758
10:14:51,12.1223927
10:14:52,12.0423594
10:14:53,11.8677292
10:14:54,12.0147524
10:14:55,11.8180056
10:14:56,12.108079
10:14:57,12.2695293
10:14:58,12.0425119
10:14:59,11.86955
10:15:00,12.1046505
10:15:01,11.9101467
10:15:02,11.7295742
10:15:03,11.8925266
10:15:04,11.9473467
10:15:05,12.0582142
10:15:06,12.2157249
10:15:07,11.8209715
10:15:08,12.117631
10:15:09,11.9341908
10:15:10,12.0677214
10:15:11,11.9057379
10:15:12,11.8509474
10:15:13,11.7052841
10:15:14,12.16385
10:15:15,11.824708
10:15:16,12.0248995
10:15:17,11.909955
10:15:18,12.0032854
10:15:19,12.4579992
10:15:20,11.87646
10:15:21,12.0285387
10:15:22,12.1576662
10:15:23,12.341712
10:15:24,12.07537
10:15:25,11.900032
10:15:26,11.9717245
10:15:27,11.7504482
10:15:28,11.979785
10:15:29,11.8151655
10:15:30,11.9989243
10:15:31,12.24291
10:15:32,12.0803976
10:15:33,12.1464415
10:15:34,12.1405439
10:15:35,11.9252043
10:15:36,11.93276
10:15:37,11.9482937
10:15:38,12.1408167
10:15:39,11.8343449
10:15:40,11.8973045
10:15:41,11.8689947
10:15:42,12.1033239
10:15:43,12.1664019
10:15:44,11.9457378
10:15:45,11.949873
10:15:46,12.01637
10:15:47,12.1937017
10:15:48,12.01827
10:15:49,11.8152409
10:15:50,11.9749861
10:15:51,11.8856459
10:15:52,11.89013
10:15:53,11.9269438
10:15:54,12.1184044
10:15:55,11.7817307
10:15:56,12.1202288
10:15:57,12.1222868
10:15:58,12.2051029
10:15:59,11.84886
10:16:00,11.8033743
10:16:01,12.16183
10:16:02,11.9041348
10:16:03,12.0658045
10:16:04,11.7118053
10:16:05,12.1584253
10:16:06,11.9975252
10:16:07,12.0074282
10:16:08,12.27796
10:16:09,11.8890905
10:16:10,11.8726187
10:16:11,11.8637877
10:16:12,11.8018417
10:16:13,11.8969469
10:16:14,11.8244915
10:16:15,12.1858282
10:16:16,11.8832636
10:16:17,12.1988592
10:16:18,11.9077082
10:16:19,11.9335165
10:16:20,11.7458458
10:16:21,12.0593853
10:16:22,12.0266619
10:16:23,11.7970572
10:16:24,11.9835978
10:16:25,12.0948753
10:16:26,11.7739706
10:16:27,11.9752874
10:16:28,11.9212189
10:16:29,12.0558367
10:16:30,11.9610291
10:16:31,12.0438356
10:16:32,12.1487741
10:16:33,11.9432774
10:16:34,11.8832531
10:16:35,11.75793
10:16:36,12.0337915
10:16:37,12.0122252
10:16:38,12.1301422
10:16:39,11.9937954
10:16:40,12.0146608
10:16:41,11.9107656
10:16:42,12.1152639
10:16:43,12.1598816
10:16:44,12.0393848
10:16:45,12.1017332
10:16:46,12.1198025
10:16:47,12.0368385
10:16:48,11.993536
10:16:49,12.1203833
10:16:50,12.0757647
10:16:51,11.8226633
10:16:52,12.0610085
10:16:53,12.2648582
10:16:54,12.1632576
10:16:55,11.8054924
10:16:56,11.7965317
10:16:57,12.0809488
10:16:58,12.0014629
10:16:59,11.931571
10:17:00,11.7994967
10:17:01,12.07931
10:17:02,11.9842434
10:17:03,11.909317
10:17:04,11.8314857
10:17:05,11.8093424
10:17:06,12.103982
10:17:07,11.9651442
10:17:08,11.9687557
10:17:09,12.0972567
10:17:10,12.1950388
10:17:11,11.88627
10:17:12,11.9927731
10:17:13,12.2334452
10:17:14,11.9299259
10:17:15,11.88995
10:17:16,12.1441383
10:17:17,12.0381069
10:17:18,12.1951056
10:17:19,11.94447
10:17:20,11.7557487
10:17:21,12.111908
10:17:22,11.930892
10:17:23,12.1552954
10:17:24,11.929121
10:17:25,11.907238
10:17:26,11.983119
10:17:27,11.7173309
10:17:28,11.7025242
10:17:29,11.9290686
10:17:30,12.1699371
10:17:31,11.9194756
10:17:32,12.1389389
10:17:33,11.6297169
10:17:34,11.8614826
10:17:35,12.13569
10:17:36,11.7610207
10:17:37,11.8939915
10:17:38,12.4354677
10:17:39,11.9385443
10:17:40,11.9941607
10:17:41,12.1113434
10:17:42,11.86923
10:17:43,11.8513412
10:17:44,12.0939093
10:17:45,11.724824
10:17:46,11.8515625
10:17:47,12.2029219
10:17:48,11.8742371
10:17:49,12.1302385
10:17:50,12.0040445
10:17:51,12.1142988
10:17:52,11.8204126
10:17:53,12.0762472
10:17:54,11.9030733
10:17:55,11.6673069
10:17:56,12.046133
10:17:57,12.0447893
10:17:58,12.0955114
10:17:59,12.2451372
10:18:00,12.0893869
10:18:01,11.8851156
10:18:02,11.90096
10:18:03,11.8176289
10:18:04,12.1951485
10:18:05,12.0952406
10:18:06,11.9600143
10:18:07,12.0854692
10:18:08,11.9555168
10:18:09,11.8519993
10:18:10,12.0703087
10:18:11,12.1152315
10:18:12,12.1922073
10:18:13,11.9774189
10:18:14,12.1938734
10:18:15,11.9631548
10:18:16,11.8111668
10:18:17,12.1699085
10:18:18,12.1613054
10:18:19,12.1441507
10:18:20,11.8926134
10:18:21,11.997694
10:18:22,11.8068037
10:18:23,11.8624487
10:18:24,11.947525
10:18:25,11.7481709
10:18:26,11.9789886
10:18:27,12.0016556
10:18:28,11.8616457
10:18:29,11.7647467
10:18:30,11.6726151
10:18:31,12.0553284
10:18:33,11.9378414
10:18:34,12.0550165
10:18:35,11.9819632
10:18:36,11.843996
10:18:37,11.9903059
10:18:38,11.8258047
10:18:39,11.9246159
10:18:40,12.0288153
10:18:41,11.8673458
10:18:42,11.8341351
10:18:43,12.1278763
10:18:44,12.0176744
10:18:45,11.8893032
10:18:46,11.88098
10:18:47,12.1373806
10:18:48,11.89246
10:18:49,11.9211979
10:18:50,12.1400909
10:18:51,12.0233555
10:18:52,12.2653637
10:18:53,12.0146389
10:18:54,12.071558
10:18:55,11.9218569
10:18:56,11.8973236
10:18:57,11.9870777
10:18:58,12.09692
10:18:59,12.05043
10:19:00,12.2055626
10:19:01,12.0144234
10:19:02,12.1251965
10:19:03,11.9869814
10:19:04,12.16981
10:19:05,11.9355707
10:19:06,12.057744
10:19:07,11.85181
10:19:08,11.9783611
10:19:09,11.863122
10:19:10,12.1443319
10:19:11,11.9942045
10:19:12,12.08825
10:19:13,11.8963852
10:19:14,11.9381485
10:19:15,12.0264082
10:19:16,11.9836254
10:19:17,12.010582
10:19:18,12.1279755
10:19:19,12.034358
10:19:20,12.1167116
10:19:21,12.0558519
10:19:22,12.401413
10:19:23,11.752738
10:19:24,11.8420219
10:19:25,12.0136337
10:19:26,11.8019285
10:19:27,12.0340672
10:19:28,12.1047611
10:19:29,11.84546
10:19:30,11.844162
10:19:32,11.908514
10:19:33,11.9709711
10:19:34,11.9871292
10:19:35,11.7252731
10:19:36,12.1110868
10:19:37,12.0995474
10:19:38,11.8490467
10:19:39,12.1570063
10:19:40,11.9944534
10:19:41,12.0150414
10:19:42,12.024415
10:19:43,11.2786913
10:19:44,11.9339361
10:19:45,11.9812565
10:19:46,12.4393549
10:19:47,11.8923092
10:19:48,11.9972744
10:19:49,12.1946974
10:19:50,12.1558638
10:19:51,11.8013191
10:19:52,11.5548
10:19:53,12.3507538
10:19:54,12.3466063
10:19:55,11.8757105
10:19:56,11.9776077
10:19:57,11.8649807
10:19:58,11.8577814
10:19:59,12.2339439
10:20:00,12.1186361
10:20:01,11.9635744
10:20:02,12.0219746
10:20:03,11.9485235
10:20:04,11.8838825
10:20:05,11.6661415
10:20:06,11.9144011
10:20:07,12.085041
10:20:08,12.2035074
10:20:09,11.75366
10:20:10,11.9851255
10:20:11,12.0896044
10:20:12,11.9678726
10:20:13,12.033618
10:20:14,12.0793123
10:20:15,12.0181208
10:20:16,12.0528946
10:20:17,12.1965561
10:20:18,11.9158735
10:20:19,11.92732
10:20:20,12.2013569
10:20:21,12.2494488
10:20:22,11.9959507
10:20:23,11.9477
10:20:24,11.7711391
10:20:25,11.8315392
10:20:26,12.0644264
10:20:27,11.928319
10:20:28,11.6076775
10:20:29,12.0972548
10:20:30,12.1529465
10:20:31,12.0257559
10:20:32,12.2006712
10:20:33,12.1440763
10:20:34,11.9098988
10:20:35,12.22148
10:20:36,12.0718479
10:20:37,12.1211185
10:20:38,12.14433
10:20:39,11.9157171
10:20:40,12.0437784
10:20:41,11.8714666
10:20:42,12.1521835
10:20:43,11.9822845
10:20:44,12.1156664
10:20:45,11.9904671
10:20:46,11.8477182
10:20:47,12.1680126
10:20:48,11.7899837
10:20:49,12.1809006
10:20:50,12.16761
10:20:51,12.0255566
10:20:52,12.2186356
10:20:53,12.0496721
10:20:54,12.1082077
10:20:55,11.861021
10:20:56,12.0782042
10:20:57,11.9623394
10:20:58,11.9529409
10:20:59,12.1991987
10:21:00,12.1275177
10:21:01,12.0650177
10:21:02,12.0167027
10:21:03,11.9251375
10:21:04,12.0386753
10:21:05,12.1157627
10:21:06,11.8921785
10:21:07,12.1901855
10:21:08,12.05157
10:21:09,12.1150084
10:21:10,12.34838
10:21:11,12.1797628
10:21:12,11.72757
10:21:13,11.8914537
10:21:14,12.1222649
10:21:15,12.0163832
10:21:16,11.94061
10:21:17,12.0050364
10:21:18,12.0232782
10:21:19,11.85894
10:21:20,11.7703953
10:21:21,11.9583931
10:21:22,12.4062309
10:21:23,12.0633907
10:21:24,11.930378
10:21:25,12.0515518
10:21:26,11.96974
10:21:27,11.8443289
10:21:28,11.8980484
10:21:29,11.8403769
10:21:30,12.0185633
10:21:31,12.24966
10:21:32,11.84832
10:21:33,11.77922
10:21:34,12.1146946
10:21:35,12.119009
10:21:36,11.8663359
10:21:37,12.0185328
10:21:38,11.744873
10:21:39,12.0117159
10:21:40,11.7904482
10:21:41,12.0317116
10:21:42,12.0127211
10:21:43,11.8537989
10:21:44,12.1323614
10:21:45,12.0393991
10:21:46,11.720603
10:21:47,12.0481348
10:21:48,11.9737263
10:21:49,12.1830759
10:21:50,12.0791016
10:21:51,12.1763983
10:21:52,12.0702753
10:21:53,11.818223
10:21:54,11.72184
10:21:55,12.0452108
10:21:56,12.0063219
10:21:57,11.99584
10:21:58,12.1815033
10:21:59,11.5313683
10:22:00,12.2259169
10:22:01,11.9503822
10:22:02,12.1514683
10:22:03,11.9854927
10:22:04,12.079751
10:22:05,11.9419413
10:22:06,11.8508
10:22:07,12.0132036
10:22:08,12.227459
10:22:09,12.652298
10:22:10,11.977087
10:22:11,12.0654163
10:22:12,12.0689363
10:22:13,11.9901991
10:22:14,12.2526855
10:22:15,12.0233364
10:22:16,12.0447321
10:22:17,12.0757313
10:22:18,12.022048
10:22:19,11.84816
10:22:20,11.88365
10:22:21,12.1634188
10:22:22,11.787322
10:22:23,12.11387
10:22:24,12.1507854
10:22:25,12.0671511
10:22:26,11.9877338
10:22:27,11.9891243
10:22:28,12.0569735
10:22:29,11.957222
10:22:30,11.909668
10:22:31,11.901453
10:22:32,12.135437
10:22:33,11.9406052
10:22:34,11.7735653
10:22:35,12.0507364
10:22:36,12.1135988
10:22:37,12.0696564
10:22:38,11.8540859
10:22:39,11.9898863
10:22:40,12.177083
10:22:41,11.5518551
10:22:42,12.2314167
10:22:43,11.7862854
10:22:44,12.1722031
10:22:45,12.0170126
10:22:46,12.3083735
10:22:47,11.7773838
10:22:48,12.098959
10:22:49,12.0458651
10:22:50,12.1469755
10:22:51,11.9195719
10:22:52,12.19586
10:22:53,11.8653669
10:22:54,11.8011351
10:22:55,11.9734392
10:22:56,11.8592834
10:22:57,12.33047
10:22:58,12.2008381
10:22:59,11.772357
10:23:00,12.0682573
10:23:01,11.7415724
10:23:02,11.9311838
10:23:03,11.9908733
10:23:04,12.2356672
10:23:05,11.8758
10:23:06,11.8895655
10:23:07,11.8193121
10:23:08,11.8483267
10:23:09,12.0772476
10:23:10,12.0348587
10:23:11,12.0675125
10:23:12,12.2230968
10:23:13,11.9288082
10:23:14,12.14102
10:23:15,11.9441366
10:23:16,12.10292
10:23:17,11.9290237
10:23:18,11.8328552
10:23:19,12.1436558
10:23:20,12.0099
10:23:21,12.0849171
10:23:22,11.9463644
10:23:23,12.1396027
10:23:24,11.8258286
10:23:25,12.1015329
10:23:26,12.1318893
10:23:27,11.7502022
10:23:28,12.1184387
10:23:29,11.8639021
10:23:30,11.876029
10:23:31,12.0410748
10:23:32,11.8615808
10:23:33,12.1128588
10:23:34,12.0231237
10:23:35,12.0940561
10:23:36,12.2425489
10:23:37,11.9144611
10:23:38,11.5933285
10:23:39,12.294445
10:23:40,11.9213314
10:23:41,11.8603363
10:23:42,11.7773075
10:23:43,12.1725073
10:23:44,11.8719845
10:23:45,11.9609966
10:23:46,11.8861885
10:23:47,12.2270193
10:23:48,11.7034311
10:23:49,11.8669167
10:23:50,11.99171
10:23:51,11.8906736
10:23:52,11.8166828
10:23:53,11.9394016
10:23:54,12.0905
10:23:55,12.1678486
10:23:56,12.0306549
10:23:57,11.9542866
10:23:58,11.9938555
10:23:59,12.1048088
10:24:00,11.938776
10:24:01,11.992156
10:24:02,11.9769878
10:24:03,12.2382154
10:24:04,11.9863462
10:24:05,12.0592375
10:24:06,11.9878311
10:24:07,12.0233154
10:24:08,12.0291805
10:24:09,12.2085419
10:24:10,12.1994352
10:24:11,12.1641064
10:24:12,12.0001383
10:24:13,12.1266394
10:24:14,11.7454576
10:24:15,12.168148
10:24:16,11.8196592
10:24:17,12.2344685
10:24:18,12.1080685
10:24:19,12.1915035
10:24:20,12.1185789
10:24:21,11.8310986
10:24:22,12.2183781
10:24:23,12.1817636
10:24:24,12.3168592
10:24:25,12.18039
10:24:26,11.7360821
10:24:27,11.8434849
10:24:28,11.9299259
10:24:29,11.8265066
10:24:30,12.0757294
10:24:31,11.8472118
10:24:32,12.0852194
10:24:33,12.0516224
10:24:34,11.992672
10:24:35,12.177393
10:24:36,12.210907
10:24:37,11.8824034
10:24:38,11.9549942
10:24:39,11.963192
10:24:40,12.161891
10:24:41,12.2605505
10:24:42,11.8026791
10:24:43,11.7543135
10:24:44,11.74233
10:24:45,11.7938318
10:24:46,12.2371082
10:24:47,11.7501507
10:24:48,11.7441053
10:24:49,12.0639715
10:24:50,11.8012276
10:24:51,12.1251173
10:24:52,12.0511694
10:24:53,12.1730833
10:24:54,12.1116047
10:24:55,12.1057434
10:24:56,11.6559305
10:24:57,12.280304
10:24:58,12.1457338
10:24:59,11.9544382
10:25:00,11.8379641
10:25:01,12.1021748
10:25:02,12.0131588
10:25:03,12.1739836
10:25:04,12.17489
10:25:05,11.9579086
10:25:06,12.236002
10:25:07,12.0547762
10:25:08,12.02835
10:25:09,12.1732635
10:25:10,11.8497553
10:25:11,11.8127337
10:25:12,11.9619017
10:25:13,12.0094976
10:25:14,11.8696852
10:25:15,12.2178249
10:25:16,12.0091257
10:25:17,12.0918884
10:25:18,12.2052994
10:25:19,11.5835953
10:25:20,12.0034971
10:25:21,11.81909
10:25:22,11.9595394
10:25:23,11.7483711
10:25:24,11.999259
10:25:25,11.879427
10:25:26,11.8000183
10:25:27,12.1272688
10:25:28,11.6937141
10:25:29,12.3979387
10:25:30,12.0653887
10:25:31,12.1305094
10:25:32,12.0619478
10:25:33,11.9018459
10:25:34,12.1380863
10:25:35,11.7513056
10:25:36,12.5725517
10:25:37,11.87691
10:25:38,11.8542595
10:25:39,11.8988934
10:25:40,11.9990168
10:25:41,11.9484234
10:25:42,12.1450558
10:25:43,11.8711042
10:25:44,12.1341133
10:25:45,11.8328123
10:25:46,12.0805407
10:25:47,12.188653
10:25:48,12.0592928
10:25:49,11.8294973
10:25:50,12.0362558
10:25:51,11.8579941
10:25:52,11.8552723
10:25:53,11.9013863
10:25:54,11.9460745
10:25:55,12.07308
10:25:56,11.9227686
10:25:57,11.9354353
10:25:58,12.0841532
10:25:59,12.2116137
10:26:00,12.22674
10:26:01,12.4720411
10:26:02,11.6943512
10:26:03,12.2326784
10:26:04,11.7635469
10:26:05,11.9752626
10:26:06,11.8920336
10:26:07,11.8936911
10:26:08,12.0119209
10:26:09,11.8574438
10:26:10,12.2527542
10:26:11,11.7453642
10:26:12,12.0363092
10:26:13,11.9854155
10:26:14,12.1048756
10:26:15,12.0358486
10:26:16,12.0414658
10:26:17,11.9720449
10:26:18,11.9925146
10:26:19,11.9799147
10:26:20,12.2017889
10:26:21,11.9898539
10:26:22,11.8984766
10:26:23,12.0805836
10:26:24,12.0694561
10:26:25,11.8300152
10:26:26,11.9588165
10:26:27,12.1039944
10:26:28,12.0796843
10:26:29,11.3233576
10:26:30,12.0716286
10:26:32,12.3532133
10:26:33,12.0380707
10:26:34,12.270607
10:26:35,11.8763466
10:26:36,11.9473953
10:26:37,11.8898153
10:26:38,11.911129
10:26:39,12.6008167
10:26:40,12.1003313
10:26:41,11.8880787
10:26:42,11.88171
10:26:43,11.9007759
10:26:44,11.6919527
10:26:45,11.9659338
10:26:46,11.9973078
10:26:47,12.2124357
10:26:48,12.1570072
10:26:49,11.7898922
10:26:50,12.0797167
10:26:51,11.8959761
10:26:52,11.6111021
10:26:53,12.0125132
10:26:54,11.9960546
10:26:55,12.1117268
10:26:56,11.9966516
10:26:57,11.9823627
10:26:58,11.7209167
10:26:59,12.0840683
10:27:00,11.9372921
10:27:01,12.08628
10:27:02,12.1550169
10:27:03,11.9592686
10:27:04,12.0106573
10:27:05,12.0146589
10:27:06,12.1195831
10:27:07,12.0314579
10:27:08,12.0715113
10:27:09,12.0381413
10:27:10,11.785676
10:27:11,11.9598761
10:27:12,12.315834
10:27:13,11.7716093
10:27:14,12.0307379
10:27:15,11.9373941
10:27:16,12.1422348
10:27:17,11.89717
10:27:18,12.0573874
10:27:19,11.8919773
10:27:20,11.89297
10:27:21,11.8988314
10:27:22,11.83443
10:27:23,12.03573
10:27:24,11.999464
10:27:25,12.0074844
10:27:26,12.5688744
10:27:27,11.4883995
10:27:28,11.792697
10:27:29,11.9876308
10:27:30,11.70745
10:27:31,12.2830887
10:27:32,12.0167112
10:27:33,12.1851959
10:27:34,11.8964825
10:27:35,11.9846506
10:27:36,12.2047958
10:27:37,11.9184361
10:27:38,11.7179651
10:27:39,11.8263817
10:27:40,11.968646
10:27:41,12.2513266
10:27:42,11.9371357
10:27:43,11.6914282
10:27:44,11.9758911
10:27:45,12.0996714
10:27:46,12.3285275
10:27:47,11.8280878
10:27:48,11.7784777
10:27:49,11.702899
10:27:50,12.1541014
10:27:51,11.77556
10:27:52,12.0319366
10:27:53,11.891243
10:27:54,11.9221125
10:27:55,12.0101776
10:27:56,11.9867706
10:27:57,11.79513
10:27:58,12.0349293
10:27:59,11.8412151
10:28:00,12.0669851
10:28:01,11.9369192
10:28:02,12.1488342
10:28:03,11.7929935
10:28:05,12.3312769
10:28:06,12.0066271
10:28:07,12.1871023
10:28:08,11.8929424
10:28:09,11.7535744
10:28:10,12.1022139
10:28:11,11.9335623
10:28:12,12.0865993
10:28:13,11.9865866
10:28:14,11.86068
10:28:15,11.9808912
10:28:16,11.986475
10:28:17,12.2534657
10:28:18,11.9153118
10:28:19,12.003459
10:28:20,11.9998856
10:28:21,12.0438862
10:28:22,12.0649052
10:28:23,11.915699
10:28:24,11.73432
10:28:25,12.0912695
10:28:26,12.0598135
10:28:27,11.919836
10:28:28,11.9541607
10:28:29,12.2382822
10:28:30,12.1514282
10:28:31,12.0160389
10:28:33,11.9692106
10:28:35,12.1077194
10:28:36,11.80018
10:28:37,12.0119247
10:28:38,11.8315439
10:28:39,11.8023014
10:28:40,11.9224224
10:28:41,11.8809986
10:28:42,12.13391
10:28:43,11.990386
10:28:44,12.1754932
10:28:45,11.70485
10:28:46,11.6445713
10:28:47,12.21489
10:28:48,12.00545
10:28:49,11.8380947
10:28:50,12.1489048
10:28:51,12.1537609
10:28:52,12.0165434
10:28:53,11.9979792
10:28:54,12.0045958
10:28:55,12.7692823
10:28:56,11.63777
10:28:57,11.7420416
10:28:58,11.9758167
10:28:59,11.900178
10:29:00,12.0498219
10:29:01,11.8903217
10:29:02,11.9796524
10:29:03,11.8290386
10:29:04,12.022603
10:29:05,12.0451651
10:29:06,12.1350679
10:29:07,12.1261683
10:29:08,12.0127764
10:29:09,12.0190334
10:29:10,11.8986149
10:29:11,11.9245653
10:29:12,11.9170227
10:29:13,11.8983936
10:29:14,12.2312641
10:29:15,12.1051073
10:29:16,11.7370882
10:29:17,11.9692125
10:29:18,12.1388073
10:29:19,11.8957081
10:29:20,12.092001
10:29:21,12.3628979
10:29:22,11.6743116
10:29:23,12.01113
10:29:24,12.1832247
10:29:25,11.8130932
10:29:27,11.7753019
10:29:28,11.82631
10:29:29,12.1710348
10:29:30,12.045969
10:29:32,12.0132637
10:29:33,11.7515831
10:29:34,12.02739
10:29:35,12.1207867
10:29:36,11.9401379
10:29:37,12.1368866
10:29:38,11.8643293
10:29:39,12.0655384
10:29:40,12.2323809
10:29:41,12.099061
10:29:42,12.0443525
10:29:43,12.0172167
10:29:44,11.9019423
10:29:45,12.00368
10:29:46,11.90695
10:29:47,12.0876465
10:29:48,12.041173
10:29:49,11.8811722
10:29:50,12.0467587
10:29:51,11.9132071
10:29:52,12.0382051
10:29:53,12.1708622
10:29:55,12.0726042
10:29:56,11.9768209
10:29:57,11.8220968
10:29:59,12.2645359
10:30:00,12.1851034
10:30:01,12.0235786
10:30:02,11.845192
10:30:03,12.1356554
10:30:04,12.0308447
10:30:05,11.750474
10:30:06,11.8404026
10:30:07,11.9147234
10:30:08,12.0794582
10:30:09,12.0314217
10:30:10,12.0520277
10:30:11,12.1828957
10:30:12,12.1200838
10:30:13,11.9642639
10:30:14,12.0498991
10:30:15,11.86249
10:30:16,11.99562
10:30:17,12.2719488
10:30:18,12.1781883
10:30:19,11.9651384
10:30:20,12.2605476
10:30:21,11.8062925
10:30:22,12.0290089
10:30:23,12.2707653
10:30:24,12.2489185
10:30:25,11.9015541
10:30:26,11.9147882
10:30:27,11.9883108
10:30:28,12.1281748
10:30:29,11.8216515
10:30:30,12.0143318
10:30:31,11.9850941
10:30:32,11.8662462
10:30:33,11.9697084
10:30:34,12.0999937
10:30:35,12.0510559
10:30:36,12.134697
10:30:37,12.0787621
10:30:38,11.8959169
10:30:39,12.0639219
10:30:40,11.8943319
10:30:41,11.8764324
10:30:42,11.858532
10:30:43,12.0808315
10:30:44,12.15632
10:30:45,12.0242081
10:30:46,11.7810745
10:30:47,11.8536224
10:30:48,12.000823
10:30:49,11.7294312
10:30:50,12.1286592
10:30:51,12.0048046
10:30:52,11.7330179
10:30:53,12.26716
10:30:54,11.943737
10:30:55,11.8646336
10:30:56,12.1958275
10:30:57,12.016552
10:30:58,12.09823
10:30:59,12.0624571
10:31:00,11.8927984
10:31:01,11.8803453
10:31:02,11.4585981
10:31:03,11.7717457
10:31:04,12.1018019
10:31:05,12.0877714
10:31:06,12.0907621
10:31:07,11.8623123
10:31:08,12.359375
10:31:09,11.612113
10:31:10,12.14121
10:31:11,12.3281727
10:31:12,12.3615437
10:31:13,11.72375
10:31:14,11.8269567
10:31:15,12.24879
10:31:16,11.8429775
10:31:17,11.8868837
10:31:18,11.8049364
10:31:19,11.9135513
10:31:20,12.5299978
10:31:21,11.725441
10:31:22,12.0666618
10:31:23,12.1848745
10:31:24,11.7342386
10:31:25,11.8362093
10:31:26,12.0207338
10:31:27,11.9484444
10:31:28,11.9663477
10:31:29,12.149188
10:31:30,11.9331055
10:31:31,11.980442
10:31:32,11.6336584
10:31:33,12.0145292
10:31:34,11.8374805
10:31:35,11.9142456
10:31:36,12.13794
10:31:37,11.7044106
10:31:38,12.0491438
10:31:39,12.0266333
10:31:40,11.8720407
10:31:41,12.0324068
10:31:42,11.830761
10:31:43,12.0378094
10:31:44,11.8234415
10:31:45,11.8940973
10:31:46,12.1595335
10:31:47,11.96131
10:31:48,11.9925051
10:31:49,11.9333916
10:31:50,11.9723835
10:31:51,11.9841242
10:31:52,11.9325457
10:31:53,12.0489521
10:31:54,11.9679556
10:31:55,11.9748487
10:31:56,12.1485357
10:31:57,11.8452368
10:31:58,11.938076
10:31:59,12.0341387
10:32:00,11.9800415
10:32:01,12.168273
10:32:02,12.16348
10:32:03,11.8893671
10:32:04,11.7391758
10:32:05,11.9946213
10:32:06,12.02782
10:32:07,12.0230474
10:32:08,11.8552961
10:32:09,12.0785761
10:32:10,11.9052086
10:32:11,11.9605675
10:32:12,11.9813757
10:32:13,11.8933
10:32:14,11.92907
10:32:15,12.030447
10:32:16,11.9463043
10:32:17,12.0507479
10:32:18,11.9373178
10:32:19,11.690794
10:32:20,12.1823673
10:32:21,12.086936
10:32:22,12.2389183
10:32:23,12.1261339
10:32:24,11.9056673
10:32:25,12.0321941
10:32:26,11.8386841
10:32:27,11.99857
10:32:28,11.758935
10:32:29,11.9772577
10:32:30,12.112771
10:32:31,12.01981
10:32:32,11.9584494
10:32:33,11.9533272
10:32:34,12.0916224
10:32:35,12.0820379
10:32:36,12.1382818
10:32:37,12.089241
10:32:38,11.9100819
10:32:39,11.9282694
10:32:40,12.2538376
10:32:41,11.832303
10:32:42,12.2988939
10:32:43,12.0679369
10:32:44,11.961503
10:32:45,11.9726238
10:32:46,12.1759109
10:32:47,12.120616
10:32:48,11.8473587
10:32:49,11.9968824
10:32:50,11.8850641
10:32:51,11.7526045
10:32:52,11.6348438
10:32:53,12.15099
10:32:54,12.0090237
10:32:55,12.0951576
10:32:56,12.0107994
10:32:57,11.7526531
10:32:58,12.1396837
10:32:59,12.0109949
10:33:00,11.8415794
10:33:01,12.1763592
10:33:02,12.0537939
10:33:03,11.7469721
10:33:04,11.9203787
10:33:05,11.886878
10:33:06,12.129467
10:33:07,11.9807673
10:33:08,11.953064
10:33:09,12.026844
10:33:10,12.0661316
10:33:11,11.8032627
10:33:12,11.9609318
10:33:13,12.1399984
10:33:14,12.04679
10:33:15,12.068182
10:33:16,11.8462467
10:33:17,11.3293724
10:33:18,12.2628889
10:33:19,12.1800613
10:33:20,12.2476711
10:33:21,12.0405378
10:33:22,11.9225283
10:33:23,11.738699
10:33:24,12.0756674
10:33:25,12.083045
10:33:26,11.7441883
10:33:27,12.3284254
10:33:28,11.7916288
10:33:29,11.8101616
10:33:30,12.091444
10:33:31,12.2018394
10:33:32,11.9358883
10:33:33,11.9172764
10:33:34,12.00006
10:33:35,12.0102978
10:33:36,11.9204378
10:33:37,11.7685385
10:33:38,12.051506
10:33:39,11.90039
10:33:40,12.2075052
10:33:41,11.8424959
10:33:42,12.10598
10:33:43,11.9860249
10:33:44,12.3083553
10:33:45,12.0050735
10:33:46,12.1269245
10:33:47,11.9127359
10:33:48,12.1005116
10:33:49,12.1857042
10:33:50,11.8946829
10:33:51,11.8641157
10:33:52,11.8333321
10:33:53,11.9329891
10:33:54,11.8841953
10:33:55,11.96727
10:33:56,11.9998264
10:33:57,11.9555426
10:33:58,12.2716789
10:33:59,12.0430231
10:34:00,12.02735
10:34:01,12.05743
10:34:02,12.050581
10:34:03,12.148468
10:34:04,12.0677147
10:34:05,11.9756517
10:34:06,12.079195
10:34:07,11.8570251
10:34:08,12.1186914
10:34:09,12.2532663
10:34:10,12.0066586
10:34:11,12.1125937
10:34:12,12.0615978
10:34:13,11.9897947
10:34:14,11.8850384
10:34:15,11.9509134
10:34:16,12.1117172
10:34:17,12.0738249
10:34:18,11.99033
10:34:19,11.8842211
10:34:20,11.8986225
10:34:21,12.0710526
10:34:22,11.7989264
10:34:23,12.0136156
10:34:24,12.1237793
10:34:25,12.1763611
10:34:26,12.0343895
10:34:27,11.7957792
10:34:28,11.808732
10:34:29,12.2494917
10:34:30,11.6179152
10:34:31,12.12609
10:34:32,12.166584
10:34:33,12.1302328
10:34:34,11.8765631
10:34:35,12.1248407
10:34:36,12.1492662
10:34:37,11.9465733
10:34:38,11.9045649
10:34:39,11.8734446
10:34:40,11.9443245
10:34:41,12.0228138
10:34:42,12.2085667
10:34:43,11.90207
10:34:44,11.7157717
10:34:45,11.9850569
10:34:46,12.0924988
10:34:47,12.0309038
10:34:48,12.1799288
10:34:49,12.1595659
10:34:50,11.9907465
10:34:51,12.0575724
10:34:52,11.8469772
10:34:53,11.8557549
10:34:54,12.1401825
10:34:55,12.2198982
10:34:56,11.94354
10:34:57,12.0295649
10:34:58,12.0668755
10:34:59,12.0706615
10:35:00,11.9978409
10:35:01,11.9528627
10:35:02,11.74584
10:35:03,12.11199
10:35:04,11.9857883
10:35:05,12.258462
10:35:06,12.0389347
10:35:07,12.037159
10:35:08,11.8652334
10:35:09,12.1687431
10:35:10,11.9235792
10:35:11,11.8705845
10:35:12,12.0939789
10:35:13,12.1490335
10:35:14,12.0512495
10:35:15,11.864172
10:35:16,12.1108189
10:35:17,12.1259508
10:35:18,12.2120314
10:35:19,11.9033813
10:35:20,11.9200687
10:35:21,11.9877453
10:35:22,12.15052
10:35:23,12.0596685
10:35:24,11.8262949
10:35:25,11.8907385
10:35:26,12.0814753
10:35:27,11.761734
10:35:28,11.7901278
10:35:29,11.9397526
10:35:30,11.93852
10:35:31,11.8205872
10:35:32,12.1173668
10:35:33,11.8446865
10:35:34,11.8408012
10:35:35,12.1137342
10:35:36,11.9430819
10:35:37,12.07042
10:35:38,11.9597454
10:35:39,12.2686357
10:35:40,12.007802
10:35:41,12.2914848
10:35:42,12.6173058
10:35:43,11.9647369
10:35:44,11.9333057
10:35:45,11.8820076
10:35:46,11.8713264
10:35:47,11.9665556
10:35:48,12.0845623
10:35:49,11.764163
10:35:50,12.0193844
10:35:51,12.1083164
10:35:52,11.9781427
10:35:53,11.7399931
10:35:54,12.0537682
10:35:55,12.3125916
10:35:56,12.1969938
10:35:57,11.8466492
10:35:58,11.8944044
10:35:59,12.2160072
10:36:00,11.9380913
10:36:01,11.9670658
10:36:02,12.1197634
10:36:03,11.9150772
10:36:04,12.0166607
10:36:05,11.9449615
10:36:06,12.0087881
10:36:07,11.7678719
10:36:08,12.0111275
10:36:09,11.9837
10:36:10,11.9341078
10:36:11,12.219265
10:36:12,11.78179
10:36:13,11.8284283
10:36:14,12.182312
10:36:15,11.8554449
10:36:16,12.1031094
10:36:17,11.9366732
10:36:18,11.8870544
10:36:19,12.1875124
10:36:20,11.9718475
10:36:21,11.878314
10:36:22,12.0544453
10:36:23,12.1105146
10:36:24,12.0901556
10:36:25,12.0432148
10:36:26,12.2579155
10:36:27,11.8217754
10:36:28,11.8475866
10:36:29,12.02129
10:36:30,12.0140228
10:36:32,11.9706869
10:36:33,12.0063324
10:36:34,11.9122562
10:36:35,11.9957933
10:36:36,11.9290419
10:36:37,11.8967705
10:36:38,12.1532192
10:36:39,12.1315632
10:36:40,11.8280373
10:36:41,12.1461554
10:36:42,12.0320826
10:36:43,11.9957905
10:36:44,11.9539194
10:36:45,11.9862318
10:36:46,11.9512177
10:36:47,11.9283905
10:36:48,11.8439112
10:36:49,12.1267767
10:36:50,12.1519995
10:36:51,11.9570789
10:36:52,11.9929543
10:36:53,12.0553246
10:36:54,11.8611078
10:36:55,11.935585
10:36:56,12.0485821
10:36:57,11.9850044
10:36:58,11.99293
10:36:59,12.2235546
10:37:00,12.23269
10:37:01,12.0027914
10:37:02,11.9755449
10:37:03,11.8173208
10:37:04,12.1260424
10:37:05,11.9139576
10:37:06,11.8847561
10:37:07,12.3716145
10:37:08,11.9116135
10:37:09,11.8397875
10:37:10,11.9884748
10:37:11,11.8808041
10:37:12,12.2125015
10:37:13,11.7700634
10:37:14,12.1104527
10:37:15,11.9505949
10:37:16,12.0511179
10:37:17,12.0133886
10:37:18,11.9152784
10:37:19,12.2134438
10:37:20,12.3064213
10:37:21,12.0680857
10:37:22,11.6846027
10:37:23,11.911212
10:37:24,12.1725788
10:37:25,11.86346
10:37:26,12.013546
10:37:27,11.8263168
10:37:28,11.9829445
10:37:29,12.0079241
10:37:30,11.8526535
10:37:32,12.1543951
10:37:33,12.148695
10:37:34,12.273942
10:37:35,11.8259172
10:37:36,12.2070761
10:37:37,12.0036793
10:37:38,11.8819208
10:37:39,11.9068937
10:37:40,12.0363512
10:37:41,11.9982014
10:37:42,11.8431692
10:37:43,12.2006845
10:37:44,12.3153591
10:37:45,12.1156034
10:37:46,11.6259623
10:37:47,12.165638
10:37:48,11.947299
10:37:49,12.555398
10:37:50,11.7608967
10:37:51,12.1485777
10:37:52,12.0895538
10:37:53,11.9489651
10:37:54,12.3380814
10:37:55,12.4417248
10:37:56,11.4949207
10:37:57,12.2730742
10:37:58,12.2052469
10:37:59,11.64668
10:38:00,12.2952929
10:38:01,11.9533739
10:38:02,12.419157
10:38:03,11.66226
10:38:04,11.5572863
10:38:05,12.2859182
10:38:06,11.9141731
10:38:07,12.0688343
10:38:08,11.8497658
10:38:09,12.1139059
10:38:10,12.0825272
10:38:11,12.3320436
10:38:12,12.4101009
10:38:13,11.9233284
10:38:14,11.8816843
10:38:15,12.2306089
10:38:16,11.8039427
10:38:17,11.7681751
10:38:18,9.68265
10:38:19,13.0036793
10:38:20,14.7870131
10:38:21,12.4089127
10:38:22,11.8263264
10:38:23,11.88235
10:38:24,12.1487246
10:38:25,11.8071814
10:38:26,12.1467342
10:38:27,11.67447
10:38:28,11.9368181
10:38:29,11.832118
10:38:30,12.0444565
10:38:32,12.0239162
10:38:33,12.07389
10:38:34,11.80669
10:38:35,11.8995972
10:38:36,11.7209587
10:38:37,12.0611515
10:38:38,11.7921371
10:38:39,12.0036411
10:38:40,12.2248831
10:38:42,11.76639
10:38:43,11.8459425
10:38:44,11.9134684
10:38:45,11.6611633
10:38:47,12.0463734
10:38:48,12.190093
10:38:49,11.9974318
10:38:50,11.9483309
10:38:52,11.748045
10:38:54,12.1063328
10:38:55,12.3150988
10:38:57,11.9543867
10:38:58,11.8379412
10:38:59,12.1520224
10:39:00,12.0655746
10:39:01,12.09184
10:39:02,11.9881392
10:39:03,12.2077932
10:39:04,12.04062
10:39:05,11.7527885
10:39:06,11.8976059
10:39:07,12.0894661
10:39:08,11.905406
10:39:09,12.0201654
10:39:10,11.890521
10:39:11,12.1124086
10:39:12,11.6092682
10:39:13,12.1249828
10:39:14,11.9717951
10:39:15,12.094943
10:39:16,12.1355209
10:39:17,11.8511486
10:39:18,12.3251572
10:39:19,11.9525614
10:39:20,11.7976246
10:39:21,11.9443226
10:39:22,11.7979164
10:39:23,11.93559
10:39:24,12.274888
10:39:25,12.2586508
10:39:26,12.2022314
10:39:27,12.2645721
10:39:28,12.0923071
10:39:29,12.17442
10:39:30,12.01808
10:39:31,12.0412016
10:39:32,12.214138
10:39:33,11.9916964
10:39:34,11.7849655
10:39:35,12.294138
10:39:36,11.7924824
10:39:37,12.3202991
10:39:38,11.9450922
10:39:39,11.69546
10:39:40,12.0601139
10:39:41,12.0108767
10:39:42,12.2051764
10:39:43,12.0328112
10:39:44,11.9336262
10:39:45,11.7827854
10:39:46,12.1270332
10:39:47,11.9110394
10:39:48,12.0446758
10:39:49,12.157259
10:39:50,11.7287807
10:39:51,12.24941
10:39:52,11.7935781
10:39:53,11.9673071
10:39:54,12.2503576
10:39:55,12.01279
10:39:56,11.9691477
10:39:57,11.9315891
10:39:58,11.79487
10:39:59,12.0354013
10:40:00,11.7690706
10:40:01,12.2503071
10:40:02,12.0384436
10:40:03,12.1283636
10:40:04,11.8599129
10:40:05,11.9527779
10:40:06,11.9710569
10:40:07,12.0073252
10:40:08,12.0546808
10:40:09,12.111619
10:40:10,12.0717993
10:40:11,11.9618845
10:40:12,12.1924305
10:40:13,12.0018673
10:40:14,11.8576794
10:40:15,11.946558
10:40:16,12.0476322
10:40:17,11.9591455
10:40:18,11.891489
10:40:19,12.0823
10:40:20,12.2681618
10:40:21,12.1223679
10:40:22,11.8623495
10:40:23,11.9829855
10:40:24,11.9413185
10:40:25,11.6048813
10:40:26,12.2191839
10:40:27,12.1745758
10:40:28,11.9099321
10:40:29,12.1405764
10:40:30,12.147151
10:40:31,12.2821245
10:40:32,12.1394491
10:40:33,11.7673426
10:40:34,12.0408154
10:40:35,11.7431211
10:40:36,12.1277561
10:40:37,12.2209034
10:40:38,11.736949
10:40:39,11.9019117
10:40:40,12.0391188
10:40:41,12.4870529
10:40:42,12.1173735
10:40:43,12.0181007
10:40:44,11.8940144
10:40:45,11.8783054
10:40:46,11.886549
10:40:47,11.9102392
10:40:48,11.9099207
10:40:49,12.15677
10:40:50,12.0960169
10:40:51,11.8485718
10:40:52,12.1307364
10:40:53,12.2662487
10:40:54,12.2363033
10:40:55,11.9015074
10:40:56,12.138092
10:40:57,12.3860626
10:40:58,12.098362
10:40:59,11.7456322
10:41:00,11.8579235
10:41:01,12.095438
10:41:02,12.0075407
10:41:03,11.8590384
10:41:04,11.6461439
10:41:05,12.2440081
10:41:06,12.0510368
10:41:07,12.0085258
10:41:08,12.127203
10:41:09,12.1553249
10:41:10,12.0826006
10:41:11,12.0891571
10:41:12,12.2136078
10:41:13,12.1683168
10:41:14,12.0138311
10:41:15,11.8430014
10:41:16,12.007493
10:41:17,11.9271441
10:41:18,11.7346678
10:41:19,12.12083
10:41:20,12.2637234
10:41:21,12.0758562
10:41:22,11.9641132
10:41:23,12.0114756
10:41:24,11.8830109
10:41:25,12.0700932
10:41:26,12.1289368
10:41:27,11.88448
10:41:28,11.8533649
10:41:29,12.0303993
10:41:30,12.2544632
10:41:31,11.86629
10:41:32,11.8010778
10:41:33,12.1748343
10:41:34,11.8824091
10:41:35,12.05943
10:41:36,11.9869547
10:41:37,11.9185457
10:41:38,11.9278154
10:41:39,11.9723129
10:41:40,12.0498533
10:41:41,12.10379
10:41:42,11.9817057
10:41:43,11.9227533
10:41:44,12.089509
10:41:45,12.0783482
10:41:46,12.107439
10:41:47,12.0731049
10:41:48,11.8460035
10:41:49,12.0160551
10:41:50,11.9601774
10:41:51,11.9027386
10:41:52,12.0986309
10:41:53,12.190259
10:41:54,12.103507
10:41:55,12.0957441
10:41:56,12.1196241
10:41:57,12.1314917
10:41:58,12.0999908
10:41:59,12.0353994
10:42:00,12.152669
10:42:01,12.3212919
10:42:02,11.962286
10:42:03,11.711854
10:42:04,11.9109669
10:42:05,12.246356
10:42:06,12.0872688
10:42:07,12.1210461
10:42:08,11.9069948
10:42:09,11.8254795
10:42:10,12.2848577
10:42:11,11.98271
10:42:12,12.1678486
10:42:13,12.0492487
10:42:14,11.9703779
10:42:15,11.715169
10:42:16,11.8844595
10:42:17,11.8833971
10:42:18,12.0470715
10:42:19,11.893363
10:42:20,12.0449276
10:42:21,11.94178
10:42:22,11.9982986
10:42:23,11.8832464
10:42:24,11.6390543
10:42:25,11.9735575
10:42:26,11.8627863
10:42:27,11.9620008
10:42:28,11.9440632
10:42:29,11.9141111
10:42:30,12.0409651
10:42:31,11.8893881
10:42:32,12.08031
10:42:33,12.04235
10:42:34,12.0454569
10:42:35,11.9154081
10:42:36,11.97542
10:42:37,11.91953
10:42:38,11.858285
10:42:39,11.8306932
10:42:40,12.2108622
10:42:41,11.6472168
10:42:42,11.9165087
10:42:43,12.0946112
10:42:44,11.9865255
10:42:45,11.8837709
10:42:46,12.0732222
10:42:47,12.1100655
10:42:48,11.9633179
10:42:49,11.8166924
10:42:50,12.1721487
10:42:51,12.1056976
10:42:52,12.1250505
10:42:53,11.8811045
10:42:54,12.0685434
10:42:55,12.0043983
10:42:56,12.2160578
10:42:57,12.1617622
10:42:58,11.783062
10:42:59,12.0728579
10:43:00,11.968873
10:43:01,12.06844
10:43:02,12.1061831
10:43:03,12.1840725
10:43:04,12.0196705
10:43:05,11.9828911
10:43:06,11.835309
10:43:07,11.8889275
10:43:08,11.9197063
10:43:09,12.1345139
10:43:10,11.7952194
10:43:11,12.0542288
10:43:12,12.175456
10:43:13,11.9821491
10:43:14,12.0967417
10:43:15,11.95681
10:43:16,12.1845541
10:43:17,11.8716593
10:43:18,11.9845991
10:43:19,12.0792618
10:43:20,11.868659
10:43:21,11.8861713
10:43:22,12.0729961
10:43:23,11.9828262
10:43:24,11.8337259
10:43:25,11.949502
10:43:26,12.00344
10:43:27,12.0236492
10:43:28,12.175127
10:43:29,12.0427523
10:43:30,11.8630714
10:43:31,12.0794878
10:43:32,11.991354
10:43:33,11.8913231
10:43:34,11.7670155
10:43:35,12.1147223
10:43:36,12.2942171
10:43:37,11.8734322
10:43:38,11.7458458
10:43:39,11.9973631
10:43:40,12.0234652
10:43:41,12.1123028
10:43:42,11.855629
10:43:43,11.94627
10:43:44,12.0268145
10:43:45,11.9872522
10:43:46,12.0646009
10:43:47,12.0308237
10:43:48,12.0830383
10:43:49,11.8615494
10:43:50,12.0547237
10:43:51,12.0186892
10:43:52,11.9889936
10:43:53,12.0358143
10:43:54,11.8913031
10:43:55,12.0379829
10:43:56,12.1490517
10:43:57,12.2492285
10:43:58,11.8251314
10:43:59,11.9097958
10:44:00,11.9688139
10:44:01,11.8048391
10:44:02,12.0936909
10:44:03,11.732749
10:44:04,12.0152369
10:44:05,11.747508
10:44:06,11.9378929
10:44:07,12.054739
10:44:08,11.89697
10:44:09,12.1678858
10:44:10,12.0211372
10:44:11,11.9920359
10:44:12,11.9531975
10:44:13,12.0317059
10:44:14,11.9965954
10:44:15,11.7765875
10:44:16,12.18229
10:44:17,11.731966
10:44:18,12.1245928
10:44:19,11.878993
10:44:20,12.2299166
10:44:21,11.9723177
10:44:22,11.7598648
10:44:23,11.89744
10:44:24,12.1300049
10:44:25,12.0431223
10:44:26,11.6763554
10:44:27,11.9228163
10:44:28,12.24594
10:44:29,12.3808632
10:44:30,12.0915565
10:44:31,12.02165
10:44:32,11.9464941
10:44:33,12.5176544
10:44:34,11.9300928
10:44:35,12.0094824
10:44:36,12.0690088
10:44:37,11.914711
10:44:38,12.0411758
10:44:39,11.898819
10:44:40,12.1501389
10:44:41,12.0676661
10:44:42,11.9077282
10:44:43,12.0541058
10:44:44,11.905201
10:44:45,11.8275928
10:44:46,12.1591434
10:44:47,12.1043768
10:44:48,12.0525827
10:44:49,12.0872345
10:44:50,12.0130053
10:44:51,12.2560167
10:44:52,12.2797413
10:44:53,12.3562241
10:44:54,11.8527441
10:44:55,11.9631233
10:44:56,12.0273085
10:44:57,11.3646011
10:44:58,12.2296915
10:44:59,11.862031
10:45:00,11.9835558
10:45:01,12.2077532
10:45:02,11.9086933
10:45:03,12.0611343
10:45:04,12.0294571
10:45:05,12.3841343
10:45:06,12.1339378
10:45:07,12.1226864
10:45:08,12.3249884
10:45:09,12.0364323
10:45:10,12.1213865
10:45:11,12.0174789
10:45:12,11.8824711
10:45:13,11.8712969
10:45:14,12.1621828
10:45:15,12.0889673
10:45:16,12.0537472
10:45:17,12.2559071
10:45:18,11.84005
10:45:19,12.1180334
10:45:20,11.7083149
10:45:21,12.0972614
10:45:22,11.9700089
10:45:23,11.9005909
10:45:24,12.0080347
10:45:25,11.9367027
10:45:26,11.93201
10:45:27,11.6792746
10:45:28,12.1260309
10:45:29,11.8759079
10:45:30,11.9771471
10:45:32,12.0093689
10:45:33,12.1264191
10:45:34,11.9895811
10:45:35,11.822197
10:45:36,11.7968674
10:45:37,12.0614462
10:45:38,12.1569567
10:45:39,12.0045547
10:45:40,12.060029
10:45:41,12.2094707
10:45:42,12.2565308
10:45:43,12.0715389
10:45:44,11.7967081
10:45:45,12.3009787
10:45:46,12.08213
10:45:47,12.1313963
10:45:48,12.0069971
10:45:49,11.9667053
10:45:50,11.9064894
10:45:51,12.1422911
10:45:52,11.9616356
10:45:53,11.8877907
10:45:54,12.0225544
10:45:55,12.0138369
10:45:56,11.98434
10:45:57,12.2219734
10:45:58,11.8071842
10:45:59,12.1655779
10:46:00,11.7733955
10:46:01,12.1683111
10:46:02,11.846138
10:46:03,12.0328465
10:46:04,11.9215679
10:46:05,11.8199472
10:46:06,11.6805716
10:46:07,11.9177036
10:46:08,12.2149286
10:46:09,12.0590248
10:46:10,11.8267174
10:46:11,12.033761
10:46:12,12.0130444
10:46:13,11.9720631
10:46:14,11.8986511
10:46:15,11.9991283
10:46:16,11.954525
10:46:17,11.9686689
10:46:18,11.8585939
10:46:19,11.9078674
10:46:20,12.0986748
10:46:21,11.9321775
10:46:22,11.8461046
10:46:23,11.8946028
10:46:24,12.0286226
10:46:25,12.0900965
10:46:26,11.9075775
10:46:27,11.7300072
10:46:28,11.8887482
10:46:29,11.9359932
10:46:30,12.1934414
10:46:32,11.9837389
10:46:33,11.9304571
10:46:34,11.8293915
10:46:35,11.8768988
10:46:36,11.8753061
10:46:37,11.8033829
10:46:38,12.1298342
10:46:39,11.8961391
10:46:40,12.041522
10:46:41,12.0415764
10:46:42,12.0492887
10:46:43,12.2116175
10:46:44,12.1141768
10:46:45,11.8485022
10:46:46,12.2458973
10:46:47,11.9252968
10:46:48,11.8725462
10:46:50,12.14812
10:46:51,11.9047089
10:46:52,12.0703478
10:46:54,12.1520176
10:46:55,12.3174467
10:46:56,11.7592831
10:46:57,12.1305637
10:46:58,11.9759369
10:46:59,12.1064577
10:47:00,12.1754646
10:47:01,12.0107832
10:47:02,12.12189
10:47:03,12.0677423
10:47:04,11.8340893
10:47:05,12.029171
10:47:06,12.0440159
10:47:07,11.9928913
10:47:08,12.1939926
10:47:09,12.0628757
10:47:10,11.8264008
10:47:11,11.84992
10:47:12,12.1994953
10:47:13,11.7057409
10:47:14,11.4314423
10:47:15,11.9954929
10:47:16,11.7163115
10:47:17,12.1468506
10:47:18,12.3593626
10:47:19,11.7692957
10:47:20,12.2015753
10:47:21,11.9691334
10:47:22,11.8856535
10:47:23,12.1878834
10:47:24,12.305007
10:47:25,12.09886
10:47:26,11.938797
10:47:27,12.0883331
10:47:28,12.0178566
10:47:29,12.0831928
10:47:30,12.1890955
10:47:31,11.7424669
10:47:32,12.1159468
10:47:33,11.7821407
10:47:34,11.97716
10:47:35,12.1637611
10:47:36,12.1009588
10:47:37,11.8519955
10:47:38,12.18144
10:47:39,12.1659727
10:47:40,12.3083744
10:47:41,12.0639553
10:47:42,11.7836151
10:47:43,12.0370207
10:47:44,12.0616341
10:47:45,11.9241238
10:47:46,12.1758986
10:47:47,11.8159437
10:47:48,11.9918661
10:47:49,12.1436434
10:47:50,12.0545473
10:47:51,11.9140224
10:47:52,11.6464415
10:47:53,11.9892435
10:47:54,12.1260386
10:47:55,12.1781836
10:47:56,11.7803221
10:47:57,12.3929453
10:47:58,11.9354153
10:47:59,11.8462343
10:48:00,11.8688707
10:48:01,11.8943577
10:48:02,12.2719479
10:48:03,11.7279415
10:48:04,12.0400858
10:48:05,11.85035
10:48:06,11.8768463
10:48:07,11.81022
10:48:08,12.1278458
10:48:09,12.1745081
10:48:10,12.4872437
10:48:11,12.3788815
10:48:12,11.8378706
10:48:13,12.1058693
10:48:14,12.0053625
10:48:15,11.8678808
10:48:16,12.1946993
10:48:17,11.9261169
10:48:18,11.90697
10:48:19,12.139782
10:48:20,12.2529716
10:48:21,11.75181
10:48:22,11.8723879
10:48:23,12.0908937
10:48:24,11.77919
10:48:25,12.0013609
10:48:26,12.0099068
10:48:27,12.1586256
10:48:28,11.7938175
10:48:29,12.3771915
10:48:30,11.9684649
10:48:31,11.9090862
10:48:32,12.0042276
10:48:33,11.9690781
10:48:34,11.7276707
10:48:35,12.136034
10:48:36,12.11768
10:48:37,12.287097
10:48:38,12.0676584
10:48:39,11.8805265
10:48:40,12.0186043
10:48:41,12.0797434
10:48:42,12.2577868
10:48:43,12.2371149
10:48:44,12.2104845
10:48:45,11.6308756
10:48:46,11.6684847
10:48:47,11.8106041
10:48:48,12.21122
10:48:49,12.004631
10:48:50,12.0939522
10:48:51,12.2013092
10:48:52,11.8299007
10:48:53,12.1757345
10:48:54,12.07995
10:48:55,11.7403431
10:48:56,11.87726
10:48:57,12.2088728
10:48:58,12.0625477
10:48:59,11.9855795
10:49:00,11.8881235
10:49:01,12.018158
10:49:02,12.1321487
10:49:03,11.9717245
10:49:04,11.9806442
10:49:05,12.2505226
10:49:06,11.76193
10:49:07,12.0360212
10:49:08,11.7922516
10:49:09,12.07363
10:49:10,12.19163
10:49:11,12.1679659
10:49:12,12.0717077
10:49:13,12.19498
10:49:14,12.1329031
10:49:15,11.9368944
10:49:16,12.0532427
10:49:17,12.0313416
10:49:18,12.0284824
10:49:19,11.9934225
10:49:20,11.9370356
10:49:21,12.0622025
10:49:22,12.113657
10:49:23,12.1507349
10:49:24,12.201725
10:49:25,11.8615665
10:49:26,11.98497
10:49:27,12.1440563
10:49:28,12.2025089
10:49:29,11.5535421
10:49:30,11.8918495
10:49:31,12.0216827
10:49:32,12.6557646
10:49:33,12.0390692
10:49:34,11.8147984
10:49:35,11.9917374
10:49:36,11.8157272
10:49:37,12.2054939
10:49:38,12.2285976
10:49:39,12.0082607
10:49:40,12.5594492
10:49:41,11.930542
10:49:42,11.7211275
10:49:43,11.8812428
10:49:44,11.9480724
10:49:45,11.8535633
10:49:46,12.12564
10:49:47,11.7642193
10:49:48,11.9432592
10:49:49,11.8530569
10:49:50,11.9343767
10:49:51,11.9694319
10:49:52,12.1102028
10:49:53,12.1377506
10:49:54,12.0614729
10:49:55,12.1228151
10:49:56,12.1639566
10:49:57,11.798275
10:49:58,11.7728043
10:49:59,12.08631
10:50:00,11.9789295
10:50:01,11.94998
10:50:02,11.8897314
10:50:03,12.0049858
10:50:04,11.9000826
10:50:05,11.939311
10:50:06,12.0880537
10:50:07,12.0178413
10:50:08,12.1028624
10:50:09,11.8530941
10:50:10,12.0313625
10:50:11,11.8145523
10:50:12,12.4197283
10:50:13,11.6820555
10:50:14,11.7373629
10:50:15,11.8485632
10:50:16,11.9536467
10:50:17,12.1968031
10:50:18,12.2977285
10:50:19,12.0159807
10:50:20,12.0085821
10:50:21,12.0785284
10:50:22,11.8690605
10:50:23,11.9443264
10:50:24,11.8245153
10:50:25,12.2463
10:50:26,12.17039
10:50:27,12.0748129
10:50:28,12.1801157
10:50:29,12.1516886
10:50:30,11.8944407
10:50:31,11.9149294
10:50:32,12.0457563
10:50:33,12.2084885
10:50:34,11.542984
10:50:35,11.7497826
10:50:36,12.2786608
10:50:37,11.8037825
10:50:38,11.8301458
10:50:39,12.04854
10:50:40,11.94467
10:50:41,12.2846165
10:50:42,12.1184568
10:50:43,12.1545191
10:50:44,12.0710888
10:50:45,11.7718592
10:50:46,12.0065184
10:50:47,12.0536308
10:50:48,11.9639587
10:50:49,12.0875578
10:50:50,11.9876022
10:50:51,12.13233
10:50:52,11.9743557
10:50:53,12.1061888
10:50:54,12.06628
10:50:55,12.1699533
10:50:56,11.8566465
10:50:57,12.0110617
10:50:58,12.2584543
10:50:59,11.92711
10:51:00,11.8926382
10:51:01,11.9776678
10:51:02,11.918416
10:51:03,11.8871727
10:51:04,12.0460262
10:51:05,11.9780464
10:51:06,12.176137
10:51:07,12.0851908
10:51:08,12.2582417
10:51:09,11.7805042
10:51:10,11.9286184
10:51:11,12.3343363
10:51:12,12.1225872
10:51:13,12.0700712
10:51:14,12.0765867
10:51:15,11.8935642
10:51:16,11.8553915
10:51:17,11.9772921
10:51:18,12.07368
10:51:19,11.8789244
10:51:20,12.3678255
10:51:21,11.8678122
10:51:22,12.1214314
10:51:23,12.16474
10:51:24,12.0439987
10:51:25,12.1004152
10:51:26,11.9199743
10:51:27,11.7448282
10:51:28,11.99457
10:51:29,11.9801674
10:51:30,12.0151815
10:51:31,12.2761688
10:51:32,11.9306965
10:51:33,12.0995913
10:51:34,12.1091785
10:51:35,12.0491991
10:51:36,11.9865618
10:51:37,11.9412031
10:51:38,12.0304813
10:51:39,12.249876
10:51:40,11.9112215
10:51:41,12.065752
10:51:42,11.9978867
10:51:43,12.0024033
10:51:44,11.7103071
10:51:45,12.0375061
10:51:46,12.31149
10:51:47,11.5970678
10:51:48,12.2245388
10:51:49,11.8551054
10:51:50,11.8667011
10:51:51,11.9241123
10:51:52,11.9463367
10:51:53,12.0241413
10:51:54,12.0807047
10:51:55,12.6411476
10:51:56,11.8430443
10:51:57,11.6970339
10:51:58,11.9900093
10:51:59,11.8997469
10:52:00,12.0183725
10:52:01,11.98997
10:52:02,11.99165
10:52:03,12.0644207
10:52:04,11.9046993
10:52:05,11.9560938
10:52:06,11.9636745
10:52:07,12.0479469
10:52:08,11.9088182
10:52:09,12.03722
10:52:10,12.0117311
10:52:11,12.1716938
10:52:12,11.996748
10:52:13,11.7575989
10:52:14,12.075366
10:52:15,12.0254459
10:52:16,12.2012129
10:52:17,12.0381565
10:52:18,12.0953655
10:52:19,11.8676224
10:52:20,12.1423368
10:52:21,11.7442226
10:52:22,11.948925
10:52:23,11.968502
10:52:24,12.341939
10:52:25,11.7795639
10:52:26,12.174119
10:52:27,11.8474493
10:52:28,12.0188246
10:52:29,12.018961
10:52:30,11.7307348
10:52:32,12.1234741
10:52:33,11.8952332
10:52:34,12.2933884
10:52:35,11.6334944
10:52:36,12.2289772
10:52:37,11.9247541
10:52:38,11.9077768
10:52:39,11.9932394
10:52:40,12.0745821
10:52:41,11.7842093
10:52:42,11.6482029
10:52:43,12.112175
10:52:44,11.8987541
10:52:45,11.9114933
10:52:46,11.9049282
10:52:47,12.0998087
10:52:48,12.145999
10:52:49,12.0156965
10:52:50,12.0895443
10:52:51,11.9079952
10:52:52,11.9552355
10:52:53,12.0010414
10:52:54,12.0532808
10:52:55,12.1793823
10:52:56,12.053236
10:52:57,12.1594915
10:52:58,11.7600155
10:52:59,12.3618011
10:53:00,11.9213257
10:53:01,11.7941
10:53:02,11.9219465
10:53:03,11.8779669
10:53:04,11.9062958
10:53:05,11.9762945
10:53:06,12.1454592
10:53:07,11.8752747
10:53:08,11.9413805
10:53:09,12.02054
10:53:10,12.0722723
10:53:11,12.2187786
10:53:12,11.8681784
10:53:13,12.0032854
10:53:14,12.1192942
10:53:15,11.7588329
10:53:16,11.9375439
10:53:17,12.0103188
10:53:18,12.2137566
10:53:19,12.14109
10:53:20,12.0606937
10:53:21,11.7496071
10:53:22,12.1162682
10:53:23,12.0135641
10:53:24,12.2350464
10:53:25,12.0883875
10:53:26,11.9140024
10:53:27,11.84251
10:53:28,11.7860584
10:53:29,12.2312632
10:53:30,11.9052067
10:53:32,12.0369225
10:53:33,11.6421118
10:53:34,12.2907419
10:53:36,11.8898115
10:53:37,11.99546
10:53:38,12.1140728
10:53:39,11.9535284
10:53:41,11.6876631
10:53:42,12.0989971
10:53:44,11.9863548
10:53:45,12.0545931
10:53:46,11.9452724
10:53:47,11.9823847
10:53:48,11.9596615
10:53:49,11.9534321
10:53:50,12.0610638
10:53:52,11.8808975
10:53:53,11.7724352
10:53:54,11.9213638
10:53:55,11.9159021
10:53:56,11.7975931
10:53:57,11.8721876
10:53:58,12.2894182
10:53:59,12.1146259
10:54:00,12.1263609
10:54:01,11.6261368
10:54:02,11.9396114
10:54:03,11.9730043
10:54:04,12.0540552
10:54:05,11.9661942
10:54:06,12.0608854
10:54:07,12.3652039
10:54:08,12.0612192
10:54:09,12.04601
10:54:10,12.2632246
10:54:11,12.17365
10:54:12,12.040082
10:54:13,11.9014225
10:54:14,11.8715878
10:54:15,12.0022564
10:54:16,11.89461
10:54:17,11.7230616
10:54:18,12.0854473
10:54:19,11.9611645
10:54:20,11.9649944
10:54:21,12.1036358
10:54:22,12.0727758
10:54:23,12.1282806
10:54:24,11.9285831
10:54:25,11.9684505
10:54:26,11.6741838
10:54:27,12.3782272
10:54:28,11.9191666
10:54:29,12.0314112
10:54:30,11.9683762
10:54:31,12.273284
10:54:32,12.29648
10:54:33,12.0156374
10:54:34,12.1270514
10:54:35,11.9991932
10:54:36,12.0810957
10:54:37,12.0079966
10:54:38,11.9833021
10:54:39,11.8055182
10:54:40,11.9655113
10:54:41,11.8511381
10:54:42,12.2722368
10:54:43,11.8264856
10:54:44,12.1102972
10:54:45,12.1742477
10:54:46,11.7517233
10:54:47,11.8578482
10:54:48,11.9778318
10:54:49,11.9348516
10:54:50,11.9534206
10:54:51,12.4150515
10:54:52,12.2076969
10:54:53,12.3415108
10:54:54,11.7833557
10:54:55,12.1752234
10:54:56,11.8900146
10:54:57,11.9228659
10:54:58,11.8614626
10:54:59,12.1079016
10:55:00,12.042387
10:55:01,11.9298906
10:55:02,12.1644421
10:55:03,11.9079647
10:55:04,12.0939531
10:55:05,12.0515079
10:55:06,11.9990969
10:55:07,11.9676962
10:55:08,11.9429178
10:55:09,12.0911055
10:55:10,11.9513931
10:55:11,12.161809
10:55:12,11.9367838
10:55:13,11.754406
10:55:14,11.865304
10:55:15,11.8802919
10:55:16,12.1102152
10:55:17,11.9679708
10:55:18,12.1117792
10:55:19,11.8839283
10:55:20,12.0936337
10:55:21,12.06513
10:55:22,12.0115194
10:55:23,12.1946573
10:55:24,12.1394348
10:55:25,12.2599916
10:55:26,11.9619627
10:55:27,12.18611
10:55:28,11.8593073
10:55:29,12.0501871
10:55:30,11.9524107
10:55:31,12.1005354
10:55:32,11.9055529
10:55:33,12.1155663
10:55:34,11.3914175
10:55:35,12.297286
10:55:36,11.9453316
10:55:37,11.8401937
10:55:38,11.7805262
10:55:39,11.9794359
10:55:40,12.0413961
10:55:41,11.7700577
10:55:42,12.1209
10:55:43,11.709651
10:55:44,11.9830809
10:55:45,11.97892
10:55:46,11.7637634
10:55:47,11.8870649
10:55:48,12.1277332
10:55:49,12.1720924
10:55:50,11.9576941
10:55:51,11.8737354
10:55:52,11.7950039
10:55:53,11.6166258
10:55:54,11.9975529
10:55:55,11.8395758
10:55:56,11.9642639
10:55:57,12.2048349
10:55:58,11.9979105
10:55:59,11.9316769
10:56:00,12.1526546
10:56:01,11.690402
10:56:02,11.8911133
10:56:03,12.0372906
10:56:04,12.0264263
10:56:05,12.224062
10:56:06,11.9831324
10:56:07,12.0137138
10:56:08,12.0471058
10:56:09,11.8815813
10:56:10,12.081749
10:56:11,11.7160177
10:56:12,12.0259485
10:56:13,11.9786186
10:56:14,12.0980911
10:56:15,12.4112453
10:56:16,11.1798925
10:56:17,11.9114361
10:56:18,12.0744276
10:56:19,11.6955967
10:56:20,12.0810041
10:56:21,12.0717344
10:56:22,11.9057665
10:56:23,11.9726439
10:56:24,11.8274212
10:56:25,12.4692593
10:56:26,12.2292433
10:56:27,12.1828852
10:56:28,11.852457
10:56:29,11.9474688
10:56:30,12.0058146
10:56:31,11.9095736
10:56:32,11.9740944
10:56:33,12.0834179
10:56:34,11.8485708
10:56:35,11.9438972
10:56:36,12.1518326
10:56:37,11.8657379
10:56:38,11.8979359
10:56:39,11.8616266
10:56:40,11.6603842
10:56:41,12.1442814
10:56:42,12.0784769
10:56:43,11.99585
10:56:44,11.7910938
10:56:45,11.8779373
10:56:46,12.0754681
10:56:47,12.018836
10:56:48,11.87547
10:56:49,12.0657978
10:56:50,12.0338049
10:56:51,12.4217958
10:56:52,12.10516
10:56:53,11.9123993
10:56:54,12.0605974
10:56:55,12.24885
10:56:56,11.849865
10:56:57,12.2342691
10:56:58,11.7629318
10:56:59,12.0614414
10:57:00,11.9600792
10:57:01,12.2076511
10:57:02,11.9980125
10:57:03,12.1925354
10:57:04,11.8212595
10:57:05,11.8863974
10:57:06,11.68077
10:57:07,11.9045391
10:57:08,12.2690239
10:57:09,11.7767487
10:57:10,11.8581734
10:57:11,12.1746454
10:57:12,12.0129309
10:57:13,12.1244326
10:57:14,12.06198
10:57:15,11.9917564
10:57:16,12.1967411
10:57:17,11.9732857
10:57:18,11.7972221
10:57:19,12.001317
10:57:20,11.7325916
10:57:21,11.883379
10:57:22,12.1395454
10:57:23,11.9070587
10:57:24,12.1507835
10:57:25,12.1091461
10:57:26,12.1284313
10:57:27,11.7709017
10:57:28,12.0836267
10:57:29,11.7912169
10:57:30,11.7260036
10:57:31,12.005312
10:57:32,12.0960732
10:57:33,12.0142584
10:57:34,12.0313826
10:57:35,12.0325441
10:57:36,12.099844
10:57:37,11.7948856
10:57:38,12.3252325
10:57:39,11.9150457
10:57:40,11.6419535
10:57:41,12.298214
10:57:42,12.0631409
10:57:43,12.1696243
10:57:44,12.1243153
10:57:45,11.9571428
10:57:46,12.1194868
10:57:47,11.9228516
10:57:48,12.12283
10:57:49,11.8158951
10:57:50,11.7790108
10:57:51,11.9713993
10:57:52,12.4308443
10:57:53,12.05426
10:57:54,11.745472
10:57:55,11.9642839
10:57:56,11.9703474
10:57:57,12.0874786
10:57:58,12.3848257
10:57:59,12.205946
10:58:00,11.8767509
10:58:01,12.0210094
10:58:02,12.111021
10:58:03,11.9630289
10:58:04,11.7347689
10:58:05,12.0899181
10:58:06,11.953969
10:58:07,12.0288267
10:58:08,11.9712152
10:58:09,12.1723518
10:58:10,12.286912
10:58:11,11.6667747
10:58:12,11.822773
10:58:13,12.23671
10:58:14,11.909133
10:58:15,11.9038477
10:58:16,12.0181837
10:58:17,12.3414536
10:58:18,11.93814
10:58:19,11.5922394
10:58:20,11.9696608
10:58:21,12.18643
10:58:22,12.13414
10:58:23,12.0239038
10:58:24,12.0600424
10:58:25,11.7743673
10:58:26,11.92766
10:58:27,12.09196
10:58:28,11.9701548
10:58:29,12.1356668
10:58:30,12.2061844
10:58:31,11.99203
10:58:32,11.649188
10:58:33,11.76079
10:58:34,12.2750225
10:58:35,11.8099747
10:58:36,11.98709
10:58:37,11.8097649
10:58:38,11.95196
10:58:39,11.9237595
10:58:40,12.1081028
10:58:41,12.3257122
10:58:42,12.0236616
10:58:43,12.4264278
10:58:44,11.961669
10:58:45,12.0733786
10:58:46,11.9294662
10:58:47,11.8893824
10:58:48,11.7361145
10:58:49,12.0576458
10:58:50,12.0615969
10:58:51,11.8619566
10:58:52,12.0590343
10:58:53,12.008276
10:58:54,12.0470943
10:58:55,12.0880327
10:58:56,11.6806
10:58:57,12.2095308
10:58:58,12.0892792
10:58:59,12.1494379
10:59:00,11.9206066
10:59:01,11.6304083
10:59:02,11.8584871
10:59:03,12.03342
10:59:04,12.0480347
10:59:05,11.9607382
10:59:06,11.8405485
10:59:07,11.9213295
10:59:08,12.0025787
10:59:09,12.1399918
10:59:10,12.0690708
10:59:11,11.9991188
10:59:12,11.9933538
10:59:13,11.8744936
10:59:14,11.90701
10:59:15,12.0091524
10:59:16,11.8614473
10:59:17,11.73679
10:59:18,11.9852772
10:59:19,12.1473217
10:59:20,12.1388092
10:59:21,11.800437
10:59:22,12.0813665
10:59:23,12.0569153
10:59:24,12.0075121
10:59:25,12.0906429
10:59:26,11.9156952
10:59:27,12.2214832
10:59:28,12.0854959
10:59:29,12.1363163
10:59:30,11.9984188
10:59:32,11.9742718
10:59:33,12.0245562
10:59:34,12.1800966
10:59:35,12.0823212
10:59:36,12.2800846
10:59:37,12.0611744
10:59:38,11.9588118
10:59:39,12.0714226
10:59:40,11.8731432
10:59:41,11.8571358
10:59:42,11.87844
10:59:43,12.073842
10:59:44,12.24757
10:59:45,12.0599127
10:59:46,11.7114439
10:59:47,11.977952
10:59:48,11.82611
10:59:49,12.0576029
10:59:50,11.6874352
10:59:51,11.7024317
10:59:52,12.1071854
10:59:53,11.9396935
10:59:54,11.9839172
10:59:55,11.6692019
10:59:56,12.0056019
10:59:57,12.0060892
10:59:58,12.1534491
10:59:59,12.0244226
11:00:00,12.1039371
11:00:01,11.770237
11:00:02,11.8599119
11:00:03,11.995656
11:00:04,11.835104
11:00:05,12.0669374
11:00:06,11.9445934
11:00:07,12.0939217
11:00:08,12.2160158
11:00:09,11.7901573
11:00:10,11.9445925
11:00:11,11.9116344
11:00:12,11.9188728
11:00:13,12.1254
11:00:14,11.8846731
11:00:15,12.0166082
11:00:16,12.0362606
11:00:17,11.8577461
11:00:18,11.7862082
11:00:19,11.8805141
11:00:20,11.9609938
11:00:21,12.05753
11:00:22,12.002305
11:00:23,11.9768391
11:00:24,11.7004356
11:00:25,11.848074
11:00:26,12.072423
11:00:27,12.2253571
11:00:28,12.006238
11:00:29,12.0536242
11:00:30,12.3456
11:00:32,12.0699081
11:00:33,11.9725409
11:00:34,12.1149273
11:00:35,12.0314989
11:00:36,12.0620327
11:00:37,12.0221157
11:00:38,11.93283
11:00:39,12.0325365
11:00:40,12.1050644
11:00:41,11.95958
11:00:42,11.7068682
11:00:43,12.0826263
11:00:44,11.8196068
11:00:45,12.0212784
11:00:46,12.284132
11:00:47,11.837883
11:00:48,11.9315977
11:00:49,12.24741
11:00:50,11.937686
11:00:51,11.9001579
11:00:52,11.9972267
11:00:53,12.0437431
11:00:54,12.1008444
11:00:55,11.91855
11:00:56,12.2884274
11:00:57,11.4457388
11:00:58,12.6704559
11:00:59,12.0718718
11:01:00,12.0623236
11:01:01,12.0960016
11:01:02,12.0353251
11:01:03,12.2596817
11:01:04,11.9399757
11:01:05,12.0521822
11:01:06,11.9214764
11:01:07,11.8321018
11:01:08,12.1635208
11:01:09,12.2951212
11:01:10,11.96469
11:01:11,11.7901583
11:01:12,11.90163
11:01:14,12.1280165
11:01:15,12.04736
11:01:16,11.9397593
11:01:17,12.0865612
11:01:19,12.193079
11:01:20,12.2584934
11:01:21,12.1273613
11:01:22,12.1745653
11:01:23,12.1602907
11:01:24,11.8104506
11:01:25,11.9605093
11:01:26,11.8245182
11:01:27,11.7502308
11:01:28,11.8215857
11:01:29,11.9016829
11:01:30,11.7955723
11:01:31,12.1217937
11:01:32,12.0082445
11:01:33,12.1902761
11:01:34,12.03728
11:01:35,12.003891
11:01:36,12.0522909
11:01:37,11.9885941
11:01:38,12.3435192
11:01:39,12.3129015
11:01:40,11.8790913
11:01:41,11.9672709
11:01:42,12.0352745
11:01:43,11.9503365
11:01:44,11.8602476
11:01:45,11.9044743
11:01:46,11.891428
11:01:47,12.0874615
11:01:48,11.9356422
11:01:49,12.0088568
11:01:50,11.8246508
11:01:51,12.0164356
11:01:52,12.2302332
11:01:53,12.0515308
11:01:54,12.0756168
11:01:55,12.0467567
11:01:56,11.77878
11:01:57,11.9383211
11:01:58,12.1213188
11:01:59,12.2271643
11:02:00,12.1404324
11:02:01,12.09551
11:02:02,11.9443645
11:02:03,11.9934025
11:02:04,11.78206
11:02:05,11.9126234
11:02:06,11.9280529
11:02:07,11.85444
11:02:08,11.8985605
11:02:09,12.1139851
11:02:10,12.097374
11:02:11,12.0521355
11:02:12,11.8953238
11:02:13,12.3101912
11:02:14,12.0314407
11:02:15,12.0257053
11:02:16,12.1247816
11:02:17,12.1071329
11:02:18,12.1070375
11:02:19,11.9068308
11:02:20,12.1353483
11:02:21,11.9679184
11:02:22,12.303031
11:02:23,11.7704105
11:02:24,12.1791954
11:02:25,11.9329357
11:02:26,12.0768919
11:02:27,12.0459394
11:02:28,11.9954624
11:02:29,11.7912455
11:02:30,12.08698
11:02:31,12.2347355
11:02:32,11.8825531
11:02:33,11.7885838
11:02:34,12.0295191
11:02:35,11.9444523
11:02:36,11.758481
11:02:37,11.9375219
11:02:38,12.1450405
11:02:39,11.87973
11:02:40,12.1550417
11:02:41,12.13215
11:02:42,11.9862232
11:02:43,12.1132126
11:02:44,11.8293352
11:02:45,11.890893
11:02:46,12.0891638
11:02:47,12.182725
11:02:48,12.0045166
11:02:49,11.9591579
11:02:50,11.9656391
11:02:51,12.1415691
11:02:52,11.9168043
11:02:53,12.0237312
11:02:54,12.0496349
11:02:55,12.1470089
11:02:56,11.8459644
11:02:57,12.0270252
11:02:58,11.9696369
11:02:59,12.0160561
11:03:00,11.9268217
11:03:01,12.179513
11:03:02,11.87955
11:03:03,11.6963444
11:03:04,11.9042788
11:03:05,11.7862139
11:03:06,11.9236689
11:03:07,11.9477062
11:03:08,11.9541655
11:03:09,11.9452219
11:03:10,11.8454762
11:03:11,11.674448
11:03:12,12.235404
11:03:13,11.5632114
11:03:14,12.5395126
11:03:15,11.9891815
11:03:16,12.0747166
11:03:17,12.1746292
11:03:18,12.0624151
11:03:19,11.8510084
11:03:20,11.8688126
11:03:21,11.8466139
11:03:22,12.0362988
11:03:23,11.8268423
11:03:24,12.0487747
11:03:25,12.1850071
11:03:26,12.036294
11:03:27,11.8880186
11:03:28,11.8242311
11:03:29,11.8069544
11:03:30,11.5709419
11:03:31,12.1595716
11:03:32,11.8916292
11:03:33,12.1164513
11:03:34,11.8744545
11:03:35,11.7015886
11:03:36,11.939126
11:03:37,12.1487408
11:03:38,11.8895559
11:03:39,12.235364
11:03:40,12.1179276
11:03:41,11.7469673
11:03:42,11.9245358
11:03:43,12.0007048
11:03:44,11.943675
11:03:45,12.014329
11:03:46,12.1508112
11:03:47,11.9270658
11:03:48,11.8909626
11:03:49,11.8748322
11:03:50,12.091713
11:03:51,11.9401865
11:03:52,12.1696787
11:03:53,12.1108789
11:03:54,11.9826775
11:03:55,11.927557
11:03:56,11.9884205
11:03:57,12.0687523
11:03:58,11.99478
11:03:59,11.7994871
11:04:00,11.7241764
11:04:01,12.3405094
11:04:02,11.9306211
11:04:03,12.1469669
11:04:04,12.3266029
11:04:05,12.0663538
11:04:06,11.9368763
11:04:07,12.0736132
11:04:08,12.2459641
11:04:09,12.056
11:04:10,12.058835
11:04:11,12.049612
11:04:12,11.9667912
11:04:13,11.7126017
11:04:14,11.85496
11:04:15,11.9408855
11:04:16,11.85885
11:04:17,12.1359625
11:04:18,12.4069662
11:04:19,12.0871506
11:04:20,12.165554
11:04:21,12.00656
11:04:22,12.2168751
11:04:23,11.7154112
11:04:24,11.9573555
11:04:25,11.9526224
11:04:26,12.0028849
11:04:27,12.1596651
11:04:28,11.8716164
11:04:29,12.085043
11:04:30,11.75168
11:04:31,12.216095
11:04:32,12.03247
11:04:33,12.072793
11:04:34,11.9125681
11:04:35,11.8670368
11:04:36,12.0089817
11:04:37,12.2591171
11:04:38,12.1305637
11:04:39,12.0764332
11:04:40,11.5862856
11:04:41,11.9027338
11:04:42,11.7917051
11:04:43,12.1289921
11:04:44,12.0876389
11:04:45,11.7681646
11:04:46,11.8858166
11:04:47,12.1285
11:04:48,12.1065226
11:04:49,12.0501137
11:04:50,11.79374
11:04:51,11.7983227
11:04:52,12.2001085
11:04:53,12.0166979
11:04:54,11.9561644
11:04:55,11.89682
11:04:56,12.0262642
11:04:57,12.0028276
11:04:58,12.0671005
11:04:59,11.9968224
11:05:00,11.8979235
11:05:01,11.9456348
11:05:02,12.3142767
11:05:03,11.8981943
11:05:04,12.1577377
11:05:05,12.1006613
11:05:06,12.0423794
11:05:07,12.00562
11:05:08,11.6127214
11:05:09,12.0344629
11:05:10,12.0508966
11:05:11,12.1126471
11:05:12,11.9575167
11:05:13,11.9963818
11:05:14,11.9307728
11:05:15,12.2139511
11:05:16,11.8241739
11:05:17,12.1090012
11:05:18,11.8259859
11:05:19,11.5862732
11:05:20,11.9810438
11:05:21,12.3659649
11:05:22,11.8974905
11:05:23,11.9191008
11:05:24,12.4879417
11:05:25,11.8338785
11:05:26,11.9492216
11:05:27,12.0040026
11:05:28,11.5465431
11:05:29,12.5730629
11:05:30,11.9681711
11:05:31,11.821187
11:05:32,12.0975161
11:05:33,12.01877
11:05:34,11.8845768
11:05:35,11.9508619
11:05:36,11.8844547
11:05:37,12.0544777
11:05:38,12.0161514
11:05:39,11.6871681
11:05:40,11.77118
11:05:41,12.1054974
11:05:42,12.1275806
11:05:43,12.0275841
11:05:44,11.94764
11:05:45,12.056076
11:05:46,12.0003357
11:05:47,11.7890263
11:05:48,11.796216
11:05:49,12.1058435
11:05:50,11.9626217
11:05:51,12.3146782
11:05:52,12.236721
11:05:53,11.8794518
11:05:54,11.942461
11:05:55,11.9838362
11:05:56,12.4829865
11:05:57,11.8358955
11:05:58,12.04631
11:05:59,11.5886011
11:06:00,11.8940887
11:06:01,12.1545105
11:06:02,12.013772
11:06:03,12.0588007
11:06:04,12.0228472
11:06:05,12.0631657
11:06:06,12.0799322
11:06:07,11.9720879
11:06:08,11.9318142
11:06:09,11.8522758
11:06:10,11.8006935
11:06:11,11.9130154
11:06:12,12.126565
11:06:13,12.2170887
11:06:14,12.0352812
11:06:15,12.1407509
11:06:16,11.98739
11:06:17,11.9557276
11:06:18,12.119132
11:06:19,11.9712687
11:06:20,12.002346
11:06:21,11.953186
11:06:22,11.8963137
11:06:23,12.128356
11:06:24,12.0992785
11:06:25,11.8755732
11:06:26,12.3162088
11:06:27,11.7193785
11:06:28,12.2942638
11:06:29,11.8825188
11:06:30,12.1258
11:06:31,12.0136709
11:06:32,12.14908
11:06:33,12.0105562
11:06:34,12.3167934
11:06:35,11.9230833
11:06:36,11.9174356
11:06:37,12.0636959
11:06:38,12.06732
11:06:39,12.0798244
11:06:40,12.0602379
11:06:41,12.3915367
11:06:42,12.1004009
11:06:43,12.026228
11:06:44,11.6303453
11:06:45,12.12468
11:06:46,11.95395
11:06:47,12.187007
11:06:48,12.0327454
11:06:49,11.8949652
11:06:50,11.8719025
11:06:51,11.9853239
11:06:52,11.9009657
11:06:53,11.9333439
11:06:54,12.0632792
11:06:55,12.1171236
11:06:56,12.1320934
11:06:57,12.0467014
11:06:58,12.1327
11:06:59,12.0530338
11:07:00,11.85075
11:07:01,12.0993662
11:07:02,11.8203115
11:07:03,12.2263765
11:07:04,12.1993036
11:07:05,12.0571756
11:07:06,12.1943588
11:07:07,11.7620878
11:07:08,12.02039
11:07:09,12.1581154
11:07:10,11.8143921
11:07:11,12.1399689
11:07:12,11.7985754
11:07:13,11.701458
11:07:14,11.688139
11:07:15,11.8702993
11:07:16,11.7878027
11:07:17,11.9490061
11:07:18,12.01075
11:07:19,11.8225937
11:07:20,11.8583317
11:07:21,11.8265181
11:07:22,11.9991884
11:07:23,12.0827589
11:07:24,11.9311924
11:07:25,11.9846487
11:07:26,12.124177
11:07:27,12.1107435
11:07:28,12.060462
11:07:29,12.0322924
11:07:30,12.1234665
11:07:31,11.7810173
11:07:32,11.8146706
11:07:33,12.1332808
11:07:34,11.6959639
11:07:35,11.9922094
11:07:36,12.023654
11:07:37,12.1029472
11:07:38,12.045908
11:07:39,12.1046057
11:07:40,12.0095053
11:07:41,11.7466078
11:07:42,12.4578915
11:07:43,11.8927717
11:07:44,12.5239029
11:07:45,12.1695461
11:07:46,11.9376278
11:07:47,12.0482569
11:07:48,11.9571667
11:07:49,11.6814251
11:07:50,12.2019892
11:07:51,12.1957712
11:07:52,12.1759729
11:07:53,12.1190147
11:07:54,12.4912682
11:07:55,11.97308
11:07:56,12.1203632
11:07:57,11.6397858
11:07:58,11.8732271
11:07:59,12.0250149
11:08:00,11.7745609
11:08:01,12.0868378
11:08:02,11.9134226
11:08:03,11.636982
11:08:04,12.1344585
11:08:05,11.8637829
11:08:06,11.9872761
11:08:07,11.8787441
11:08:08,11.8786068
11:08:09,11.7111635
11:08:10,12.1104145
11:08:11,11.8542852
11:08:12,12.0922556
11:08:13,12.0414915
11:08:14,11.9361992
11:08:15,12.21429
11:08:16,12.1282682
11:08:17,12.0617666
11:08:18,12.0126753
11:08:19,12.12325
11:08:20,11.9492693
11:08:21,11.9865055
11:08:22,11.9439459
11:08:23,12.01692
11:08:24,12.2068653
11:08:25,12.0751219
11:08:26,12.0018883
11:08:27,12.21617
11:08:28,11.8447733
11:08:29,11.8979979
11:08:30,11.9566813
11:08:32,12.1523542
11:08:33,11.8069267
11:08:34,12.1656208
11:08:35,11.9544516
11:08:36,11.9637213
11:08:37,12.0053215
11:08:38,11.8810453
11:08:39,11.9130869
11:08:40,11.958251
11:08:41,11.7980032
11:08:42,12.2473364
11:08:43,11.801259
11:08:44,11.9585171
11:08:45,12.0320816
11:08:46,11.868844
11:08:47,11.9768038
11:08:48,12.0257225
11:08:49,12.1467428
11:08:50,12.0284166
11:08:51,11.8204918
11:08:52,12.0076475
11:08:53,12.0534315
11:08:54,12.2133932
11:08:55,12.0276794
11:08:56,12.0099525
11:08:57,12.1164465
11:08:58,12.2706146
11:08:59,12.067872
11:09:00,12.1030626
11:09:01,11.9156246
11:09:02,11.9611235
11:09:03,12.1469784
11:09:04,11.7406282
11:09:05,12.055913
11:09:06,12.198637
11:09:08,11.9490051
11:09:09,12.0812559
11:09:11,11.8657808
11:09:12,12.0169306
11:09:13,11.9546652
11:09:14,12.1632185
11:09:15,12.0974388
11:09:17,12.137579
11:09:18,11.8197737
11:09:19,11.7081909
11:09:21,11.9209146
11:09:22,12.1034737
11:09:23,12.1978264
11:09:25,12.0526352
11:09:26,11.7777
11:09:27,11.9468241
11:09:28,11.8814468
11:09:29,11.7653742
11:09:30,12.12
11:09:31,11.97561
11:09:32,11.9868956
11:09:33,11.8694572
11:09:34,11.88987
11:09:35,11.815361
11:09:36,11.8946657
11:09:37,12.0846319
11:09:38,12.1946049
11:09:39,11.8162413
11:09:40,12.239953
11:09:41,11.94871
11:09:42,11.7833462
11:09:43,12.2161341
11:09:44,11.9697161
11:09:45,12.0293045
11:09:46,11.8332806
11:09:47,12.0792961
11:09:48,11.9828882
11:09:49,12.2975788
11:09:50,11.277319
11:09:51,12.1583691
11:09:52,12.1668081
11:09:53,11.8165808
11:09:54,11.7451391
11:09:55,11.9992809
11:09:56,12.102232
11:09:57,11.7370987
11:09:58,12.0993729
11:09:59,11.8529062
11:10:00,12.0450258
11:10:01,12.1678686
11:10:02,11.96278
11:10:03,12.0205336
11:10:04,11.9257116
11:10:05,11.9444847
11:10:06,11.9172068
11:10:07,12.0268726
11:10:08,12.0154982
11:10:09,11.87699
11:10:10,11.7928925
11:10:11,12.033143
11:10:12,11.8907766
11:10:13,11.9611082
11:10:14,12.0208549
11:10:15,11.8876276
11:10:16,12.1490068
11:10:17,12.0887756
11:10:18,11.9752026
11:10:19,12.0035057
11:10:20,11.9012384
11:10:21,11.9264135
11:10:22,12.0571365
11:10:23,11.8862267
11:10:24,12.00887
11:10:25,12.0138426
11:10:26,11.9187994
11:10:27,11.8071079
11:10:28,12.1620378
11:10:29,12.1383638
11:10:30,12.0670872
11:10:31,12.0887575
11:10:32,11.8405008
11:10:33,12.0355844
11:10:34,11.7700605
11:10:35,12.1161184
11:10:36,12.1112823
11:10:37,12.1037064
11:10:38,11.8563318
11:10:39,12.2848673
11:10:40,12.0672646
11:10:41,11.9172554
11:10:42,11.6998987
11:10:43,12.244935
11:10:44,11.87113
11:10:45,12.1634626
11:10:46,12.1744175
11:10:47,12.031455
11:10:48,11.8113394
11:10:49,11.9136286
11:10:50,11.941679
11:10:51,11.9365835
11:10:52,12.1239243
11:10:53,12.4342518
11:10:54,11.8690643
11:10:55,11.98531
11:10:56,11.9084387
11:10:57,12.0964632
11:10:58,11.8669758
11:10:59,11.9717884
11:11:00,11.99929
11:11:01,12.2137575
11:11:02,11.926856
11:11:03,12.0527821
11:11:04,11.9727154
11:11:05,12.0528193
11:11:06,12.1100388
11:11:07,12.0062475
11:11:08,12.1239491
11:11:09,11.8418579
11:11:10,12.2060394
11:11:11,12.0085325
11:11:12,11.9951925
11:11:13,11.95523
11:11:14,11.9265079
11:11:15,11.84744
11:11:16,11.9389515
11:11:17,11.8944654
11:11:18,11.9819021
11:11:19,12.1137705
11:11:20,11.9274988
11:11:21,12.152956
11:11:22,12.0048723
11:11:23,12.2184048
11:11:24,12.1523771
11:11:25,12.11742
11:11:26,12.1110954
11:11:27,12.0774336
11:11:28,12.0728064
11:11:29,12.0445089
11:11:30,12.0909157
11:11:31,11.9673166
11:11:32,12.1153126
11:11:33,12.0607471
11:11:34,11.9761162
11:11:35,11.9889011
11:11:36,11.8271418
11:11:37,12.2288914
11:11:38,12.20721
11:11:39,11.8324823
11:11:40,11.85234
11:11:41,12.04252
11:11:42,12.03278
11:11:43,11.8546638
11:11:44,12.1598167
11:11:45,12.1172647
11:11:46,12.1091194
11:11:47,12.0913811
11:11:48,12.0705395
11:11:49,12.0512457
11:11:50,11.7756853
11:11:51,11.86015
11:11:52,12.2102165
11:11:53,11.9480572
11:11:54,12.0073614
11:11:55,11.9868412
11:11:56,12.188201
11:11:57,11.7755
11:11:58,12.0498037
11:11:59,11.9322443
11:12:00,12.0725689
11:12:01,12.1383247
11:12:02,12.1579227
11:12:03,11.9120522
11:12:04,12.0453882
11:12:05,11.5413542
11:12:06,11.87046
11:12:07,12.3605814
11:12:08,12.0699415
11:12:09,11.6978359
11:12:10,12.0367413
11:12:11,12.1609821
11:12:12,12.29356
11:12:13,11.8590479
11:12:14,12.331461
11:12:15,11.8720379
11:12:16,12.1094036
11:12:17,12.0538006
11:12:18,11.80427
11:12:19,11.7528572
11:12:20,12.2833309
11:12:21,11.8481226
11:12:22,11.9524279
11:12:23,11.9227057
11:12:24,12.0357847
11:12:25,12.0812168
11:12:26,11.6060028
11:12:27,11.9801264
11:12:28,12.1794748
11:12:29,11.8846188
11:12:30,12.0061359
11:12:31,12.1118269
11:12:32,12.435338
11:12:33,12.3442469
11:12:34,12.1299753
11:12:35,12.0163059
11:12:36,9.504937
11:12:37,12.2524805
11:12:38,13.300375
11:12:39,11.4885616
11:12:40,11.8052273
11:12:41,11.9588
11:12:42,12.8987665
11:12:43,12.4435415
11:12:44,11.714839
11:12:45,12.105504
11:12:46,11.7676277
11:12:47,12.7839518
11:12:48,11.3834705
11:12:49,12.0199394
11:12:50,11.6401663
11:12:51,11.8754187
11:12:52,9.212531
11:12:53,4.891634
11:12:54,4.917191
11:12:55,4.92813826
11:12:56,4.83452272
11:12:57,4.507887
11:12:58,4.63256931
11:12:59,4.328673
11:13:00,4.19313
11:13:01,4.11076641
11:13:02,5.21506929
11:13:03,6.162656
11:13:04,5.382558
11:13:05,5.33160067
11:13:06,5.31086254
11:13:07,5.02876949
11:13:08,5.09062958
11:13:09,4.759294
11:13:10,5.91976833
11:13:11,4.76433039
11:13:12,6.096522
11:13:13,4.60016441
11:13:14,5.00206041
11:13:15,5.172847
11:13:16,4.90565062
11:13:17,4.7980237
11:13:18,4.751397
11:13:19,4.47179937
11:13:20,4.83194828
11:13:21,4.667302
11:13:22,4.802211
11:13:23,4.78114271
11:13:24,4.65480661
11:13:25,4.710745
11:13:26,5.388872
11:13:27,5.1052103
11:13:28,4.074549
11:13:29,5.003378
11:13:30,4.12411976
11:13:31,4.74751949
11:13:32,5.255935
11:13:33,4.39833
11:13:34,4.08765125
11:13:35,7.35188627
11:13:36,13.2735653
11:13:37,4.962931
11:13:38,5.01008749
11:13:39,4.71267653
11:13:40,4.91760349
11:13:41,4.763437
11:13:42,4.912981
11:13:43,4.637392
11:13:44,4.573947
11:13:45,4.59105062
11:13:46,4.68127537
11:13:47,4.61159325
11:13:48,4.55608559
11:13:49,4.917974
11:13:50,4.61446
11:13:51,4.779935
11:13:52,4.78890562
11:13:53,4.691465
11:13:54,4.79786253
11:13:55,4.873952
11:13:56,4.967011
11:13:57,4.74621153
11:13:58,5.420096
11:13:59,4.842747
11:14:00,5.11765957
11:14:01,4.761049
11:14:02,4.77161551
11:14:03,4.45995235
11:14:04,4.18366
11:14:05,4.04813576
11:14:06,4.56982136
11:14:07,5.03546524
11:14:08,4.865066
11:14:09,4.71910048
11:14:10,4.532275
11:14:11,4.66179943
11:14:12,4.697635
11:14:13,4.910683
11:14:14,4.8519783
11:14:15,4.81460238
11:14:16,4.91919756
11:14:17,4.85351133
11:14:18,4.642855
11:14:19,4.75498056
11:14:20,4.972341
11:14:21,4.66541529
11:14:22,5.84217453
11:14:23,4.630634
11:14:24,4.93657
11:14:25,4.65889931
11:14:26,4.76472759
11:14:27,4.8446126
11:14:28,4.767296
11:14:29,12.0746384
11:14:30,12.5707026
11:14:32,5.41570663
11:14:33,5.507622
11:14:34,3.96810865
11:14:35,4.05729866
11:14:36,4.346581
11:14:37,5.71530533
11:14:38,4.97109842
11:14:39,5.02215528
11:14:40,5.025619
11:14:41,4.79879236
11:14:42,4.60435438
11:14:43,4.588871
11:14:44,4.999593
11:14:45,4.81578827
11:14:46,4.72909069
11:14:47,4.75144148
11:14:48,4.913406
11:14:50,4.97655344
11:14:51,4.66338062
11:14:52,4.69517469
11:14:53,4.674628
11:14:54,4.72038746
11:14:55,4.81506062
11:14:56,4.86542654
11:14:57,4.751671
11:14:58,5.062322
11:14:59,4.88849068
11:15:00,4.66610575
11:15:01,4.98991632
11:15:02,6.09775639
11:15:03,5.23837328
11:15:04,4.20113325
11:15:05,4.13651562
11:15:06,4.11642
11:15:07,4.42271852
11:15:08,4.97781038
11:15:09,4.920193
11:15:10,5.092633
11:15:11,4.56808138
11:15:12,4.66465855
11:15:13,4.64552641
11:15:14,4.88550234
11:15:15,4.793438
11:15:16,4.966706
11:15:17,4.8387146
11:15:18,4.63437
11:15:19,4.71408939
11:15:20,4.75343561
11:15:21,4.66235161
11:15:22,4.62282467
11:15:23,4.97485733
11:15:24,5.37674141
11:15:25,4.95226574
11:15:26,4.79872847
11:15:27,4.7194
11:15:28,4.653597
11:15:29,4.745148
11:15:30,4.68797541
11:15:31,4.871066
11:15:32,4.79657
11:15:33,5.48178434
11:15:34,4.287116
11:15:35,4.02849531
11:15:36,4.070412
11:15:37,4.4361105
11:15:38,4.6765275
11:15:39,5.05750132
11:15:40,4.79005575
11:15:41,4.594691
11:15:42,4.96712637
11:15:43,4.75398254
11:15:44,4.89754772
11:15:45,4.8311224
11:15:46,4.87244654
11:15:47,4.96199226
11:15:48,4.6324954
11:15:49,4.63143539
11:15:50,4.724319
11:15:51,4.81208372
11:15:52,4.68284035
11:15:53,4.811316
11:15:54,4.713558
11:15:55,4.88654232
11:15:56,4.9289875
11:15:57,4.95315456
11:15:58,4.559558
11:15:59,4.785102
11:16:00,4.96542454
11:16:01,4.836325
11:16:02,4.922099
11:16:03,4.55536652
11:16:04,4.408822
11:16:05,4.269198
11:16:06,7.70243025
11:16:07,7.023853
11:16:08,5.12980747
11:16:09,4.82901859
11:16:10,4.67940569
11:16:11,4.79984951
11:16:12,4.62651968
11:16:13,4.783663
11:16:14,4.819786
11:16:15,4.79889727
11:16:16,4.664277
11:16:17,19.72584
11:16:18,5.006731
11:16:19,5.03348637
11:16:20,4.71206236
11:16:21,4.72170544
11:16:22,4.683505
11:16:23,4.3406353
11:16:24,4.67382956
11:16:25,4.59309053
11:16:26,4.5538
11:16:27,4.844829
11:16:28,4.62407541
11:16:29,4.770898
11:16:30,4.671647
11:16:31,4.599404
11:16:32,4.87633944
11:16:33,5.06578064
11:16:34,4.610167
11:16:35,4.67185736
11:16:36,4.808568
11:16:37,9.339192
11:16:38,4.6755805
11:16:39,4.94244146
11:16:40,4.58971739
11:16:41,4.12758732
11:16:42,4.686495
11:16:43,4.60259962
11:16:44,4.88642168
11:16:45,4.904207
11:16:46,4.74232244
11:16:47,4.902268
11:16:48,4.80617046
11:16:49,4.93675375
11:16:50,4.861606
11:16:51,4.781002
11:16:52,4.951557
11:16:53,4.111562
11:16:54,4.730821
11:16:55,5.03799343
11:16:56,5.231773
11:16:57,5.130579
11:16:58,5.289833
11:16:59,5.41740131
11:17:00,5.17279959
11:17:01,8.325418
11:17:02,5.61366749
11:17:03,6.36096573
11:17:04,5.103335
11:17:05,5.07038069
11:17:06,4.94853735
11:17:07,5.30736637
11:17:08,4.73764849
11:17:09,4.9624033
11:17:10,4.74144936
11:17:11,4.58631659
11:17:12,4.41418552
11:17:13,4.6368103
11:17:14,4.664379
11:17:15,4.820218
11:17:16,4.90420055
11:17:17,4.71607161
11:17:18,4.834462
11:17:19,4.5566
11:17:20,4.721027
11:17:21,4.758192
11:17:22,4.930084
11:17:23,4.97557354
11:17:24,4.96042156
11:17:25,4.75661564
11:17:26,5.14706564
11:17:27,4.61957836
11:17:28,4.970153
11:17:29,4.84509373
11:17:30,5.061335
11:17:31,5.31948948
11:17:32,5.00490141
11:17:33,5.428127
11:17:34,4.929202
11:17:35,5.09099245
11:17:36,4.855652
11:17:37,5.124625
11:17:38,4.91028547
11:17:39,4.834221
11:17:40,4.884492
11:17:41,4.226972
11:17:42,4.34037
11:17:43,4.856352
11:17:44,4.985525
11:17:45,4.90739346
11:17:46,4.85224
11:17:47,6.05743837
11:17:48,5.063769
11:17:49,4.716771
11:17:50,4.966696
11:17:51,4.684462
11:17:52,4.94072
11:17:53,4.55589342
11:17:54,4.73849344
11:17:55,4.91959143
11:17:56,7.424896
11:17:57,8.03150749
11:17:58,4.98063231
11:17:59,5.08987474
11:18:00,5.03271341
11:18:01,4.77724075
11:18:02,4.9917016
11:18:03,5.221557
11:18:04,4.99108458
11:18:05,4.88657475
11:18:06,4.657807
11:18:07,5.32424164
11:18:08,4.843383
11:18:09,5.10740042
11:18:10,4.801921
11:18:11,4.155819
11:18:12,4.542692
11:18:13,4.675139
11:18:14,4.74818563
11:18:15,4.77601
11:18:16,5.638138
11:18:17,5.034229
11:18:18,4.862474
11:18:19,4.91012955
11:18:20,4.933403
11:18:21,4.51192427
11:18:22,4.81327248
11:18:23,4.751802
11:18:24,5.010291
11:18:25,5.02134228
11:18:26,4.93501854
11:18:27,4.74220657
11:18:28,4.845805
11:18:29,4.751922
11:18:30,4.889993
11:18:31,4.623836
11:18:32,5.26252365
11:18:33,5.181118
11:18:34,4.70682
11:18:35,5.07375574
11:18:36,4.74251
11:18:37,5.11162
11:18:38,4.822185
11:18:39,4.885176
11:18:40,4.94174957
11:18:41,4.31759548
11:18:42,4.432884
11:18:43,4.86226225
11:18:44,4.67494631
11:18:45,5.10008669
11:18:46,4.909492
11:18:47,4.869284
11:18:48,4.90362835
11:18:49,4.719943
11:18:50,4.72294235
11:18:51,4.76397276
11:18:52,4.965471
11:18:53,4.73073
11:18:54,4.85550833
11:18:55,4.79497337
11:18:56,4.693133
11:18:57,4.93143368
11:18:58,4.93089247
11:18:59,5.11968374
11:19:00,4.854952
11:19:01,4.8417263
11:19:02,4.97192049
11:19:03,4.92610073
11:19:04,4.996938
11:19:05,4.899059
11:19:06,4.777883
11:19:07,5.008412
11:19:08,4.685447
11:19:09,4.871982
11:19:10,4.87765265
11:19:11,4.20211172
11:19:12,4.49683428
11:19:13,4.83270025
11:19:14,4.786517
11:19:15,4.72762632
11:19:16,4.94919
11:19:17,5.131736
11:19:18,4.58491945
11:19:19,5.11246729
11:19:20,5.05566168
11:19:21,4.84466553
11:19:22,4.734088
11:19:23,4.992853
11:19:24,4.836683
11:19:25,4.97385
11:19:26,4.948613
11:19:27,4.91639471
11:19:28,4.79571724
11:19:29,5.046438
11:19:30,4.87269
11:19:31,4.82753658
11:19:32,5.337541
11:19:33,5.61618567
11:19:34,4.950792
11:19:35,4.674291
11:19:36,4.637133
11:19:37,4.88349771
11:19:38,4.856257
11:19:39,4.717782
11:19:40,9.342399
11:19:41,4.779431
11:19:42,4.85408545
11:19:43,4.20231628
11:19:44,4.58465052
11:19:45,4.890758
11:19:46,5.131533
11:19:47,4.91515827
11:19:48,4.72170258
11:19:49,4.92864561
11:19:50,4.977464
11:19:51,4.88304853
11:19:52,4.89540529
11:19:53,4.2842865
11:19:54,6.683393
11:19:55,4.896075
11:19:56,4.88794374
11:19:57,4.74591446
11:19:58,4.550927
11:19:59,4.71686459
11:20:00,4.80743027
11:20:01,4.798307
11:20:02,4.78345346
11:20:03,4.89655542
11:20:04,4.8741684
11:20:05,4.67553949
11:20:06,4.646765
11:20:07,4.688735
11:20:08,4.89999151
11:20:09,4.9862175
11:20:10,4.926903
11:20:11,5.07300043
11:20:12,4.881023
11:20:13,4.93280029
11:20:14,5.0026083
11:20:15,4.186536
11:20:16,4.52860928
11:20:17,4.754723
11:20:18,4.799867
11:20:19,5.04830456
11:20:20,4.689232
11:20:21,4.76834
11:20:22,4.82670069
11:20:23,5.081621
11:20:24,4.719415
11:20:25,4.732673
11:20:26,4.72880745
11:20:27,4.98137045
11:20:28,4.82895231
11:20:29,4.935548
11:20:30,4.88355827
11:20:31,4.828539
11:20:32,5.36112738
11:20:33,5.26910353
11:20:34,4.884828
11:20:35,4.48727846
11:20:36,4.84488773
11:20:37,5.07383442
11:20:38,4.96373844
11:20:39,5.08404446
11:20:40,4.888013
11:20:41,4.73525858
11:20:42,4.98928452
11:20:43,5.18548059
11:20:44,4.93744
11:20:45,4.13428
11:20:46,4.540016
11:20:47,4.96307039
11:20:48,4.796723
11:20:49,4.73135233
11:20:50,4.703891
11:20:51,4.889929
11:20:52,4.918844
11:20:53,4.83088064
11:20:54,4.74017763
11:20:55,4.962696
11:20:56,4.89565039
11:20:57,4.718219
11:20:58,4.838116
11:20:59,4.665843
11:21:00,4.876989
11:21:01,4.70207
11:21:02,5.018135
11:21:03,4.864772
11:21:04,4.76017237
11:21:05,4.993011
11:21:06,4.72633553
11:21:07,4.77694273
11:21:09,4.844375
11:21:10,4.74293375
11:21:11,4.73994064
11:21:13,4.926252
11:21:14,5.008229
11:21:15,4.69623947
11:21:16,4.331304
11:21:17,4.51766539
11:21:18,4.794504
11:21:19,4.76179743
11:21:20,5.03349352
11:21:21,4.87840128
11:21:22,4.69458
11:21:23,5.043462
11:21:24,4.83197165
11:21:25,6.325298
11:21:26,4.98378325
11:21:27,4.806901
11:21:28,4.79196548
11:21:29,5.04229736
11:21:30,4.91355371
11:21:31,4.90281439
11:21:32,5.09695768
11:21:33,5.095461
11:21:34,7.93301
11:21:35,6.19039869
11:21:36,5.346825
11:21:37,4.59008837
11:21:38,4.64706039
11:21:39,4.601079
11:21:40,4.70433569
11:21:41,4.4628377
11:21:42,4.56449938
11:21:43,4.584529
11:21:44,4.740202
11:21:45,4.51443434
11:21:46,4.611378
11:21:47,4.66059065
11:21:48,4.45855
11:21:49,4.461391
11:21:50,4.67426634
11:21:51,4.143961
11:21:52,4.07711554
11:21:53,6.162532
11:21:54,6.140281
11:21:55,6.80907869
11:21:56,5.931812
11:21:57,4.81159449
11:21:58,5.021637
11:21:59,4.97164345
11:22:00,5.13104057
11:22:01,4.86416
11:22:02,4.801132
11:22:03,4.815441
11:22:04,4.877854
11:22:05,4.78158569
11:22:06,4.93824339
11:22:07,4.67692375
11:22:08,4.774079
11:22:09,4.818608
11:22:10,4.68939638
11:22:11,4.9240737
11:22:12,4.70997572
11:22:13,4.99310827
11:22:14,4.966244
11:22:15,4.868779
11:22:16,4.709233
11:22:17,4.958903
11:22:18,5.119592
11:22:19,4.726468
11:22:20,4.915994
11:22:21,4.457548
11:22:22,4.209084
11:22:23,6.082206
11:22:24,7.33173
11:22:25,7.293933
11:22:26,6.54203
11:22:27,4.601106
11:22:28,4.798518
11:22:29,4.781014
11:22:30,4.903458
11:22:31,4.67169333
11:22:32,5.090894
11:22:33,5.674602
11:22:34,4.73672771
11:22:35,4.73419237
11:22:36,4.661463
11:22:37,4.87281752
11:22:38,4.842287
11:22:39,4.7401433
11:22:40,4.65293741
11:22:41,4.64589
11:22:42,4.78712845
11:22:43,4.69796
11:22:44,4.860797
11:22:45,4.76733637
11:22:46,4.747451
11:22:47,4.93067074
11:22:48,5.00826454
11:22:49,4.71809244
11:22:50,4.717235
11:22:51,4.76768637
11:22:52,4.726385
11:22:53,4.79283428
11:22:54,4.97980976
11:22:55,4.81749773
11:22:56,4.250056
11:22:57,4.5328145
11:22:58,4.75452566
11:22:59,4.95140553
11:23:00,4.865088
11:23:01,4.86025143
11:23:02,4.75485563
11:23:03,5.26557
11:23:04,4.859429
11:23:05,4.74969244
11:23:06,4.804518
11:23:07,4.738164
11:23:08,5.10190535
11:23:09,5.06049252
11:23:10,5.08178949
11:23:11,5.12779856
11:23:12,4.799032
11:23:13,4.35063648
11:23:14,4.63395262
11:23:15,4.824146
11:23:16,4.84648657
11:23:17,4.306758
11:23:18,4.77459049
11:23:19,4.694291
11:23:20,5.017905
11:23:21,4.92922068
11:23:22,4.88311148
11:23:23,4.925951
11:23:24,4.95108652
11:23:25,5.00491238
11:23:26,4.938158
11:23:27,4.54320431
11:23:28,4.6106205
11:23:29,4.227834
11:23:30,6.445908
11:23:31,8.420663
11:23:32,6.041664
11:23:33,5.58428431
11:23:34,4.88757038
11:23:35,4.768964
11:23:36,5.25038767
11:23:37,5.011645
11:23:38,4.82111931
11:23:39,4.969718
11:23:40,4.71769762
11:23:41,4.811691
11:23:42,4.903003
11:23:43,4.97422838
11:23:44,4.96836233
11:23:45,4.872919
11:23:46,4.86501169
11:23:47,4.725816
11:23:48,5.01099253
11:23:49,4.94491434
11:23:50,4.9184
11:23:51,5.14665127
11:23:52,4.82148027
11:23:53,4.93412971
11:23:54,4.832742
11:23:55,4.69340658
11:23:56,4.67297745
11:23:57,4.77398443
11:23:58,4.409688
11:23:59,4.26462936
11:24:00,5.15165424
11:24:01,5.99773169
11:24:02,6.26683855
11:24:03,6.635356
11:24:04,6.42893744
11:24:05,4.767659
11:24:06,6.228624
11:24:07,5.995011
11:24:08,5.46286249
11:24:09,4.420761
11:24:10,4.54594374
11:24:11,4.49383068
11:24:12,4.455666
11:24:13,4.45845175
11:24:14,4.69585037
11:24:15,4.47358131
11:24:16,4.3940444
11:24:17,4.30098772
11:24:18,4.420675
11:24:19,4.65167427
11:24:20,4.42655659
11:24:21,4.35031462
11:24:22,4.26924562
11:24:23,4.809465
11:24:24,4.489104
11:24:25,4.529238
11:24:26,4.615677
11:24:27,4.26741028
11:24:28,4.31646824
11:24:29,4.55568552
11:24:30,4.46184349
11:24:31,4.476018
11:24:32,4.66106939
11:24:33,5.05596256
11:24:34,4.487365
11:24:35,4.38145351
11:24:36,4.57155657
11:24:37,4.19020557
11:24:38,4.766445
11:24:39,4.515082
11:24:40,4.71772146
11:24:41,4.620808
11:24:42,4.55211973
11:24:43,4.546512
11:24:44,4.3969264
11:24:45,4.40726328
11:24:46,4.532727
11:24:47,4.446409
11:24:48,4.541053
11:24:49,4.675214
11:24:50,4.605337
11:24:51,4.455929
11:24:52,4.3671627
11:24:53,4.44756556
11:24:54,4.466956
11:24:55,4.53886175
11:24:56,4.59839439
11:24:57,4.55225468
11:24:58,4.552536
11:24:59,4.784881
11:25:00,4.726518
11:25:01,4.60009766
11:25:02,4.40681362
11:25:03,4.752278
11:25:04,4.701139
11:25:05,4.41646338
11:25:06,4.334567
11:25:07,4.358554
11:25:08,4.73834562
11:25:09,4.5667944
11:25:10,4.540203
11:25:11,4.8546524
11:25:12,4.50069427
11:25:13,5.070265
11:25:14,4.591949
11:25:15,4.58571243
11:25:16,4.60226727
11:25:17,4.65442276
11:25:18,4.617599
11:25:19,4.5223465
11:25:20,4.49285555
11:25:21,4.6565
11:25:22,4.982301
11:25:23,5.24875
11:25:24,4.49261856
11:25:25,4.66758347
11:25:26,4.67230368
11:25:27,4.68436241
11:25:28,4.542933
11:25:29,4.646028
11:25:30,4.65274525
11:25:31,4.45692
11:25:32,4.75968647
11:25:33,4.91445
11:25:34,4.561068
11:25:35,4.561835
11:25:36,4.55284071
11:25:37,4.680739
11:25:38,4.81205654
11:25:39,4.568306
11:25:40,4.716427
11:25:41,4.61106443
11:25:42,4.39439
11:25:43,4.529323
11:25:44,4.54788637
11:25:45,4.52829075
11:25:46,4.5530386
11:25:47,4.42214346
11:25:48,4.8188715
11:25:49,4.852495
11:25:50,4.755289
11:25:51,4.683139
11:25:52,4.576999
11:25:53,4.725455
11:25:54,4.584053
11:25:55,4.558892
11:25:56,4.60694551
11:25:57,4.54399824
11:25:58,4.77648735
11:25:59,4.90737963
11:26:00,4.661191
11:26:01,4.494986
11:26:02,4.303338
11:26:03,4.472313
11:26:04,4.709313
11:26:05,4.80770636
11:26:06,4.63206959
11:26:07,4.74689341
11:26:08,4.562957
11:26:09,4.692976
11:26:10,4.66209364
11:26:11,4.44721031
11:26:12,4.688201
11:26:13,4.565877
11:26:14,4.651346
11:26:15,4.57847452
11:26:16,5.08317757
11:26:17,4.51691246
11:26:18,4.78641272
11:26:19,4.794991
11:26:20,4.7285943
11:26:21,4.74249
11:26:22,4.73966932
11:26:23,4.596499
11:26:24,4.565097
11:26:25,4.708393
11:26:26,4.79728365
11:26:27,4.83440065
11:26:28,5.003034
11:26:29,4.86543846
11:26:30,4.690221
11:26:31,4.38665247
11:26:32,5.001953
11:26:33,5.192688
11:26:34,4.80393648
11:26:35,4.48943472
11:26:36,4.78467369
11:26:37,4.97314548
11:26:38,4.56385326
11:26:39,5.97090864
11:26:40,5.24434376
11:26:41,4.93529034
11:26:42,4.62664127
11:26:43,4.572337
11:26:44,4.521947
11:26:45,4.72166729
11:26:46,4.66510248
11:26:47,4.70751953
11:26:48,4.299448
11:26:49,4.60821247
11:26:50,4.478194
11:26:51,4.90288544
11:26:52,4.645942
11:26:53,4.73479843
11:26:54,4.61848927
11:26:55,4.60186768
11:26:56,4.742631
11:26:57,4.637484
11:26:58,4.60009336
11:26:59,4.759661
11:27:00,4.7904
11:27:01,4.75059843
11:27:02,4.96213436
11:27:03,5.184001
11:27:04,4.55965853
11:27:05,4.72054338
11:27:06,4.825227
11:27:07,5.065744
11:27:08,4.784796
11:27:09,5.15215874
11:27:10,4.57684326
11:27:11,4.71067524
11:27:12,4.704755
11:27:13,4.652874
11:27:14,4.67247343
11:27:15,4.761787
11:27:16,4.841641
11:27:17,4.798327
11:27:18,4.96103668
11:27:19,5.088978
11:27:20,4.79241943
11:27:21,4.714889
11:27:22,4.738797
11:27:23,4.964903
11:27:24,4.711604
11:27:25,4.009191
11:27:26,4.6999
11:27:27,4.915043
11:27:28,4.68591738
11:27:29,4.958358
11:27:30,4.65853548
11:27:31,4.85716772
11:27:32,5.259959
11:27:33,5.118148
11:27:34,5.390186
11:27:35,5.137029
11:27:36,5.292284
11:27:37,5.110799
11:27:38,4.85788059
11:27:39,5.34449863
11:27:40,5.796246
11:27:41,6.15264225
11:27:42,6.03322554
11:27:43,5.86776829
11:27:44,5.771461
11:27:45,5.639363
11:27:46,5.70881128
11:27:47,5.36717272
11:27:48,5.435723
11:27:49,4.84791851
11:27:50,4.928707
11:27:51,4.76882744
11:27:52,4.798754
11:27:53,4.650202
11:27:54,4.736725
11:27:55,4.52332973
11:27:56,4.32766247
11:27:57,12.0200319
11:27:58,6.7624855
11:27:59,5.60022163
11:28:00,4.537776
11:28:01,4.433988
11:28:02,5.29091835
11:28:03,8.22576
11:28:04,6.35294342
11:28:05,5.990386
11:28:06,4.82974958
11:28:07,4.538115
11:28:08,4.849015
11:28:09,4.60370731
11:28:10,4.52582359
11:28:11,4.471421
11:28:12,4.503129
11:28:13,4.30375
11:28:14,4.60519457
11:28:15,4.411581
11:28:16,5.176064
11:28:17,4.703449
11:28:18,4.558454
11:28:19,4.67558
11:28:20,4.57017326
11:28:21,4.534144
11:28:22,4.549608
11:28:23,4.67391157
11:28:24,4.717078
11:28:25,4.51643562
11:28:26,4.924216
11:28:27,4.82449245
11:28:28,4.775638
11:28:29,4.769281
11:28:30,4.53243876
11:28:31,4.597375
11:28:33,5.27385426
11:28:34,4.685646
11:28:35,4.63006353
11:28:36,6.157377
11:28:37,8.446095
11:28:38,5.15557957
11:28:39,5.0834856
11:28:40,4.775065
11:28:41,4.752407
11:28:42,4.740904
11:28:43,4.83599329
11:28:44,4.59587145
11:28:45,4.250105
11:28:46,4.72739029
11:28:47,4.45012951
11:28:48,4.815032
11:28:49,4.66846752
11:28:50,4.44068336
11:28:51,4.83647966
11:28:52,4.57703066
11:28:53,4.597885
11:28:54,4.66188431
11:28:55,5.245524
11:28:56,5.326088
11:28:57,5.05583858
11:28:58,4.916895
11:28:59,4.855852
11:29:00,4.902886
11:29:01,4.836176
11:29:02,4.72233772
11:29:03,4.965335
11:29:04,4.92857075
11:29:05,5.1639
11:29:06,4.71317625
11:29:07,4.846576
11:29:08,4.930372
11:29:09,5.27168465
11:29:10,4.81613541
11:29:11,5.087238
11:29:12,4.800175
11:29:13,4.78780174
11:29:14,4.91974831
11:29:15,5.0385766
11:29:16,4.52855873
11:29:17,4.41719341
11:29:18,5.16228
11:29:19,4.91078854
11:29:20,4.884303
11:29:21,4.820501
11:29:22,5.24133158
11:29:23,6.585944
11:29:24,4.87628937
11:29:25,5.01779032
11:29:26,4.75388527
11:29:27,4.91609526
11:29:28,4.989068
11:29:29,4.892609
11:29:30,4.86528349
11:29:31,4.97322369
11:29:33,5.428404
11:29:34,4.916478
11:29:35,4.88678265
11:29:36,4.79983
11:29:37,5.093124
11:29:38,4.83435535
11:29:39,4.696639
11:29:40,4.745369
11:29:41,4.8546443
11:29:42,4.875335
11:29:43,5.049339
11:29:44,4.61100149
11:29:45,4.63771963
11:29:46,4.24529552
11:29:48,4.397209
11:29:49,4.78918839
11:29:51,4.89134932
11:29:53,4.69475365
11:29:54,4.96939039
11:29:55,4.97925568
11:29:56,4.63112068
11:29:57,4.72604465
11:29:58,4.7605195
11:29:59,5.06936264
11:30:00,4.82742834
11:30:01,5.0048604
11:30:03,4.84942436
11:30:04,4.85396147
11:30:05,4.92569447
11:30:06,4.81817675
11:30:07,4.975224
11:30:08,4.74280548
11:30:09,5.043759
11:30:10,5.13254356
11:30:11,5.10013151
11:30:12,4.83473349
11:30:13,4.705104
11:30:14,5.01937675
11:30:15,4.9064064
11:30:16,4.84187365
11:30:17,4.28413868
11:30:18,4.40783167
11:30:19,4.92093134
11:30:20,5.02181768
11:30:21,4.94186974
11:30:22,4.740527
11:30:23,5.037711
11:30:24,5.08897543
11:30:25,5.040018
11:30:26,4.68469954
11:30:27,4.869176
11:30:28,4.872097
11:30:29,4.69670963
11:30:30,4.89459038
11:30:31,4.64622831
11:30:32,5.044565
11:30:33,5.00546741
11:30:34,4.94895935
11:30:35,8.882522
11:30:36,6.64031029
11:30:37,5.606414
11:30:38,4.721184
11:30:39,4.98341846
11:30:40,4.82747173
11:30:41,4.34227753
11:30:42,4.818438
11:30:43,5.02921963
11:30:44,4.223726
11:30:45,4.67813158
11:30:46,4.21808
11:30:47,4.78542662
11:30:48,4.923586
11:30:49,4.81831264
11:30:50,4.86553955
11:30:51,4.85306358
11:30:52,4.24077463
11:30:53,3.97656465
11:30:54,4.80364752
11:30:55,4.525401
11:30:56,4.66396
11:30:57,4.857507
11:30:58,4.291308
11:30:59,4.824879
11:31:00,4.9867
11:31:01,4.832547
11:31:02,4.72298431
11:31:03,4.98539972
11:31:04,4.8415513
11:31:05,5.18919
11:31:06,4.929867
11:31:07,4.721803
11:31:08,5.06550264
11:31:09,5.1392374
11:31:10,4.795549
11:31:11,4.753794
11:31:12,4.76393938
11:31:13,5.025178
11:31:14,5.13079834
11:31:15,4.77722931
11:31:16,4.85473347
11:31:17,4.80062342
11:31:18,4.72756243
11:31:19,5.020128
11:31:20,4.952587
11:31:21,4.917658
11:31:22,5.09721661
11:31:23,4.88050127
11:31:24,4.558706
11:31:25,4.280073
11:31:26,4.25552
11:31:27,6.91495752
11:31:28,7.39195871
11:31:29,4.376911
11:31:30,6.19411755
11:31:31,5.037198
11:31:32,5.57717276
11:31:33,5.155646
11:31:34,4.479987
11:31:35,4.39948559
11:31:36,4.45750856
11:31:37,4.444492
11:31:38,4.529779
11:31:39,4.756531
11:31:40,4.454642
11:31:41,4.60892439
11:31:42,4.44960833
11:31:43,4.679796
11:31:44,4.653213
11:31:45,4.80385256
11:31:46,4.867904
11:31:47,4.72777653
11:31:48,4.64924145
11:31:49,4.76504374
11:31:50,4.86969757
11:31:51,4.676348
11:31:52,4.665141
11:31:53,4.704987
11:31:54,4.73638058
11:31:55,4.757607
11:31:56,4.86976242
11:31:57,4.77599859
11:31:58,4.75703144
11:31:59,4.675575
11:32:00,4.74585342
11:32:01,4.85857248
11:32:02,6.800088
11:32:03,4.73095846
11:32:04,5.11111
11:32:05,4.88696957
11:32:06,4.76294374
11:32:07,4.896122
11:32:08,4.142749
11:32:09,4.77043724
11:32:10,4.77111149
11:32:11,4.8312583
11:32:12,4.432975
11:32:13,4.86744976
11:32:14,5.113941
11:32:15,4.848902
11:32:16,4.80452967
11:32:17,4.84636259
11:32:18,4.913357
11:32:19,5.227123
11:32:20,4.770967
11:32:21,4.929744
11:32:22,4.792357
11:32:23,4.745888
11:32:24,4.817341
11:32:25,4.57359
11:32:26,4.68381834
11:32:27,4.83959
11:32:28,4.913181
11:32:29,4.738878
11:32:30,5.22107458
11:32:31,5.048062
11:32:32,4.86830235
11:32:33,5.300548
11:32:34,5.06507874
11:32:35,5.06891537
11:32:36,4.787096
11:32:37,4.828282
11:32:38,4.773999
11:32:39,4.908787
11:32:40,4.73480558
11:32:41,4.80218363
11:32:42,4.3150506
11:32:43,4.37626028
11:32:44,4.814447
11:32:45,4.991421
11:32:46,5.01122761
11:32:47,5.09591675
11:32:48,5.25914431
11:32:49,5.61353636
11:32:50,5.207479
11:32:51,5.55557251
11:32:52,5.00451946
11:32:53,4.8802824
11:32:54,5.0436883
11:32:55,4.99824572
11:32:56,4.99280834
11:32:57,4.82170057
11:32:58,4.832302
11:32:59,4.90762568
11:33:00,4.98997355
11:33:01,4.695493
11:33:02,4.81029844
11:33:03,4.908065
11:33:04,4.97729635
11:33:05,4.876717
11:33:06,4.82165337
11:33:07,4.732075
11:33:08,5.101878
11:33:09,4.86372375
11:33:10,4.858222
11:33:11,4.98793459
11:33:12,4.59385
11:33:13,4.36074162
11:33:14,4.50593138
11:33:15,4.6019907
11:33:16,4.593732
11:33:17,4.845721
11:33:18,4.65819931
11:33:19,4.73169947
11:33:20,4.3459754
11:33:21,4.560979
11:33:22,4.49035358
11:33:23,4.631702
11:33:24,4.47518635
11:33:25,4.55721474
11:33:26,4.63145351
11:33:27,4.63438272
11:33:28,4.40779972
11:33:29,4.576086
11:33:30,4.576162
11:33:31,4.49780273
11:33:32,4.75711155
11:33:33,5.011345
11:33:34,4.632827
11:33:35,4.557645
11:33:36,4.574947
11:33:37,4.42041159
11:33:38,4.494948
11:33:39,4.460488
11:33:40,4.648318
11:33:41,4.450036
11:33:42,4.56187868
11:33:43,4.488326
11:33:44,4.894415
11:33:45,4.60355663
11:33:46,4.62362146
11:33:47,4.719826
11:33:48,4.73234272
11:33:49,4.937539
11:33:50,4.68664837
11:33:51,4.86356974
11:33:52,4.75547028
11:33:53,5.15022373
11:33:54,5.20927858
11:33:55,4.70828152
11:33:56,4.857983
11:33:57,4.805195
11:33:58,4.366596
11:33:59,4.44842958
11:34:00,6.8428936
11:34:01,8.332059
11:34:02,4.51421547
11:34:03,4.78365755
11:34:04,4.87786627
11:34:05,4.731759
11:34:06,4.662998
11:34:07,4.80642
11:34:08,4.644622
11:34:09,4.69833565
11:34:10,4.795631
11:34:11,4.70993948
11:34:12,4.505925
11:34:13,4.490316
11:34:14,4.851311
11:34:15,4.74534941
11:34:16,4.623853
11:34:17,4.67483568
11:34:18,4.54868
11:34:19,4.89805651
11:34:20,4.73599863
11:34:21,4.46224451
11:34:22,4.988581
11:34:23,4.84387064
11:34:24,4.82406855
11:34:25,4.78759766
11:34:26,4.54244947
11:34:27,4.803025
11:34:28,4.735388
11:34:29,4.854251
11:34:30,4.67363
11:34:31,4.584504
11:34:32,4.87174749
11:34:33,5.242946
11:34:34,4.88809633
11:34:35,4.85752344
11:34:36,4.81042671
11:34:37,4.81962156
11:34:38,4.76076841
11:34:39,5.21211767
11:34:40,6.32493
11:34:41,5.354342
11:34:42,4.800545
11:34:43,4.773455
11:34:44,5.215333
11:34:45,4.92959452
11:34:46,4.776035
11:34:47,4.72023773
11:34:48,4.697619
11:34:49,4.89125872
11:34:50,5.024175
11:34:51,4.76048851
11:34:52,4.79743528
11:34:53,4.67596
11:34:54,6.735886
11:34:55,5.1776104
11:34:56,4.68155575
11:34:57,4.895169
11:34:58,4.8265295
11:34:59,4.873422
11:35:00,5.0135746
11:35:01,4.847285
11:35:02,4.749812
11:35:03,5.18218851
11:35:04,4.789863
11:35:05,4.957219
11:35:06,4.785371
11:35:07,4.78761
11:35:08,4.92148161
11:35:09,4.86152649
11:35:10,4.737688
11:35:11,3.99995518
11:35:12,6.330183
11:35:13,6.654714
11:35:14,6.53316975
11:35:15,6.59183645
11:35:16,5.060759
11:35:17,4.73923159
11:35:18,4.9920826
11:35:19,4.83733463
11:35:20,4.925831
11:35:21,4.59405041
11:35:22,4.79430962
11:35:23,4.781225
11:35:24,4.644515
11:35:25,5.369596
11:35:26,5.547032
11:35:27,4.70206642
11:35:28,4.468011
11:35:29,4.829772
11:35:30,4.65699768
11:35:31,4.879525
11:35:32,4.904193
11:35:33,4.57814074
11:35:34,4.628509
11:35:35,5.08927441
11:35:36,4.00230646
11:35:37,4.53356171
11:35:38,4.28533125
11:35:39,4.713452
11:35:40,4.832153
11:35:41,4.54295444
11:35:42,4.60671234
11:35:43,4.402992
11:35:44,4.7990694
11:35:45,4.9075613
11:35:46,4.082067
11:35:47,4.23601437
11:35:48,4.80209351
11:35:49,4.976834
11:35:50,4.97406149
11:35:51,4.401891
11:35:52,4.628739
11:35:53,4.60654831
11:35:54,4.832883
11:35:55,4.98641872
11:35:56,4.84299
11:35:57,4.902611
11:35:58,4.908492
11:35:59,5.015401
11:36:00,4.80100965
11:36:01,4.65101767
11:36:02,4.646761
11:36:03,4.762662
11:36:04,4.948068
11:36:05,4.8787694
11:36:06,4.68314362
11:36:07,4.994347
11:36:08,4.935248
11:36:09,4.73880529
11:36:10,4.813875
11:36:11,4.906788
11:36:12,4.79786
11:36:13,5.009332
11:36:14,5.036275
11:36:15,4.95198345
11:36:16,4.09704733
11:36:17,4.44844866
11:36:18,4.71492958
11:36:19,4.978294
11:36:20,4.956434
11:36:21,4.7002
11:36:22,4.693398
11:36:23,4.93382454
11:36:24,4.940917
11:36:25,4.66124
11:36:26,4.690285
11:36:27,4.88294649
11:36:28,4.701709
11:36:29,4.79126358
11:36:30,4.65678835
11:36:31,4.77727127
11:36:32,5.18854141
11:36:33,5.24897861
11:36:34,4.811903
11:36:35,4.792674
11:36:36,4.884992
11:36:37,4.828218
11:36:38,4.79739046
11:36:39,4.802418
11:36:40,4.83704758
11:36:41,4.819532
11:36:42,4.98580933
11:36:43,4.85319567
11:36:44,4.66759539
11:36:45,4.96580744
11:36:46,3.98258328
11:36:47,4.33930731
11:36:48,4.80146074
11:36:49,5.291303
11:36:50,4.935597
11:36:51,4.921864
11:36:52,4.801064
11:36:53,4.82026148
11:36:54,4.92597151
11:36:55,4.709436
11:36:56,4.726559
11:36:57,4.657374
11:36:58,4.84502
11:36:59,4.786193
11:37:00,4.91727
11:37:01,4.53759
11:37:02,4.827249
11:37:03,4.775439
11:37:04,5.10491467
11:37:05,5.10626936
11:37:06,4.676168
11:37:07,4.884434
11:37:08,4.74353361
11:37:09,4.95366144
11:37:10,4.821955
11:37:11,4.950878
11:37:12,4.75408268
11:37:13,4.81696558
11:37:14,4.989322
11:37:15,5.003625
11:37:16,5.011088
11:37:17,4.2894125
11:37:18,4.20392132
11:37:19,4.69653034
11:37:20,4.89714146
11:37:21,5.24909353
11:37:22,4.877756
11:37:23,4.815013
11:37:24,4.829624
11:37:25,4.734774
11:37:26,4.875276
11:37:27,4.73249674
11:37:28,4.920069
11:37:29,4.98539829
11:37:30,4.75183725
11:37:31,4.68472576
11:37:32,4.838754
11:37:33,5.58260345
11:37:34,5.15331
11:37:35,4.840048
11:37:36,4.9617486
11:37:37,4.796891
11:37:38,4.72903728
11:37:39,4.978735
11:37:40,5.186392
11:37:41,4.733953
11:37:42,4.81319666
11:37:43,4.84904242
11:37:44,4.88806248
11:37:45,4.70765
11:37:46,4.74124527
11:37:47,4.1691823
11:37:48,4.342938
11:37:49,4.849276
11:37:50,4.858182
11:37:51,5.52436733
11:37:52,5.2653265
11:37:53,5.44700432
11:37:54,5.21783733
11:37:55,4.99053335
11:37:56,4.90244
11:37:57,4.994196
11:37:58,11.8773594
11:37:59,4.82714
11:38:00,4.882028
11:38:01,5.15234375
11:38:02,4.646044
11:38:03,5.24368429
11:38:04,4.90843725
11:38:05,5.080012
11:38:06,4.957869
11:38:07,4.886578
11:38:08,4.80341
11:38:09,4.831185
11:38:10,4.917517
11:38:11,4.943948
11:38:12,4.746494
11:38:13,4.757069
11:38:14,4.90954447
11:38:15,5.058007
11:38:16,4.759374
11:38:17,4.73700857
11:38:18,4.640105
11:38:19,4.770324
11:38:20,4.687692
11:38:21,5.15451
11:38:22,4.737866
11:38:23,4.903403
11:38:24,4.76105547
11:38:25,4.914351
11:38:26,4.94696569
11:38:27,4.69556952
11:38:28,4.899503
11:38:29,4.8659997
11:38:30,5.040573
11:38:31,4.86271048
11:38:32,5.05322647
11:38:33,5.07629633
11:38:34,4.94353247
11:38:35,4.758581
11:38:36,5.19367027
11:38:37,4.93658161
11:38:38,4.972897
11:38:39,4.858376
11:38:40,4.95401955
11:38:41,4.91502142
11:38:42,4.75314331
11:38:43,4.8960824
11:38:44,4.857723
11:38:45,4.78718758
11:38:46,4.907361
11:38:47,4.27627945
11:38:48,4.42487
11:38:49,4.75405169
11:38:50,4.93724251
11:38:51,4.96780729
11:38:52,4.885376
11:38:53,4.56671143
11:38:54,5.35126972
11:38:55,4.94682837
11:38:56,4.9855
11:38:57,4.81516361
11:38:58,5.22020674
11:38:59,5.15021849
11:39:00,5.183075
11:39:01,5.066821
11:39:02,5.069466
11:39:03,4.74438667
11:39:04,7.88039255
11:39:05,6.342197
11:39:06,7.3164053
11:39:07,5.01221228
11:39:08,4.7794776
11:39:09,4.904373
11:39:10,4.75342464
11:39:11,4.76909256
11:39:12,4.83332729
11:39:13,5.008915
11:39:14,4.84194851
11:39:15,4.856114
11:39:16,4.93442154
11:39:17,4.1855855
11:39:18,4.486076
11:39:19,4.83622837
11:39:20,5.09009361
11:39:21,4.948675
11:39:22,4.90316343
11:39:23,4.68600225
11:39:24,4.951084
11:39:25,4.95076752
11:39:26,4.905215
11:39:27,4.677327
11:39:28,4.850944
11:39:29,4.969946
11:39:30,4.957213
11:39:31,4.91572332
11:39:32,5.0599947
11:39:33,5.11631155
11:39:34,4.89600563
11:39:35,4.96368933
11:39:36,5.01735544
11:39:37,4.94476271
11:39:38,5.06188536
11:39:39,6.000782
11:39:40,5.471347
11:39:41,4.753241
11:39:42,4.04126549
11:39:43,4.821929
11:39:44,4.850825
11:39:45,4.898326
11:39:46,4.911784
11:39:47,4.898907
11:39:48,4.901606
11:39:49,4.432558
11:39:50,4.54929638
11:39:51,4.773361
11:39:52,5.1201086
11:39:53,4.85160637
11:39:54,4.7540307
11:39:55,4.999242
11:39:56,4.914825
11:39:57,5.08110762
11:39:58,4.830605
11:39:59,4.82081461
11:40:00,4.943816
11:40:01,4.93987656
11:40:02,4.632742
11:40:03,4.78335047
11:40:04,5.124527
11:40:05,4.843443
11:40:06,4.9475646
11:40:07,4.49176168
11:40:08,4.82037163
11:40:09,4.815348
11:40:10,4.99322653
11:40:11,4.86049938
11:40:12,5.009095
11:40:13,4.861092
11:40:14,4.87293243
11:40:15,4.894845
11:40:16,4.864686
11:40:17,4.770203
11:40:18,4.90324831
11:40:19,4.383631
11:40:20,4.27616739
11:40:21,4.796315
11:40:22,4.77233553
11:40:23,4.68401241
11:40:24,4.986018
11:40:25,4.97881746
11:40:26,4.816593
11:40:27,5.004243
11:40:28,4.853025
11:40:29,4.634428
11:40:30,4.998191
11:40:31,4.69711
11:40:32,4.931511
11:40:33,5.43892241
11:40:34,5.029211
11:40:35,4.73446035
11:40:36,4.974785
11:40:37,4.83464956
11:40:38,4.82788372
11:40:39,4.994447
11:40:40,4.96564436
11:40:41,4.91045237
11:40:42,5.068056
11:40:43,4.83815861
11:40:44,5.05800962
11:40:45,4.77401638
11:40:46,4.71591425
11:40:47,4.798262
11:40:48,4.727214
11:40:49,4.46186256
11:40:50,4.17646646
11:40:51,5.1117363
11:40:52,5.392809
11:40:53,5.32051373
11:40:54,4.91425848
11:40:55,4.78442574
11:40:56,4.831972
11:40:57,4.818868
11:40:58,4.66221428
11:40:59,5.052167
11:41:00,4.765935
11:41:01,4.838657
11:41:02,4.58586073
11:41:03,4.761362
11:41:04,4.97875834
11:41:05,4.803125
11:41:06,4.94971943
11:41:07,4.771626
11:41:08,4.8573513
11:41:09,5.18047571
11:41:10,4.887375
11:41:11,5.27733
11:41:12,4.83856869
11:41:13,4.85011435
11:41:14,5.174633
11:41:15,4.82958555
11:41:16,5.124778
11:41:17,4.89691734
11:41:18,4.8765316
11:41:19,4.00928831
11:41:20,4.38223553
11:41:21,4.85678434
11:41:22,4.69146442
11:41:23,4.70792532
11:41:24,4.59218836
11:41:25,4.801928
11:41:26,5.05169249
11:41:27,5.014101
11:41:28,4.892476
11:41:29,4.78563547
11:41:30,4.8150034
11:41:31,4.785522
11:41:32,5.14880037
11:41:33,5.253583
11:41:34,5.28351641
11:41:35,4.76981449
11:41:36,4.961811
11:41:37,5.008718
11:41:38,4.866525
11:41:39,4.86569452
11:41:40,4.71019363
11:41:41,4.899758
11:41:42,4.655894
11:41:43,4.75545025
11:41:44,4.840998
11:41:45,4.83591461
11:41:46,4.892822
11:41:47,4.616548
11:41:48,4.90561867
11:41:49,4.12693357
11:41:50,4.452853
11:41:51,5.01750374
11:41:52,4.770755
11:41:53,4.81591272
11:41:54,4.6153264
11:41:55,4.55968857
11:41:56,4.99973154
11:41:57,5.04041624
11:41:58,4.853242
11:41:59,4.87221575
11:42:00,5.074008
11:42:01,4.93995333
11:42:02,4.814917
11:42:03,4.77744246
11:42:04,5.11680031
11:42:05,4.746025
11:42:06,4.786513
11:42:07,4.797064
11:42:08,4.850314
11:42:09,4.880416
11:42:10,4.75712633
11:42:11,4.954678
11:42:12,4.665505
11:42:13,4.762341
11:42:14,4.64640665
11:42:15,4.871859
11:42:16,4.809222
11:42:17,4.88514042
11:42:18,4.67817259
11:42:19,4.159289
11:42:20,4.53549147
11:42:21,4.96173859
11:42:22,5.06438875
11:42:23,4.737125
11:42:24,4.97551537
11:42:25,4.945511
11:42:26,4.883578
11:42:27,4.62739134
11:42:28,4.90012455
11:42:29,5.01025534
11:42:30,4.810626
11:42:31,4.866698
11:42:32,5.16760731
11:42:33,5.502905
11:42:34,4.74148941
11:42:35,4.85339
11:42:36,4.91648674
11:42:37,4.81846428
11:42:38,4.94787455
11:42:39,4.790612
11:42:40,4.98077631
11:42:41,4.92294645
11:42:42,4.867329
11:42:43,4.58057737
11:42:44,4.792314
11:42:45,4.901261
11:42:46,5.064714
11:42:47,4.844681
11:42:48,5.36165667
11:42:49,5.525907
11:42:50,5.646169
11:42:51,6.076586
11:42:52,5.839713
11:42:53,5.777398
11:42:54,5.823428
11:42:55,5.556913
11:42:56,5.42579365
11:42:57,4.823532
11:42:58,4.927114
11:42:59,4.72578526
11:43:00,4.721016
11:43:01,4.81217051
11:43:02,5.893113
11:43:03,5.724671
11:43:04,5.30812073
11:43:05,5.387668
11:43:06,4.96099758
11:43:07,4.89139175
11:43:08,5.06012058
11:43:09,5.008705
11:43:10,4.70840359
11:43:11,4.83734846
11:43:12,4.941299
11:43:13,4.81383944
11:43:14,4.773351
11:43:15,4.90052748
11:43:16,4.86179972
11:43:17,5.218564
11:43:18,4.817035
11:43:19,4.309684
11:43:20,4.506937
11:43:21,4.969147
11:43:22,4.994589
11:43:23,4.767102
11:43:24,4.79462242
11:43:25,4.833385
11:43:26,4.901084
11:43:27,4.54815865
11:43:28,4.65263271
11:43:29,4.90348959
11:43:30,4.931443
11:43:31,4.822673
11:43:33,5.164431
11:43:34,5.12245369
11:43:35,5.128934
11:43:36,5.02169847
11:43:37,8.361893
11:43:38,4.81504
11:43:39,4.301454
11:43:40,4.86341047
11:43:41,4.213038
11:43:42,4.77693224
11:43:43,4.966917
11:43:44,4.726309
11:43:45,5.042372
11:43:46,5.061736
11:43:47,4.767516
11:43:48,4.707075
11:43:49,4.840364
11:43:50,4.680405
11:43:51,4.869953
11:43:52,4.915945
11:43:53,4.04981661
11:43:54,4.61239243
11:43:55,4.78601551
11:43:56,4.906384
11:43:57,5.01377344
11:43:58,4.807057
11:43:59,5.486858
11:44:00,4.878106
11:44:01,4.85400963
11:44:02,4.977591
11:44:03,5.114979
11:44:04,4.971192
11:44:05,5.443253
11:44:06,4.67743969
11:44:07,4.62174368
11:44:08,4.69962025
11:44:09,5.121044
11:44:10,4.576942
11:44:11,4.861171
11:44:12,4.92784166
11:44:13,4.758744
11:44:14,4.860728
11:44:15,5.09797525
11:44:16,4.83161259
11:44:17,4.939989
11:44:18,4.65914154
11:44:19,4.709715
11:44:20,5.36084127
11:44:21,4.840375
11:44:22,4.81591845
11:44:23,4.74387026
11:44:24,4.44753361
11:44:25,4.764366
11:44:26,4.58311367
11:44:27,4.908417
11:44:28,4.77370644
11:44:29,4.77644873
11:44:30,5.23021841
11:44:32,6.53956461
11:44:33,6.96818
11:44:34,5.40801144
11:44:35,4.762616
11:44:36,5.204777
11:44:37,4.72359753
11:44:38,4.68502665
11:44:39,4.91973162
11:44:40,4.85538054
11:44:41,4.74962044
11:44:42,4.84920073
11:44:43,4.804352
11:44:44,4.731124
11:44:45,4.777175
11:44:46,4.70927238
11:44:47,4.74396849
11:44:48,4.76551962
11:44:49,4.750279
11:44:50,5.03692055
11:44:51,4.78917
11:44:52,4.62366533
11:44:53,5.03899336
11:44:54,4.214326
11:44:55,4.447645
11:44:56,4.81111145
11:44:57,4.9644804
11:44:58,4.828339
11:44:59,4.773276
11:45:00,5.08200359
11:45:01,4.92900848
11:45:02,4.73790932
11:45:03,4.731508
11:45:04,4.628184
11:45:05,4.91033173
11:45:06,5.061291
11:45:07,4.7817955
11:45:08,4.55218363
11:45:09,4.890875
11:45:10,4.972684
11:45:11,5.09834337
11:45:12,5.003454
11:45:13,5.15506935
11:45:14,4.80327368
11:45:15,4.83672857
11:45:16,4.81489372
11:45:17,5.432432
11:45:18,4.597528
11:45:19,4.86527538
11:45:20,5.002438
11:45:21,4.826106
11:45:22,4.621928
11:45:23,4.886398
11:45:24,4.19557476
11:45:25,4.449173
11:45:26,4.921609
11:45:27,4.68482256
11:45:28,4.97341156
11:45:29,4.79330826
11:45:30,4.935627
11:45:31,4.983036
11:45:32,4.819633
11:45:33,5.73722458
11:45:34,4.87814045
11:45:35,4.935686
11:45:36,5.053558
11:45:37,5.09195328
11:45:38,4.80718756
11:45:39,4.781716
11:45:40,4.787077
11:45:41,4.853291
11:45:42,4.91896963
11:45:43,4.239206
11:45:44,4.846802
11:45:45,4.88594627
11:45:46,4.954562
11:45:47,4.90938044
11:45:48,4.865121
11:45:49,4.778454
11:45:50,4.80050135
11:45:51,4.798119
11:45:52,4.931741
11:45:53,4.773057
11:45:54,4.902909
11:45:55,4.957851
11:45:56,4.50035
11:45:57,4.319072
11:45:58,7.003904
11:45:59,7.935971
11:46:00,5.80907345
11:46:01,5.004907
11:46:02,5.259804
11:46:03,5.393647
11:46:04,4.933442
11:46:05,4.776504
11:46:06,5.06271458
11:46:07,4.96667147
11:46:08,4.72815037
11:46:09,4.83180952
11:46:10,4.843668
11:46:11,4.79198074
11:46:12,4.740688
11:46:13,4.86550045
11:46:14,4.647196
11:46:15,4.75201464
11:46:16,4.794094
11:46:17,4.80042362
11:46:18,4.76630831
11:46:19,4.815606
11:46:20,4.86156368
11:46:21,4.84441662
11:46:22,4.953614
11:46:23,4.75198746
11:46:24,4.774221
11:46:25,4.92437744
11:46:26,4.50058937
11:46:27,4.313888
11:46:28,6.74054766
11:46:29,6.852673
11:46:30,5.307244
11:46:31,4.107466
11:46:32,4.374623
11:46:33,6.921494
11:46:34,6.297664
11:46:35,4.608224
11:46:36,5.93994045
11:46:37,6.22465563
11:46:38,4.76036453
11:46:39,4.54865265
11:46:40,4.718378
11:46:41,4.483124
11:46:42,4.22725964
11:46:43,4.58668852
11:46:44,4.46412849
11:46:45,4.438197
11:46:46,4.60558128
11:46:47,4.79497147
11:46:48,4.65924644
11:46:49,4.77583456
11:46:50,5.006685
11:46:51,4.779847
11:46:52,5.24993753
11:46:53,4.98800135
11:46:54,4.81826258
11:46:55,4.661279
11:46:56,4.78943825
11:46:57,5.044706
11:46:58,4.69476366
11:46:59,4.95160961
11:47:00,4.79732752
11:47:01,4.86218739
11:47:02,4.93442154
11:47:03,4.77955
11:47:04,5.19260025
11:47:05,4.80004835
11:47:06,4.85381365
11:47:07,4.88243341
11:47:08,4.4001894
11:47:09,4.23336744
11:47:10,6.73913145
11:47:11,7.02499151
11:47:12,4.693798
11:47:13,4.54557037
11:47:14,4.84871054
11:47:15,4.443916
11:47:16,4.49718237
11:47:17,4.76748037
11:47:18,4.468051
11:47:19,4.613531
11:47:20,4.611869
11:47:21,4.53405
11:47:22,4.78320837
11:47:23,4.43081474
11:47:24,4.36249447
11:47:25,4.594318
11:47:26,4.933617
11:47:27,4.4476223
11:47:28,4.60193872
11:47:29,4.63751554
11:47:30,4.784897
11:47:31,4.44543839
11:47:32,4.958583
11:47:33,5.34069252
11:47:34,4.713992
11:47:35,4.954416
11:47:36,4.61921167
11:47:37,5.3189497
11:47:38,5.213399
11:47:39,5.27766562
11:47:40,4.97310925
11:47:41,5.09045839
11:47:42,4.980834
11:47:43,4.710445
11:47:44,4.57419
11:47:45,4.789631
11:47:46,4.827525
11:47:47,4.71854973
11:47:48,4.728551
11:47:49,4.71644068
11:47:50,4.7445
11:47:51,4.470334
11:47:52,4.150507
11:47:53,4.726761
11:47:54,4.724232
11:47:55,4.76237154
11:47:56,4.53162766
11:47:57,4.96737242
11:47:58,11.4193726
11:47:59,5.34024143
11:48:00,4.824628
11:48:01,4.697246
11:48:02,4.74300432
11:48:03,5.02410841
11:48:04,5.017571
11:48:05,4.856574
11:48:06,4.78292
11:48:07,4.79944
11:48:08,4.563981
11:48:09,4.531257
11:48:10,4.722159
11:48:11,4.910415
11:48:12,4.88461
11:48:13,4.673305
11:48:14,4.825741
11:48:15,4.629677
11:48:16,4.70560932
11:48:17,5.155123
11:48:18,5.198681
11:48:19,4.96785069
11:48:20,4.78242826
11:48:21,5.055128
11:48:22,4.14868736
11:48:23,4.344954
11:48:24,5.07361269
11:48:25,4.798689
11:48:26,4.90443134
11:48:27,4.870144
11:48:28,4.79221773
11:48:29,4.79125452
11:48:30,4.88552761
11:48:31,4.736157
11:48:32,4.957718
11:48:33,5.2659626
11:48:34,4.950531
11:48:35,4.839942
11:48:36,4.645933
11:48:37,4.6550765
11:48:38,4.84715271
11:48:39,4.75034046
11:48:40,4.792549
11:48:41,4.585835
11:48:42,4.89376545
11:48:43,4.87495041
11:48:44,4.722643
11:48:45,4.75337362
11:48:46,4.73292732
11:48:47,4.68748474
11:48:48,4.766948
11:48:49,5.12946224
11:48:50,4.97353
11:48:51,4.82570553
11:48:52,4.91690254
11:48:53,5.07055855
11:48:54,4.97998
11:48:55,4.56613
11:48:56,4.82827234
11:48:57,4.769979
11:48:58,4.67111731
11:48:59,5.44095039
11:49:00,4.82889175
11:49:01,4.88669443
11:49:02,4.78309345
11:49:03,5.03136253
11:49:04,4.87165451
11:49:05,4.836602
11:49:06,4.8966465
11:49:07,4.94432974
11:49:08,4.89355
11:49:09,4.845856
11:49:10,4.54557943
11:49:11,4.66568041
11:49:12,4.762244
11:49:13,4.67416954
11:49:14,4.89473057
11:49:15,4.640399
11:49:16,4.845205
11:49:17,4.817981
11:49:18,4.882366
11:49:19,4.76813269
11:49:20,4.968773
11:49:21,4.84168148
11:49:22,4.794725
11:49:23,4.74456739
11:49:24,4.74821043
11:49:25,5.01406956
11:49:26,4.544625
11:49:27,4.773885
11:49:28,4.83870649
11:49:29,4.32582474
11:49:30,4.67158175
11:49:31,4.73319244
11:49:32,4.409392
11:49:33,4.797562
11:49:34,4.43146944
11:49:35,4.73732853
11:49:36,4.76805258
11:49:37,4.999816
11:49:38,4.136444
11:49:39,4.858366
11:49:40,4.549752
11:49:41,7.39163446
11:49:42,4.714967
11:49:43,4.751997
11:49:44,4.94783258
11:49:45,4.93989658
11:49:46,4.86605358
11:49:47,4.88802242
11:49:48,4.8092885
11:49:49,4.85293865
11:49:50,4.80200434
11:49:51,4.7008357
11:49:52,5.038921
11:49:53,4.87818
11:49:54,5.610972
11:49:55,5.789921
11:49:56,4.85986328
11:49:57,5.12893
11:49:58,4.98316526
11:49:59,4.83391428
11:50:00,4.863617
11:50:01,4.280699
11:50:02,4.654301
11:50:03,4.66917372
11:50:04,5.1297493
11:50:05,4.920826
11:50:06,4.82333851
11:50:07,5.24821424
11:50:08,7.36827
11:50:09,6.92738056
11:50:10,4.813248
11:50:11,4.876066
11:50:12,4.9465
11:50:13,5.166813
11:50:14,4.896914
11:50:15,4.99288034
11:50:16,5.50037527
11:50:17,4.82768869
11:50:18,4.748744
11:50:19,4.90569067
11:50:20,4.89242172
11:50:21,4.96608734
11:50:22,4.928172
11:50:23,5.004352
11:50:24,5.158063
11:50:25,4.696541
11:50:26,4.797623
11:50:27,4.68181944
11:50:28,4.970832
11:50:29,4.84604836
11:50:30,4.71835041
11:50:31,4.515751
11:50:32,4.607041
11:50:33,4.527932
11:50:34,4.337392
11:50:35,4.4438467
11:50:36,4.42539
11:50:37,4.29804564
11:50:38,4.301809
11:50:39,4.550758
11:50:40,4.32382059
11:50:41,4.35039568
11:50:42,4.51451969
11:50:43,4.15621
11:50:44,4.65426445
11:50:45,4.734916
11:50:46,4.36449528
11:50:47,4.58517933
11:50:48,4.30619335
11:50:49,4.690829
11:50:50,4.82351255
11:50:51,4.57104063
11:50:52,6.33867025
11:50:53,7.330415
11:50:54,5.633174
11:50:55,4.417093
11:50:56,4.415396
11:50:57,4.58470774
11:50:58,4.53887558
11:50:59,4.57355356
11:51:00,4.61039162
11:51:01,4.58505869
11:51:02,4.66136551
11:51:03,5.15788269
11:51:04,5.313885
11:51:05,4.80808163
11:51:06,4.82924271
11:51:07,4.96299648
11:51:08,4.94967031
11:51:09,4.89131975
11:51:10,4.767199
11:51:11,4.693086
11:51:12,4.77247047
11:51:13,4.8550024
11:51:14,4.814945
11:51:15,4.60533571
11:51:16,4.80546045
11:51:17,5.00721073
11:51:18,4.780243
11:51:19,4.276977
11:51:20,4.417406
11:51:21,4.80776358
11:51:22,4.966619
11:51:23,4.99479055
11:51:24,4.96456861
11:51:25,4.7400856
11:51:26,4.71592
11:51:27,4.93754673
11:51:28,4.70706034
11:51:29,5.16468668
11:51:30,5.347031
11:51:31,4.84455824
11:51:33,5.20922232
11:51:34,5.198673
11:51:35,5.059133
11:51:36,4.871727
11:51:37,4.93766356
11:51:38,4.855787
11:51:39,5.00695658
11:51:40,4.851412
11:51:41,4.79666233
11:51:42,4.92194366
11:51:43,4.7258606
11:51:44,4.724738
11:51:45,4.76146555
11:51:46,5.03230333
11:51:47,4.85129
11:51:48,4.9714694
11:51:50,4.4070487
11:51:51,4.504245
11:51:52,4.765722
11:51:53,4.760636
11:51:54,4.76408
11:51:55,4.861435
11:51:56,4.974314
11:51:57,4.92486525
11:51:59,5.03454
11:52:00,5.034135
11:52:01,4.85039234
11:52:02,4.88840055
11:52:03,4.77648067
11:52:04,4.79122257
11:52:05,5.222464
11:52:06,4.792466
11:52:07,5.00486374
11:52:08,5.104614
11:52:09,4.755076
11:52:10,4.899674
11:52:11,4.939121
11:52:12,4.786299
11:52:13,4.857158
11:52:14,4.82553148
11:52:15,4.90437365
11:52:16,4.782253
11:52:17,4.80086
11:52:18,5.00801468
11:52:19,4.804254
11:52:20,4.39542055
11:52:21,4.61827135
11:52:22,5.49117851
11:52:23,5.337321
11:52:24,5.43097544
11:52:25,4.98313046
11:52:26,4.912709
11:52:27,4.98917532
11:52:28,5.05980825
11:52:29,4.942402
11:52:30,4.920367
11:52:31,4.73433971
11:52:32,4.982138
11:52:33,5.41747761
11:52:34,5.084162
11:52:35,5.044769
11:52:36,5.0053215
11:52:37,4.77132225
11:52:38,4.820279
11:52:39,5.09123
11:52:40,5.13904762
11:52:41,4.903631
11:52:42,4.70700169
11:52:43,4.687872
11:52:44,4.815174
11:52:45,4.878188
11:52:46,4.805268
11:52:47,4.950088
11:52:48,4.969643
11:52:49,4.714623
11:52:50,4.29451466
11:52:51,4.41230249
11:52:52,5.39189339
11:52:53,5.19806862
11:52:54,5.067333
11:52:55,4.929976
11:52:56,4.746296
11:52:57,5.02909231
11:52:58,4.84617233
11:52:59,4.6867156
11:53:00,5.191638
11:53:01,4.978894
11:53:02,4.82402039
11:53:03,5.03815842
11:53:04,5.001699
11:53:05,4.66961
11:53:06,4.9708147
11:53:07,4.836726
11:53:08,4.813683
11:53:09,4.7249074
11:53:10,4.841893
11:53:11,4.993236
11:53:12,4.98946667
11:53:13,5.059667
11:53:14,4.60629225
11:53:15,4.80226
11:53:16,4.824206
11:53:17,5.179401
11:53:18,7.9124136
11:53:19,5.202664
11:53:20,4.393953
11:53:21,4.30398464
11:53:22,4.712436
11:53:23,4.913025
11:53:24,4.73965836
11:53:25,4.929872
11:53:26,4.83718967
11:53:27,4.98628664
11:53:28,4.80355263
11:53:29,5.13234043
11:53:30,4.91106367
11:53:31,4.864527
11:53:32,5.027263
11:53:33,5.236576
11:53:34,4.85908127
11:53:35,4.75010061
11:53:36,4.826884
11:53:37,4.69930029
11:53:38,4.976704
11:53:39,4.724129
11:53:40,4.562271
11:53:41,4.77706
11:53:42,4.849482
11:53:43,4.656439
11:53:44,4.83353853
11:53:45,4.6608963
11:53:46,4.947177
11:53:47,4.832479
11:53:48,4.843454
11:53:49,4.840882
11:53:50,4.913514
11:53:51,4.61125851
11:53:52,4.291938
11:53:53,4.44431734
11:53:54,4.90073442
11:53:55,4.9245
11:53:56,4.703639
11:53:57,4.91371346
11:53:58,4.76691437
11:53:59,4.85003376
11:54:00,4.80174971
11:54:01,4.75993824
11:54:02,4.645774
11:54:03,4.902781
11:54:04,4.7929554
11:54:05,4.731727
11:54:06,4.984761
11:54:07,4.99456167
11:54:08,4.886998
11:54:09,4.93561745
11:54:10,4.77017832
11:54:11,4.71527338
11:54:12,4.93155861
11:54:13,4.69320154
11:54:14,4.69165325
11:54:15,4.808987
11:54:16,4.77911329
11:54:17,4.85589933
11:54:18,4.843934
11:54:19,4.88035631
11:54:20,4.968814
11:54:21,5.016215
11:54:22,4.57996941
11:54:23,4.43644142
11:54:24,4.84090471
11:54:25,5.190102
11:54:26,4.950019
11:54:27,4.76296854
11:54:28,4.41329956
11:54:29,4.743833
11:54:30,4.99409342
11:54:31,4.83601427
11:54:32,4.87061548
11:54:33,5.763117
11:54:34,4.98360252
11:54:35,4.78043556
11:54:36,4.889791
11:54:37,4.70335245
11:54:38,4.72016525
11:54:39,4.859643
11:54:40,4.84214163
11:54:41,4.555026
11:54:42,4.67993259
11:54:43,4.94234848
11:54:44,4.947472
11:54:45,4.951556
11:54:46,4.7927413
11:54:47,4.817214
11:54:48,4.77465057
11:54:49,5.021813
11:54:50,4.83671427
11:54:51,4.751226
11:54:52,4.867962
11:54:53,4.956936
11:54:54,4.20631
11:54:55,4.4414525
11:54:56,4.844599
11:54:57,4.73470068
11:54:58,4.86775827
11:54:59,4.930172
11:55:00,4.730414
11:55:01,4.78083229
11:55:02,4.87759972
11:55:03,4.96739531
11:55:04,4.928991
11:55:05,4.99635649
11:55:06,4.762852
11:55:07,4.97042847
11:55:08,5.122313
11:55:09,4.99846935
11:55:10,4.75703955
11:55:11,4.63160658
11:55:12,5.05576134
11:55:13,4.8250165
11:55:14,5.06587172
11:55:15,5.13973475
11:55:16,4.864878
11:55:17,4.72520542
11:55:18,5.25542974
11:55:19,4.984094
11:55:20,4.91833
11:55:21,4.896684
11:55:22,4.747887
11:55:23,4.9365654
11:55:24,4.054848
11:55:25,4.605033
11:55:26,4.8281765
11:55:27,4.82354975
11:55:28,4.66944
11:55:29,4.84980869
11:55:30,4.88874054
11:55:31,4.86313248
11:55:32,4.8884635
11:55:33,5.22352457
11:55:34,5.0363946
11:55:35,4.94220448
11:55:36,5.082941
11:55:37,4.75418854
11:55:38,4.850635
11:55:39,5.16788864
11:55:40,4.696034
11:55:41,4.84840727
11:55:42,4.87137365
11:55:43,5.02543545
11:55:44,4.90184355
11:55:45,4.682331
11:55:46,4.714981
11:55:47,4.75109959
11:55:48,5.047799
11:55:49,4.90215731
11:55:50,4.80362654
11:55:51,5.001587
11:55:52,4.88722372
11:55:53,5.066437
11:55:54,4.318185
11:55:55,4.71382856
11:55:56,5.145315
11:55:57,4.615639
11:55:58,4.909465
11:55:59,4.788663
11:56:00,4.86558056
11:56:01,4.74580574
11:56:02,4.645876
11:56:03,5.04038048
11:56:04,5.081451
11:56:05,4.88602543
11:56:06,4.67696571
11:56:07,5.044033
11:56:08,5.036763
11:56:09,5.32742643
11:56:10,4.718957
11:56:11,5.007729
11:56:12,4.81226349
11:56:13,4.741388
11:56:14,5.014453
11:56:15,4.762922
11:56:16,4.869513
11:56:17,4.79636
11:56:18,4.85024834
11:56:19,4.96665335
11:56:20,5.029606
11:56:21,4.646469
11:56:22,5.08159876
11:56:23,4.950201
11:56:24,4.192983
11:56:25,4.511393
11:56:26,4.889878
11:56:27,4.97082138
11:56:28,4.76628447
11:56:29,4.94164562
11:56:30,4.92440939
11:56:31,4.755244
11:56:32,4.876196
11:56:33,5.479609
11:56:34,5.26147366
11:56:35,4.793485
11:56:36,4.809245
11:56:37,4.753977
11:56:38,4.729862
11:56:39,5.07459641
11:56:40,5.040047
11:56:41,4.802093
11:56:42,4.75618553
11:56:43,4.98777676
11:56:44,4.669292
11:56:45,4.89683771
11:56:46,4.75750446
11:56:47,5.223533
11:56:48,5.347424
11:56:49,5.061586
11:56:50,5.13324356
11:56:51,4.63997
11:56:52,5.191163
11:56:53,5.11394072
11:56:54,4.77366161
11:56:55,4.80098963
11:56:56,5.419246
11:56:57,5.308361
11:56:58,5.34098244
11:56:59,5.518646
11:57:00,5.47183466
11:57:01,5.3590765
11:57:02,5.244979
11:57:03,5.463388
11:57:04,5.228285
11:57:05,4.9686985
11:57:06,5.23437738
11:57:07,4.768002
11:57:08,4.73837662
11:57:09,4.871928
11:57:10,5.005961
11:57:11,4.752772
11:57:12,4.643743
11:57:13,4.93393564
11:57:14,4.80185
11:57:15,4.87490129
11:57:16,4.95408
11:57:17,5.36803055
11:57:18,4.65400648
11:57:19,5.01207924
11:57:20,5.08527756
11:57:21,4.819469
11:57:22,4.925893
11:57:23,4.90339756
11:57:24,4.40966845
11:57:25,4.651077
11:57:26,4.79704666
11:57:27,4.87895155
11:57:28,4.821015
11:57:29,4.924995
11:57:30,4.848791
11:57:31,5.00226259
11:57:32,4.709735
11:57:33,5.067095
11:57:34,5.052302
11:57:35,4.73001337
11:57:36,5.30094528
11:57:37,4.716458
11:57:38,4.197061
11:57:39,5.03272724
11:57:40,4.738529
11:57:41,4.966164
11:57:42,4.72250175
11:57:43,4.843187
11:57:44,4.899792
11:57:45,4.937784
11:57:46,5.188679
11:57:47,4.821085
11:57:48,4.91982555
11:57:49,4.904109
11:57:50,4.8195653
11:57:51,4.93157864
11:57:52,5.00064564
11:57:53,5.00449944
11:57:54,4.257489
11:57:55,4.48381472
11:57:56,4.645237
11:57:57,5.34832859
11:57:58,6.91264963
11:57:59,11.9119606
11:58:00,5.988227
11:58:01,5.93681526
11:58:02,6.360061
11:58:03,5.58105564
11:58:04,6.443306
11:58:05,5.17237043
11:58:06,4.821044
11:58:07,4.73284149
11:58:08,4.96649075
11:58:09,4.81879568
11:58:10,4.79328871
11:58:11,5.0973773
11:58:12,4.8709116
11:58:13,4.860155
11:58:14,5.11668634
11:58:15,4.873598
11:58:16,4.844921
11:58:17,4.715802
11:58:18,5.66582727
11:58:19,4.87183666
11:58:20,4.87161827
11:58:21,4.78389025
11:58:22,4.896033
11:58:23,4.785957
11:58:24,4.220196
11:58:25,4.36354733
11:58:26,5.062569
11:58:27,5.2953434
11:58:28,4.671844
11:58:29,5.058386
11:58:30,4.74338531
11:58:31,4.7486186
11:58:32,5.060329
11:58:33,4.944791
11:58:34,5.08045769
11:58:35,4.69285631
11:58:36,8.07704
11:58:37,9.034476
11:58:38,5.071042
11:58:39,5.162074
11:58:40,4.98152733
11:58:41,5.6444
11:58:42,5.94190454
11:58:43,4.87985373
11:58:44,4.709311
11:58:45,5.19043255
11:58:46,5.02067137
11:58:47,4.976898
11:58:48,4.73369646
11:58:49,4.936331
11:58:50,4.989375
11:58:51,4.76126432
11:58:52,6.5750556
11:58:53,4.9002986
11:58:54,4.403163
11:58:55,4.36043549
11:58:56,4.66761255
11:58:57,4.90110159
11:58:58,4.832096
11:58:59,5.17411232
11:59:00,5.191863
11:59:01,4.75167561
11:59:02,4.83308649
11:59:03,4.8449235
11:59:04,5.00758457
11:59:05,4.963317
11:59:06,5.021176
11:59:07,4.80004454
11:59:08,4.89407873
11:59:09,4.924164
11:59:10,4.834044
11:59:11,4.66490269
11:59:12,4.81367064
11:59:13,5.0106
11:59:14,4.88617039
11:59:15,4.74108028
11:59:16,5.14051962
11:59:17,4.836299
11:59:18,4.643696
11:59:19,4.9480195
11:59:20,5.31155729
11:59:22,4.851645
11:59:23,4.969658
11:59:24,5.38422871
11:59:26,4.334079
11:59:27,4.755687
11:59:28,4.840827
11:59:30,4.944131
11:59:31,4.83454561
11:59:32,4.79441643
11:59:33,5.198074
11:59:34,5.091753
11:59:35,5.120147
11:59:36,4.83680868
11:59:37,4.642761
11:59:38,4.7433176
11:59:39,4.69025135
11:59:40,4.737205
11:59:41,4.57447433
11:59:42,4.76522732
11:59:43,4.778575
11:59:44,4.989574
11:59:45,4.661317
11:59:46,4.590609
11:59:47,4.547827
11:59:48,4.72945452
11:59:49,4.82137966
11:59:50,4.855497
11:59:51,4.50683451
11:59:52,4.66254663
11:59:53,4.60373259
11:59:54,4.7794714
11:59:55,4.77853966
11:59:56,4.588615
11:59:57,4.54980373
11:59:58,4.82867
11:59:59,4.733503
12:00:00,5.524857
12:00:01,8.6979475
12:00:02,5.601561
12:00:03,5.7593174
12:00:04,8.934758
12:00:05,7.605787
12:00:06,6.290084
12:00:07,7.185593
12:00:08,9.04115
12:00:10,5.81572771
12:00:11,5.59793425
12:00:12,6.382164
12:00:13,5.032164
12:00:14,7.44077635
12:00:15,7.607505
12:00:16,8.226286
12:00:17,5.321438
12:00:18,7.345459
12:00:19,6.68082047
12:00:20,6.838802
12:00:21,6.35789442
12:00:22,5.952802
12:00:23,6.03402138
12:00:24,6.17527342
12:00:25,6.16641235
12:00:26,8.46838
12:00:27,18.69557
12:00:28,19.4296227
12:00:29,17.7138634
12:00:30,7.16543674
12:00:31,6.84966
12:00:32,6.23388338
12:00:33,8.89452648
12:00:34,5.87837458
12:00:35,5.60202026
12:00:36,5.229404
12:00:37,8.34373
12:00:38,6.48201036
12:00:39,5.505253
12:00:40,9.599564
12:00:41,11.7986717
12:00:42,9.055287
12:00:43,10.1926651
12:00:44,10.0334625
12:00:45,5.279733
12:00:46,4.31311464
12:00:47,4.71974
12:00:48,4.876473
12:00:49,5.145487
12:00:50,4.832067
12:00:51,5.01920843
12:00:52,5.1327033
12:00:53,5.06408644
12:00:54,5.06542063
12:00:55,5.006503
12:00:56,4.90518045
12:00:57,5.05312872
12:00:58,4.999623
12:00:59,4.817445
12:01:00,5.20872355
12:01:01,4.95042562
12:01:02,4.728835
12:01:03,4.756756
12:01:04,4.939135
12:01:05,4.84628534
12:01:06,4.861193
12:01:07,4.949558
12:01:08,4.73414946
12:01:09,4.985007
12:01:10,9.174915
12:01:11,6.4657383
12:01:12,5.26530075
12:01:13,4.741079
12:01:14,5.1125226
12:01:15,5.088683
12:01:16,4.187316
12:01:17,4.569198
12:01:18,4.89896965
12:01:19,4.762989
12:01:20,4.44294548
12:01:21,4.86461735
12:01:22,4.904802
12:01:23,4.72706556
12:01:24,4.626514
12:01:25,5.097329
12:01:26,4.2467556
12:01:27,5.067166
12:01:28,5.166917
12:01:29,5.60352373
12:01:30,4.935468
12:01:31,5.17451954
12:01:32,4.7905674
12:01:33,5.512961
12:01:34,5.36614943
12:01:35,4.88142347
12:01:36,5.03819466
12:01:37,4.792665
12:01:38,4.858079
12:01:39,4.78465557
12:01:40,5.12636375
12:01:41,5.00329638
12:01:42,4.976146
12:01:43,4.918673
12:01:44,4.7675457
12:01:45,4.881318
12:01:46,4.88521957
12:01:47,4.981717
12:01:48,4.955209
12:01:49,4.94209
12:01:50,5.06867027
12:01:51,5.07612276
12:01:52,4.195994
12:01:53,4.409529
12:01:54,5.048675
12:01:55,5.074715
12:01:56,5.227526
12:01:57,4.68725729
12:01:58,4.58303833
12:01:59,4.867953
12:02:00,5.400194
12:02:01,4.86111355
12:02:02,5.163778
12:02:03,4.884846
12:02:04,4.77569342
12:02:05,5.00713158
12:02:06,4.80353737
12:02:07,4.89283466
12:02:08,4.674871
12:02:09,4.863238
12:02:10,4.81048
12:02:11,4.95902967
12:02:12,4.866849
12:02:13,4.830156
12:02:14,4.80576038
12:02:15,4.842138
12:02:16,4.92754459
12:02:17,4.74849
12:02:18,4.93480062
12:02:19,5.0374403
12:02:20,5.2030015
12:02:21,4.734062
12:02:22,4.37725353
12:02:23,4.39848757
12:02:24,5.064619
12:02:25,5.0425
12:02:26,4.879119
12:02:27,4.93484259
12:02:28,4.688328
12:02:29,4.856686
12:02:30,5.02184772
12:02:31,4.70083332
12:02:32,5.21056843
12:02:33,5.488405
12:02:34,5.09426641
12:02:35,5.13098669
12:02:36,4.894132
12:02:37,4.789284
12:02:38,4.66032457
12:02:39,4.84496737
12:02:40,4.84432745
12:02:41,4.899223
12:02:42,4.915777
12:02:43,4.6937623
12:02:44,4.99001265
12:02:45,4.774112
12:02:46,5.11784
12:02:47,5.00909042
12:02:48,4.775527
12:02:49,5.03522158
12:02:50,5.05986
12:02:51,4.89429569
12:02:52,4.27480459
12:02:53,4.726304
12:02:54,4.892382
12:02:55,4.87494564
12:02:56,5.0381937
12:02:57,4.979692
12:02:58,4.95936632
12:02:59,4.99254227
12:03:00,5.16993332
12:03:01,4.92904
12:03:02,4.88881874
12:03:03,4.921122
12:03:04,5.13427258
12:03:05,4.89950943
12:03:06,5.0621624
12:03:07,4.971823
12:03:08,4.89413166
12:03:09,6.245016
12:03:10,4.93893242
12:03:11,5.047056
12:03:12,4.80805159
12:03:13,4.976312
12:03:14,4.758096
12:03:15,4.93687153
12:03:16,5.125593
12:03:17,5.047761
12:03:18,4.896706
12:03:19,5.13716364
12:03:20,4.91032743
12:03:21,4.60881662
12:03:22,4.67311144
12:03:23,4.47816658
12:03:24,4.909474
12:03:25,4.71305847
12:03:26,4.85713673
12:03:27,4.80935431
12:03:28,4.62816
12:03:29,4.993841
12:03:30,4.97616673
12:03:31,4.98816156
12:03:32,5.0082016
12:03:33,5.3207016
12:03:34,4.80758953
12:03:35,5.17924
12:03:36,4.7854414
12:03:37,4.700898
12:03:38,4.698223
12:03:39,4.956283
12:03:40,4.95678568
12:03:41,4.992181
12:03:42,4.89455271
12:03:43,4.639006
12:03:44,4.84354973
12:03:45,5.07193851
12:03:46,4.99758148
12:03:47,4.90543175
12:03:48,4.807799
12:03:49,4.86119032
12:03:50,4.900507
12:03:51,4.854416
12:03:52,4.28213072
12:03:53,4.42838335
12:03:54,4.87564754
12:03:55,4.722728
12:03:56,4.179651
12:03:57,4.82464933
12:03:58,4.92801476
12:03:59,4.86203337
12:04:00,5.11699724
12:04:01,4.609171
12:04:02,5.03210449
12:04:03,4.25909472
12:04:04,4.733339
12:04:05,4.30839062
12:04:06,4.67192936
12:04:07,5.29523754
12:04:08,4.86532
12:04:09,4.66324472
12:04:10,4.82474947
12:04:11,4.7422967
12:04:12,4.956243
12:04:13,4.75294638
12:04:14,4.962744
12:04:15,4.816308
12:04:16,5.019411
12:04:17,4.98653555
12:04:18,4.92517662
12:04:19,4.99696064
12:04:20,4.614652
12:04:21,4.55033
12:04:22,4.80010176
12:04:23,4.843508
12:04:24,4.83772
12:04:25,4.50331545
12:04:26,4.14698553
12:04:27,6.05043125
12:04:28,6.10833549
12:04:29,6.29302025
12:04:30,6.89336
12:04:31,5.244403
12:04:32,6.608205
12:04:33,5.52237368
12:04:34,5.94289064
12:04:35,6.919608
12:04:36,5.46774673
12:04:37,5.60784054
12:04:38,5.95534754
12:04:39,5.7436533
12:04:40,4.852531
12:04:41,7.68858767
12:04:42,4.34447956
12:04:43,4.279942
12:04:44,4.204955
12:04:45,4.2551465
12:04:46,4.253169
12:04:47,4.19929838
12:04:48,4.146245
12:04:49,4.43179131
12:04:50,4.467284
12:04:51,4.47124434
12:04:52,5.82660341
12:04:53,7.411177
12:04:54,4.82058525
12:04:55,6.123361
12:04:56,4.16225958
12:04:57,4.24388742
12:04:58,4.43342257
12:04:59,4.32153273
12:05:00,4.518344
12:05:01,4.4189806
12:05:02,4.609304
12:05:03,4.48333
12:05:04,4.46666241
12:05:05,4.45959234
12:05:06,4.43894
12:05:07,4.4519906
12:05:08,4.585736
12:05:09,4.494062
12:05:10,4.522953
12:05:11,4.31310368
12:05:12,4.246454
12:05:13,4.43828058
12:05:14,4.531216
12:05:15,4.669259
12:05:16,4.46909
12:05:17,4.500237
12:05:18,4.357542
12:05:19,4.87304974
12:05:20,5.24657869
12:05:21,4.59251451
12:05:22,4.52
12:05:23,4.78101873
12:05:24,4.410722
12:05:25,4.763735
12:05:26,4.40961742
12:05:27,4.60286951
12:05:28,4.47558451
12:05:29,4.38502
12:05:30,4.479765
12:05:31,4.362129
12:05:33,4.935349
12:05:34,4.33742476
12:05:35,4.88887835
12:05:36,4.66673374
12:05:37,4.487157
12:05:38,4.68673134
12:05:39,4.577608
12:05:40,4.572206
12:05:41,4.560811
12:05:42,4.53441668
12:05:43,4.53219652
12:05:44,4.26600647
12:05:45,4.405968
12:05:46,4.82207
12:05:47,4.88084126
12:05:48,4.5691247
12:05:49,4.896324
12:05:51,5.406433
12:05:52,5.16526461
12:05:53,5.450424
12:05:54,5.09773254
12:05:55,4.9340663
12:05:56,4.872233
12:05:58,4.761991
12:05:59,4.709705
12:06:00,4.72724152
12:06:01,4.743121
12:06:02,4.7688427
12:06:03,4.75369263
12:06:04,4.602063
12:06:05,5.108856
12:06:06,4.634612
12:06:07,4.78392267
12:06:08,4.69911146
12:06:09,4.88671732
12:06:10,5.120399
12:06:11,4.91242743
12:06:12,4.739811
12:06:13,4.84224844
12:06:14,4.81714964
12:06:15,4.989598
12:06:16,3.97597384
12:06:17,4.56418562
12:06:18,4.61577559
12:06:19,4.88186026
12:06:20,5.02654266
12:06:21,5.179009
12:06:22,4.90946341
12:06:23,5.10734034
12:06:24,4.915867
12:06:25,4.83799553
12:06:26,4.756157
12:06:27,4.68954229
12:06:28,9.587369
12:06:29,7.835475
12:06:30,5.036081
12:06:31,5.004871
12:06:32,4.85262966
12:06:33,5.29575825
12:06:34,5.287807
12:06:35,4.96883249
12:06:36,5.001754
12:06:37,4.962971
12:06:38,4.635724
12:06:39,4.740263
12:06:40,5.17527151
12:06:41,4.867269
12:06:42,4.761046
12:06:43,4.772167
12:06:44,5.0534873
12:06:45,4.87453
12:06:46,4.26585054
12:06:47,4.28077841
12:06:48,5.03922653
12:06:49,4.93283272
12:06:50,4.956067
12:06:51,4.89732265
12:06:52,5.24472427
12:06:53,4.56864071
12:06:54,4.623799
12:06:55,4.956105
12:06:56,4.98763561
12:06:57,4.76335764
12:06:58,4.830706
12:06:59,5.300509
12:07:00,5.06138372
12:07:01,4.769183
12:07:02,4.66652966
12:07:03,4.847718
12:07:04,5.009118
12:07:05,4.789293
12:07:06,5.04827642
12:07:07,4.7720623
12:07:08,4.78695154
12:07:09,4.671814
12:07:10,5.03006649
12:07:11,4.85925961
12:07:12,4.784518
12:07:13,4.61615658
12:07:14,4.87184954
12:07:15,4.609777
12:07:16,4.244891
12:07:17,4.18979645
12:07:18,4.758996
12:07:19,5.29196024
12:07:20,5.16844749
12:07:21,4.87560749
12:07:22,5.024993
12:07:23,4.74510765
12:07:24,4.67554331
12:07:25,4.723102
12:07:26,4.75601244
12:07:27,5.081069
12:07:28,4.73631859
12:07:29,4.89726639
12:07:30,4.71917152
12:07:31,4.70209074
12:07:32,4.78693151
12:07:33,5.08482742
12:07:34,4.90631676
12:07:35,4.840817
12:07:36,5.085821
12:07:37,4.871233
12:07:38,4.71970558
12:07:39,4.941907
12:07:40,4.830497
12:07:41,4.80512238
12:07:42,4.54369831
12:07:43,4.89151
12:07:44,4.7438035
12:07:45,4.78261137
12:07:46,5.086541
12:07:47,4.71523762
12:07:48,4.833651
12:07:49,4.163048
12:07:50,4.36948442
12:07:51,5.114678
12:07:52,5.064135
12:07:53,4.804943
12:07:54,4.92326546
12:07:55,4.93855238
12:07:56,5.029813
12:07:57,4.70487642
12:07:58,4.70890665
12:07:59,4.89581776
12:08:00,11.8615265
12:08:01,4.91352129
12:08:02,4.970538
12:08:03,4.81053066
12:08:04,4.92519855
12:08:05,4.87476969
12:08:06,4.793376
12:08:07,4.6272707
12:08:08,4.956459
12:08:09,4.78514528
12:08:10,4.718417
12:08:11,4.86136341
12:08:12,4.81453228
12:08:13,4.80000162
12:08:14,4.736668
12:08:15,4.752136
12:08:16,4.81481934
12:08:17,4.83601236
12:08:18,4.749215
12:08:19,4.827965
12:08:20,4.399138
12:08:21,4.80747128
12:08:22,4.8479147
12:08:23,4.883825
12:08:24,4.547632
12:08:25,4.738776
12:08:26,4.15420628
12:08:27,4.66566849
12:08:28,4.85756
12:08:29,4.84364653
12:08:30,4.88544273
12:08:31,5.01110363
12:08:32,4.913839
12:08:33,5.46660662
12:08:34,4.24925566
12:08:35,4.863969
12:08:36,4.68698263
12:08:37,4.792264
12:08:38,4.660181
12:08:39,4.83921576
12:08:40,4.840076
12:08:41,4.800585
12:08:42,4.766122
12:08:43,4.79270458
12:08:44,4.94958973
12:08:45,4.698912
12:08:46,4.915765
12:08:47,4.326579
12:08:48,4.767607
12:08:49,4.243978
12:08:50,4.75534153
12:08:51,4.704605
12:08:52,4.80718756
12:08:53,4.13941526
12:08:54,4.89194775
12:08:55,4.304962
12:08:56,4.478399
12:08:57,4.916438
12:08:58,4.96943855
12:08:59,5.193637
12:09:00,5.19803429
12:09:01,4.984697
12:09:02,4.785675
12:09:03,4.92894268
12:09:04,4.81392241
12:09:05,4.993779
12:09:06,5.24668646
12:09:07,4.76271
12:09:08,4.806037
12:09:09,4.99800825
12:09:10,4.94293976
12:09:11,4.7424655
12:09:12,4.94732666
12:09:13,4.8282795
12:09:14,4.710966
12:09:15,4.871993
12:09:16,5.11792135
12:09:17,5.01486063
12:09:18,4.81128645
12:09:19,4.572227
12:09:20,4.782188
12:09:21,4.7863183
12:09:22,4.763749
12:09:23,4.94251347
12:09:24,4.994542
12:09:25,4.04990244
12:09:26,4.33769369
12:09:27,4.74281263
12:09:28,4.76403046
12:09:29,4.852546
12:09:30,4.727414
12:09:31,5.23066044
12:09:32,4.77175
12:09:33,5.47878075
12:09:34,4.89716434
12:09:35,5.22355175
12:09:36,4.96322775
12:09:37,4.85204744
12:09:38,4.83701
12:09:39,4.745244
12:09:40,4.97563839
12:09:41,4.970243
12:09:42,4.96591759
12:09:43,5.13120031
12:09:44,4.942817
12:09:45,5.000407
12:09:46,4.84514427
12:09:47,5.021726
12:09:48,4.708875
12:09:49,4.86342525
12:09:50,4.85658455
12:09:51,4.860627
12:09:52,4.91387033
12:09:53,4.85083055
12:09:54,4.959433
12:09:55,4.340835
12:09:56,4.57939339
12:09:57,4.70432663
12:09:58,4.900216
12:09:59,5.1865406
12:10:00,5.129176
12:10:01,5.06030369
12:10:02,5.087607
12:10:03,4.96964073
12:10:04,4.620434
12:10:05,4.97162437
12:10:06,4.97043943
12:10:07,4.72086525
12:10:08,5.035706
12:10:09,4.947754
12:10:10,5.04219532
12:10:11,5.318254
12:10:12,5.29761362
12:10:13,5.28575
12:10:14,4.541076
12:10:15,4.808468
12:10:16,5.0742116
12:10:17,4.93647432
12:10:18,4.78264
12:10:19,4.99546432
12:10:20,4.89641857
12:10:21,5.00080442
12:10:22,4.757025
12:10:23,4.80825663
12:10:24,4.95604467
12:10:25,4.27023
12:10:26,4.65774155
12:10:27,4.82011747
12:10:28,4.762284
12:10:29,5.017281
12:10:30,4.71925259
12:10:31,4.95171976
12:10:32,4.90828228
12:10:33,5.390351
12:10:34,4.995478
12:10:35,5.085629
12:10:36,4.908897
12:10:37,4.78510237
12:10:38,4.696674
12:10:39,5.078468
12:10:40,4.84821129
12:10:41,4.84583569
12:10:42,4.8151803
12:10:43,4.95255041
12:10:44,4.6800766
12:10:45,5.01379728
12:10:46,5.101581
12:10:47,4.73090363
12:10:48,4.622108
12:10:49,4.870488
12:10:50,4.893867
12:10:51,4.815272
12:10:52,4.80742836
12:10:53,4.765394
12:10:54,4.83827734
12:10:55,4.30874
12:10:56,4.577015
12:10:57,4.885642
12:10:58,4.92196941
12:10:59,5.08119535
12:11:00,5.081851
12:11:01,4.965674
12:11:02,4.961143
12:11:03,5.207295
12:11:04,5.43514442
12:11:05,5.2432847
12:11:06,4.948801
12:11:07,4.801757
12:11:08,4.88084364
12:11:09,4.75805664
12:11:10,5.04059124
12:11:11,4.86586046
12:11:12,4.739438
12:11:13,4.841285
12:11:14,4.75549173
12:11:15,4.773346
12:11:16,5.31125546
12:11:17,4.76089859
12:11:18,4.78745651
12:11:19,4.95778465
12:11:20,4.693886
12:11:21,5.13756561
12:11:22,5.04553938
12:11:23,4.83156872
12:11:24,4.862973
12:11:25,4.03675652
12:11:26,4.484272
12:11:27,4.95099068
12:11:28,4.81739473
12:11:29,4.96128035
12:11:30,4.914399
12:11:31,4.852498
12:11:32,5.01459837
12:11:33,5.115646
12:11:34,4.960397
12:11:35,5.065703
12:11:36,5.071247
12:11:37,4.783517
12:11:38,4.85238171
12:11:39,4.816195
12:11:40,4.941564
12:11:41,4.81197166
12:11:42,4.73587
12:11:43,4.65055752
12:11:44,4.734906
12:11:45,4.796766
12:11:46,4.84969568
12:11:47,4.80726242
12:11:48,5.101135
12:11:49,5.003052
12:11:50,4.92538166
12:11:51,4.4913125
12:11:52,5.129573
12:11:53,4.85194159
12:11:54,4.95834064
12:11:55,4.4689703
12:11:56,4.413204
12:11:57,4.914139
12:11:58,4.77657747
12:11:59,5.05240726
12:12:00,5.06123543
12:12:01,4.93437052
12:12:02,4.984332
12:12:03,4.98761654
12:12:04,5.100222
12:12:05,4.923667
12:12:06,4.90016747
12:12:07,4.87444067
12:12:08,4.98714256
12:12:09,5.102217
12:12:10,4.832694
12:12:11,4.74243832
12:12:12,4.72715139
12:12:13,4.74738455
12:12:14,5.38112164
12:12:15,8.078644
12:12:16,6.28634739
12:12:17,4.951474
12:12:18,5.03383064
12:12:19,4.76271343
12:12:20,4.7731514
12:12:21,4.88188028
12:12:22,4.995359
12:12:23,4.89307356
12:12:24,4.79838562
12:12:25,4.28853846
12:12:26,4.458441
12:12:27,4.674945
12:12:28,4.820251
12:12:29,5.04122353
12:12:30,4.7751956
12:12:31,5.07971334
12:12:33,5.04417753
12:12:34,4.75274754
12:12:35,4.97399235
12:12:36,4.79505157
12:12:37,4.62084532
12:12:38,4.978316
12:12:39,4.802651
12:12:40,4.66406
12:12:41,4.954172
12:12:42,6.73188
12:12:43,4.744016
12:12:44,4.99226332
12:12:45,4.878948
12:12:46,5.00214958
12:12:47,5.04475
12:12:48,4.84209347
12:12:49,4.860278
12:12:50,4.78913641
12:12:51,4.87280846
12:12:52,4.83412933
12:12:53,4.79267073
12:12:54,5.14961433
12:12:55,4.159845
12:12:56,4.458723
12:12:57,4.75780249
12:12:58,4.9072504
12:12:59,5.117118
12:13:00,4.901434
12:13:01,5.28082561
12:13:02,5.687936
12:13:03,4.88437462
12:13:05,5.542375
12:13:06,5.23245049
12:13:07,5.76625967
12:13:08,5.635992
12:13:09,7.68178654
12:13:11,5.37100172
12:13:12,4.81455135
12:13:13,6.21694231
12:13:14,4.88283348
12:13:15,4.804941
12:13:16,4.894869
12:13:17,4.835319
12:13:18,4.81391668
12:13:19,4.73262024
12:13:20,5.06086063
12:13:21,4.85613537
12:13:22,5.102829
12:13:23,4.869042
12:13:24,4.70938969
12:13:25,4.783364
12:13:26,4.915227
12:13:27,4.89089155
12:13:28,5.30158043
12:13:29,4.987647
12:13:30,4.367641
12:13:31,4.608988
12:13:32,5.13086176
12:13:33,5.1027813
12:13:34,5.503873
12:13:35,4.471198
12:13:36,4.89941263
12:13:37,4.966872
12:13:38,6.273113
12:13:39,7.287206
12:13:40,4.970309
12:13:41,5.037375
12:13:42,5.0791235
12:13:43,4.84335041
12:13:44,4.839603
12:13:45,4.90616226
12:13:46,4.91349459
12:13:47,4.68773127
12:13:48,4.73765373
12:13:49,4.737453
12:13:50,4.764225
12:13:51,4.995164
12:13:52,4.825163
12:13:53,4.857445
12:13:54,4.77434635
12:13:55,5.031681
12:13:56,4.57759428
12:13:57,4.94480038
12:13:58,4.66724539
12:13:59,4.952282
12:14:00,4.741781
12:14:01,4.41269732
12:14:02,4.83026266
12:14:03,4.67508
12:14:04,4.994204
12:14:05,4.88374472
12:14:06,5.035434
12:14:07,4.89584637
12:14:08,4.91229868
12:14:09,4.84536266
12:14:10,4.844601
12:14:11,4.74957752
12:14:12,4.80319452
12:14:13,4.837672
12:14:14,4.836184
12:14:15,4.81090975
12:14:16,4.650424
12:14:17,4.62745476
12:14:18,4.798767
12:14:19,4.72476244
12:14:20,4.84531546
12:14:21,4.737125
12:14:22,5.019169
12:14:23,5.027708
12:14:24,5.471792
12:14:25,5.22266245
12:14:26,5.50395346
12:14:27,5.206816
12:14:28,4.897274
12:14:29,4.828434
12:14:30,4.373385
12:14:31,4.43075562
12:14:32,4.8043313
12:14:33,5.188768
12:14:34,5.30501366
12:14:35,5.16978073
12:14:36,5.00038242
12:14:37,5.129095
12:14:38,5.12176275
12:14:39,4.93758249
12:14:40,4.881993
12:14:41,4.53754
12:14:42,5.189638
12:14:43,4.97127628
12:14:44,4.94015074
12:14:45,4.790321
12:14:46,4.967823
12:14:47,5.020593
12:14:48,4.86053228
12:14:49,4.8389225
12:14:50,5.03688049
12:14:51,5.11406469
12:14:52,4.866181
12:14:53,5.01429558
12:14:54,4.83131647
12:14:55,4.66533232
12:14:56,4.74738836
12:14:57,4.76330042
12:14:58,4.68933058
12:14:59,4.99035454
12:15:00,4.29447031
12:15:01,4.456254
12:15:02,4.826155
12:15:03,4.965022
12:15:04,4.89643145
12:15:05,4.71235943
12:15:06,4.78367424
12:15:07,4.92657375
12:15:08,4.599625
12:15:09,4.976251
12:15:10,4.89875937
12:15:11,4.56634045
12:15:12,4.911899
12:15:13,4.85505342
12:15:14,4.909956
12:15:15,4.96797
12:15:16,4.836147
12:15:17,4.98784161
12:15:18,5.022452
12:15:19,4.803924
12:15:20,4.927382
12:15:21,4.712129
12:15:22,5.00132275
12:15:23,4.758886
12:15:24,4.900892
12:15:25,4.64917135
12:15:26,5.103582
12:15:27,4.964609
12:15:28,4.575825
12:15:29,4.764799
12:15:30,4.26118231
12:15:31,4.58295059
12:15:32,4.67722654
12:15:33,5.06183338
12:15:34,5.24262333
12:15:35,4.950866
12:15:36,4.793054
12:15:37,5.01549625
12:15:38,4.705535
12:15:39,4.940785
12:15:40,4.998408
12:15:41,4.94720745
12:15:42,5.65619326
12:15:43,5.254128
12:15:44,4.8084774
12:15:45,4.647041
12:15:46,4.647345
12:15:47,5.154134
12:15:48,4.73679
12:15:49,4.91420126
12:15:50,4.85224962
12:15:51,4.75853
12:15:52,4.830435
12:15:53,5.00922155
12:15:54,4.857928
12:15:55,5.549507
12:15:56,5.018992
12:15:57,5.213778
12:15:58,4.947314
12:15:59,4.91810942
12:16:00,4.199624
12:16:01,4.41830635
12:16:02,4.866662
12:16:03,4.7770195
12:16:04,4.832876
12:16:05,4.76687527
12:16:06,4.95301771
12:16:07,4.88573265
12:16:08,4.6565876
12:16:09,4.743994
12:16:10,4.872633
12:16:11,5.07640553
12:16:12,5.01337671
12:16:13,4.850801
12:16:14,4.975347
12:16:15,4.877598
12:16:16,4.86886644
12:16:17,5.01797342
12:16:18,4.88572931
12:16:19,4.85571432
12:16:20,4.82710171
12:16:21,4.57096863
12:16:22,4.718252
12:16:23,4.821123
12:16:24,5.09465933
12:16:25,4.80521965
12:16:26,4.792844
12:16:27,4.91375446
12:16:28,4.9397397
12:16:29,4.74743748
12:16:30,4.091397
12:16:31,4.40137625
12:16:32,4.815396
12:16:33,5.353594
12:16:34,4.7099123
12:16:35,4.7198143
12:16:36,4.75204134
12:16:37,4.79718876
12:16:38,4.68735361
12:16:39,4.83459044
12:16:40,4.77113152
12:16:41,4.77008438
12:16:42,4.73640776
12:16:43,4.9393096
12:16:44,4.80418348
12:16:45,4.73964643
12:16:46,4.98716164
12:16:47,4.93242073
12:16:48,4.85723352
12:16:49,5.01912
12:16:50,4.85633659
12:16:51,4.67038
12:16:52,5.09899
12:16:53,4.732985
12:16:54,4.6858716
12:16:55,4.92013836
12:16:56,4.912749
12:16:57,4.73931932
12:16:58,4.84421825
12:16:59,4.60263157
12:17:00,4.902287
12:17:01,4.577577
12:17:02,5.00262833
12:17:03,4.47229433
12:17:04,4.45482969
12:17:05,6.90794
12:17:06,8.811761
12:17:07,6.26489544
12:17:08,4.765124
12:17:09,5.073609
12:17:10,4.79302359
12:17:11,4.69137669
12:17:12,4.82179832
12:17:13,4.800742
12:17:14,4.85616541
12:17:15,4.782113
12:17:16,4.696093
12:17:17,4.874024
12:17:18,4.8083663
12:17:19,4.93188
12:17:20,4.914227
12:17:21,4.54229164
12:17:22,4.61398268
12:17:23,4.8993597
12:17:24,4.71411562
12:17:25,4.794994
12:17:26,4.80200958
12:17:27,4.96786547
12:17:28,4.68680859
12:17:29,4.783184
12:17:30,4.807414
12:17:31,5.27822876
12:17:32,5.02267075
12:17:33,5.5874095
12:17:34,6.878466
12:17:35,5.109312
12:17:36,5.403555
12:17:37,4.129108
12:17:38,4.1582427
12:17:39,6.03661442
12:17:40,5.359775
12:17:41,5.00828743
12:17:42,6.97414732
12:17:43,5.50497437
12:17:44,4.73858547
12:17:45,6.353284
12:17:46,6.21565866
12:17:47,5.7348423
12:17:48,7.32879
12:17:49,4.90609837
12:17:50,4.7577157
12:17:51,4.921309
12:17:52,5.058369
12:17:53,4.87639236
12:17:54,4.914071
12:17:55,4.76914024
12:17:56,5.083151
12:17:57,4.989866
12:17:58,5.000228
12:17:59,5.145833
12:18:00,12.5710468
12:18:01,4.7791996
12:18:02,5.131138
12:18:03,4.940431
12:18:04,4.78382635
12:18:05,4.94040251
12:18:06,4.895457
12:18:07,4.837849
12:18:08,4.868639
12:18:09,4.91808176
12:18:10,4.802354
12:18:11,4.69859266
12:18:12,5.005714
12:18:13,4.74334574
12:18:14,4.921995
12:18:15,4.784552
12:18:16,4.34920454
12:18:17,4.739266
12:18:18,5.164179
12:18:19,5.524732
12:18:20,5.216316
12:18:21,4.88119745
12:18:22,5.014076
12:18:23,4.782266
12:18:24,4.85211039
12:18:25,5.02323151
12:18:26,4.60636568
12:18:27,4.702997
12:18:28,4.76005459
12:18:29,5.0043025
12:18:30,5.50721025
12:18:31,5.30798435
12:18:32,5.803968
12:18:33,5.4738245
12:18:34,4.764584
12:18:35,4.853105
12:18:36,4.824589
12:18:37,4.71535
12:18:38,4.85482073
12:18:39,4.663331
12:18:40,4.978183
12:18:41,4.946915
12:18:42,4.91522551
12:18:43,4.93109751
12:18:44,4.76134
12:18:45,4.957177
12:18:46,4.26600647
12:18:47,4.588721
12:18:48,4.614403
12:18:49,5.003113
12:18:50,4.969947
12:18:51,4.694549
12:18:52,5.03995371
12:18:53,4.734833
12:18:54,5.111624
12:18:55,4.63092041
12:18:56,4.748037
12:18:57,4.85746956
12:18:58,4.72891331
12:18:59,5.15441942
12:19:00,4.84271765
12:19:01,4.67523766
12:19:02,4.914398
12:19:03,4.931917
12:19:04,4.811172
12:19:05,4.969609
12:19:06,4.923657
12:19:07,4.90117073
12:19:08,4.748325
12:19:09,4.65188456
12:19:10,4.9778924
12:19:11,4.806584
12:19:12,4.676447
12:19:13,4.909932
12:19:14,4.810866
12:19:15,4.768378
12:19:16,4.445874
12:19:17,4.713291
12:19:18,5.055794
12:19:19,4.82412
12:19:20,4.91760063
12:19:21,4.718601
12:19:22,4.92782736
12:19:23,4.83813763
12:19:24,5.0144825
12:19:25,4.835203
12:19:26,4.75445
12:19:27,4.84744358
12:19:28,4.89665842
12:19:29,4.999104
12:19:30,4.70601559
12:19:31,4.70145
12:19:33,5.15912056
12:19:34,4.64527941
12:19:35,4.872917
12:19:36,4.84440041
12:19:37,4.88341761
12:19:38,4.91442871
12:19:39,5.06680441
12:19:40,4.762414
12:19:41,6.87220764
12:19:42,5.7235465
12:19:43,4.79010153
12:19:44,5.171169
12:19:45,4.770675
12:19:46,4.4046483
12:19:47,4.81436634
12:19:48,4.921621
12:19:49,4.856913
12:19:50,4.90204573
12:19:51,4.83033848
12:19:52,4.66927958
12:19:53,5.05202055
12:19:54,4.863028
12:19:55,7.29978132
12:19:57,4.70813274
12:19:58,5.08104944
12:19:59,5.01563168
12:20:00,4.94378376
12:20:01,4.795268
12:20:02,4.940976
12:20:03,4.926863
12:20:04,4.70309544
12:20:05,4.88590956
12:20:06,5.015676
12:20:07,4.82914
12:20:08,4.87851524
12:20:09,4.918229
12:20:10,4.7589
12:20:11,4.97021246
12:20:12,4.527562
12:20:13,4.73575544
12:20:14,4.93362045
12:20:15,4.809963
12:20:16,4.78559351
12:20:17,4.94870472
12:20:18,4.96918249
12:20:19,4.24048042
12:20:20,4.55678558
12:20:21,4.808974
12:20:22,4.806568
12:20:23,5.076069
12:20:24,5.311187
12:20:25,4.79680252
12:20:26,4.83825159
12:20:27,4.774394
12:20:28,4.88929749
12:20:29,4.72401571
12:20:30,4.68298626
12:20:31,4.761058
12:20:32,4.875957
12:20:33,5.17275572
12:20:34,5.25525427
12:20:35,4.996032
12:20:36,4.898946
12:20:37,4.965574
12:20:38,4.81471348
12:20:39,4.707238
12:20:40,4.62591743
12:20:41,4.77965069
12:20:42,5.05988455
12:20:43,5.53272152
12:20:44,5.22757339
12:20:45,4.9407
12:20:46,4.90283728
12:20:47,5.1038003
12:20:48,4.94000673
12:20:49,4.41231441
12:20:50,4.56688833
12:20:51,4.851685
12:20:52,4.97367764
12:20:53,4.90998173
12:20:54,4.658109
12:20:55,4.78177452
12:20:56,4.6337676
12:20:57,4.87072229
12:20:58,4.69810534
12:20:59,4.903656
12:21:00,4.823904
12:21:01,4.970603
12:21:02,4.71391869
12:21:03,4.8246007
12:21:04,4.78831673
12:21:05,4.90971947
12:21:06,4.81952047
12:21:07,4.87575054
12:21:08,4.82491255
12:21:09,4.79413
12:21:10,4.70122242
12:21:11,4.964724
12:21:12,4.894409
12:21:13,4.797748
12:21:14,4.914009
12:21:15,4.677212
12:21:16,4.80450535
12:21:17,4.833107
12:21:19,6.68346453
12:21:20,6.695073
12:21:21,4.10387325
12:21:22,4.689974
12:21:23,4.033662
12:21:24,4.11542
12:21:25,5.10231447
12:21:26,26.25173
12:21:27,26.3487816
12:21:28,23.483263
12:21:29,13.6828556
12:21:30,14.1817741
12:21:31,4.852533
12:21:32,4.660871
12:21:33,4.984464
12:21:34,5.18574667
12:21:35,4.4839983
12:21:36,3.84215283
12:21:37,3.87067223
12:21:38,3.68212533
12:21:39,3.542587
12:21:40,3.32925916
12:21:41,3.63916588
12:21:42,3.59739017
12:21:43,4.262512
12:21:44,4.99519968
12:21:45,4.75743055
12:21:46,5.571656
12:21:47,7.669339
12:21:48,7.965186
12:21:49,6.57910061
12:21:50,5.795946
12:21:51,5.879002
12:21:52,3.70503
12:21:53,3.77140236
12:21:54,3.47576666
12:21:55,3.41775346
12:21:56,3.562515
12:21:57,3.11449051
12:21:58,3.43744659
12:21:59,3.48536086
12:22:00,3.09963512
12:22:01,3.2879
12:22:02,3.40371084
12:22:03,3.14162827
12:22:04,3.54808021
12:22:05,3.472374
12:22:06,3.604765
12:22:07,4.68711758
12:22:08,5.954601
12:22:09,7.339554
12:22:10,4.857883
12:22:11,5.95900965
12:22:12,5.736505
12:22:13,6.76461458
12:22:14,7.043076
12:22:15,8.782896
12:22:17,7.50458765
12:22:18,7.677022
12:22:19,8.015207
12:22:20,8.210908
12:22:22,9.19393
12:22:23,9.40482
12:22:24,10.2239122
12:22:25,9.892734
12:22:26,9.86735249
12:22:27,11.2052717
12:22:28,10.9175491
12:22:31,10.5561142
12:22:32,10.9149466
12:22:33,8.90474
12:22:34,8.694331
12:22:35,10.3970118
12:22:36,10.4668684
12:22:37,9.940135
12:22:38,10.04363
12:22:39,9.094866
12:22:40,10.86607
12:22:41,9.055736
12:22:42,7.511973
12:22:43,7.05017
12:22:44,7.695426
12:22:45,9.29968
12:22:46,9.326816
12:22:47,9.468737
12:22:48,8.527998
12:22:49,6.364527
12:22:50,6.113323
12:22:51,5.58153343
12:22:52,5.325034
12:22:53,5.222428
12:22:54,5.5162406
12:22:55,6.014083
12:22:56,5.260754
12:22:57,6.59040642
12:22:58,4.963979
12:22:59,5.149062
12:23:00,5.104171
12:23:01,4.379874
12:23:02,4.60276
12:23:03,6.361207
12:23:04,5.98719549
12:23:05,6.004273
12:23:06,5.886979
12:23:09,6.17377853
12:23:10,5.46061
12:23:11,5.140828
12:23:12,5.21208525
12:23:13,4.91906929
12:23:14,6.060395
12:23:15,6.130727
12:23:16,6.005646
12:23:17,6.431987
12:23:18,6.42437458
12:23:19,6.133303
12:23:20,6.941522
12:23:21,6.24361229
12:23:22,5.721597
12:23:23,4.89313364
12:23:24,5.300476
12:23:25,5.40856361
12:23:26,5.45871353
12:23:27,5.047691
12:23:28,6.52524757
12:23:29,5.47714138
12:23:30,6.182147
12:23:31,5.097312
12:23:32,4.41975975
12:23:33,4.3749485
12:23:34,4.324894
12:23:35,4.59690571
12:23:36,5.144836
12:23:37,3.99354339
12:23:38,4.59085369
12:23:39,4.936025
12:23:40,7.10771227
12:23:41,5.008627
12:23:42,4.80650473
12:23:43,4.85091925
12:23:44,4.919101
12:23:45,5.120704
12:23:46,5.53293467
12:23:47,5.913567
12:23:48,6.161253
12:23:49,6.85716724
12:23:50,8.301676
12:23:51,8.113138
12:23:52,7.090313
12:23:53,6.8868103
12:23:54,8.211377
12:23:55,9.094132
12:23:56,9.316161
12:23:57,7.497558
12:23:58,7.448236
12:23:59,8.231084
12:24:00,7.59191751
12:24:01,8.087483
12:24:02,8.290933
12:24:03,6.91731739
12:24:04,6.21119
12:24:05,6.151785
12:24:06,4.93982029
12:24:07,4.719161
12:24:08,5.453171
12:24:09,5.699554
12:24:10,6.40019464
12:24:11,6.151121
12:24:12,6.10112524
12:24:13,5.702189
12:24:14,5.272639
12:24:15,7.800397
12:24:16,5.10648
12:24:17,7.51087427
12:24:18,5.02251244
12:24:19,5.197563
12:24:20,5.170899
12:24:21,5.62287569
12:24:22,5.61261272
12:24:23,5.815451
12:24:24,5.99698353
12:24:25,6.23373556
12:24:26,6.32086563
12:24:27,5.815704
,
12:24:28,5.68401861
12:24:29,6.43582773
12:24:30,6.125767
12:24:31,5.423041
12:24:32,6.41537857
12:24:33,7.16668463
12:24:34,7.86327934
12:24:35,7.564021
12:24:36,6.34422541
12:24:37,6.27256346
12:24:38,6.79684734
12:24:39,8.120133
12:24:40,8.693746
12:24:41,7.410715
12:24:42,5.47924042
12:24:43,6.24824953
12:24:44,5.17887831
12:24:45,5.17427349
12:24:46,5.22726631
12:24:47,5.198393
12:24:48,5.212493
12:24:49,5.307582
12:24:50,6.11635733
12:24:51,6.50503731
12:24:52,6.830082
12:24:53,7.78115225
12:24:54,6.15844536
12:24:55,7.224067
12:24:56,5.227144
12:24:57,5.57110834
12:24:58,5.150868
12:24:59,5.96419573
12:25:00,6.22229052
12:25:01,6.55974245
12:25:02,8.445723
12:25:03,6.760686
12:25:04,5.55939674
12:25:05,5.7165947
12:25:06,6.26178932
12:25:07,10.0005264
12:25:08,9.491563
12:25:09,7.137517
12:25:10,7.358767
12:25:11,7.67423439
12:25:12,6.300117
12:25:13,5.66771936
12:25:14,5.99168873
12:25:15,6.941555
12:25:16,8.694875
12:25:17,9.437576
12:25:18,8.612936
12:25:19,8.922066
12:25:20,9.162739
12:25:21,10.1827517
12:25:22,10.0670757
12:25:23,9.656061
12:25:24,9.695246
12:25:25,8.913441
12:25:26,8.306752
12:25:27,8.452088
12:25:28,7.60920763
12:25:29,8.92414
12:25:30,6.96883631
12:25:31,6.33054733
12:25:32,4.600691
12:25:33,4.9098
12:25:34,5.144279
12:25:35,6.60580349
12:25:36,5.64495564
12:25:37,4.24625063
12:25:38,8.031942
12:25:39,6.325949
12:25:40,5.59400558
12:25:41,4.777391
12:25:42,4.72931671
12:25:43,5.7664175
12:25:44,6.645457
12:25:45,6.981062
12:25:46,5.13833666
12:25:47,4.115627
12:25:48,3.93649244
12:25:49,4.72464
12:25:50,5.05321646
12:25:51,3.69236231
12:25:52,4.090219
12:25:53,4.588765
12:25:54,5.265414
12:25:55,4.887653
12:25:56,5.160511
12:25:57,5.722458
12:25:58,6.488772
12:25:59,5.971552
12:26:00,7.19591856
12:26:01,6.33944845
12:26:02,5.648904
12:26:03,4.861124
12:26:04,5.40339661
12:26:05,5.41376829
12:26:06,6.23694372
12:26:07,7.55551958
12:26:08,7.664635
12:26:09,6.22251225
12:26:10,6.151801
12:26:11,5.844153
12:26:12,6.57433128
12:26:13,5.164437
12:26:14,4.94950056
12:26:15,7.547888
12:26:16,8.252701
12:26:17,6.059221
12:26:18,6.0316515
12:26:19,6.172547
12:26:20,5.19962263
12:26:21,5.3419795
12:26:22,4.510479
12:26:23,4.32164669
12:26:24,4.432067
12:26:25,6.810631
12:26:26,6.386455
12:26:27,4.72958136
12:26:28,4.38556433
12:26:29,4.94304562
12:26:30,4.86016
12:26:31,5.44037676
12:26:32,4.74998331
12:26:33,4.17448854
12:26:34,4.64356661
12:26:35,4.71022654
12:26:36,5.290626
12:26:37,4.45029259
12:26:38,4.212422
12:26:39,4.892033
12:26:40,4.20049572
12:26:41,4.441491
12:26:42,4.325359
12:26:43,4.073959
12:26:44,4.77903557
12:26:45,4.159454
12:26:46,4.262647
12:26:47,4.19045734
12:26:48,4.07022667
12:26:49,4.37239838
12:26:50,4.055113
12:26:51,5.20612669
12:26:52,5.171716
12:26:53,5.01071548
12:26:54,4.50262737
12:26:55,4.585216
12:26:56,4.907697
12:26:57,4.33625841
12:26:58,3.93642163
12:26:59,4.08396864
12:27:00,4.48784065
12:27:01,3.873617
12:27:02,4.522908
12:27:03,4.606725
12:27:04,4.765933
12:27:05,4.530211
12:27:06,3.96566057
12:27:07,5.5717864
12:27:08,4.305477
12:27:09,3.94219875
12:27:10,5.75229263
12:27:11,5.450842
12:27:12,8.483847
12:27:13,10.1735106
12:27:14,6.420864
12:27:15,5.21328735
12:27:16,5.609844
12:27:17,5.08031368
12:27:18,6.578712
12:27:19,6.976801
12:27:20,7.07424736
12:27:21,4.821462
12:27:22,7.76080132
12:27:23,4.9746623
12:27:24,6.085466
12:27:25,6.02595472
12:27:26,6.331996
12:27:27,6.080453
12:27:28,5.094852
12:27:29,5.09176
12:27:30,6.92374325
12:27:31,5.89723539
12:27:32,4.61732149
12:27:33,4.854051
12:27:34,4.543826
12:27:35,5.36518764
12:27:36,5.45463
12:27:37,5.840799
12:27:38,6.03271246
12:27:39,6.095995
12:27:40,6.459302
12:27:41,9.022957
12:27:42,9.202128
12:27:43,8.409004
12:27:44,7.20473528
12:27:45,5.84895229
12:27:47,6.34705973
12:27:48,7.32547665
12:27:49,6.77208328
12:27:51,7.35965538
12:27:52,7.90232849
12:27:53,6.21439028
12:27:54,6.654779
12:27:55,6.493134
12:27:56,9.128068
12:27:57,9.065102
12:27:58,8.587738
12:27:59,6.298719
12:28:00,4.82531548
12:28:02,6.8245616
12:28:03,5.326738
12:28:04,5.18483448
12:28:05,5.01577663
12:28:06,4.55251169
12:28:07,5.228046
12:28:08,5.10524845
12:28:09,4.34278345
12:28:10,6.80811644
12:28:11,6.934505
12:28:12,6.76632738
12:28:13,5.55543566
12:28:14,6.086554
12:28:15,5.74074173
12:28:16,7.18063736
12:28:17,6.90022039
12:28:18,6.656138
12:28:19,6.24914742
12:28:20,7.24973536
12:28:21,6.241372
12:28:22,6.532404
12:28:23,5.24498367
12:28:24,5.01329374
12:28:25,5.90934229
12:28:26,7.417279
12:28:27,6.380299
12:28:28,5.61756
12:28:29,5.686139
12:28:30,7.473135
12:28:31,6.39328575
12:28:32,5.84027433
12:28:33,7.44473553
12:28:34,6.89993334
12:28:35,6.35175848
12:28:36,8.672874
12:28:37,9.38461
12:28:38,8.581917
12:28:39,7.46569
12:28:40,6.01143265
12:28:41,7.23503065
12:28:42,6.39039373
12:28:43,7.70320272
12:28:44,9.347629
12:28:45,10.5326557
12:28:46,8.087241
12:28:47,10.2887135
12:28:48,8.703898
12:28:49,8.256295
12:28:50,9.495977
12:28:51,9.739687
12:28:52,8.638961
12:28:53,8.928656
12:28:54,8.448256
12:28:55,7.415142
12:28:56,7.241897
12:28:57,7.07903051
12:28:58,7.07947731
12:28:59,8.305267
12:29:00,9.408429
12:29:01,8.168933
12:29:02,9.885248
12:29:03,10.2786
12:29:04,9.627575
12:29:05,8.876858
12:29:06,6.40373325
12:29:07,7.12281752
12:29:08,6.81017256
12:29:09,6.21513557
12:29:10,7.3569684
12:29:11,7.224132
12:29:12,6.49598074
12:29:13,5.608227
12:29:14,6.72394
12:29:15,7.581571
12:29:16,8.04894352
12:29:17,6.57098341
12:29:18,6.387239
12:29:19,7.212167
12:29:20,5.90905476
12:29:21,5.41682
12:29:22,6.35607767
12:29:23,8.275675
12:29:24,8.352499
12:29:25,8.999216
12:29:26,7.914946
12:29:27,6.16025
12:29:28,7.183835
12:29:29,6.541209
12:29:30,6.76632643
12:29:31,7.589102
12:29:32,7.787091
12:29:33,7.33859062
12:29:34,6.946274
12:29:35,8.32201
12:29:36,5.872366
12:29:37,5.62161636
12:29:38,5.919506
12:29:39,5.295077
12:29:40,5.61354446
12:29:41,4.307734
12:29:42,4.608899
12:29:43,7.71127462
12:29:44,8.329556
12:29:46,7.62821054
12:29:47,7.20036554
12:29:48,7.28516054
12:29:49,8.919052
12:29:50,6.309042
12:29:51,7.004002
12:29:52,6.58965254
12:29:53,7.576668
12:29:54,8.353218
12:29:55,8.324316
12:29:56,6.31442356
12:29:57,5.924491
12:29:58,5.992677
12:29:59,6.06501436
12:30:00,4.51331139
12:30:01,5.780769
12:30:02,5.07766628
12:30:03,4.99398375
12:30:04,5.736619
12:30:05,5.109991
12:30:06,4.83262
12:30:07,5.467218
12:30:08,4.68343925
12:30:09,5.22412157
12:30:10,4.566513
12:30:11,5.138876
12:30:12,6.2641716
12:30:13,6.55577946
12:30:14,6.43005133
12:30:15,6.0393424
12:30:16,6.72628641
12:30:17,6.700577
12:30:18,5.884977
12:30:19,7.060315
12:30:20,6.353615
12:30:21,7.06672668
12:30:22,6.483349
12:30:23,7.686301
12:30:24,6.482926
12:30:25,6.555017
12:30:26,6.82760143
12:30:27,5.94592428
12:30:28,6.55588
12:30:29,8.578508
12:30:30,10.0285749
12:30:31,9.945012
12:30:32,10.6720619
12:30:33,9.952081
12:30:34,11.2893429
12:30:35,11.7174635
12:30:36,10.6496286
12:31:37,6.89881945
12:31:38,7.15718174
12:31:39,8.430799
12:31:40,5.553891
12:31:41,5.198753
12:31:42,6.69334936
12:31:43,6.093054
12:31:44,5.96893072
12:31:45,5.724837
12:31:46,5.96914864
12:31:47,7.75189447
12:31:48,6.95689535
12:31:49,6.827607
12:31:50,7.524811
12:31:51,8.88666
12:31:52,7.041969
12:31:53,5.95934629
12:31:54,5.442604
12:31:55,4.199161
12:31:56,5.31226873
12:31:57,5.369155
12:31:58,5.446282
12:31:59,5.01632643
12:32:00,5.378565
12:32:01,4.998783
12:32:02,6.571616
12:32:03,5.85436869
12:32:04,5.5650816
12:32:05,5.16460943
12:32:06,5.08321
12:32:07,5.31353855
12:32:08,5.5336585
12:32:09,5.24798965
12:32:10,5.14530373
12:32:11,4.32749271
12:32:12,5.635296
12:32:13,5.605676
12:32:14,5.775523
12:32:15,5.84124231
12:32:16,5.786625
12:32:17,5.920933
12:32:18,5.965969
12:32:19,5.455629
12:32:20,4.834689
12:32:21,5.2339654
12:32:22,4.995046
12:32:23,5.441523
12:32:24,5.852122
12:32:25,11.0248737
12:32:26,9.924844
12:32:27,6.74907827
12:32:28,5.974713
12:32:29,5.00142765
12:32:30,4.997518
12:32:31,4.70316172
12:32:32,8.302288
12:32:33,6.70786667
12:32:34,7.1349225
12:32:35,10.0561247
12:32:36,8.632218
12:32:37,8.663845
12:32:38,9.003725
12:32:39,6.129818
12:32:40,4.49483538
12:32:41,5.83553267
12:32:42,5.801316
12:32:43,6.40117168
12:32:44,7.7961
12:32:45,6.22858524
12:32:46,6.022546
12:32:47,7.772654
12:32:48,8.272244
12:32:49,5.887631
12:32:50,5.77556467
12:32:51,5.545499
12:32:52,5.45157
12:32:53,4.59596729
12:32:54,5.97237
12:32:55,5.82753658
12:32:56,8.29829
12:32:57,7.28195047
12:32:58,6.619978
12:32:59,6.75068331
12:33:00,6.71204042
12:33:01,6.40165472
12:33:02,7.780882
12:33:03,8.067138
12:33:04,7.834146
12:33:05,7.97081375
12:33:06,6.87609959
12:33:07,6.348721
12:33:08,5.955614
12:33:09,6.39134073
12:33:10,6.79364634
12:33:11,4.708111
12:33:12,5.597483
12:33:13,5.56013727
12:33:14,6.99105835
12:33:15,7.08025551
12:33:16,7.956699
12:33:17,8.164066
12:33:18,7.47291374
12:33:19,6.195501
12:33:20,6.69188738
12:33:21,6.621489
12:33:22,6.84537363
12:33:23,6.49556637
12:33:24,6.64174
12:33:25,7.06054163
12:33:26,7.51395559
12:33:27,6.880329
12:33:28,6.11169338
12:33:29,5.368239
12:33:30,5.482969
12:33:31,5.971463
12:33:32,5.64560175
12:33:33,5.798416
12:33:34,7.20733452
12:33:35,7.533357
12:33:36,6.05517
12:33:37,6.254235
12:33:38,5.61044455
12:33:39,6.326838
12:33:40,6.753435
12:33:41,6.4258213
12:33:42,6.107826
12:33:43,6.177496
12:33:44,6.979249
12:33:45,5.587252
12:33:46,6.7518177
12:33:47,7.18352127
12:33:48,5.662411
12:33:49,6.22040272
12:33:50,6.126572
12:33:51,5.516054
12:33:52,5.78815746
12:33:53,4.99870729
12:33:54,5.500407
12:33:55,5.15284634
12:33:56,6.08543873
12:33:57,6.27665138
12:33:58,5.9859786
12:33:59,6.505695
12:34:00,6.407544
12:34:01,7.469213
12:34:02,6.347071
12:34:03,9.009026
12:34:04,9.785191
12:34:06,9.534732
12:34:07,10.1616726
12:34:08,9.301596
12:34:09,9.76814651
12:34:10,8.734738
12:34:11,9.239269
12:34:12,6.93464947
12:34:13,7.53622866
12:34:14,6.607914
12:34:15,7.715751
12:34:16,9.945351
12:34:17,10.1148539
12:34:18,10.2153816
12:34:19,9.480367
12:34:20,9.77056
12:34:21,7.331738
12:34:22,6.11907625
12:34:23,8.788935
12:34:24,8.298918
12:34:25,5.737467
12:34:26,6.46983
12:34:27,7.20804644
12:34:28,7.95185232
12:34:29,6.703795
12:34:30,5.597748
12:34:31,7.051556
12:34:32,5.13198757
12:34:33,6.655545
12:34:34,7.585018
12:34:35,6.986051
12:34:36,5.96048641
12:34:37,6.36089134
12:34:38,5.781665
12:34:39,6.29444838
12:34:40,6.24448538
12:34:41,5.336284
12:34:42,5.66725874
12:34:43,5.254387
12:34:44,5.447909
12:34:45,4.347094
12:34:46,5.57936525
12:34:47,5.234733
12:34:48,5.03671741
12:34:49,5.152089
12:34:50,7.168266
12:34:51,7.83675432
12:34:52,5.426543
12:34:53,5.67929173
12:34:54,5.212519
12:34:55,6.53148
12:34:56,6.73449039
12:34:57,6.1845355
12:34:58,6.048587
12:34:59,5.11447954
12:35:00,4.70540428
12:35:01,5.73404646
12:35:02,4.79744244
12:35:03,4.74486732
12:35:04,5.9127903
12:35:05,4.991054
12:35:06,4.966329
12:35:07,5.66492558
12:35:08,5.04807329
12:35:09,4.80657148
12:35:10,5.81696939
12:35:11,5.211447
12:35:12,4.445333
12:35:13,4.94355536
12:35:14,4.89739275
12:35:15,5.673536
12:35:16,5.088372
12:35:17,4.83635139
12:35:18,4.8788414
12:35:19,4.730097
12:35:20,4.84691668
12:35:21,4.72332764
12:35:22,5.80547
12:35:23,5.066842
12:35:24,5.310165
12:35:25,5.403745
12:35:26,4.814239
12:35:27,5.37025642
12:35:28,4.917301
12:35:29,5.5874877
12:35:30,4.75764751
12:35:31,5.3274
12:35:32,4.612654
12:35:33,5.27314663
12:35:34,6.10031271
12:35:36,5.352894
12:35:37,5.6942544
12:35:38,5.34513474
12:35:39,5.253644
12:35:40,4.938954
12:35:41,5.134504
12:35:42,4.693445
12:35:43,5.03471565
12:35:44,4.682639
12:35:45,5.222015
12:35:46,4.87899256
12:35:47,5.930958
12:35:48,5.59995556
12:35:49,5.14487839
12:35:50,5.618687
12:35:51,5.375699
12:35:52,7.81281567
12:35:53,7.883059
12:35:54,5.961353
12:35:55,6.696301
12:35:56,5.38252926
12:35:57,6.03522635
12:35:58,5.0340867
12:35:59,6.88694954
12:36:00,7.155112
12:36:01,7.67752028
12:36:02,8.575434
12:36:03,8.801535
12:36:04,9.005108
12:36:05,8.413444
12:36:06,9.034178
12:36:07,8.392133
12:36:08,9.158084
12:36:09,8.397245
12:36:10,8.40272
12:36:11,8.197911
12:36:12,8.545326
12:36:13,8.791759
12:36:14,8.678213
12:36:15,8.760785
12:36:16,7.755595
12:36:17,9.241988
12:36:18,8.716034
12:36:19,8.713717
12:36:20,8.760714
12:36:21,8.525622
12:36:22,8.064675
12:36:23,7.93741751
12:36:24,8.680009
12:36:25,8.402542
12:36:26,8.761953
12:36:27,8.382672
12:36:28,7.59633541
12:36:29,5.85844946
12:36:30,5.55398369
12:36:31,5.500459
12:36:32,5.08785439
12:36:33,5.88376236
12:36:34,5.37984371
12:36:36,7.131101
12:36:37,8.522645
12:36:38,8.268973
12:36:39,6.231704
12:36:40,6.53467941
12:36:41,8.844683
12:36:43,8.350035
12:36:44,8.138084
12:36:45,8.499257
12:36:46,8.342846
12:36:47,8.160335
12:36:48,7.59884071
12:36:49,8.92758751
12:36:51,7.87465048
12:36:52,7.73645973
12:36:53,5.47985125
12:36:54,5.04151344
12:36:55,4.53252935
12:36:56,5.509346
12:36:57,5.4608717
12:36:58,5.44714832
12:37:00,6.47035
12:37:01,6.337751
12:37:02,5.884003
12:37:03,6.36748028
12:37:04,5.847761
12:37:05,5.80360365
12:37:06,7.84035158
12:37:07,6.939587
12:37:08,8.330162
12:37:09,6.01352453
12:37:10,6.005011
12:37:11,6.41365528
12:37:12,4.862035
12:37:13,5.30939341
12:37:14,5.30506325
12:37:16,7.074222
12:37:18,9.380846
12:37:19,9.888958
12:37:20,10.0432711
12:37:21,8.353928
12:37:22,7.595569
12:37:23,7.877093
12:37:24,6.447358
12:37:25,6.3216424
12:37:26,7.59985256
12:37:27,9.765459
12:37:28,8.009397
12:37:29,9.272083
12:37:30,9.180794
12:37:31,9.643764
12:37:32,9.927922
12:37:33,10.0296736
12:37:34,9.148216
12:37:35,9.829578
12:37:36,10.2992544
12:37:37,9.161949
12:37:38,7.36143732
12:37:39,8.130474
12:37:40,7.87783766
12:37:41,10.96396
12:37:42,9.436286
12:37:43,8.370026
12:37:44,6.84161043
12:37:45,6.00591946
12:37:46,6.94600534
12:37:47,5.702585
12:37:48,6.615987
12:37:49,5.936365
12:37:50,5.642838
12:37:51,6.69483
12:37:52,7.127753
12:37:53,9.10656
12:37:54,8.650037
12:37:55,6.146816
12:37:56,6.056052
12:37:57,5.11440325
12:37:58,4.92297173
12:37:59,5.33837271
12:38:00,6.094102
12:38:01,5.056416
12:38:02,5.71337
12:38:03,4.970127
12:38:04,5.93862247
12:38:05,8.016967
12:38:06,6.93677568
12:38:07,6.80789852
12:38:08,5.938114
12:38:09,7.397197
12:38:10,6.670492
12:38:11,7.176617
12:38:12,6.25981951
12:38:13,6.83821154
12:38:14,6.351816
12:38:15,5.27057552
12:38:16,5.872002
12:38:17,5.37491369
12:38:18,5.886241
12:38:19,6.492974
12:38:20,5.986334
12:38:21,5.477895
12:38:22,7.07561064
12:38:23,6.23236132
12:38:24,5.721058
12:38:25,6.12243176
12:38:26,4.89437532
12:38:27,7.611095
12:38:28,5.585047
12:38:29,5.44375134
12:38:30,5.964948
12:38:31,7.30332661
12:38:32,6.320852
12:38:33,5.301634
12:38:34,6.35701561
12:38:35,6.44442654
12:38:36,6.161751
12:38:37,5.992112
12:38:38,5.72539949
12:38:39,6.896631
12:38:40,6.519123
12:38:41,6.30390167
12:38:42,6.101465
12:38:43,5.05024958
12:38:44,6.796339
12:38:45,8.793085
12:38:46,8.220139
12:38:47,8.077115
12:38:48,5.78662872
12:38:49,4.960814
12:38:50,5.98544836
12:38:51,6.78977728
12:38:52,5.939103
12:38:53,6.37521029
12:38:54,5.968938
12:38:55,6.28831339
12:38:56,6.519473
12:38:57,6.640085
12:38:58,5.76558638
12:38:59,8.692782
12:39:22,7.148563
12:39:23,7.25036144
12:39:24,7.381192
12:39:25,7.112015
12:39:26,6.035647
12:39:27,6.86967
12:39:28,5.550137
12:39:29,5.17480469
12:39:30,4.759219
12:39:31,6.613689
12:39:32,6.815031
12:39:33,5.86317444
12:39:34,7.33930254
12:39:35,7.778157
12:39:36,6.491534
12:39:37,6.61421156
12:39:38,5.530218
12:39:39,6.80050135
12:39:40,6.373043
12:39:41,6.192532
12:39:42,7.76907158
12:39:43,7.036044
12:39:44,8.898211
12:39:45,9.442345
12:39:46,8.457666
12:39:47,7.152474
12:39:48,7.095271
12:39:49,7.59721851
12:39:50,6.76842928
12:39:51,6.839078
12:39:52,8.49643
12:39:53,6.8763957
12:39:54,5.716295
12:39:55,5.03480959
12:39:56,6.127279
12:39:57,6.632981
12:39:58,5.87827969
12:39:59,7.95422268
12:40:00,6.923363
12:40:01,5.809569
12:40:02,6.071037
