,/gpu-intel/0xA7A1/power/0
Time,GPU Package
15:42:45,8.422326
15:42:46,9.824916
15:42:47,11.65976
15:42:49,12.43367
15:42:50,10.3762474
15:42:51,12.0496635
15:42:52,16.4608917
15:42:53,22.5729465
15:42:55,12.5821667
15:42:56,11.2803087
15:42:57,10.5275831
15:42:58,12.3380575
15:42:59,11.2134352
15:43:00,12.1431885
15:43:01,11.7120886
15:43:02,13.0678415
15:43:03,11.6093807
15:43:04,11.30194
15:43:05,12.4227991
15:43:06,12.0701246
15:43:07,10.9332132
15:43:08,10.7528591
15:43:09,11.3320646
15:43:10,11.9590607
15:43:11,11.4994612
15:43:12,12.2271891
15:43:13,11.8697662
15:43:14,10.9662533
15:43:15,11.1975012
15:43:16,13.3022785
15:43:17,11.8780775
15:43:18,9.791721
15:43:19,13.0134039
15:43:20,11.4556408
15:43:21,11.2307959
15:43:22,9.426884
15:43:23,12.0270844
15:43:24,12.6721277
15:43:25,11.2708817
15:43:26,12.1213932
15:43:27,10.169919
15:43:28,12.4688368
15:43:29,11.87796
15:43:30,11.5321283
15:43:31,11.2707319
15:43:32,11.7320709
15:43:33,10.4520187
15:43:34,11.4690886
15:43:35,12.5503445
15:43:36,10.2381668
15:43:37,13.6276093
15:43:38,10.2547112
15:43:39,10.1083384
15:43:40,12.2843075
15:43:42,12.319211
15:43:43,10.86355
15:43:44,12.5826731
15:43:45,8.283542
15:43:46,10.46284
15:43:47,12.1432953
15:43:48,10.2135315
15:43:49,8.849144
15:43:50,9.467671
15:43:51,9.976995
15:43:52,13.8034887
15:43:53,18.7727566
15:43:54,9.947814
15:43:55,10.6540833
15:43:56,12.2050524
15:43:57,11.9830112
15:43:58,12.1983471
15:43:59,12.3320007
15:44:01,10.3549671
15:44:02,12.6887054
15:44:03,7.089887
15:44:04,8.1009655
15:44:05,9.607629
15:44:06,6.8561
15:44:07,12.6878862
15:44:08,19.4547825
15:44:09,18.7518673
15:44:10,15.9421968
15:44:11,11.6562223
15:44:12,10.35427
15:44:13,12.2976446
15:44:14,12.4651508
15:44:15,11.5011005
15:44:16,12.0035048
15:44:17,12.9435778
15:44:18,11.1532526
15:44:19,11.92046
15:44:20,11.2499666
15:44:21,11.5272169
15:44:22,11.4444933
15:44:23,11.4270515
15:44:24,11.3295269
15:44:25,11.9092026
15:44:26,12.02482
15:44:27,11.3202724
15:44:28,11.9800768
15:44:29,11.40887
15:44:30,12.3584709
15:44:31,12.1747084
15:44:32,12.177063
15:44:33,11.7735462
15:44:34,11.7956018
15:44:35,12.3363628
15:44:36,11.7246952
15:44:37,12.20023
15:44:38,11.9768028
15:44:39,11.6846609
15:44:40,11.724493
15:44:41,12.0479116
15:44:42,12.1126509
15:44:43,12.2925062
15:44:44,11.7126694
15:44:45,11.8356972
15:44:46,12.10778
15:44:47,12.220644
15:44:48,12.4414263
15:44:49,11.956522
15:44:50,11.9663658
15:44:51,11.6227455
15:44:52,12.2808084
15:44:53,12.4632406
15:44:54,12.08336
15:44:55,11.9062738
15:44:56,12.0341959
15:44:57,12.0313826
15:44:58,11.7792768
15:44:59,11.7076864
15:45:00,12.02575
15:45:01,12.0298271
15:45:02,11.901083
15:45:03,12.12832
15:45:04,11.9001646
15:45:05,12.2160759
15:45:06,11.9760485
15:45:07,11.9094391
15:45:08,12.053236
15:45:09,12.1696987
15:45:10,12.01739
15:45:11,11.7763767
15:45:12,12.1552782
15:45:13,12.0988436
15:45:14,12.0812531
15:45:15,12.1242723
15:45:16,11.8383331
15:45:17,12.0542154
15:45:18,12.0809746
15:45:19,12.2715988
15:45:20,11.9467859
15:45:21,12.1042614
15:45:22,12.262166
15:45:23,11.7886829
15:45:24,11.98814
15:45:25,12.13614
15:45:26,12.0497627
15:45:27,11.6643972
15:45:28,12.0738354
15:45:29,12.2132607
15:45:30,11.9263754
15:45:31,12.1692152
15:45:32,12.0681276
15:45:33,12.10515
15:45:34,12.0107059
15:45:35,12.0967426
15:45:36,11.72682
15:45:37,12.2549438
15:45:38,11.951355
15:45:39,11.8676662
15:45:40,12.2039051
15:45:41,12.29684
15:45:42,11.6324749
15:45:43,11.9851294
15:45:44,12.286025
15:45:45,11.823494
15:45:46,12.0436583
15:45:47,12.2240114
15:45:48,11.6503382
15:45:49,12.0971937
15:45:50,12.0732794
15:45:51,11.8429585
15:45:52,12.361866
15:45:53,11.5691786
15:45:54,12.02269
15:45:55,12.0336027
15:45:56,11.8614225
15:45:57,12.0411568
15:45:58,12.2468529
15:45:59,11.9837589
15:46:00,11.8681812
15:46:01,12.1710167
15:46:02,12.2411222
15:46:03,11.5182648
15:46:04,11.96826
15:46:05,12.295022
15:46:06,12.0490646
15:46:07,11.8744926
15:46:08,12.0286818
15:46:09,12.4377842
15:46:10,11.9718475
15:46:11,11.7257366
15:46:12,12.0458937
15:46:13,12.2171278
15:46:14,11.7217369
15:46:15,12.235487
15:46:16,12.0752649
15:46:17,11.922286
15:46:18,12.0292587
15:46:19,12.4425831
15:46:20,11.6640062
15:46:21,12.09929
15:46:22,12.395256
15:46:23,12.0206747
15:46:24,12.2757645
15:46:25,12.1480865
15:46:26,12.0235415
15:46:27,11.8905993
15:46:28,11.7696657
15:46:29,12.217658
15:46:30,12.3319979
15:46:31,10.9053583
15:46:32,10.7596188
15:46:33,11.0641241
15:46:34,14.5337868
15:46:35,11.770093
15:46:36,11.9087257
15:46:37,11.8313007
15:46:38,12.018487
15:46:39,11.962328
15:46:40,12.0939054
15:46:41,12.0469809
15:46:42,12.0363588
15:46:43,11.5848541
15:46:44,11.6632347
15:46:45,10.7405758
15:46:46,13.5122919
15:46:47,12.1638794
15:46:48,11.9517765
15:46:49,12.2455444
15:46:50,12.0493736
15:46:51,12.267108
15:46:52,11.9448671
15:46:53,12.2703609
15:46:54,12.0359135
15:46:55,11.7137461
15:46:56,12.412221
15:46:57,12.0358744
15:46:58,11.9325695
15:46:59,11.9598827
15:47:00,11.6755047
15:47:01,12.3575706
15:47:02,11.8850851
15:47:03,11.7719669
15:47:04,11.8603983
15:47:05,11.97322
15:47:06,11.8074751
15:47:07,11.9902678
15:47:08,11.97441
15:47:09,12.29076
15:47:10,12.2774763
15:47:11,12.0541506
15:47:12,12.0514116
15:47:13,11.897419
15:47:14,12.1912136
15:47:15,12.0881891
15:47:16,12.2364788
15:47:17,11.8516769
15:47:18,12.0423861
15:47:19,12.0076256
15:47:20,11.7069073
15:47:21,12.2039709
15:47:22,12.1562986
15:47:23,11.8255348
15:47:24,11.7397776
15:47:25,12.4447346
15:47:26,11.6240892
15:47:27,12.3939295
15:47:28,11.9704762
15:47:29,11.8520832
15:47:30,12.2075262
15:47:31,12.385025
15:47:32,11.683898
15:47:33,12.1415462
15:47:34,12.0027409
15:47:35,11.855854
15:47:36,11.9409332
15:47:37,11.88655
15:47:38,11.92551
15:47:39,12.2304792
15:47:40,11.918
15:47:41,11.698988
15:47:42,12.0794945
15:47:43,12.4185
15:47:44,12.0455551
15:47:45,11.9684
15:47:46,12.3622475
15:47:47,11.7885275
15:47:48,12.0672035
15:47:49,12.4797382
15:47:50,12.0533972
15:47:51,12.3610487
15:47:52,12.2608776
15:47:53,11.7586432
15:47:54,12.1432829
15:47:55,11.906827
15:47:56,11.79374
15:47:57,12.00334
15:47:58,11.811635
15:47:59,11.9139929
15:48:00,11.8037825
15:48:01,12.0907383
15:48:02,11.9675837
15:48:03,12.2163754
15:48:04,11.396574
15:48:05,11.971405
15:48:06,12.1154833
15:48:07,11.8626537
15:48:08,11.7440605
15:48:09,11.89759
15:48:10,12.0260763
15:48:11,12.0583868
15:48:12,11.75096
15:48:13,11.9157457
15:48:14,12.0949326
15:48:15,11.7503729
15:48:16,11.9185209
15:48:17,12.3829069
15:48:18,11.7575293
15:48:19,12.1793842
15:48:20,11.8069735
15:48:21,11.71617
15:48:22,12.0003958
15:48:23,12.0427637
15:48:24,12.08821
15:48:25,11.80849
15:48:26,12.1022873
15:48:27,11.9929037
15:48:28,11.9304962
15:48:29,12.1505
15:48:30,11.8072519
15:48:31,12.0370474
15:48:32,11.9398613
15:48:33,12.0248728
15:48:34,12.0277128
15:48:35,11.9393082
15:48:36,12.1298933
15:48:37,11.8436432
15:48:38,11.9427414
15:48:39,12.2007675
15:48:40,12.0488977
15:48:41,11.81996
15:48:42,11.8291254
15:48:43,12.0985365
15:48:44,11.8727474
15:48:45,11.8596
15:48:46,12.035615
15:48:47,11.9237337
15:48:48,12.1589413
15:48:49,11.8052959
15:48:50,12.0494766
15:48:51,11.6925192
15:48:52,12.21559
15:48:53,12.2200441
15:48:54,12.0843916
15:48:55,11.8110676
15:48:56,11.9373178
15:48:57,11.8034382
15:48:58,11.6846151
15:48:59,12.0972834
15:49:00,12.0538225
15:49:01,12.4750757
15:49:02,11.7790766
15:49:03,11.8272066
15:49:04,12.0641479
15:49:05,12.023325
15:49:06,11.8739166
15:49:07,12.1084061
15:49:08,12.0073175
15:49:09,12.2750263
15:49:10,11.950511
15:49:11,11.760087
15:49:12,11.9008837
15:49:13,12.0042391
15:49:14,11.8512173
15:49:15,12.0289536
15:49:16,12.1232033
15:49:17,11.8153744
15:49:18,11.8804045
15:49:19,11.9762478
15:49:20,12.054678
15:49:21,12.2225275
15:49:22,12.1316042
15:49:23,11.69616
15:49:24,11.758173
15:49:25,12.0689631
15:49:26,11.9843426
15:49:27,12.1774492
15:49:28,12.121438
15:49:29,11.9802
15:49:30,11.90452
15:49:31,11.9678555
15:49:32,12.2620792
15:49:33,12.0373926
15:49:34,11.8082314
15:49:35,11.97781
15:49:36,12.0366964
15:49:37,11.909565
15:49:38,12.2835779
15:49:39,12.1570511
15:49:40,11.7443857
15:49:41,12.0384159
15:49:42,11.78805
15:49:43,12.0746069
15:49:44,12.0977087
15:49:45,11.8665867
15:49:46,12.0162868
15:49:47,11.84849
15:49:48,12.0620728
15:49:49,12.1427422
15:49:50,12.0380907
15:49:51,11.8199425
15:49:52,11.8853416
15:49:53,12.1397591
15:49:54,12.2915668
15:49:55,11.8698378
15:49:56,12.2063856
15:49:57,11.7102089
15:49:58,11.7305641
15:49:59,11.9143877
15:50:00,12.0292625
15:50:01,12.0321512
15:50:02,12.1916637
15:50:03,11.7313242
15:50:04,12.1874323
15:50:05,11.7821436
15:50:06,12.10571
15:50:07,12.2872753
15:50:08,11.7304506
15:50:09,12.0264063
15:50:10,11.9510374
15:50:11,12.2111578
15:50:12,12.0830793
15:50:13,11.8998871
15:50:14,11.85381
15:50:15,11.6877041
15:50:16,12.0188675
15:50:17,12.13469
15:50:18,12.0732756
15:50:19,12.20154
15:50:20,12.26904
15:50:21,11.6835375
15:50:22,11.7836971
15:50:23,11.9483223
15:50:24,12.3386774
15:50:25,12.1167183
15:50:26,12.1292038
15:50:27,11.9998531
15:50:28,12.1233788
15:50:29,11.9248171
15:50:30,11.8997774
15:50:31,12.3127422
15:50:32,12.1971989
15:50:34,12.0393372
15:50:36,12.2875853
15:50:37,12.0617895
15:50:39,11.94624
15:50:40,11.9689636
15:50:41,12.2142315
15:50:42,11.9367456
15:50:43,11.9575338
15:50:44,11.9075336
15:50:45,11.9018364
15:50:46,11.6182976
15:50:47,12.1167784
15:50:48,12.2446957
15:50:49,12.1506262
15:50:51,12.2329979
15:50:52,12.0848455
15:50:53,11.96887
15:50:54,11.9503565
15:50:55,11.9302664
15:50:56,11.8593092
15:50:57,12.0902662
15:50:58,12.2331247
15:50:59,12.069067
15:51:00,11.9270363
15:51:02,12.1187143
15:51:03,11.9410849
15:51:04,12.0969172
15:51:06,12.1138868
15:51:07,11.9437513
15:51:09,12.047122
15:51:10,12.2625589
15:51:11,12.0708113
15:51:13,11.882206
15:51:15,12.29398
15:51:16,10.86371
15:51:18,12.0069933
15:51:19,12.1089649
15:51:20,12.0169344
15:51:21,12.0965528
15:51:22,11.8542566
15:51:23,12.0649118
15:51:24,11.9518
15:51:25,12.1371851
15:51:26,11.9071751
15:51:27,12.0342283
15:51:28,11.84241
15:51:29,12.0877743
15:51:30,11.9204969
15:51:31,12.0594015
15:51:32,11.7795143
15:51:33,12.3296061
15:51:34,12.1230736
15:51:35,11.9914007
15:51:36,11.9625063
15:51:37,11.8753662
15:51:38,12.0478468
15:51:39,11.7753677
15:51:40,12.2642088
15:51:41,12.0474033
15:51:42,11.928133
15:51:43,12.0452766
15:51:44,12.0310717
15:51:45,11.816103
15:51:46,11.91232
15:51:47,12.009552
15:51:48,11.9627085
15:51:49,11.8948326
15:51:50,12.1923895
15:51:51,11.99029
15:51:52,12.1615114
15:51:53,11.9556866
15:51:54,12.1515484
15:51:55,12.0143013
15:51:56,11.753459
15:51:57,11.9305954
15:51:58,11.9673567
15:51:59,12.2472048
15:52:00,12.1881008
15:52:01,11.8795547
15:52:02,11.8293543
15:52:03,11.6599751
15:52:04,11.8171415
15:52:05,12.0124369
15:52:06,12.1021128
15:52:07,12.0684395
15:52:08,12.069808
15:52:09,11.8854942
15:52:10,12.2269239
15:52:11,12.2159529
15:52:12,11.8832941
15:52:13,12.0471077
15:52:14,11.8616972
15:52:15,12.0739508
15:52:16,11.9226732
15:52:17,12.0612755
15:52:18,12.0568323
15:52:19,11.8349752
15:52:20,12.0144367
15:52:21,11.97043
15:52:22,11.7838573
15:52:23,11.7240353
15:52:24,12.2309484
15:52:25,11.7466421
15:52:26,12.0427313
15:52:27,11.8201933
15:52:28,11.8777962
15:52:29,12.0797663
15:52:30,12.0693321
15:52:31,12.0421858
15:52:32,12.1166344
15:52:33,12.2497377
15:52:34,11.8710957
15:52:35,12.1984921
15:52:36,12.0028524
15:52:37,12.017374
15:52:38,12.20925
15:52:39,12.0571966
15:52:40,12.0468779
15:52:41,12.0815554
15:52:42,11.7652636
15:52:43,11.6779718
15:52:44,11.9741211
15:52:45,12.4062605
15:52:46,11.6445618
15:52:47,11.9105263
15:52:48,12.0929022
15:52:49,11.8043213
15:52:50,12.23607
15:52:51,11.700367
15:52:52,11.9709549
15:52:53,11.9289255
15:52:54,12.0121489
15:52:55,12.1052284
15:52:56,11.755619
15:52:57,11.9939251
15:52:58,11.7493362
15:52:59,11.8576393
15:53:00,11.8527975
15:53:01,12.1528435
15:53:02,12.0452557
15:53:03,12.1448355
15:53:04,11.9652767
15:53:05,11.796567
15:53:06,12.1693735
15:53:07,12.4165363
15:53:08,12.0859823
15:53:09,12.0674267
15:53:10,11.9702387
15:53:11,12.0022717
15:53:12,11.9505262
15:53:13,12.03264
15:53:14,12.16286
15:53:15,11.9458036
15:53:16,12.0922012
15:53:17,11.8099365
15:53:18,11.8459444
15:53:19,11.938633
15:53:20,12.16781
15:53:21,11.9912491
15:53:22,11.8496017
15:53:23,12.1102428
15:53:24,12.1709108
15:53:25,11.869256
15:53:26,11.8404341
15:53:27,12.0687971
15:53:28,11.9727068
15:53:29,11.9383993
15:53:30,12.0941429
15:53:31,11.9924927
15:53:32,12.0332718
15:53:33,11.9366894
15:53:34,11.6620235
15:53:35,11.9558382
15:53:36,11.8046427
15:53:37,11.7319822
15:53:38,12.0554609
15:53:39,12.054986
15:53:40,11.9836578
15:53:41,12.2486038
15:53:42,12.1150932
15:53:43,11.9643784
15:53:44,12.0071163
15:53:45,11.9427481
15:53:46,12.3518353
15:53:47,11.8440619
15:53:48,12.5549908
15:53:49,11.9584274
15:53:50,12.1046858
15:53:51,12.1851578
15:53:52,11.9929495
15:53:53,11.8168564
15:53:54,11.9480925
15:53:55,11.9453793
15:53:56,11.8392687
15:53:57,11.81881
15:53:58,11.9726
15:53:59,12.1653814
15:54:00,11.9395742
15:54:01,11.92467
15:54:02,11.9782648
15:54:03,12.1259565
15:54:04,11.9766741
15:54:05,12.0431156
15:54:06,12.1334324
15:54:07,12.0363827
15:54:08,11.8820438
15:54:09,11.9207506
15:54:10,12.1208792
15:54:11,11.938571
15:54:12,12.0988655
15:54:13,11.813652
15:54:14,12.1508217
15:54:15,12.0808849
15:54:16,11.9960337
15:54:17,12.0947342
15:54:18,11.8907833
15:54:19,12.0408154
15:54:20,11.7584286
15:54:21,12.1173763
15:54:22,11.9296312
15:54:23,11.9449549
15:54:24,12.0674047
15:54:25,11.6884489
15:54:26,11.8436785
15:54:27,12.0922289
15:54:28,11.9451332
15:54:29,12.2237177
15:54:30,12.0562611
15:54:31,12.004921
15:54:32,12.0640993
15:54:33,11.8947687
15:54:34,12.1341429
15:54:35,12.1633081
15:54:36,11.9336433
15:54:37,12.1475811
15:54:38,11.9860077
15:54:39,12.1007948
15:54:40,11.8118658
15:54:41,12.0296431
15:54:42,11.9867392
15:54:43,11.587491
15:54:44,11.935215
15:54:45,12.2106647
15:54:46,11.9623489
15:54:47,11.99739
15:54:48,11.7898273
15:54:49,12.1974926
15:54:50,12.0563107
15:54:52,11.8640251
15:54:53,11.999939
15:54:54,12.079442
15:54:55,12.0484934
15:54:56,11.9618626
15:54:57,11.9372911
15:54:58,11.8093262
15:54:59,11.9954405
15:55:00,12.1271524
15:55:01,12.070159
15:55:02,11.8575535
15:55:03,12.1572409
15:55:04,12.1529379
15:55:06,12.3278961
15:55:07,12.1071358
15:55:08,11.9454956
15:55:09,11.9706526
15:55:10,12.2892666
15:55:11,12.0331936
15:55:12,11.8682938
15:55:13,12.0429726
15:55:14,12.0496683
15:55:15,11.72141
15:55:16,12.5994148
15:55:17,11.8934593
15:55:18,11.9281521
15:55:19,11.7837124
15:55:20,12.1097851
15:55:21,12.002265
15:55:22,11.9423409
15:55:23,11.8241854
15:55:24,12.2880983
15:55:25,12.1663628
15:55:26,12.0168848
15:55:27,11.9106932
15:55:28,12.1926575
15:55:29,12.0321636
15:55:30,12.21365
15:55:31,12.1867275
15:55:32,12.1601086
15:55:33,11.8749323
15:55:34,11.9531775
15:55:35,12.23286
15:55:36,12.1323481
15:55:37,11.7364683
15:55:38,11.9178915
15:55:39,11.8953543
15:55:40,12.0119085
15:55:41,12.0153713
15:55:42,11.9096451
15:55:43,11.9846945
15:55:44,11.9631939
15:55:45,12.0336914
15:55:46,11.9076757
15:55:47,12.2154446
15:55:48,11.9762678
15:55:49,11.5960073
15:55:50,12.0794573
15:55:51,11.8793659
15:55:52,12.0538321
15:55:53,11.8276424
15:55:54,12.0887356
15:55:55,12.0250664
15:55:56,11.9846563
15:55:57,11.3241539
15:55:58,11.9242573
15:55:59,11.9444246
15:56:00,12.0277424
15:56:01,11.9861145
15:56:02,12.1822414
15:56:03,12.2687025
15:56:04,12.0951214
15:56:05,12.2083883
15:56:06,12.0873461
15:56:07,12.140975
15:56:08,12.6742411
15:56:09,11.76631
15:56:10,11.9640541
15:56:11,12.2774105
15:56:12,11.72665
15:56:13,11.9191036
15:56:14,12.098299
15:56:15,11.9266834
15:56:16,11.6867275
15:56:17,12.15435
15:56:18,11.8696165
15:56:19,11.7510042
15:56:20,12.0599394
15:56:21,12.1059608
15:56:22,12.0202694
15:56:23,11.8505154
15:56:24,11.8476906
15:56:25,11.83996
15:56:26,12.05607
15:56:27,12.0252066
15:56:28,12.0550613
15:56:29,12.097805
15:56:30,11.9491348
15:56:31,11.6417913
15:56:32,11.9461136
15:56:33,12.1404
15:56:34,11.9434528
15:56:35,12.1906614
15:56:36,12.2421694
15:56:37,12.3076706
15:56:38,12.2916908
15:56:39,11.9441957
15:56:40,11.8962336
15:56:41,12.3114777
15:56:42,11.9370575
15:56:43,11.9299765
15:56:44,12.0475445
15:56:45,11.8980389
15:56:46,12.3055658
15:56:47,11.9377222
15:56:48,11.8618965
15:56:49,11.8539648
15:56:50,12.0338984
15:56:51,11.8562727
15:56:52,11.881176
15:56:53,11.9925823
15:56:54,12.2070656
15:56:55,12.1365786
15:56:56,11.9035149
15:56:57,12.1746025
15:56:58,11.5218487
15:56:59,12.0408564
15:57:00,11.7426634
15:57:01,12.1992941
15:57:02,12.057415
15:57:03,11.8587217
15:57:04,12.0547924
15:57:05,12.1604757
15:57:06,11.67959
15:57:07,11.9341145
15:57:08,12.2310371
15:57:09,11.70508
15:57:10,11.8913765
15:57:11,12.5156879
15:57:12,11.8713617
15:57:13,11.8356237
15:57:14,12.5166187
15:57:15,12.0481033
15:57:16,12.0494127
15:57:17,11.6867828
15:57:18,12.0946388
15:57:19,11.8142014
15:57:20,11.7407217
15:57:21,11.9794388
15:57:22,12.0586147
15:57:23,12.2662449
15:57:24,11.439373
15:57:25,11.7562571
15:57:26,11.8755274
15:57:27,12.0614147
15:57:28,11.92003
15:57:29,11.8863134
15:57:30,11.8718405
15:57:31,12.0816965
15:57:32,12.0220795
15:57:33,11.7671175
15:57:34,12.0258989
15:57:35,12.1346264
15:57:36,11.9503508
15:57:37,11.9988384
15:57:38,12.1382389
15:57:39,12.2302256
15:57:40,12.0045557
15:57:41,11.7728062
15:57:42,11.81979
15:57:43,11.71927
15:57:44,12.2796888
15:57:45,11.9534044
15:57:46,12.1359673
15:57:47,11.8613729
15:57:48,11.9799156
15:57:49,11.7064209
15:57:50,12.31789
15:57:51,11.9470882
15:57:52,12.0581884
15:57:53,11.8464136
15:57:54,12.327302
15:57:55,11.8528652
15:57:56,11.8662128
15:57:57,11.7879915
15:57:58,12.0589256
15:57:59,11.9519978
15:58:00,12.0569773
15:58:01,11.8682966
15:58:02,12.0283413
15:58:03,12.0664625
15:58:04,12.13414
15:58:05,11.6282969
15:58:06,11.9998369
15:58:07,11.9334221
15:58:08,11.8785381
15:58:09,11.9838123
15:58:10,12.0465107
15:58:11,12.1423836
15:58:12,12.3200083
15:58:13,12.0556345
15:58:14,12.00934
15:58:15,11.94878
15:58:16,12.290308
15:58:17,11.6482553
15:58:18,11.9114218
15:58:19,12.0127029
15:58:20,12.1254749
15:58:21,11.745225
15:58:22,11.5158567
15:58:23,11.8044176
15:58:24,11.815546
15:58:25,11.9606857
15:58:26,11.7662
15:58:27,11.7292051
15:58:28,12.7307882
15:58:29,11.93284
15:58:30,11.8593082
15:58:31,12.1150665
15:58:32,11.8497829
15:58:33,11.9696722
15:58:34,12.0827475
15:58:35,11.8221807
15:58:36,11.7255745
15:58:37,11.9589081
15:58:38,12.0754166
15:58:39,11.92727
15:58:40,11.7989483
15:58:41,11.7892923
15:58:42,11.8608332
15:58:43,12.0318918
15:58:44,11.7581882
15:58:45,11.9866724
15:58:46,12.0273914
15:58:47,11.9808493
15:58:49,11.74677
15:58:50,11.9537945
15:58:51,11.8916426
15:58:52,12.0219355
15:58:53,11.8946142
15:58:54,11.9160566
15:58:55,11.9925385
15:58:56,12.0072937
15:58:57,11.9632139
15:58:58,11.9770041
15:58:59,12.1727018
15:59:00,11.9686747
15:59:01,12.0588856
15:59:02,12.001298
15:59:03,12.2839861
15:59:04,11.9980745
15:59:05,11.95911
15:59:06,12.110817
15:59:07,11.939291
15:59:08,12.174242
15:59:09,12.0555563
15:59:10,12.1533728
15:59:11,12.0388355
15:59:12,12.0794249
15:59:13,12.0088558
15:59:14,12.03929
15:59:15,11.7810049
15:59:16,12.0640507
15:59:17,12.1798
15:59:18,11.9136248
15:59:19,12.1983891
15:59:20,11.6009636
15:59:21,12.128686
15:59:22,11.9521322
15:59:23,12.0618362
15:59:24,11.9550133
15:59:25,11.8146143
15:59:26,12.0731716
15:59:27,12.1999559
15:59:28,12.0260563
15:59:29,12.2153244
15:59:30,12.0193853
15:59:31,11.7929
15:59:32,11.97519
15:59:33,11.9860916
15:59:34,11.8624744
15:59:35,12.1844864
15:59:36,11.8107138
15:59:37,12.0202522
15:59:38,12.0560274
15:59:39,12.0370111
15:59:40,12.1276884
15:59:41,12.240159
15:59:42,11.9535494
15:59:43,12.2723446
15:59:44,11.7030973
15:59:45,12.0933714
15:59:46,12.1677361
15:59:47,12.2882853
15:59:48,11.9501152
15:59:49,11.8248615
15:59:50,12.1114607
15:59:51,12.0295181
15:59:52,11.9713125
15:59:53,12.11874
15:59:54,11.9925423
15:59:55,12.1835976
15:59:56,12.0226326
15:59:57,11.9052782
15:59:58,12.1218243
15:59:59,12.0078335
16:00:00,11.9072208
16:00:01,12.1316805
16:00:02,11.7519665
16:00:03,11.9511194
16:00:04,12.1097374
16:00:05,12.0470457
16:00:06,11.9802008
16:00:07,12.2157192
16:00:08,12.14589
16:00:09,12.0544128
16:00:10,11.7901525
16:00:11,12.0416727
16:00:12,11.9247761
16:00:13,11.7445726
16:00:14,12.0343084
16:00:15,12.2197294
16:00:16,12.2605972
16:00:17,12.1225014
16:00:18,12.1270313
16:00:19,12.0913305
16:00:20,11.7681084
16:00:21,12.0852051
16:00:22,11.7681465
16:00:23,12.2962465
16:00:24,11.7442474
16:00:25,11.832963
16:00:26,11.9304276
16:00:27,11.8687487
16:00:28,11.8497553
16:00:29,11.8634443
16:00:30,11.9605122
16:00:31,11.7367907
16:00:32,12.1400585
16:00:33,11.9775162
16:00:34,12.2330828
16:00:35,11.9869909
16:00:36,12.08202
16:00:37,11.5498714
16:00:38,11.8325109
16:00:39,12.181838
16:00:40,11.71235
16:00:41,12.4913731
16:00:42,11.7312746
16:00:43,11.9178391
16:00:44,11.6831779
16:00:45,12.2090807
16:00:46,11.8198366
16:00:47,12.0566988
16:00:48,12.6720867
16:00:49,11.8408127
16:00:50,12.0737791
16:00:51,12.0526209
16:00:52,11.7960587
16:00:53,11.7446222
16:00:54,12.0062819
16:00:55,11.8597746
16:00:56,12.0116739
16:00:57,12.0110283
16:00:58,12.00109
16:00:59,12.1958618
16:01:00,12.1964111
16:01:01,11.710803
16:01:02,11.94268
16:01:03,11.9840288
16:01:04,11.6988945
16:01:05,11.9566555
16:01:06,11.7564611
16:01:07,12.2461643
16:01:08,11.9674444
16:01:09,11.9243994
16:01:10,11.6222839
16:01:11,12.18425
16:01:12,11.941597
16:01:13,12.0636787
16:01:14,11.6433716
16:01:15,11.8145733
16:01:16,12.1376562
16:01:17,12.09272
16:01:18,11.8027744
16:01:19,12.0005789
16:01:20,11.8818035
16:01:21,12.3959913
16:01:22,12.0966969
16:01:23,12.1935091
16:01:24,12.1023636
16:01:25,11.68584
16:01:26,11.8990746
16:01:27,12.3143454
16:01:28,12.1589661
16:01:29,12.05903
16:01:30,12.1341438
16:01:31,11.9245739
16:01:32,11.8412132
16:01:33,11.7524042
16:01:34,12.0655117
16:01:35,11.9734421
16:01:36,11.9281435
16:01:37,11.8763027
16:01:38,11.6745882
16:01:39,12.3022995
16:01:40,11.800746
16:01:41,12.1605415
16:01:42,11.6544676
16:01:43,12.1973391
16:01:44,11.9965973
16:01:45,11.7636642
16:01:46,12.27486
16:01:47,11.9620981
16:01:48,12.08491
16:01:49,11.9661121
16:01:50,11.8758841
16:01:51,11.997406
16:01:52,11.7222481
16:01:53,11.8891487
16:01:54,12.1113958
16:01:55,11.74566
16:01:56,11.8310156
16:01:57,12.2557487
16:01:58,12.0950489
16:01:59,11.8141556
16:02:00,11.920042
16:02:01,11.9384613
16:02:02,12.0971346
16:02:03,11.7634487
16:02:04,11.7730217
16:02:05,12.1077642
16:02:06,11.806839
16:02:07,11.919383
16:02:08,11.9339571
16:02:09,11.9589176
16:02:10,12.2761345
16:02:11,12.0292349
16:02:12,11.9652252
16:02:13,11.9204035
16:02:14,12.0557
16:02:15,11.9433231
16:02:16,11.8899708
16:02:17,11.8086
16:02:18,11.9376535
16:02:19,12.1263552
16:02:20,11.95666
16:02:21,12.0310116
16:02:22,12.0192575
16:02:23,12.0184059
16:02:24,11.9498987
16:02:25,11.7315722
16:02:26,11.8962765
16:02:27,12.1051826
16:02:28,12.4058218
16:02:29,11.6820564
16:02:30,11.8066788
16:02:31,11.9605951
16:02:32,12.0758486
16:02:33,11.9756374
16:02:34,12.0502205
16:02:35,12.0571795
16:02:36,12.0068846
16:02:37,12.2265625
16:02:38,12.2242889
16:02:39,11.717721
16:02:40,12.0926542
16:02:41,12.106143
16:02:42,11.8752012
16:02:43,12.1635723
16:02:45,11.7449665
16:02:46,11.8210917
16:02:47,12.1369324
16:02:48,11.8820915
16:02:49,12.066433
16:02:50,11.8979445
16:02:51,11.8469648
16:02:52,12.022913
16:02:53,11.8908463
16:02:54,12.1187334
16:02:55,11.6842833
16:02:56,11.9556885
16:02:57,11.3993549
16:02:58,12.1697178
16:02:59,11.88277
16:03:00,12.2100534
16:03:01,12.2214022
16:03:02,11.825942
16:03:03,11.9256229
16:03:04,12.03194
16:03:05,12.10325
16:03:06,11.8866091
16:03:07,12.1059971
16:03:08,12.4097233
16:03:09,12.16346
16:03:10,12.0975513
16:03:11,12.0760908
16:03:12,11.7822695
16:03:13,12.0832
16:03:14,12.1871643
16:03:15,12.0274668
16:03:16,11.8552456
16:03:17,12.0474062
16:03:18,12.0285521
16:03:19,12.0614471
16:03:20,11.8284016
16:03:21,12.0138731
16:03:22,12.3589106
16:03:23,12.0033321
16:03:24,11.9484739
16:03:25,11.8586884
16:03:26,12.0453539
16:03:27,11.9965439
16:03:28,12.1023817
16:03:29,12.104744
16:03:30,12.1090193
16:03:31,12.0615015
16:03:32,12.0080929
16:03:33,12.0543108
16:03:34,12.0208511
16:03:35,11.9491158
16:03:36,12.1489944
16:03:37,11.9954157
16:03:38,12.20205
16:03:39,12.1898146
16:03:40,11.6449823
16:03:41,12.3990993
16:03:42,11.7628946
16:03:43,11.9211092
16:03:44,11.88574
16:03:45,11.9244156
16:03:46,11.9883823
16:03:47,11.8044338
16:03:48,11.9923487
16:03:49,12.0943279
16:03:50,12.2350712
16:03:51,11.9964132
16:03:52,12.2283125
16:03:53,11.7477713
16:03:54,11.7393312
16:03:55,12.092186
16:03:56,12.0741463
16:03:57,12.021019
16:03:58,12.0315962
16:03:59,12.1049824
16:04:00,12.1735134
16:04:01,11.8661308
16:04:02,11.9716978
16:04:03,11.7855215
16:04:04,12.1871386
16:04:05,12.1446638
16:04:06,11.9427671
16:04:07,12.1918058
16:04:08,11.8209391
16:04:09,12.1181746
16:04:10,12.05277
16:04:11,12.3011723
16:04:12,11.9067574
16:04:13,11.9969358
16:04:14,12.0629511
16:04:15,11.8943558
16:04:16,11.9166546
16:04:17,11.8132372
16:04:18,12.1671934
16:04:19,11.9486408
16:04:20,12.3442307
16:04:21,11.9017925
16:04:22,12.1236715
16:04:23,11.81608
16:04:24,12.0206585
16:04:25,11.9201384
16:04:26,12.1083469
16:04:27,11.9260683
16:04:28,11.8819494
16:04:29,12.1382122
16:04:30,11.8842182
16:04:31,12.2542505
16:04:32,12.0244665
16:04:33,12.1664686
16:04:34,12.1153288
16:04:35,11.8162384
16:04:36,12.0420637
16:04:37,11.788187
16:04:38,11.9171209
16:04:39,11.9440069
16:04:40,12.110899
16:04:41,12.0021372
16:04:42,11.8844366
16:04:43,12.1005335
16:04:44,12.0863314
16:04:45,12.5792036
16:04:46,11.6454592
16:04:47,12.1769447
16:04:48,11.7507086
16:04:49,11.9676342
16:04:51,12.1161928
16:04:52,12.0260105
16:04:53,11.9452667
16:04:54,12.183651
16:04:55,12.1161222
16:04:56,11.8184252
16:04:57,11.9323788
16:04:58,11.9225035
16:04:59,12.0502653
16:05:00,12.0013895
16:05:01,12.0780783
16:05:02,11.9677162
16:05:03,12.2328367
16:05:04,11.8145514
16:05:05,12.337882
16:05:06,11.8454266
16:05:07,12.0214767
16:05:08,12.1047792
16:05:09,11.9336529
16:05:10,11.9927511
16:05:11,12.0352373
16:05:12,11.8364763
16:05:13,12.3306913
16:05:14,12.1466961
16:05:15,12.2437811
16:05:16,11.7630644
16:05:17,11.9307652
16:05:18,11.4290438
16:05:19,12.0955362
16:05:20,12.2238045
16:05:21,12.07173
16:05:22,12.0868464
16:05:23,12.0688944
16:05:24,12.19973
16:05:25,11.9654312
16:05:26,11.9118223
16:05:27,12.2672215
16:05:28,12.0393152
16:05:29,12.323658
16:05:30,11.9343872
16:05:31,12.122015
16:05:32,11.721509
16:05:33,12.013958
16:05:34,12.1693335
16:05:35,11.9704514
16:05:36,11.9667187
16:05:37,12.0740986
16:05:38,11.903223
16:05:39,12.1318512
16:05:40,11.96097
16:05:41,12.2161055
16:05:42,12.18487
16:05:43,12.1204052
16:05:44,12.2050781
16:05:45,12.0702
16:05:46,11.9882078
16:05:47,11.95318
16:05:48,11.9407234
16:05:49,12.0601807
16:05:50,11.9487219
16:05:52,12.2953043
16:05:53,12.2380352
16:05:54,12.0031319
16:05:55,12.0137157
16:05:56,12.0771132
16:05:57,11.9785252
16:05:58,11.8247528
16:05:59,11.9664183
16:06:00,11.7993965
16:06:01,11.8852015
16:06:02,12.1115456
16:06:03,11.7224445
16:06:04,12.0728512
16:06:05,11.7416
16:06:06,11.8999538
16:06:07,12.2269192
16:06:08,11.9736147
16:06:09,12.0439377
16:06:10,11.9022064
16:06:11,12.0828123
16:06:12,11.9705935
16:06:13,11.9932785
16:06:14,11.8016949
16:06:15,12.0096684
16:06:16,12.2718792
16:06:17,12.26847
16:06:18,11.8140182
16:06:19,11.8592682
16:06:20,12.129734
16:06:21,12.0126724
16:06:23,12.2431946
16:06:24,12.2686949
16:06:25,11.8811378
16:06:27,12.1089964
16:06:29,12.210681
16:06:30,12.3219643
16:06:31,12.2043371
16:06:32,12.0216951
16:06:33,12.2763176
16:06:34,11.8335619
16:06:35,12.0745239
16:06:36,11.9517326
16:06:37,11.89494
16:06:38,11.9398985
16:06:39,12.0067511
16:06:40,11.9567595
16:06:41,11.821722
16:06:42,12.1088982
16:06:43,11.9421434
16:06:44,11.9869995
16:06:45,11.9339762
16:06:46,11.819437
16:06:47,11.8349581
16:06:48,11.93382
16:06:49,11.9861422
16:06:50,12.0142937
16:06:51,12.0035343
16:06:52,12.104846
16:06:53,12.0677986
16:06:54,11.6458759
16:06:55,11.8291941
16:06:56,11.9198351
16:06:57,12.0491362
16:06:58,12.1377773
16:06:59,11.8866529
16:07:00,11.8416309
16:07:01,11.8592138
16:07:02,12.0733519
16:07:03,12.0306044
16:07:04,11.791811
16:07:05,11.9265194
16:07:06,12.2311935
16:07:07,11.831852
16:07:08,12.1596222
16:07:09,12.0221882
16:07:10,12.0910759
16:07:11,12.0471649
16:07:12,12.034296
16:07:13,11.984561
16:07:14,11.8991976
16:07:15,11.99325
16:07:16,12.0100861
16:07:17,11.96029
16:07:18,12.1888771
16:07:19,12.02727
16:07:20,12.05884
16:07:21,12.2308054
16:07:22,11.5821934
16:07:23,12.2996387
16:07:24,11.9162626
16:07:25,12.17872
16:07:26,12.1331348
16:07:27,11.692049
16:07:28,11.9474392
16:07:29,11.9774361
16:07:30,12.1055784
16:07:31,11.8323622
16:07:32,11.9179506
16:07:33,12.1805534
16:07:34,12.050499
16:07:35,12.0950556
16:07:36,12.3246422
16:07:37,11.5742741
16:07:38,11.9537487
16:07:39,12.3499441
16:07:40,12.1973257
16:07:41,11.7007151
16:07:42,12.125535
16:07:43,12.2189569
16:07:44,12.16296
16:07:45,11.8006916
16:07:46,11.9035845
16:07:47,12.3052607
16:07:48,12.0856676
16:07:49,11.8414373
16:07:50,11.9546032
16:07:51,12.1662149
16:07:52,12.39591
16:07:53,11.6482038
16:07:54,12.0802183
16:07:55,11.7162571
16:07:56,12.1521492
16:07:57,12.2144146
16:07:58,11.8059464
16:07:59,11.94128
16:08:00,11.9119482
16:08:01,12.1589184
16:08:02,12.203043
16:08:03,12.1263523
16:08:04,11.846343
16:08:05,11.8908415
16:08:06,12.1677217
16:08:07,12.1967459
16:08:08,11.7345037
16:08:09,12.2189417
16:08:10,12.0018349
16:08:11,11.9181709
16:08:12,12.2149725
16:08:13,12.1066523
16:08:14,11.9769354
16:08:15,12.1294355
16:08:16,11.9502192
16:08:17,11.9389572
16:08:18,11.895072
16:08:19,12.1706123
16:08:20,11.7614737
16:08:21,12.1742325
16:08:22,12.0985451
16:08:23,12.2139654
16:08:24,12.2620144
16:08:25,11.6784725
16:08:26,11.7127686
16:08:27,11.9183292
16:08:28,12.5079556
16:08:29,11.9635363
16:08:30,11.8765373
16:08:31,12.0723581
16:08:32,11.74235
16:08:33,11.8259211
16:08:34,12.0013161
16:08:35,11.988903
16:08:36,12.2009
16:08:37,11.9055061
16:08:38,11.815671
16:08:39,11.8909121
16:08:40,11.8995981
16:08:41,12.0103683
16:08:42,12.0284624
16:08:43,12.092802
16:08:44,12.1738253
16:08:45,11.9108267
16:08:46,11.9898872
16:08:47,11.9388065
16:08:48,11.8269892
16:08:49,12.1288376
16:08:50,11.96535
16:08:51,12.0354233
16:08:52,11.9524479
16:08:53,11.593811
16:08:54,12.1679583
16:08:55,12.0410786
16:08:56,12.4811325
16:08:57,12.1223907
16:08:58,12.1387253
16:08:59,12.0529127
16:09:00,11.8776636
16:09:01,12.0391436
16:09:02,11.8920307
16:09:04,12.0617208
16:09:05,11.9977074
16:09:06,11.7417412
16:09:07,11.853013
16:09:08,12.3142748
16:09:09,12.2015839
16:09:10,12.0143385
16:09:11,11.9306936
16:09:12,11.6835718
16:09:13,11.7415943
16:09:14,11.9662933
16:09:15,11.6660662
16:09:16,11.9620142
16:09:17,12.2619228
16:09:18,12.0358524
16:09:19,12.0586271
16:09:20,11.9847164
16:09:21,12.0710669
16:09:22,12.04576
16:09:23,11.6966953
16:09:24,12.12829
16:09:25,12.0262423
16:09:26,12.2344408
16:09:27,12.0311708
16:09:28,12.1792555
16:09:29,11.6557989
16:09:30,11.8821211
16:09:31,12.1351976
16:09:32,12.0958767
16:09:33,12.154604
16:09:34,12.15165
16:09:35,11.82974
16:09:36,11.9792194
16:09:37,11.6883688
16:09:38,11.8858442
16:09:39,12.0285292
16:09:40,12.3664331
16:09:41,11.7229719
16:09:42,12.0777912
16:09:43,12.1618977
16:09:44,11.7984476
16:09:45,11.8005266
16:09:46,11.8942537
16:09:47,12.164628
16:09:48,12.4695549
16:09:49,11.9824409
16:09:50,11.9142036
16:09:51,11.6817684
16:09:52,11.5842228
16:09:53,11.8826838
16:09:54,12.08764
16:09:55,11.9088984
16:09:56,11.9471779
16:09:57,11.6042967
16:09:58,12.1131229
16:09:59,11.921155
16:10:00,12.1296759
16:10:01,12.0596056
16:10:02,12.062623
16:10:03,12.1666994
16:10:04,12.0526609
16:10:05,12.1820526
16:10:06,11.7822895
16:10:07,12.3817768
16:10:08,12.2425337
16:10:09,12.0647144
16:10:10,11.9983282
16:10:11,11.9080906
16:10:12,11.9333925
16:10:13,11.91681
16:10:14,11.8874922
16:10:15,11.9598789
16:10:16,11.7788515
16:10:17,12.1045933
16:10:18,11.9029713
16:10:19,12.0873833
16:10:20,12.1498489
16:10:21,11.9267578
16:10:22,12.0493546
16:10:23,11.8934975
16:10:24,12.0703354
16:10:25,11.7886724
16:10:26,12.0233526
16:10:27,12.0016184
16:10:28,11.8637857
16:10:29,12.08407
16:10:30,11.9613867
16:10:31,11.8688622
16:10:32,12.3527937
16:10:33,11.5880632
16:10:34,11.7805109
16:10:35,12.3017693
16:10:36,11.9178171
16:10:37,11.8626728
16:10:38,12.0905495
16:10:39,12.19876
16:10:40,12.0192909
16:10:41,12.3215923
16:10:42,11.9926968
16:10:43,12.1275826
16:10:44,12.0796032
16:10:45,12.107687
16:10:46,12.1491995
16:10:47,12.0790691
16:10:48,12.2456942
16:10:49,12.2856522
16:10:50,11.7964106
16:10:52,12.1333914
16:10:53,11.79412
16:10:54,11.84651
16:10:55,11.87235
16:10:56,12.0422659
16:10:57,11.9974318
16:10:58,12.02652
16:10:59,11.9262514
16:11:00,12.1764231
16:11:01,12.0202818
16:11:02,12.0394583
16:11:03,11.8404293
16:11:04,11.8831663
16:11:05,11.8614511
16:11:06,12.1980753
16:11:07,11.8957253
16:11:08,12.0677023
16:11:09,11.9312506
16:11:10,12.0550365
16:11:11,11.9250135
16:11:12,11.9759874
16:11:13,11.7538595
16:11:14,12.0949154
16:11:15,12.2320662
16:11:17,12.0474577
16:11:19,11.8125772
16:11:20,12.0919218
16:11:21,12.0424089
16:11:22,11.9622507
16:11:23,12.1719351
16:11:24,11.7522249
16:11:25,11.67759
16:11:26,12.1864719
16:11:27,11.79568
16:11:28,12.0086336
16:11:29,11.7872219
16:11:30,12.1336355
16:11:31,12.3175011
16:11:32,12.0560617
16:11:33,11.9892187
16:11:34,11.6500378
16:11:35,12.0390358
16:11:36,12.252717
16:11:37,11.8817949
16:11:38,11.925106
16:11:39,12.0064383
16:11:40,12.1897125
16:11:41,11.8373833
16:11:42,11.9095917
16:11:43,11.8519335
16:11:44,11.5875063
16:11:45,12.0725555
16:11:46,12.1200724
16:11:47,12.0414629
16:11:48,12.2568312
16:11:49,11.9469767
16:11:50,11.9351654
16:11:51,12.1145754
16:11:52,11.9938221
16:11:53,11.8131037
16:11:54,12.0372753
16:11:55,11.9372463
16:11:56,11.9633646
16:11:57,11.8238916
16:11:58,12.0211849
16:11:59,11.9869394
16:12:00,11.9400368
16:12:01,11.9544535
16:12:02,11.967288
16:12:03,12.19452
16:12:04,12.0103512
16:12:05,12.0185108
16:12:06,11.971838
16:12:07,11.8646011
16:12:08,11.9374075
16:12:09,11.9316912
16:12:10,11.93468
16:12:11,11.9015865
16:12:12,11.6941137
16:12:13,11.9685316
16:12:14,12.1746807
16:12:15,11.9419508
16:12:16,12.0245247
16:12:17,11.5761089
16:12:18,11.9264708
16:12:19,12.1636333
16:12:20,12.3484392
16:12:21,12.1707382
16:12:22,11.7857828
16:12:23,12.105793
16:12:24,12.0383
16:12:25,12.069519
16:12:26,11.9416618
16:12:27,11.9408655
16:12:28,11.8827457
16:12:29,12.2058525
16:12:30,12.1816206
16:12:31,12.1277685
16:12:32,11.8451929
16:12:33,12.0637026
16:12:34,11.9304819
16:12:35,11.7873878
16:12:36,12.0640335
16:12:37,11.9357491
16:12:38,12.0388489
16:12:39,11.9635448
16:12:40,11.9229431
16:12:41,11.871768
16:12:42,12.0729647
16:12:43,12.1104317
16:12:44,11.9189873
16:12:45,12.4026222
16:12:46,11.6246319
16:12:47,12.1141462
16:12:48,11.9899054
16:12:49,10.7148943
16:12:50,11.2771673
16:12:51,12.7502012
16:12:52,14.6805267
16:12:53,12.1458073
16:12:54,11.7459908
16:12:55,12.1121979
16:12:56,11.96235
16:12:57,12.2536144
16:12:58,11.9143715
16:12:59,11.9191761
16:13:00,11.8331881
16:13:01,11.7983789
16:13:02,11.8428631
16:13:03,12.1661634
16:13:04,11.9892216
16:13:05,11.8004494
16:13:06,12.0473452
16:13:07,12.14586
16:13:08,11.9486847
16:13:09,12.2041588
16:13:10,11.9049978
16:13:11,11.8461494
16:13:12,11.71247
16:13:13,12.2055807
16:13:14,11.69696
16:13:15,12.1083546
16:13:16,11.6662636
16:13:17,12.0541391
16:13:18,11.9910479
16:13:19,12.00407
16:13:20,11.9423552
16:13:21,11.9816093
16:13:22,12.4438276
16:13:23,12.0627851
16:13:24,11.7977943
16:13:25,11.854661
16:13:26,11.8347359
16:13:27,12.3204632
16:13:28,12.0107155
16:13:29,11.8194151
16:13:30,11.9728413
16:13:31,12.1113243
16:13:32,12.0740967
16:13:33,11.7475653
16:13:34,11.9642353
16:13:35,11.8793755
16:13:36,12.0125837
16:13:37,11.9294014
16:13:38,11.84102
16:13:39,11.9868336
16:13:40,11.8599138
16:13:41,12.02391
16:13:42,11.8412647
16:13:43,12.0170708
16:13:44,11.8241758
16:13:45,12.069191
16:13:46,11.985939
16:13:47,12.1082945
16:13:48,12.1857471
16:13:49,12.2481661
16:13:50,11.8944569
16:13:52,12.1219444
16:13:53,12.70918
16:13:54,11.8024
16:13:55,12.2600393
16:13:56,11.5757284
16:13:57,11.992939
16:13:58,12.0603857
16:13:59,12.1917448
16:14:00,11.9111681
16:14:01,11.8547373
16:14:02,11.8708906
16:14:03,12.0036526
16:14:04,11.97858
16:14:05,12.0094347
16:14:06,12.0515842
16:14:07,12.03194
16:14:08,12.1041479
16:14:09,11.90643
16:14:10,12.0001259
16:14:11,11.9084616
16:14:12,11.8080225
16:14:13,11.9664717
16:14:14,11.6941643
16:14:15,11.9659119
16:14:16,12.1778326
16:14:17,12.1233339
16:14:18,12.1294756
16:14:19,11.9480715
16:14:20,12.2583694
16:14:21,12.1450129
16:14:22,11.9174137
16:14:23,11.8748035
16:14:24,11.9174595
16:14:26,11.8041763
16:14:27,12.0180626
16:14:28,12.1563311
16:14:29,11.7737494
16:14:30,12.1580524
16:14:31,12.2516384
16:14:32,11.8318958
16:14:33,11.999795
16:14:34,11.8827744
16:14:35,12.0272455
16:14:36,11.9685183
16:14:37,12.048748
16:14:38,11.87289
16:14:39,12.0460091
16:14:40,12.1251316
16:14:41,12.2561541
16:14:42,11.9321823
16:14:43,12.1987247
16:14:44,11.9862328
16:14:45,11.9106264
16:14:46,11.8788233
16:14:47,12.0454569
16:14:48,12.0188065
16:14:49,12.0366411
16:14:50,11.8802
16:14:51,12.3843231
16:14:52,11.8715353
16:14:53,11.74972
16:14:54,11.8786793
16:14:55,11.5845537
16:14:56,11.96811
16:14:57,11.9848909
16:14:58,12.0229645
16:14:59,12.135128
16:15:00,11.9072437
16:15:01,11.9458017
16:15:02,11.3218155
16:15:03,12.1725245
16:15:04,11.9504318
16:15:05,12.3614454
16:15:06,12.0467911
16:15:07,12.16548
16:15:08,12.1984491
16:15:09,11.7801142
16:15:10,12.0329742
16:15:11,12.1392889
16:15:12,12.3543243
16:15:13,12.12296
16:15:14,12.13095
16:15:15,12.354413
16:15:16,11.7094774
16:15:17,11.94585
16:15:18,12.0195522
16:15:19,11.8321409
16:15:20,11.8515272
16:15:21,11.9350576
16:15:22,12.3455858
16:15:23,11.6947222
16:15:24,12.0725164
16:15:25,11.8625145
16:15:26,12.0828066
16:15:27,12.0069933
16:15:28,11.9310265
16:15:29,12.0976057
16:15:30,12.2280025
16:15:31,12.0350723
16:15:32,12.1804972
16:15:33,11.9438028
16:15:34,11.8448048
16:15:35,12.1031675
16:15:36,11.8325233
16:15:37,11.9967232
16:15:38,12.0977478
16:15:39,12.0322285
16:15:40,12.2025137
16:15:41,12.0101786
16:15:42,11.920783
16:15:43,11.914525
16:15:44,12.095377
16:15:45,11.7991953
16:15:46,12.1885757
16:15:47,12.1718435
16:15:48,11.8107767
16:15:49,11.9314032
16:15:50,12.1985474
16:15:51,11.9434156
16:15:52,12.0328655
16:15:53,11.68986
16:15:54,11.8443623
16:15:55,11.9058428
16:15:56,12.0884295
16:15:57,12.1419239
16:15:58,12.3352213
16:15:59,11.9361773
16:16:00,12.0982437
16:16:01,11.9404449
16:16:02,12.0109339
16:16:03,11.8276749
16:16:04,12.065115
16:16:05,12.0416164
16:16:06,11.8742294
16:16:07,11.9795809
16:16:08,12.13224
16:16:09,11.9519253
16:16:10,12.11648
16:16:11,12.1480017
16:16:12,11.9471121
16:16:13,12.1969795
16:16:14,11.8780766
16:16:15,11.9449844
16:16:16,11.9860449
16:16:17,12.0059662
16:16:18,11.8062248
16:16:19,12.123065
16:16:20,11.9422789
16:16:21,12.1028585
16:16:22,12.1108208
16:16:23,11.9321318
16:16:24,12.1677608
16:16:25,11.8874655
16:16:26,12.1260414
16:16:27,12.0212879
16:16:28,11.9187069
16:16:29,12.161521
16:16:30,11.9457483
16:16:31,12.1047459
16:16:32,11.9337177
16:16:33,12.1552181
16:16:34,12.13996
16:16:35,11.943881
16:16:36,11.8956909
16:16:37,12.1066875
16:16:38,12.0565662
16:16:39,11.7127247
16:16:40,12.2865648
16:16:41,11.93492
16:16:42,12.0025911
16:16:43,11.8998156
16:16:44,11.7986574
16:16:45,12.1185122
16:16:46,12.0425959
16:16:47,12.0696754
16:16:48,12.1176262
16:16:49,12.1131659
16:16:50,11.88355
16:16:52,11.9051495
16:16:53,12.2891083
16:16:54,11.7742338
16:16:55,11.6596355
16:16:56,12.0051279
16:16:57,12.14029
16:16:58,11.8653
16:16:59,11.9699421
16:17:00,11.8614674
16:17:01,11.9354191
16:17:02,11.8626289
16:17:03,11.9859715
16:17:04,12.0766687
16:17:05,12.2453108
16:17:06,11.9934788
16:17:07,11.9986391
16:17:08,11.9278078
16:17:09,11.5599937
16:17:10,12.1923
16:17:11,12.0418234
16:17:12,11.8565264
16:17:13,12.0302019
16:17:14,12.102931
16:17:15,12.0128479
16:17:16,11.8971062
16:17:17,11.8250427
16:17:18,12.21239
16:17:19,12.23464
16:17:20,11.8064079
16:17:21,11.5732422
16:17:22,12.0883846
16:17:23,11.9669027
16:17:24,12.1805258
16:17:25,12.1113262
16:17:26,11.8601131
16:17:27,12.1554976
16:17:28,12.0786514
16:17:29,12.1238184
16:17:30,11.8697195
16:17:31,11.9021835
16:17:32,12.8453388
16:17:33,11.7899656
16:17:34,12.0286388
16:17:35,11.9423952
16:17:36,11.9005842
16:17:37,11.7574539
16:17:38,11.92197
16:17:39,11.8878269
16:17:40,11.9322605
16:17:41,11.7419338
16:17:42,12.2212515
16:17:43,11.8831549
16:17:45,12.0648727
16:17:46,12.0932779
16:17:48,11.6603355
16:17:50,11.7677393
16:17:52,12.0828638
16:17:53,12.0059433
16:17:54,12.0247364
16:17:55,11.8869429
16:17:56,11.9419727
16:17:58,11.9938917
16:17:59,11.8732195
16:18:00,12.1781845
16:18:01,11.8890295
16:18:02,11.9345026
16:18:03,11.9843273
16:18:04,11.5985126
16:18:05,11.923851
16:18:06,11.7125921
16:18:07,11.9042721
16:18:08,12.0416889
16:18:09,12.1495247
16:18:10,11.9598112
16:18:11,12.0532589
16:18:12,12.135335
16:18:13,12.0819635
16:18:14,11.9237957
16:18:15,12.2055836
16:18:16,12.174633
16:18:17,11.9274311
16:18:18,11.9669838
16:18:19,11.9014215
16:18:20,11.99678
16:18:21,12.139101
16:18:22,11.9985285
16:18:23,12.0063486
16:18:24,12.0899525
16:18:25,11.7806005
16:18:26,11.8586893
16:18:27,11.8402081
16:18:28,12.1234684
16:18:29,12.158534
16:18:30,11.8347588
16:18:31,12.6623755
16:18:32,11.8558178
16:18:33,11.7211742
16:18:34,12.0252371
16:18:35,12.07105
16:18:36,12.2384672
16:18:37,12.1351891
16:18:38,12.0756092
16:18:39,12.1988745
16:18:40,11.7906542
16:18:41,12.1890326
16:18:42,11.8849049
16:18:43,11.9930725
16:18:44,12.1876459
16:18:45,12.0286512
16:18:46,12.0969877
16:18:47,12.0797663
16:18:48,11.9126225
16:18:49,11.8404045
16:18:50,11.8567753
16:18:51,12.1876287
16:18:52,12.072506
16:18:53,11.92872
16:18:54,12.0044489
16:18:55,11.7148981
16:18:56,11.805295
16:18:57,12.2272091
16:18:58,11.7833223
16:18:59,11.9405317
16:19:00,12.0521889
16:19:01,11.8520651
16:19:02,11.9471731
16:19:03,12.2006693
16:19:04,12.1779242
16:19:05,11.9206991
16:19:06,11.7968779
16:19:07,11.9028473
16:19:08,11.9445591
16:19:09,12.1635942
16:19:10,11.6534567
16:19:11,11.9592419
16:19:12,11.7867842
16:19:13,12.1861486
16:19:14,12.4897928
16:19:15,11.7801981
16:19:16,12.0616112
16:19:17,12.0428066
16:19:18,11.9147072
16:19:19,11.9487514
16:19:20,11.8280382
16:19:21,12.17597
16:19:22,11.8044186
16:19:23,11.99299
16:19:24,11.9156637
16:19:25,12.0182552
16:19:26,11.9971008
16:19:27,12.0506992
16:19:28,11.9396133
16:19:29,12.1229467
16:19:30,11.8916531
16:19:31,12.0904922
16:19:32,11.8072052
16:19:33,11.9991865
16:19:34,12.1142988
16:19:35,11.7163877
16:19:36,12.00972
16:19:37,11.671443
16:19:38,12.1255445
16:19:39,11.9930859
16:19:40,12.0805082
16:19:41,11.15953
16:19:42,11.822197
16:19:43,12.0954828
16:19:44,11.8628492
16:19:45,12.3232908
16:19:46,12.240036
16:19:47,11.7701931
16:19:48,11.89744
16:19:49,11.9047947
16:19:50,11.9789267
16:19:51,12.0097036
16:19:52,11.9317284
16:19:53,12.178071
16:19:54,12.0480576
16:19:55,12.014554
16:19:56,11.6935539
16:19:57,11.5963316
16:19:58,11.8445606
16:19:59,11.7031584
16:20:00,12.3020945
16:20:01,11.627902
16:20:02,11.8103886
16:20:03,11.8285055
16:20:04,12.1826019
16:20:05,12.1462946
16:20:06,12.0678511
16:20:07,12.0077744
16:20:08,11.9630337
16:20:09,11.9526587
16:20:10,12.1198683
16:20:11,12.0548983
16:20:12,11.9247789
16:20:13,11.975832
16:20:14,12.0438852
16:20:15,12.3698559
16:20:16,12.1887388
16:20:17,11.8867931
16:20:18,12.0938416
16:20:19,12.2621031
16:20:20,11.8982973
16:20:21,12.1308451
16:20:22,12.120019
16:20:23,12.0058193
16:20:24,12.1020527
16:20:25,11.914072
16:20:26,11.9333553
16:20:27,11.936101
16:20:28,11.9085321
16:20:29,11.8461256
16:20:30,11.9968328
16:20:31,12.0638371
16:20:32,11.9358978
16:20:33,11.9334831
16:20:34,11.9105616
16:20:35,11.92134
16:20:36,11.6028767
16:20:37,12.0040722
16:20:38,12.2278013
16:20:39,11.9026785
16:20:40,12.0138788
16:20:41,12.0932245
16:20:42,12.1374731
16:20:43,12.135747
16:20:44,12.0766249
16:20:45,12.1235762
16:20:47,11.9029655
16:20:48,12.2926455
16:20:50,11.6553507
16:20:51,11.9372053
16:20:52,11.9398069
16:20:53,12.2215357
16:20:54,11.8104029
16:20:55,11.7421131
16:20:56,11.793437
16:20:57,11.909586
16:20:58,11.7963581
16:20:59,11.9155121
16:21:00,11.83761
16:21:01,12.1371307
16:21:02,12.1245251
16:21:03,12.2495651
16:21:04,12.1641111
16:21:05,11.9341755
16:21:06,11.8669519
16:21:07,12.1533127
16:21:08,11.7622519
16:21:09,12.156641
16:21:10,12.1995554
16:21:11,12.0667381
16:21:12,11.9258852
16:21:13,12.044199
16:21:14,12.1152372
16:21:15,11.8100119
16:21:16,11.9229355
16:21:17,11.7817287
16:21:18,12.111763
16:21:19,12.0276966
16:21:20,12.0258722
16:21:21,11.957798
16:21:22,11.8330545
16:21:23,12.1042395
16:21:24,12.1580372
16:21:25,11.74781
16:21:26,11.978323
16:21:27,11.8331347
16:21:28,12.19516
16:21:29,12.1416445
16:21:30,12.0889235
16:21:31,12.01357
16:21:32,11.9629879
16:21:33,12.2104759
16:21:34,11.8426332
16:21:35,12.065383
16:21:36,11.86501
16:21:37,11.9402761
16:21:38,12.2676592
16:21:39,11.9300051
16:21:40,11.9760666
16:21:41,12.0399656
16:21:42,11.9274349
16:21:43,11.9129734
16:21:44,12.1646023
16:21:45,11.9118128
16:21:46,12.0916805
16:21:47,12.0206423
16:21:48,11.8460083
16:21:49,12.0303535
16:21:50,11.925993
16:21:51,12.0788069
16:21:52,11.569768
16:21:53,11.844945
16:21:54,12.2364416
16:21:55,11.9886627
16:21:56,11.829483
16:21:57,12.0127039
16:21:58,11.9364128
16:21:59,12.3432112
16:22:00,11.9528627
16:22:01,12.2610388
16:22:02,11.9004431
16:22:03,11.9299126
16:22:04,11.8091955
16:22:05,11.7765064
16:22:06,12.1964245
16:22:07,12.2681274
16:22:08,12.4297581
16:22:09,11.8521032
16:22:10,12.0530243
16:22:11,12.3134327
16:22:12,11.4604578
16:22:13,12.5750084
16:22:14,11.7369976
16:22:15,11.7892075
16:22:16,11.9396982
16:22:17,11.8491449
16:22:18,11.9596558
16:22:19,11.8208427
16:22:20,12.1229572
16:22:21,12.006587
16:22:22,11.9698191
16:22:23,12.1880474
16:22:24,11.9917336
16:22:25,11.8396959
16:22:26,12.032011
16:22:27,12.1196566
16:22:28,11.6776419
16:22:29,11.8769655
16:22:30,11.9099436
16:22:31,11.9878769
16:22:32,11.7913771
16:22:33,11.823925
16:22:34,12.0130157
16:22:35,12.0288372
16:22:36,12.2202625
16:22:37,11.98565
16:22:38,12.1397209
16:22:39,12.02439
16:22:40,12.0403595
16:22:41,11.8426285
16:22:42,12.3210688
16:22:43,11.6419563
16:22:44,11.87737
16:22:45,12.009634
16:22:46,12.3097105
16:22:47,11.6915884
16:22:48,11.930665
16:22:49,11.85061
16:22:50,12.05012
16:22:51,12.1650457
16:22:52,11.8483629
16:22:53,12.3485479
16:22:54,12.096076
16:22:55,12.0963364
16:22:56,11.9439726
16:22:57,12.143816
16:22:58,12.0506525
16:22:59,12.04784
16:23:00,12.2240372
16:23:01,11.893919
16:23:02,11.803648
16:23:03,11.811615
16:23:04,11.9384165
16:23:05,11.8911257
16:23:06,11.9868793
16:23:07,12.2631159
16:23:08,11.7376118
16:23:09,12.0040178
16:23:10,11.9152327
16:23:11,12.1993227
16:23:12,12.2364674
16:23:13,12.19145
16:23:14,11.9794331
16:23:15,12.0639143
16:23:16,12.2642813
16:23:17,12.0221024
16:23:18,11.7685728
16:23:19,12.0527105
16:23:20,11.978178
16:23:21,11.9994793
16:23:22,12.0394306
16:23:23,11.9465265
16:23:24,12.059473
16:23:25,12.07731
16:23:26,11.864007
16:23:27,11.8748617
16:23:28,12.0943546
16:23:29,12.1553764
16:23:30,11.9220057
16:23:31,12.0337181
16:23:32,12.2309217
16:23:33,11.9283676
16:23:34,12.337307
16:23:35,12.0856533
16:23:36,11.951684
16:23:37,11.9396353
16:23:38,11.8716421
16:23:39,12.0558214
16:23:40,11.9334621
16:23:41,12.1693535
16:23:42,12.152957
16:23:43,12.17205
16:23:44,11.9618568
16:23:45,11.8157005
16:23:46,11.9077253
16:23:47,12.0760355
16:23:48,12.1119013
16:23:49,12.0239773
16:23:50,11.9652014
16:23:52,12.0300751
16:23:53,12.1830053
16:23:54,12.0312176
16:23:55,12.11936
16:23:56,11.8298073
16:23:57,11.912571
16:23:58,12.1144543
16:23:59,11.9612026
16:24:00,11.95136
16:24:01,12.088069
16:24:02,12.0877857
16:24:03,12.1389265
16:24:04,12.0811729
16:24:05,12.11848
16:24:06,12.0666695
16:24:07,12.001935
16:24:08,12.03815
16:24:09,11.955409
16:24:10,12.1416626
16:24:11,12.0556507
16:24:12,11.9118471
16:24:13,12.0774994
16:24:14,12.0280952
16:24:15,11.772459
16:24:16,11.934597
16:24:17,12.1358471
16:24:18,11.9248114
16:24:19,12.4308519
16:24:20,11.8239079
16:24:21,12.0316629
16:24:22,11.9467993
16:24:23,11.9914331
16:24:24,12.4520464
16:24:25,11.9593773
16:24:26,12.2229671
16:24:27,12.4108887
16:24:28,11.909565
16:24:29,12.2774477
16:24:30,11.8780317
16:24:31,12.70244
16:24:32,11.9579754
16:24:33,11.99731
16:24:34,12.0377817
16:24:35,11.9139662
16:24:36,11.6411667
16:24:37,12.1772661
16:24:38,11.9573307
16:24:39,11.7773695
16:24:40,11.9148521
16:24:41,12.13436
16:24:42,12.0841036
16:24:43,12.1512442
16:24:44,11.9507627
16:24:46,11.7874756
16:24:47,11.9413176
16:24:48,11.9264708
16:24:49,12.1121159
16:24:51,12.16072
16:24:52,11.4778824
16:24:54,11.8063488
16:24:55,12.1249561
16:24:56,11.9309092
16:24:57,11.98548
16:24:59,11.9508209
16:25:00,12.3298473
16:25:02,12.1029863
16:25:03,11.9649172
16:25:04,12.1855326
16:25:05,12.3089352
16:25:06,11.969408
16:25:07,11.9402857
16:25:08,12.10119
16:25:09,11.9014645
16:25:10,12.0075951
16:25:11,11.9534645
16:25:12,11.9143438
16:25:13,11.9819031
16:25:14,11.7728195
16:25:15,12.0583878
16:25:16,11.8881
16:25:17,12.051549
16:25:18,11.7022028
16:25:19,11.7651272
16:25:20,12.0627728
16:25:21,12.0746956
16:25:22,12.25827
16:25:23,12.2562494
16:25:24,11.947525
16:25:25,11.8066826
16:25:26,12.0594091
16:25:27,11.8625135
16:25:28,12.0779867
16:25:29,12.1062021
16:25:30,11.962451
16:25:31,11.9187317
16:25:32,12.0074625
16:25:33,12.0518751
16:25:34,12.0983515
16:25:35,12.0705853
16:25:36,11.9681149
16:25:37,11.9696083
16:25:38,11.799613
16:25:39,11.8842812
16:25:40,12.1569576
16:25:41,11.9061823
16:25:42,12.0762062
16:25:43,12.0900421
16:25:44,11.7884245
16:25:45,12.020339
16:25:46,11.8441744
16:25:47,11.8970976
16:25:48,11.8439054
16:25:49,11.9406948
16:25:50,11.8909645
16:25:51,11.85105
16:25:52,11.84465
16:25:53,12.0215788
16:25:54,11.9314518
16:25:55,11.9917135
16:25:56,12.0413
16:25:57,12.04002
16:25:58,11.95963
16:25:59,12.0956125
16:26:00,12.4463024
16:26:01,11.7936
16:26:02,11.8002281
16:26:03,11.8125362
16:26:04,12.0653009
16:26:05,11.7773266
16:26:06,11.9715576
16:26:07,12.1329155
16:26:08,12.0377483
16:26:09,11.9729748
16:26:10,11.9416237
16:26:11,12.3543873
16:26:12,12.17387
16:26:13,11.9386883
16:26:14,11.9470673
16:26:15,12.1080217
16:26:16,11.5535994
16:26:17,12.0653925
16:26:18,11.9756861
16:26:19,12.1429558
16:26:20,11.7613354
16:26:21,12.179142
16:26:22,11.9999065
16:26:23,12.0876379
16:26:24,11.9824486
16:26:25,11.7668991
16:26:26,12.0697689
16:26:27,11.99807
16:26:28,11.8426275
16:26:29,11.8511581
16:26:30,12.4037867
16:26:31,12.2338934
16:26:32,11.63342
16:26:33,12.0388317
16:26:34,11.8276463
16:26:35,12.1370392
16:26:36,12.0216675
16:26:37,12.0186577
16:26:38,12.0474262
16:26:39,11.8638554
16:26:40,11.93423
16:26:41,11.3735075
16:26:42,11.6782675
16:26:43,12.2054558
16:26:44,11.82601
16:26:45,11.9887781
16:26:46,11.9558659
16:26:47,11.944766
16:26:48,11.78595
16:26:49,12.1012726
16:26:50,11.82076
16:26:51,12.0527935
16:26:52,12.2283115
16:26:53,12.5100183
16:26:54,11.8201838
16:26:55,12.1496849
16:26:56,11.908576
16:26:57,12.0810022
16:26:58,11.871748
16:26:59,11.8828707
16:27:00,11.7689133
16:27:01,11.8041811
16:27:02,11.7797031
16:27:03,12.10921
16:27:04,12.1041651
16:27:05,12.13066
16:27:06,11.8098917
16:27:07,11.7342682
16:27:08,12.054287
16:27:09,11.7516232
16:27:10,12.2948637
16:27:11,11.9867449
16:27:12,12.05767
16:27:13,12.070056
16:27:14,12.2686977
16:27:15,12.0006189
16:27:16,11.9829426
16:27:17,11.9939795
16:27:18,12.133544
16:27:19,11.8931646
16:27:20,12.0784092
16:27:21,11.9014826
16:27:22,11.90595
16:27:23,11.9105177
16:27:24,11.8857412
16:27:25,12.0210457
16:27:26,12.1645288
16:27:27,11.6267529
16:27:28,12.13581
16:27:29,11.9768381
16:27:30,11.9665861
16:27:31,12.0441065
16:27:32,11.8644772
16:27:33,11.86871
16:27:34,11.819953
16:27:35,11.8283825
16:27:36,11.8618011
16:27:37,11.9472637
16:27:38,11.80947
16:27:39,12.1312675
16:27:40,11.7984562
16:27:41,12.1972113
16:27:42,11.9334278
16:27:43,12.059453
16:27:44,12.0703449
16:27:45,12.0628738
16:27:46,11.9607716
16:27:47,11.9388828
16:27:48,11.9911108
16:27:49,11.9537268
16:27:50,12.1657572
16:27:51,11.9318333
16:27:53,11.8361568
16:27:54,11.8579741
16:27:55,11.9006357
16:27:56,11.8646832
16:27:57,12.0120049
16:27:58,11.6951761
16:27:59,12.2213745
16:28:00,12.0141287
16:28:01,11.9569788
16:28:02,12.0764608
16:28:03,12.2701435
16:28:04,12.10128
16:28:05,11.8473024
16:28:06,11.9018307
16:28:07,12.15121
16:28:08,11.7245207
16:28:09,11.895484
16:28:10,12.0011158
16:28:11,11.888649
16:28:12,12.1069069
16:28:13,12.0614767
16:28:14,11.9336138
16:28:15,12.2637749
16:28:16,12.0044346
16:28:17,12.3706388
16:28:18,11.9712534
16:28:19,12.0090027
16:28:20,12.0977421
16:28:21,12.0452318
16:28:22,12.0220623
16:28:23,11.6212959
16:28:24,12.1408176
16:28:25,12.2109756
16:28:26,12.0723639
16:28:27,11.8886452
16:28:28,11.9975014
16:28:29,11.7849531
16:28:30,11.9770212
16:28:31,11.8516817
16:28:32,12.0142241
16:28:33,11.8400192
16:28:34,12.0475025
16:28:35,12.1415911
16:28:36,12.1574612
16:28:37,11.9364243
16:28:38,11.9983149
16:28:39,11.89393
16:28:40,12.0590982
16:28:41,12.1252317
16:28:42,12.2227373
16:28:43,12.0764894
16:28:44,11.9357862
16:28:45,12.063653
16:28:46,12.0569668
16:28:47,12.0018721
16:28:48,11.8937607
16:28:50,12.1052074
16:28:51,12.031045
16:28:52,11.9384136
16:28:53,11.7808275
16:28:54,12.0126982
16:28:55,12.10883
16:28:56,12.0585432
16:28:57,11.8979282
16:28:58,11.9052248
16:28:59,12.1196709
16:29:00,11.7955284
16:29:01,12.1459417
16:29:02,11.247283
16:29:03,12.1534119
16:29:04,12.041791
16:29:05,12.1641607
16:29:06,12.0837822
16:29:07,12.0336189
16:29:08,11.8912373
16:29:09,12.2644
16:29:10,12.0240965
16:29:11,12.2104187
16:29:12,12.1942482
16:29:13,12.1192932
16:29:14,12.2582483
16:29:15,12.0978909
16:29:16,11.9211149
16:29:17,12.0883293
16:29:18,11.8305111
16:29:19,11.827281
16:29:20,11.8743248
16:29:21,12.0218124
16:29:22,11.87533
16:29:23,12.1524906
16:29:24,11.8600845
16:29:25,12.0858555
16:29:26,11.9670906
16:29:27,11.6754389
16:29:28,11.7508
16:29:29,12.180048
16:29:30,11.97074
16:29:31,11.8978014
16:29:32,12.1373291
16:29:33,12.0330038
16:29:34,12.1186676
16:29:35,12.0328321
16:29:36,12.0899954
16:29:37,12.0289755
16:29:38,12.1636019
16:29:39,11.9639254
16:29:40,11.716857
16:29:41,11.7957258
16:29:42,11.9789295
16:29:43,11.7482357
16:29:44,11.7361908
16:29:45,12.1282358
16:29:46,11.9047365
16:29:47,12.0196352
16:29:48,12.0808353
16:29:49,11.959897
16:29:50,12.2173252
16:29:51,11.9060774
16:29:52,12.0195971
16:29:53,11.9061613
16:29:54,12.1822033
16:29:55,11.7087812
16:29:56,11.9494352
16:29:57,11.8955183
16:29:58,11.862381
16:29:59,11.7522326
16:30:00,12.0711956
16:30:01,12.08117
16:30:02,12.1564541
16:30:03,12.0027609
16:30:04,12.2862368
16:30:05,12.010787
16:30:06,11.86268
16:30:07,12.0633354
16:30:08,11.8712788
16:30:09,12.0486679
16:30:10,11.8578587
16:30:11,11.9572935
16:30:12,12.17234
16:30:13,12.0122757
16:30:14,12.0767374
16:30:15,11.7474251
16:30:16,11.9707308
16:30:17,12.04176
16:30:18,11.88913
16:30:19,12.1236372
16:30:20,12.0142574
16:30:21,12.3569717
16:30:22,11.7500267
16:30:23,12.3464336
16:30:24,11.5599318
16:30:25,12.0553036
16:30:26,12.1187029
16:30:27,12.2668324
16:30:28,11.7929688
16:30:29,12.113615
16:30:30,12.2193308
16:30:31,12.0141277
16:30:32,11.87991
16:30:33,12.2252855
16:30:34,11.766571
16:30:35,11.9891558
16:30:36,11.7987738
16:30:37,11.9377918
16:30:38,11.9912434
16:30:39,11.9516487
16:30:40,12.1158857
16:30:41,11.9022541
16:30:42,11.8653946
16:30:43,11.8441677
16:30:44,11.9666538
16:30:45,11.9671278
16:30:46,11.9461517
16:30:47,11.9338589
16:30:48,11.9383688
16:30:49,12.0971222
16:30:50,11.8401289
16:30:51,11.96049
16:30:52,12.0017433
16:30:53,11.8171368
16:30:54,11.8674736
16:30:55,11.9338808
16:30:56,11.9291935
16:30:57,11.9842825
16:30:58,12.0721846
16:30:59,11.8430891
16:31:00,12.1659718
16:31:01,11.9672823
16:31:02,11.9410305
16:31:03,12.0574217
16:31:04,12.2409544
16:31:05,12.3134584
16:31:06,11.77557
16:31:07,12.1758947
16:31:08,12.06891
16:31:09,12.0705328
16:31:10,12.078248
16:31:11,11.8483477
16:31:12,11.9692287
16:31:13,12.1906872
16:31:14,11.79295
16:31:15,12.0999584
16:31:16,11.9750519
16:31:17,11.7708492
16:31:18,12.2472906
16:31:19,11.98668
16:31:20,11.9374113
16:31:21,11.6854744
16:31:22,11.901433
16:31:23,12.5715351
16:31:24,11.9090939
16:31:25,12.3105431
16:31:26,11.99168
16:31:27,11.9472294
16:31:28,11.9300938
16:31:29,11.92515
16:31:30,11.821125
16:31:31,12.4257345
16:31:32,12.2201605
16:31:33,12.1301174
16:31:34,12.1354752
16:31:35,12.0106792
16:31:36,11.9602013
16:31:37,11.761342
16:31:39,11.7518492
16:31:40,12.0776272
16:31:41,12.111783
16:31:43,11.9346647
16:31:44,12.20389
16:31:45,11.9636335
16:31:46,11.7538471
16:31:47,11.7203026
16:31:48,11.8124
16:31:49,11.6955442
16:31:50,11.7058487
16:31:51,12.1768055
16:31:52,11.9589453
16:31:53,11.7345114
16:31:54,12.2775345
16:31:55,11.8553047
16:31:56,11.9706278
16:31:57,11.8856478
16:31:58,11.8956833
16:31:59,12.0022011
16:32:00,11.9780979
16:32:01,12.1964159
16:32:02,12.4327059
16:32:03,11.7038383
16:32:04,11.92532
16:32:05,11.7736006
16:32:06,12.0783186
16:32:07,11.8654137
16:32:08,11.9204454
16:32:09,12.0323467
16:32:10,11.9475155
16:32:11,12.2999029
16:32:12,11.8670807
16:32:13,11.7599144
16:32:14,12.1130733
16:32:15,11.84006
16:32:16,12.3001566
16:32:17,12.1977463
16:32:18,12.0650206
16:32:19,11.9301176
16:32:20,12.0478811
16:32:21,11.7719431
16:32:22,12.1667118
16:32:23,12.0742931
16:32:24,11.9905033
16:32:25,11.7863712
16:32:26,12.0100126
16:32:27,11.7828951
16:32:28,11.91566
16:32:29,12.30232
16:32:30,11.8961611
16:32:31,12.1629333
16:32:32,11.696497
16:32:33,12.083046
16:32:34,12.1265936
16:32:35,12.0186014
16:32:36,12.10289
16:32:37,11.9623108
16:32:38,12.0065079
16:32:39,11.80815
16:32:40,11.7845182
16:32:41,12.3207521
16:32:42,11.8543015
16:32:43,11.90624
16:32:44,11.7999172
16:32:45,12.0513954
16:32:46,12.0921307
16:32:47,11.78789
16:32:48,12.0005341
16:32:49,11.74782
16:32:50,12.1857958
16:32:51,12.0772781
16:32:52,11.765295
16:32:53,12.3987656
16:32:54,11.961709
16:32:55,12.1404476
16:32:56,12.1537247
16:32:57,12.1118813
16:32:58,11.6977615
16:32:59,11.8788242
16:33:00,12.1908722
16:33:01,12.217473
16:33:02,12.1586189
16:33:03,12.0916233
16:33:04,11.9963093
16:33:05,12.0838757
16:33:06,11.9734182
16:33:07,11.9552031
16:33:08,12.0159817
16:33:09,12.2136211
16:33:10,11.8810768
16:33:11,11.9090853
16:33:12,11.9445992
16:33:13,11.7002478
16:33:14,12.1235638
16:33:15,11.8335009
16:33:16,12.0216722
16:33:17,12.0065413
16:33:18,11.8727751
16:33:19,12.08865
16:33:20,12.0270624
16:33:21,11.6392555
16:33:22,12.2365065
16:33:23,11.9867792
16:33:24,11.7671623
16:33:25,12.0931673
16:33:26,12.01334
16:33:27,12.0144892
16:33:28,11.9698153
16:33:29,12.1081352
16:33:30,12.0146837
16:33:31,11.9755487
16:33:32,12.0436926
16:33:33,12.1853094
16:33:34,12.1419487
16:33:35,12.191494
16:33:36,12.1368732
16:33:37,11.8384562
16:33:38,11.9775019
16:33:39,11.9899931
16:33:40,11.62044
16:33:41,12.105094
16:33:42,12.433465
16:33:43,12.0333853
16:33:44,12.4403906
16:33:45,11.8889256
16:33:46,12.054595
16:33:47,12.2186565
16:33:48,12.1735325
16:33:49,12.15204
16:33:50,12.1335068
16:33:51,11.9203854
16:33:52,12.0664434
16:33:53,11.9544859
16:33:54,11.89524
16:33:55,11.7899618
16:33:56,11.8866806
16:33:57,12.1679707
16:33:58,11.9743652
16:33:59,11.9838924
16:34:00,11.8147879
16:34:01,12.2111988
16:34:02,12.324481
16:34:03,11.8672247
16:34:04,11.904336
16:34:05,12.1270971
16:34:06,11.74073
16:34:07,11.5601454
16:34:08,12.4549847
16:34:09,11.9159336
16:34:10,12.0091562
16:34:11,11.9205513
16:34:12,9.885569
16:34:13,11.2763424
16:34:14,14.928998
16:34:15,12.6758137
16:34:16,11.8502712
16:34:17,11.8570642
16:34:18,12.145792
16:34:19,11.9714622
16:34:20,11.933054
16:34:21,12.1763105
16:34:22,11.9101267
16:34:23,11.8374367
16:34:24,11.7946281
16:34:25,12.3803082
16:34:26,11.8454533
16:34:27,11.6154823
16:34:28,11.98256
16:34:29,11.7378035
16:34:30,12.1118517
16:34:31,11.9336977
16:34:32,11.9651756
16:34:33,12.0900135
16:34:34,11.9983711
16:34:35,11.8551512
16:34:36,11.8610926
16:34:37,11.903
16:34:38,11.8340311
16:34:39,11.9263086
16:34:40,11.93876
16:34:41,11.8621931
16:34:42,11.6944723
16:34:43,12.302599
16:34:44,12.1442585
16:34:45,12.1948395
16:34:46,12.2660761
16:34:47,11.9275532
16:34:48,12.1762619
16:34:49,12.0280752
16:34:50,11.9276638
16:34:51,12.2365484
16:34:52,11.9190121
16:34:53,11.9228487
16:34:54,12.1749306
16:34:55,12.0037718
16:34:56,11.9241676
16:34:57,11.785615
16:34:58,11.9394093
16:34:59,12.1129694
16:35:00,11.72452
16:35:01,11.9007854
16:35:02,11.9353523
16:35:03,11.7832937
16:35:04,12.0290327
16:35:05,12.011138
16:35:06,11.9998846
16:35:07,12.00738
16:35:08,12.0005932
16:35:09,12.0294743
16:35:10,12.0552282
16:35:12,11.9730186
16:35:13,11.9070921
16:35:14,11.8820639
16:35:15,11.9963064
16:35:16,12.1054287
16:35:17,12.1938543
16:35:18,12.0287323
16:35:19,12.0412207
16:35:20,11.8681164
16:35:21,11.823308
16:35:22,12.1232691
16:35:23,12.1381226
16:35:24,12.0777264
16:35:25,11.9920416
16:35:26,12.0558872
16:35:27,11.7971363
16:35:28,11.5536375
16:35:29,12.0726738
16:35:30,12.1129436
16:35:31,12.0285826
16:35:32,12.1510334
16:35:33,11.7889242
16:35:34,11.9916573
16:35:35,12.0870209
16:35:36,11.9018164
16:35:37,12.10668
16:35:38,11.7662392
16:35:39,12.0167713
16:35:40,11.7663069
16:35:41,12.0331421
16:35:42,11.8678923
16:35:43,11.9132767
16:35:44,11.9158325
16:35:45,11.6882486
16:35:46,11.9839
16:35:47,11.88087
16:35:48,11.9715443
16:35:49,12.0507107
16:35:50,12.0047722
16:35:51,11.8806581
16:35:52,11.9422293
16:35:53,11.7990379
16:35:54,12.1691265
16:35:55,11.810153
16:35:56,12.0354061
16:35:57,11.6940823
16:35:58,12.0052376
16:35:59,12.262866
16:36:00,11.8526049
16:36:01,11.952631
16:36:02,12.05058
16:36:03,12.0257072
16:36:04,12.0221224
16:36:05,11.9540434
16:36:06,11.8824434
16:36:07,12.1319208
16:36:08,12.0512476
16:36:09,12.5606012
16:36:10,11.6095343
16:36:11,12.211731
16:36:12,12.4013281
16:36:13,11.6821985
16:36:14,11.8738441
16:36:15,11.8991594
16:36:16,11.9790268
16:36:17,11.9148092
16:36:18,11.8171339
16:36:19,12.1631422
16:36:20,12.1558981
16:36:21,11.9916525
16:36:22,11.7348547
16:36:23,12.0095654
16:36:24,11.7721615
16:36:25,12.1831675
16:36:26,12.0945234
16:36:27,11.7452354
16:36:28,11.9444389
16:36:29,11.9003172
16:36:30,11.8119516
16:36:31,12.1244164
16:36:32,11.9642391
16:36:33,12.0756674
16:36:34,12.1699886
16:36:35,12.2878571
16:36:36,12.0314531
16:36:37,12.3473778
16:36:38,12.3081474
16:36:39,12.1825285
16:36:40,11.8335667
16:36:41,11.93231
16:36:42,12.3534851
16:36:43,11.9384918
16:36:44,11.7696562
16:36:45,12.0251389
16:36:46,11.8902
16:36:47,11.9417
16:36:48,11.8058405
16:36:49,11.9662542
16:36:50,11.9578485
16:36:51,11.7909451
16:36:52,12.2120829
16:36:53,12.0084963
16:36:54,12.0910616
16:36:55,12.0994005
16:36:56,11.9488564
16:36:57,12.1694841
16:36:58,11.680542
16:36:59,11.722765
16:37:00,12.0536566
16:37:01,12.0856009
16:37:02,11.9488945
16:37:03,11.9571733
16:37:04,11.8633795
16:37:05,11.8422422
16:37:06,12.1017046
16:37:07,11.9113121
16:37:08,12.1400566
16:37:09,12.0027113
16:37:10,11.944109
16:37:11,12.0163488
16:37:12,12.0387974
16:37:13,12.015213
16:37:14,11.8304424
16:37:15,12.0160351
16:37:16,12.1154852
16:37:17,12.0394173
16:37:18,11.9397564
16:37:19,11.7162886
16:37:20,11.9622564
16:37:21,12.2342634
16:37:22,11.7190342
16:37:23,11.8860855
16:37:24,11.826088
16:37:25,12.2543535
16:37:26,12.3486137
16:37:27,12.151104
16:37:28,12.4172106
16:37:29,11.9588671
16:37:30,12.0612049
16:37:31,12.33886
16:37:32,11.7680445
16:37:33,11.8191786
16:37:34,11.98068
16:37:35,11.9298525
16:37:36,12.1975117
16:37:37,11.8744612
16:37:38,12.04379
16:37:39,11.8784046
16:37:40,11.7054462
16:37:41,11.9993515
16:37:42,12.1470652
16:37:43,11.8452749
16:37:44,11.9048967
16:37:45,12.1951485
16:37:46,12.0140963
16:37:47,12.0175219
16:37:48,12.195116
16:37:49,11.9740143
16:37:50,12.0788507
16:37:51,12.0661907
16:37:53,11.7518415
16:37:54,11.9059505
16:37:55,12.1117163
16:37:56,11.90185
16:37:57,12.0243349
16:37:58,12.1102686
16:37:59,12.1296434
16:38:00,12.1785526
16:38:01,12.0855017
16:38:02,11.9891748
16:38:03,12.0242338
16:38:04,11.999239
16:38:05,12.3347816
16:38:06,12.0604448
16:38:07,12.24237
16:38:08,12.2472754
16:38:09,11.8338642
16:38:10,11.8536234
16:38:11,12.1782179
16:38:12,11.8416843
16:38:13,12.1232882
16:38:14,11.9123755
16:38:15,12.1000938
16:38:16,11.907032
16:38:17,11.921174
16:38:18,11.9713764
16:38:19,11.8789339
16:38:20,12.1117611
16:38:21,11.9713545
16:38:23,11.9155273
16:38:24,12.0145578
16:38:25,12.0796061
16:38:27,11.7288952
16:38:28,11.8625307
16:38:29,12.2124424
16:38:30,12.1371632
16:38:32,12.0117207
16:38:33,11.8508635
16:38:34,11.8602467
16:38:35,12.2135029
16:38:36,11.6832228
16:38:37,12.2033138
16:38:38,12.0109444
16:38:39,12.0534954
16:38:40,12.1846313
16:38:41,12.0631037
16:38:42,11.7201605
16:38:43,11.7689133
16:38:44,12.1459074
16:38:45,12.107811
16:38:46,12.2479963
16:38:47,11.8053436
16:38:48,12.1809235
16:38:49,12.0218582
16:38:50,12.1011047
16:38:51,12.0978546
16:38:52,12.0856838
16:38:53,12.07558
16:38:54,12.4320936
16:38:55,12.1612425
16:38:56,11.8783522
16:38:57,11.8576889
16:38:58,11.8875732
16:38:59,11.8180962
16:39:00,11.9140043
16:39:01,11.92745
16:39:02,11.7298584
16:39:03,11.9801388
16:39:04,12.1117821
16:39:05,12.0348272
16:39:06,11.7522717
16:39:07,12.085495
16:39:08,12.1881084
16:39:09,12.1135015
16:39:10,12.05186
16:39:11,12.1298771
16:39:12,11.8815145
16:39:13,11.7967043
16:39:14,12.1146107
16:39:15,11.9406242
16:39:16,11.9087448
16:39:17,12.2054272
16:39:18,12.1090374
16:39:19,12.0973549
16:39:20,11.882329
16:39:21,12.1534729
16:39:22,11.8707886
16:39:23,12.0751143
16:39:24,11.6975842
16:39:25,11.5890942
16:39:26,11.7926083
16:39:27,12.2435627
16:39:28,12.0021086
16:39:29,11.9994173
16:39:30,12.1143112
16:39:31,12.1605759
16:39:32,11.7296314
16:39:33,12.0643835
16:39:34,12.04955
16:39:35,11.9076529
16:39:36,12.1574411
16:39:37,11.995369
16:39:38,12.1648369
16:39:39,12.0359879
16:39:40,11.8201818
16:39:41,11.9288883
16:39:42,12.0542336
16:39:43,11.9471951
16:39:44,11.8690042
16:39:45,12.063817
16:39:46,11.7507982
16:39:47,11.9150276
16:39:48,12.00681
16:39:49,11.9985085
16:39:50,12.1879539
16:39:51,12.1833515
16:39:52,11.7705307
16:39:53,12.0289793
16:39:54,12.0767527
16:39:55,12.2497425
16:39:56,11.7778111
16:39:57,12.0287285
16:39:58,11.9960623
16:39:59,12.1394453
16:40:00,12.1262493
16:40:01,11.9457083
16:40:02,11.9965534
16:40:03,11.8631048
16:40:04,12.203186
16:40:05,11.8328152
16:40:06,11.8028536
16:40:07,12.124733
16:40:08,11.9243269
16:40:09,11.8141251
16:40:10,11.858716
16:40:11,11.889534
16:40:12,11.88142
16:40:13,11.8432283
16:40:14,11.9839487
16:40:15,12.2977266
16:40:16,11.7873678
16:40:17,11.8058062
16:40:18,12.114521
16:40:19,11.6362829
16:40:20,11.9360228
16:40:21,12.0722876
16:40:22,12.3033609
16:40:23,11.8812132
16:40:24,12.2899361
16:40:25,12.0667439
16:40:26,12.0878839
16:40:27,12.0085106
16:40:28,12.160265
16:40:29,11.88548
16:40:30,11.9999771
16:40:31,11.949645
16:40:32,12.215476
16:40:33,12.1497536
16:40:34,12.14739
16:40:35,12.0588417
16:40:36,11.9998169
16:40:37,11.68906
16:40:38,12.123682
16:40:39,12.0561857
16:40:40,12.0078678
16:40:41,12.0862637
16:40:42,11.95366
16:40:43,11.8509979
16:40:44,11.9344311
16:40:45,12.2834558
16:40:46,11.925374
16:40:47,12.1151714
16:40:48,11.8407412
16:40:49,11.7280931
16:40:50,12.2079
16:40:51,11.942729
16:40:52,12.2340059
16:40:53,12.07194
16:40:54,11.9377985
16:40:55,12.1913443
16:40:56,12.0267143
16:40:57,12.1112156
16:40:58,11.8928385
16:40:59,11.81266
16:41:00,11.923089
16:41:01,12.1569872
16:41:02,11.6415825
16:41:03,11.8412132
16:41:04,12.103467
16:41:05,11.8889494
16:41:06,12.3686867
16:41:07,12.0492563
16:41:08,11.99781
16:41:09,12.1307106
16:41:10,11.9121609
16:41:11,12.1665354
16:41:12,12.04743
16:41:13,12.2188978
16:41:14,11.833415
16:41:15,11.9446468
16:41:16,12.0352659
16:41:17,11.90204
16:41:18,11.9165688
16:41:19,12.1499577
16:41:20,11.8573885
16:41:21,11.9530144
16:41:22,12.0231066
16:41:23,11.89726
16:41:24,12.0873747
16:41:25,11.9755859
16:41:26,11.9821939
16:41:27,11.9292889
16:41:28,12.3909178
16:41:29,11.8050547
16:41:30,12.0178547
16:41:31,12.1551428
16:41:32,12.1922379
16:41:33,12.0380812
16:41:34,12.0080051
16:41:35,11.9787731
16:41:36,11.9878855
16:41:37,12.2742958
16:41:38,12.1305494
16:41:39,12.1281366
16:41:40,11.8103132
16:41:41,11.8372335
16:41:42,11.9409561
16:41:43,12.079607
16:41:44,11.8279934
16:41:45,11.9790583
16:41:46,12.3740807
16:41:47,11.64228
16:41:48,11.9515343
16:41:49,12.0074406
16:41:50,12.0015278
16:41:52,12.05158
16:41:54,12.04665
16:41:55,12.0621777
16:41:56,11.8210869
16:41:57,11.99258
16:41:58,12.1722851
16:41:59,12.2247782
16:42:00,11.93559
16:42:01,12.1445923
16:42:02,12.1669827
16:42:03,12.0097761
16:42:04,12.212203
16:42:05,12.0306883
16:42:06,11.7843714
16:42:07,12.1398048
16:42:08,11.9322519
16:42:09,11.9356012
16:42:10,12.1682987
16:42:11,12.23016
16:42:12,12.0642862
16:42:13,12.033165
16:42:14,11.9656591
16:42:16,12.0906315
16:42:17,11.9645233
16:42:18,12.0457458
16:42:19,12.2163086
16:42:20,12.1113091
16:42:21,11.965291
16:42:23,11.8908319
16:42:24,11.7757645
16:42:25,11.9954119
16:42:26,12.0125475
16:42:27,12.0521755
16:42:28,11.9089527
16:42:29,11.9997425
16:42:30,11.9643526
16:42:31,12.002882
16:42:32,12.1922855
16:42:33,12.1080065
16:42:34,12.4127979
16:42:35,12.0634584
16:42:36,12.0718765
16:42:37,11.9546528
16:42:38,11.8956089
16:42:39,12.005127
16:42:40,12.1593828
16:42:41,12.1002893
16:42:42,12.0312958
16:42:43,12.0995951
16:42:44,12.2445345
16:42:45,12.0240765
16:42:46,12.2573252
16:42:47,12.01707
16:42:48,11.7123642
16:42:49,12.2225676
16:42:50,11.8742456
16:42:51,12.0845108
16:42:52,11.9869938
16:42:53,12.06047
16:42:54,11.9168444
16:42:55,12.2572889
16:42:56,12.0025921
16:42:57,12.1724834
16:42:58,11.9172707
16:42:59,11.883255
16:43:00,12.2074356
16:43:01,11.8856792
16:43:02,12.0298662
16:43:03,11.7815619
16:43:04,12.1325884
16:43:05,11.9484158
16:43:06,11.9967861
16:43:07,11.8922625
16:43:08,11.7345552
16:43:09,12.203701
16:43:10,11.9516973
16:43:11,12.0196609
16:43:12,12.0245275
16:43:13,12.0177708
16:43:14,12.1177549
16:43:15,11.8456774
16:43:16,12.0398769
16:43:17,12.0344191
16:43:18,11.8339071
16:43:19,11.9065542
16:43:20,11.8893452
16:43:21,12.2511587
16:43:22,12.1025963
16:43:23,11.864624
16:43:24,11.7462091
16:43:25,11.959301
16:43:26,11.849555
16:43:27,11.9545441
16:43:28,12.2032089
16:43:29,12.3491936
16:43:30,11.29634
16:43:31,11.9807243
16:43:32,12.2440023
16:43:33,11.9555941
16:43:34,12.1390705
16:43:35,11.7219048
16:43:36,11.9139347
16:43:37,11.8891411
16:43:38,12.043973
16:43:39,11.69474
16:43:40,11.8523493
16:43:41,12.5291986
16:43:42,12.2514544
16:43:43,11.968214
16:43:44,11.9994984
16:43:45,12.1858673
16:43:46,11.9065084
16:43:47,12.0733671
16:43:48,12.2224255
16:43:49,11.8907433
16:43:50,12.1650124
16:43:51,11.8814821
16:43:53,12.0645485
16:43:54,11.7237244
16:43:55,12.1028614
16:43:56,12.0073214
16:43:57,11.9346476
16:43:58,12.11983
16:43:59,11.9519672
16:44:00,12.0918922
16:44:01,12.0283794
16:44:02,12.0187607
16:44:03,11.9312572
16:44:04,12.0127954
16:44:05,11.9789839
16:44:06,12.1541948
16:44:07,12.29856
16:44:08,11.98026
16:44:09,12.1942282
16:44:10,12.0159388
16:44:11,11.795804
16:44:12,12.2194881
16:44:13,12.0641031
16:44:14,12.0846634
16:44:15,11.985754
16:44:16,11.8154831
16:44:17,11.9200916
16:44:18,12.0923281
16:44:19,12.0421915
16:44:20,12.2698879
16:44:21,12.213419
16:44:22,11.656826
16:44:23,11.9280729
16:44:24,12.0022154
16:44:25,11.9683361
16:44:26,12.0248566
16:44:27,12.30402
16:44:28,11.9619236
16:44:29,12.1530361
16:44:30,12.22537
16:44:31,11.6727247
16:44:32,11.9515181
16:44:33,12.25808
16:44:34,12.0100632
16:44:35,12.2771235
16:44:36,12.0305786
16:44:37,12.0864573
16:44:38,11.9800148
16:44:39,11.8209925
16:44:40,11.9863768
16:44:41,12.2843866
16:44:42,11.9588928
16:44:43,11.83314
16:44:44,12.11841
16:44:45,11.9903917
16:44:46,12.0239725
16:44:47,11.9378853
16:44:48,12.0012436
16:44:49,11.973691
16:44:50,11.935874
16:44:51,12.3213406
16:44:52,11.8650227
16:44:53,12.1203642
16:44:54,11.8903551
16:44:55,12.1007452
16:44:56,12.0154676
16:44:57,12.0011864
16:44:58,12.169673
16:44:59,11.9665947
16:45:00,11.91212
16:45:01,11.8660393
16:45:02,11.7429142
16:45:03,11.8557262
16:45:04,12.0202494
16:45:05,11.7516527
16:45:06,11.862011
16:45:07,12.08496
16:45:08,12.3501835
16:45:09,12.0585108
16:45:10,11.9205856
16:45:11,11.90287
16:45:12,12.02262
16:45:13,12.1965113
16:45:14,11.861146
16:45:15,12.1172075
16:45:16,11.7422962
16:45:17,11.8245373
16:45:18,11.8792152
16:45:19,12.131259
16:45:20,12.0551825
16:45:21,12.1270494
16:45:22,11.82305
16:45:23,11.9153032
16:45:24,11.9367628
16:45:25,12.022295
16:45:26,11.83559
16:45:27,12.1706295
16:45:28,12.2315741
16:45:29,12.0198669
16:45:30,12.1090775
16:45:31,11.7998114
16:45:32,12.05813
16:45:33,12.2429552
16:45:34,11.7699642
16:45:35,12.165535
16:45:36,12.2991943
16:45:37,12.1538868
16:45:38,11.5934763
16:45:39,11.75737
16:45:40,12.1326532
16:45:41,11.9558277
16:45:42,12.0056725
16:45:43,11.8536625
16:45:44,12.0066833
16:45:45,12.0808706
16:45:46,11.803443
16:45:47,11.8427372
16:45:48,11.9058847
16:45:49,11.3823681
16:45:50,11.8474979
16:45:52,11.8817482
16:45:53,12.3678761
16:45:54,11.8065081
16:45:55,11.8588905
16:45:56,12.05997
16:45:57,11.9801321
16:45:58,12.2033367
16:45:59,11.9068108
16:46:00,12.2349272
16:46:01,12.016736
16:46:02,12.0544338
16:46:03,12.2087355
16:46:04,11.9954348
16:46:05,12.0913258
16:46:06,11.463151
16:46:07,11.9234
16:46:08,12.1971884
16:46:10,11.9946327
16:46:11,11.7505169
16:46:13,12.0842495
16:46:15,12.0536852
16:46:16,11.89723
16:46:17,12.0152073
16:46:18,12.0958529
16:46:19,11.8777809
16:46:20,11.9410849
16:46:21,11.9363451
16:46:22,11.9401569
16:46:23,12.0410385
16:46:24,12.00188
16:46:25,11.95156
16:46:26,12.1481848
16:46:27,11.8305473
16:46:28,12.0150356
16:46:29,11.9673033
16:46:30,12.0937357
16:46:31,12.0613012
16:46:32,12.2990656
16:46:33,11.9629307
16:46:34,12.1297617
16:46:35,12.0105362
16:46:36,11.9864864
16:46:37,12.0266943
16:46:38,12.4971046
16:46:39,12.00676
16:46:40,11.97543
16:46:41,11.8125648
16:46:42,12.0306644
16:46:43,11.8920269
16:46:44,12.0131369
16:46:45,11.6813269
16:46:46,11.9682083
16:46:47,12.1926565
16:46:48,11.91242
16:46:49,12.0324764
16:46:50,11.8477726
16:46:51,12.1918192
16:46:52,12.19701
16:46:53,12.22664
16:46:54,11.4999161
16:46:55,11.8882418
16:46:56,11.8987026
16:46:57,12.0474758
16:46:58,12.1131172
16:46:59,12.0246572
16:47:00,11.84012
16:47:01,11.91384
16:47:02,12.016964
16:47:03,11.9698353
16:47:04,11.9275532
16:47:05,12.319068
16:47:06,11.8058023
16:47:07,12.3723221
16:47:08,12.0008326
16:47:09,11.4963017
16:47:10,11.7081823
16:47:11,11.679759
16:47:12,11.7216682
16:47:13,11.9299784
16:47:14,11.8985
16:47:15,12.065836
16:47:16,12.0522928
16:47:17,11.99457
16:47:18,12.0565853
16:47:19,11.9540157
16:47:20,12.0784092
16:47:21,11.793189
16:47:22,12.0734262
16:47:23,11.9823275
16:47:24,12.1268167
16:47:25,11.9845781
16:47:26,12.1718054
16:47:27,12.1559935
16:47:28,12.1021814
16:47:29,11.89859
16:47:30,11.9758434
16:47:31,11.7016277
16:47:32,11.8039742
16:47:33,11.9582558
16:47:34,12.0363541
16:47:35,12.1295357
16:47:36,11.8780546
16:47:37,12.2219315
16:47:38,12.0195751
16:47:39,11.4762087
16:47:40,11.8723879
16:47:41,12.007164
16:47:42,12.1457291
16:47:43,11.9334812
16:47:44,12.0186262
16:47:45,11.8683329
16:47:46,11.63313
16:47:47,11.8084755
16:47:48,11.6741056
16:47:49,12.0117006
16:47:50,11.9072514
16:47:51,12.06556
16:47:52,11.7914047
16:47:53,12.2709045
16:47:54,11.8593
16:47:55,11.953002
16:47:56,11.8601208
16:47:57,12.0048037
16:47:58,12.0886526
16:47:59,11.7800789
16:48:00,12.3012524
16:48:01,12.1395168
16:48:02,12.0386429
16:48:03,12.1700373
16:48:04,12.0066729
16:48:05,12.2995281
16:48:06,11.7888079
16:48:07,11.9745827
16:48:08,12.1391468
16:48:09,11.4998608
16:48:10,11.9755611
16:48:11,11.8920527
16:48:12,11.8246746
16:48:13,12.2023153
16:48:14,12.0529356
16:48:15,11.7633057
16:48:16,12.0576515
16:48:17,12.2664967
16:48:18,11.8940268
16:48:19,12.1092968
16:48:20,12.4332867
16:48:21,12.0409765
16:48:22,11.935153
16:48:23,12.0890331
16:48:24,11.9839716
16:48:25,12.1462879
16:48:26,12.2463017
16:48:27,11.7327824
16:48:28,11.8131151
16:48:29,11.8250141
16:48:30,11.8740606
16:48:31,12.0348768
16:48:32,12.068984
16:48:33,12.1120377
16:48:34,11.7468519
16:48:35,12.162405
16:48:36,12.0417032
16:48:37,12.033185
16:48:38,12.1587543
16:48:39,11.9205732
16:48:40,12.0506458
16:48:41,11.978713
16:48:42,11.7562561
16:48:43,12.0398026
16:48:44,11.8671188
16:48:45,11.7936878
16:48:46,11.9131708
16:48:47,12.1595354
16:48:48,12.0453939
16:48:49,12.1639109
16:48:50,12.11868
16:48:51,11.9127579
16:48:53,11.7775
16:48:54,11.9437132
16:48:55,11.8037691
16:48:56,11.8797331
16:48:57,12.06461
16:48:58,12.2093449
16:48:59,11.9274969
16:49:00,11.888588
16:49:01,12.2123861
16:49:02,11.76824
16:49:03,11.8585672
16:49:04,11.98761
16:49:05,11.8321905
16:49:06,11.9858789
16:49:07,12.3416319
16:49:08,12.1566391
16:49:09,11.9922724
16:49:10,12.1527195
16:49:11,12.0801477
16:49:12,11.9943027
16:49:13,11.9621048
16:49:14,12.1966887
16:49:15,12.0952959
16:49:16,11.9442749
16:49:17,11.9453306
16:49:18,12.0654736
16:49:19,12.32009
16:49:20,11.7512159
16:49:21,12.0265121
16:49:22,11.8765612
16:49:23,11.9206028
16:49:24,11.8617468
16:49:25,11.8898573
16:49:26,12.1260052
16:49:27,12.1241989
16:49:28,12.0600863
16:49:29,11.8558025
16:49:30,12.1354094
16:49:31,11.8710079
16:49:32,11.84687
16:49:33,11.9873028
16:49:34,12.0751762
16:49:35,12.0413418
16:49:36,11.891284
16:49:37,11.6660051
16:49:38,11.7527885
16:49:39,11.8774881
16:49:40,11.8114939
16:49:41,11.9012337
16:49:42,12.0703516
16:49:43,11.7423267
16:49:44,12.0176277
16:49:45,11.9394827
16:49:46,12.3417368
16:49:47,11.9808388
16:49:48,11.7479954
16:49:49,12.0347881
16:49:50,12.0713339
16:49:51,12.1611538
16:49:52,12.2504349
16:49:53,11.6696424
16:49:54,12.462389
16:49:55,12.0007105
16:49:56,11.9796982
16:49:57,11.86273
16:49:58,11.8694515
16:49:59,11.9900932
16:50:00,11.9152107
16:50:01,11.8338785
16:50:02,11.9895144
16:50:03,11.844306
16:50:04,12.0358524
16:50:05,12.2579088
16:50:06,12.2231283
16:50:07,12.2747421
16:50:08,12.2910833
16:50:09,12.1006756
16:50:10,11.7565689
16:50:11,12.1834955
16:50:12,12.0763674
16:50:13,12.2639141
16:50:14,12.0829878
16:50:15,11.88439
16:50:16,11.9632225
16:50:17,11.9357443
16:50:19,11.946557
16:50:21,11.8879023
16:50:22,11.9725075
16:50:23,12.0174828
16:50:24,12.0236416
16:50:25,11.871541
16:50:26,11.9725
16:50:27,12.02873
16:50:28,11.9760456
16:50:29,11.5920734
16:50:30,12.0896053
16:50:31,12.0077524
16:50:32,11.5188284
16:50:33,12.1074572
16:50:34,12.2022514
16:50:35,12.1425457
16:50:36,12.375205
16:50:37,12.1259661
16:50:38,11.6445379
16:50:39,12.5507421
16:50:40,11.9280262
16:50:41,11.9162636
16:50:42,11.7837429
16:50:43,12.0639954
16:50:44,11.8344679
16:50:45,12.1887207
16:50:46,11.8215847
16:50:47,12.4769039
16:50:48,11.9138851
16:50:49,12.2892685
16:50:50,11.8470984
16:50:51,12.0074339
16:50:52,12.1260853
16:50:53,12.1845846
16:50:54,12.1048145
16:50:55,11.8917189
16:50:56,11.7676058
16:50:57,12.2177191
16:50:58,11.9724741
16:50:59,12.087018
16:51:00,12.1089344
16:51:01,11.8211937
16:51:02,12.2670765
16:51:03,11.8389006
16:51:04,11.6144333
16:51:05,11.9168949
16:51:06,11.7795134
16:51:07,12.2795343
16:51:08,11.967658
16:51:09,12.036418
16:51:10,11.9099913
16:51:11,12.0241385
16:51:12,11.9948044
16:51:13,12.1453238
16:51:14,12.0621195
16:51:15,11.8837442
16:51:16,11.8042393
16:51:17,12.1355019
16:51:18,12.1058311
16:51:19,11.9624929
16:51:20,11.9843788
16:51:21,12.1182175
16:51:22,11.8614807
16:51:23,12.0368128
16:51:24,11.977499
16:51:25,11.8977928
16:51:26,12.1574335
16:51:27,12.4871464
16:51:28,12.0162783
16:51:29,11.8443661
16:51:30,11.9147882
16:51:31,11.8039856
16:51:32,11.7289963
16:51:33,11.8630972
16:51:34,11.8191061
16:51:35,12.2942181
16:51:36,12.1365461
16:51:37,12.0142784
16:51:38,11.7132053
16:51:39,12.1050768
16:51:40,12.1513214
16:51:41,11.8810368
16:51:42,12.3020763
16:51:43,12.2028675
16:51:44,11.6818781
16:51:45,12.1093149
16:51:46,12.1604881
16:51:47,12.0694618
16:51:48,11.99759
16:51:49,12.1497126
16:51:50,12.0832081
16:51:51,12.1229191
16:51:52,12.0887547
16:51:53,12.2362785
16:51:54,12.0341578
16:51:55,11.8464432
16:51:56,11.9970083
16:51:57,11.9559612
16:51:58,12.1197939
16:51:59,12.0045195
16:52:00,11.9241714
16:52:01,11.9006977
16:52:02,11.8140917
16:52:03,12.0029354
16:52:04,12.1513262
16:52:05,11.8623533
16:52:06,12.0141048
16:52:07,11.8105927
16:52:08,11.8276968
16:52:09,11.9523678
16:52:10,12.1618643
16:52:11,11.8181057
16:52:12,12.1270866
16:52:13,11.8164206
16:52:14,11.9860649
16:52:15,11.7730341
16:52:16,12.1596985
16:52:17,11.5067539
16:52:18,11.90769
16:52:19,11.8123674
16:52:20,11.9472628
16:52:21,12.0245247
16:52:22,12.0065565
16:52:23,11.7220592
16:52:24,12.0504122
16:52:25,12.1457968
16:52:26,12.0979853
16:52:27,11.9406948
16:52:28,11.82319
16:52:29,12.27409
16:52:30,12.384367
16:52:31,11.8549862
16:52:32,12.0589905
16:52:33,12.10137
16:52:34,12.2294092
16:52:35,12.0653057
16:52:36,11.950386
16:52:37,11.9834318
16:52:38,12.109437
16:52:39,11.9616966
16:52:40,11.782217
16:52:41,12.0458078
16:52:42,12.17923
16:52:43,12.1215267
16:52:44,12.01417
16:52:45,12.0108824
16:52:46,12.5565605
16:52:47,11.3102264
16:52:48,12.2021942
16:52:49,12.005661
16:52:50,12.3302031
16:52:52,12.01818
16:52:53,12.0459967
16:52:54,11.321806
16:52:55,12.1447172
16:52:56,11.87571
16:52:57,12.3138943
16:52:58,12.174118
16:52:59,12.1328411
16:53:00,11.6424809
16:53:01,12.0456133
16:53:02,11.8106518
16:53:03,12.1930256
16:53:04,12.1181889
16:53:05,11.9254885
16:53:06,11.8482981
16:53:07,12.192111
16:53:08,11.438508
16:53:09,12.4787674
16:53:10,11.8652887
16:53:11,12.427516
16:53:12,11.73808
16:53:13,11.9767246
16:53:14,11.9554663
16:53:15,12.004425
16:53:16,12.1106825
16:53:17,12.021822
16:53:18,11.8592768
16:53:19,11.8105688
16:53:20,12.1880646
16:53:21,12.0690937
16:53:22,11.8748035
16:53:23,12.06302
16:53:24,12.0894222
16:53:25,12.1720114
16:53:26,12.0449219
16:53:27,11.9722986
16:53:28,12.2065639
16:53:29,11.9543276
16:53:30,12.0592537
16:53:31,11.9238291
16:53:32,11.83984
16:53:33,12.1655207
16:53:34,11.688262
16:53:35,11.9790916
16:53:36,11.924551
16:53:37,12.1525087
16:53:38,11.8972807
16:53:40,11.5090427
16:53:41,11.8895874
16:53:42,11.9278145
16:53:43,12.2185774
16:53:44,11.8909159
16:53:45,11.7790251
16:53:46,12.181426
16:53:47,12.331852
16:53:49,12.0902958
16:53:51,11.996048
16:53:52,11.91219
16:53:53,12.1617641
16:53:54,11.6081676
16:53:55,12.13908
16:53:56,11.72824
16:53:58,12.0727978
16:53:59,12.0878029
16:54:00,11.9975014
16:54:01,11.9899559
16:54:02,11.82772
16:54:03,11.8871956
16:54:05,12.215848
16:54:07,12.3278646
16:54:08,11.9909067
16:54:09,12.1953592
16:54:10,12.5457726
16:54:11,12.0515175
16:54:12,11.6925344
16:54:13,12.0352955
16:54:14,12.2494049
16:54:15,11.9343176
16:54:16,11.8433437
16:54:17,12.1054878
16:54:18,11.9561329
16:54:19,11.9590321
16:54:20,11.97902
16:54:21,11.59948
16:54:22,11.9635334
16:54:23,11.9559669
16:54:24,12.1330442
16:54:25,11.9666061
16:54:26,11.6774845
16:54:27,12.061882
16:54:28,12.137208
16:54:29,12.0939312
16:54:30,11.9027948
16:54:31,12.4414778
16:54:32,11.8224144
16:54:33,11.8495
16:54:34,11.89811
16:54:35,12.136344
16:54:36,11.9372149
16:54:37,12.1080217
16:54:38,12.144516
16:54:39,11.6976128
16:54:40,12.0860052
16:54:41,12.1469593
16:54:42,11.8874722
16:54:43,12.098958
16:54:44,12.1013536
16:54:45,11.9773
16:54:46,12.1990328
16:54:47,11.7927895
16:54:48,12.1771173
16:54:49,11.8135157
16:54:50,12.0198727
16:54:51,11.8347712
16:54:52,11.8753157
16:54:53,12.1664715
16:54:54,11.870841
16:54:55,11.9821119
16:54:56,12.0129061
16:54:57,11.6856689
16:54:58,12.0509748
16:54:59,12.132493
16:55:00,12.0214252
16:55:01,11.8488674
16:55:02,11.791481
16:55:03,11.950738
16:55:04,11.8984251
16:55:05,11.7609348
16:55:06,12.0338068
16:55:07,11.5121469
16:55:08,11.8462
16:55:09,12.2573109
16:55:10,11.9773026
16:55:11,12.01727
16:55:12,11.9298649
16:55:13,11.7220068
16:55:14,12.2124548
16:55:15,11.9048662
16:55:16,11.9031544
16:55:17,11.9597731
16:55:18,12.4936275
16:55:19,11.9386234
16:55:20,12.0522432
16:55:21,12.0555573
16:55:22,12.0065641
16:55:23,12.1039133
16:55:24,11.7957315
16:55:25,11.8516045
16:55:26,11.7425232
16:55:27,12.1162319
16:55:28,12.327158
16:55:29,11.9589043
16:55:30,11.9673777
16:55:31,11.8735371
16:55:32,11.77059
16:55:33,12.23572
16:55:34,12.2221775
16:55:35,12.2138062
16:55:36,12.1611624
16:55:37,11.9860086
16:55:38,12.1123943
16:55:39,12.32939
16:55:40,12.1665773
16:55:41,11.9367819
16:55:42,11.3813457
16:55:43,11.8330469
16:55:44,12.1763439
16:55:45,11.8800306
16:55:46,12.026598
16:55:47,11.9596748
16:55:48,11.9166918
16:55:49,11.89042
16:55:50,11.8713007
16:55:51,12.2466679
16:55:52,12.1735325
16:55:53,11.88602
16:55:54,11.6041145
16:55:55,12.142684
16:55:56,12.0407324
16:55:57,11.82875
16:55:58,12.01495
16:55:59,12.2077084
16:56:00,11.9848938
16:56:01,11.8969593
16:56:02,11.9953051
16:56:03,12.1080475
16:56:04,12.1742144
16:56:05,11.7756882
16:56:06,11.7723866
16:56:07,11.9103069
16:56:08,11.8556433
16:56:09,12.2766161
16:56:10,11.9454508
16:56:11,11.9598064
16:56:12,12.1577978
16:56:13,12.0033169
16:56:14,12.0375223
16:56:15,12.2182951
16:56:16,11.98966
16:56:17,12.10652
16:56:18,12.1300955
16:56:19,12.08075
16:56:20,12.2350082
16:56:21,11.6770973
16:56:22,12.1242876
16:56:23,11.9137335
16:56:24,11.9495964
16:56:25,12.16389
16:56:26,11.7486115
16:56:27,11.8985949
16:56:28,12.1553574
16:56:29,12.030695
16:56:30,12.1598063
16:56:31,11.8760281
16:56:32,11.91699
16:56:33,11.9235592
16:56:34,12.2189541
16:56:35,12.1354179
16:56:36,11.8785009
16:56:37,12.27009
16:56:38,11.9192991
16:56:39,12.2391758
16:56:40,11.6678047
16:56:41,11.8973408
16:56:42,12.13055
16:56:43,11.9547329
16:56:44,12.1262522
16:56:45,11.8396244
16:56:46,11.9065018
16:56:47,11.6951752
16:56:48,11.9816227
16:56:49,12.0429354
16:56:50,12.1045885
16:56:51,11.9153681
16:56:52,12.2844114
16:56:53,11.8997145
16:56:54,12.07624
16:56:55,12.0453377
16:56:56,12.09412
16:56:57,12.0266733
16:56:58,12.0206585
16:56:59,12.1648283
16:57:00,12.1314983
16:57:01,12.1723471
16:57:02,12.0592232
16:57:03,11.8893862
16:57:04,11.9857016
16:57:05,12.0521994
16:57:06,11.9435806
16:57:07,12.2286854
16:57:08,11.8400106
16:57:09,11.9496737
16:57:10,11.93724
16:57:11,11.68621
16:57:12,11.9181919
16:57:13,11.8877726
16:57:14,12.0226517
16:57:15,11.9381094
16:57:16,12.0371151
16:57:17,12.0015526
16:57:18,11.9245052
16:57:19,12.1991863
16:57:20,11.7671585
16:57:21,12.0620832
16:57:22,12.0881805
16:57:23,12.0383244
16:57:24,12.1252279
16:57:25,11.6192417
16:57:26,11.90327
16:57:27,11.6187181
16:57:28,11.9507179
16:57:29,11.9672766
16:57:30,12.4186974
16:57:31,11.8781166
16:57:32,12.077611
16:57:33,12.1166592
16:57:34,12.0952358
16:57:35,11.6655722
16:57:36,11.9375639
16:57:37,11.8106546
16:57:38,12.0678759
16:57:39,11.5058489
16:57:40,12.0905838
16:57:41,11.4454708
16:57:42,11.9254141
16:57:43,11.9641132
16:57:44,11.8099566
16:57:45,12.005909
16:57:46,12.1231518
16:57:47,12.0082827
16:57:48,11.9070053
16:57:49,12.1315918
16:57:50,11.898756
16:57:51,12.0882711
16:57:52,11.7341385
16:57:53,12.0493574
16:57:54,12.0649509
16:57:55,11.7580833
16:57:56,12.0113935
16:57:57,11.9491987
16:57:58,10.3303022
16:57:59,10.5325212
16:58:00,12.7987366
16:58:01,13.8763456
16:58:02,12.270031
16:58:03,11.8240147
16:58:04,12.0829163
16:58:05,11.98752
16:58:06,11.8539286
16:58:07,11.8199291
16:58:08,11.9833937
16:58:09,11.7923231
16:58:10,12.1942835
16:58:11,11.7300816
16:58:12,11.9309082
16:58:13,12.02229
16:58:15,11.9279118
16:58:17,11.8869486
16:58:19,12.1955776
16:58:20,11.9696951
16:58:21,11.8294935
16:58:22,11.8453245
16:58:23,12.0285
16:58:24,12.2522535
16:58:25,12.0839128
16:58:26,12.256381
16:58:27,11.9981422
16:58:28,12.1486435
16:58:29,11.9438515
16:58:30,11.838316
16:58:31,12.0764761
16:58:32,11.8255463
16:58:33,12.0263491
16:58:34,12.1078014
16:58:35,12.0706511
16:58:36,12.0975866
16:58:37,12.2398739
16:58:38,12.2053347
16:58:39,12.2012968
16:58:40,11.8985329
16:58:41,12.23422
16:58:42,11.9195976
16:58:43,12.1868172
16:58:44,12.0748787
16:58:45,11.9845839
16:58:46,11.9698238
16:58:47,11.8796711
16:58:48,12.0837727
16:58:49,11.8392181
16:58:50,11.6743889
16:58:51,12.04016
16:58:52,11.8128223
16:58:53,12.1827555
16:58:54,11.9748831
16:58:55,12.1028881
16:58:56,12.0177965
16:58:57,12.1240444
16:58:58,12.1306515
16:58:59,11.9662285
16:59:00,12.1318331
16:59:01,12.0611544
16:59:02,12.0125408
16:59:03,12.2539053
16:59:04,11.9858437
16:59:05,11.9335833
16:59:06,11.7161
16:59:07,11.8459492
16:59:08,12.1622629
16:59:09,12.0824757
16:59:10,12.139163
16:59:11,11.8721485
16:59:12,11.9555578
16:59:13,11.9854336
16:59:14,11.9551659
16:59:15,11.9477539
16:59:16,12.0455227
16:59:17,12.0979176
16:59:18,11.7595243
16:59:19,11.928647
16:59:20,11.918396
16:59:21,12.0719624
16:59:22,11.7872152
16:59:23,11.8264675
16:59:24,11.9979181
16:59:25,12.0359221
16:59:26,11.8977356
16:59:27,11.8594685
16:59:28,12.2623711
16:59:29,12.0860338
16:59:30,11.7380791
16:59:31,11.925643
16:59:32,11.49583
16:59:33,11.9980459
16:59:34,11.7491961
16:59:35,11.8906288
16:59:36,12.114048
16:59:37,12.0210228
16:59:38,12.0694895
16:59:39,12.3077488
16:59:40,11.725687
16:59:41,12.4000092
16:59:42,12.0628462
16:59:43,12.0491095
16:59:44,12.0474215
16:59:45,12.0888472
16:59:46,11.65094
16:59:47,11.964838
16:59:48,12.0936031
16:59:49,11.9230652
16:59:50,11.8446856
16:59:51,12.014226
16:59:52,11.9475117
16:59:53,12.0429182
16:59:54,11.5564413
16:59:55,11.9286489
16:59:56,12.1545334
16:59:57,12.0414448
16:59:58,11.9636087
16:59:59,11.8396845
17:00:00,11.9514608
17:00:01,11.9896126
17:00:02,12.1267509
17:00:03,11.9798079
17:00:04,11.8504477
17:00:05,11.9987268
17:00:06,12.2489223
17:00:07,12.071
17:00:08,12.0926533
17:00:09,11.99039
17:00:10,11.240077
17:00:11,12.4309921
17:00:12,12.0605612
17:00:13,11.5593481
17:00:14,12.1893911
17:00:15,11.8992424
17:00:16,11.9331808
17:00:17,11.8392124
17:00:18,12.047225
17:00:19,11.8072357
17:00:20,11.4319849
17:00:21,12.6897669
17:00:22,11.8799925
17:00:23,11.9530983
17:00:24,12.1720791
17:00:25,11.727149
17:00:26,12.0556784
17:00:27,11.79344
17:00:28,11.9072437
17:00:29,12.3147411
17:00:30,11.88437
17:00:31,11.9432774
17:00:32,11.842308
17:00:33,11.8609428
17:00:34,12.2406244
17:00:35,12.0195484
17:00:36,12.1269426
17:00:37,11.9442749
17:00:38,12.1409359
17:00:39,12.1155519
17:00:40,12.1388569
17:00:41,12.0598526
17:00:42,11.9959126
17:00:43,12.1148911
17:00:44,11.8212614
17:00:45,12.5382862
17:00:46,11.9726553
17:00:47,11.8944426
17:00:48,11.7972574
17:00:49,11.90262
17:00:50,12.145381
17:00:51,12.00236
17:00:52,12.1889782
17:00:53,11.9835863
17:00:54,12.26442
17:00:55,12.0012407
17:00:56,12.35173
17:00:57,11.753581
17:00:58,12.0978556
17:00:59,12.00245
17:01:00,11.989872
17:01:01,12.0778465
17:01:02,11.857935
17:01:03,11.9451666
17:01:04,12.035244
17:01:05,12.321846
17:01:06,12.0664692
17:01:07,12.0806026
17:01:08,11.9068785
17:01:09,11.9310532
17:01:10,12.0126715
17:01:11,12.0547438
17:01:12,11.8528013
17:01:13,12.092679
17:01:14,12.0417843
17:01:15,11.9627666
17:01:16,12.2326469
17:01:17,12.01076
17:01:18,11.9698877
17:01:19,11.9949694
17:01:20,12.3680859
17:01:21,12.1177578
17:01:22,11.7974224
17:01:23,11.9933071
17:01:24,12.2332678
17:01:25,12.05515
17:01:26,11.9858656
17:01:27,11.9368658
17:01:28,12.0642376
17:01:29,12.0860052
17:01:30,11.9085455
17:01:31,12.0437851
17:01:32,11.8463831
17:01:33,11.9729338
17:01:34,11.9152622
17:01:35,11.8593292
17:01:36,11.9263792
17:01:37,11.6192389
17:01:38,11.8888378
17:01:39,11.8026524
17:01:40,11.9840956
17:01:41,12.0147581
17:01:42,12.1583166
17:01:43,12.1038876
17:01:44,11.94791
17:01:45,12.3168068
17:01:46,11.8817167
17:01:47,11.7823343
17:01:48,12.0271845
17:01:49,12.175705
17:01:50,11.9983835
17:01:52,12.094739
17:01:53,11.81966
17:01:54,11.8761578
17:01:55,12.050024
17:01:56,11.8459358
17:01:57,11.8132915
17:01:58,11.7478151
17:01:59,11.951663
17:02:00,11.942193
17:02:01,12.0960369
17:02:02,11.7441559
17:02:04,12.1798258
17:02:05,12.1956882
17:02:06,11.7924843
17:02:07,11.9485674
17:02:08,12.1383018
17:02:09,11.7200642
17:02:10,12.18735
17:02:11,11.8755522
17:02:12,12.1424284
17:02:13,12.2049551
17:02:14,12.15354
17:02:15,12.0337486
17:02:16,11.9457493
17:02:17,11.6858463
17:02:18,11.8077564
17:02:19,12.1326761
17:02:20,12.2827635
17:02:21,11.9854259
17:02:22,12.0265942
17:02:23,11.9887161
17:02:24,12.0672445
17:02:25,12.2233553
17:02:26,11.9173508
17:02:27,11.9141
17:02:28,12.1624031
17:02:29,11.9542274
17:02:30,12.2152672
17:02:31,11.2235336
17:02:32,12.0859327
17:02:33,11.9348316
17:02:34,12.3826332
17:02:35,11.861372
17:02:36,12.0178022
17:02:37,11.9929323
17:02:38,11.9709034
17:02:39,11.9870214
17:02:40,12.0839348
17:02:41,12.15524
17:02:42,12.1141949
17:02:43,12.0217552
17:02:44,12.1230507
17:02:45,12.0374594
17:02:46,12.1411142
17:02:47,12.0557775
17:02:48,11.8141928
17:02:49,11.9993277
17:02:50,12.3330908
17:02:51,12.12176
17:02:52,12.1101217
17:02:53,11.8736
17:02:54,11.8507338
17:02:55,12.237052
17:02:56,11.9593191
17:02:57,12.137207
17:02:58,12.1019974
17:02:59,11.9046926
17:03:00,11.9340982
17:03:01,12.0012
17:03:02,11.8204546
17:03:03,12.0310755
17:03:04,12.0062094
17:03:05,11.9154348
17:03:06,12.0289621
17:03:07,12.2112083
17:03:08,12.1649237
17:03:09,12.1025286
17:03:10,11.8880577
17:03:11,12.05315
17:03:12,11.9694023
17:03:13,11.8846054
17:03:14,11.7692347
17:03:15,12.1113281
17:03:16,11.9635916
17:03:17,12.0732508
17:03:18,11.96025
17:03:19,12.08498
17:03:20,11.9803524
17:03:21,12.0898733
17:03:22,11.8950405
17:03:23,12.2964678
17:03:24,11.9685984
17:03:25,12.0222216
17:03:26,12.101922
17:03:27,11.966363
17:03:28,11.8439779
17:03:29,12.1732359
17:03:30,11.8675737
17:03:31,12.0035172
17:03:32,11.8493633
17:03:33,11.9156256
17:03:34,12.0826035
17:03:35,11.8383827
17:03:36,11.9583015
17:03:37,12.249918
17:03:38,11.8727293
17:03:39,12.1986265
17:03:40,11.976634
17:03:41,12.1431026
17:03:42,11.9315681
17:03:43,12.1390219
17:03:44,11.9413118
17:03:45,11.82552
17:03:46,11.8894176
17:03:47,12.1100636
17:03:48,12.0416269
17:03:49,12.2641516
17:03:50,12.0119648
17:03:51,11.8837328
17:03:52,11.9965782
17:03:53,11.9315567
17:03:54,11.8019447
17:03:55,11.9359045
17:03:56,12.035079
17:03:57,11.9493952
17:03:58,11.9449568
17:03:59,11.8279991
17:04:00,12.0290136
17:04:01,12.1534042
17:04:02,12.21162
17:04:03,11.860404
17:04:04,12.0776777
17:04:05,11.6102276
17:04:06,12.1857805
17:04:07,11.9952774
17:04:08,11.743701
17:04:09,12.24348
17:04:10,12.2508793
17:04:11,11.66998
17:04:12,12.0817928
17:04:13,11.837739
17:04:14,12.287035
17:04:15,11.8253956
17:04:16,12.22198
17:04:17,12.0380039
17:04:18,12.1245537
17:04:19,11.8179827
17:04:20,11.9428463
17:04:21,12.1099186
17:04:22,12.1252766
17:04:23,12.2332964
17:04:24,12.1638336
17:04:25,11.8359165
17:04:26,12.039525
17:04:27,12.0334158
17:04:28,12.2217655
17:04:29,12.2486925
17:04:30,12.0258818
17:04:31,12.0463123
17:04:32,12.0234785
17:04:33,11.9686384
17:04:34,11.7410345
17:04:35,12.0810375
17:04:36,11.9637165
17:04:37,12.0388222
17:04:38,11.6983681
17:04:39,11.6719646
17:04:40,12.1682653
17:04:41,12.0390511
17:04:42,12.1972179
17:04:43,11.8015089
17:04:44,12.2626019
17:04:45,11.9955015
17:04:46,12.0321894
17:04:47,12.116313
17:04:48,11.916729
17:04:49,12.2471428
17:04:50,11.4824505
17:04:51,11.9699469
17:04:52,12.0886049
17:04:53,12.0036936
17:04:54,12.1014614
17:04:55,11.7595787
17:04:56,11.9993706
17:04:57,12.4464111
17:04:58,11.9423113
17:04:59,11.9509106
17:05:00,12.0745745
17:05:01,12.3701029
17:05:02,11.6216106
17:05:03,12.1116543
17:05:04,11.8829937
17:05:05,12.09487
17:05:06,11.975997
17:05:07,11.9488382
17:05:08,12.1024818
17:05:09,12.2622643
17:05:10,11.859581
17:05:11,12.3721733
17:05:12,11.7502279
17:05:13,12.1427813
17:05:14,12.0000734
17:05:15,11.8903971
17:05:16,11.8499613
17:05:17,11.6460619
17:05:18,12.1566448
17:05:19,12.2020788
17:05:20,11.9447956
17:05:21,11.8647747
17:05:22,12.02068
17:05:23,12.26754
17:05:24,12.0259094
17:05:25,11.9117
17:05:26,11.9100428
17:05:27,11.9332743
17:05:28,11.8481
17:05:29,11.9518309
17:05:30,11.8772764
17:05:31,11.922452
17:05:32,12.0668468
17:05:33,12.071497
17:05:34,11.8367443
17:05:35,11.9031982
17:05:36,12.0495653
17:05:37,12.1609955
17:05:38,12.1341286
17:05:39,12.1541853
17:05:40,11.99736
17:05:41,12.0663881
17:05:42,11.9579039
17:05:43,11.8678885
17:05:44,12.1478262
17:05:45,11.8853445
17:05:46,11.8166084
17:05:48,11.9485922
17:05:49,11.9969416
17:05:50,11.9015846
17:05:52,12.013587
17:05:53,11.839797
17:05:55,11.97857
17:05:56,11.9569073
17:05:57,12.2219591
17:05:58,11.8733816
17:05:59,11.8505764
17:06:00,11.8169327
17:06:01,11.9251823
17:06:02,12.290638
17:06:03,11.9036283
17:06:04,12.1280222
17:06:05,12.0729828
17:06:06,11.9313078
17:06:07,11.9554453
17:06:08,12.0741205
17:06:09,11.8239584
17:06:10,12.28488
17:06:11,11.84318
17:06:12,12.0630245
17:06:13,11.9137945
17:06:14,11.9987764
17:06:15,11.9058685
17:06:16,11.9509163
17:06:17,12.0587626
17:06:18,11.8007793
17:06:19,12.2447166
17:06:20,12.1619177
17:06:21,12.0520334
17:06:22,12.1070824
17:06:23,11.8990135
17:06:24,11.6559591
17:06:25,12.3517485
17:06:26,11.9465046
17:06:27,12.0060978
17:06:28,12.0807314
17:06:29,11.9481344
17:06:30,11.919178
17:06:31,11.93728
17:06:32,11.9657059
17:06:33,12.0118942
17:06:34,11.7072563
17:06:35,11.8207922
17:06:36,12.12906
17:06:37,11.9935818
17:06:38,11.8688774
17:06:39,11.926754
17:06:40,11.977232
17:06:41,11.8175592
17:06:42,12.41105
17:06:43,11.99141
17:06:44,11.7888489
17:06:45,12.0611839
17:06:46,11.8516912
17:06:47,12.1118441
17:06:48,12.2982378
17:06:49,12.0504246
17:06:50,11.95978
17:06:51,12.344903
17:06:52,11.8975353
17:06:53,11.68965
17:06:54,11.8233242
17:06:55,11.9984121
17:06:56,12.0894642
17:06:57,12.0176649
17:06:58,11.8456955
17:06:59,11.8263845
17:07:00,12.2665043
17:07:01,11.7745905
17:07:02,12.080472
17:07:03,12.1288424
17:07:04,11.750042
17:07:05,11.882699
17:07:06,11.9984
17:07:07,11.7934532
17:07:08,12.0750771
17:07:09,12.0982256
17:07:10,12.1539059
17:07:11,12.0418653
17:07:12,11.6396322
17:07:13,12.0451
17:07:14,11.7317019
17:07:15,11.8514805
17:07:16,12.2297211
17:07:17,12.2828846
17:07:18,12.5185108
17:07:19,12.2178249
17:07:20,11.9303064
17:07:21,12.4684486
17:07:22,11.4535542
17:07:23,12.78305
17:07:24,12.2384043
17:07:25,12.0747156
17:07:26,11.94708
17:07:27,12.0738249
17:07:28,12.1619673
17:07:29,11.8642216
17:07:30,12.0984125
17:07:31,12.080719
17:07:32,11.7347555
17:07:33,12.1897926
17:07:34,12.1480284
17:07:35,11.7724962
17:07:36,12.0776834
17:07:37,11.8202591
17:07:38,12.1766682
17:07:39,12.1529484
17:07:40,11.92796
17:07:41,12.1200418
17:07:42,11.7813816
17:07:43,11.9151039
17:07:44,12.1747122
17:07:45,11.8003836
17:07:46,12.0237236
17:07:47,12.125658
17:07:48,12.0553141
17:07:49,11.8526945
17:07:50,12.0026932
17:07:51,11.9866877
17:07:52,11.9675837
17:07:53,11.9535885
17:07:54,11.79021
17:07:55,12.2692423
17:07:56,12.0345306
17:07:57,12.1354809
17:07:58,12.0127764
17:07:59,12.1140718
17:08:00,11.7884436
17:08:01,11.7602234
17:08:02,12.1091433
17:08:03,12.0204372
17:08:04,12.1847105
17:08:05,11.8219032
17:08:06,11.9375763
17:08:07,12.1935568
17:08:08,11.207078
17:08:09,12.140748
17:08:10,12.24611
17:08:11,11.8907957
17:08:12,11.9438057
17:08:13,12.2868519
17:08:14,12.0779285
17:08:15,11.8056831
17:08:16,12.06152
17:08:17,11.9064608
17:08:18,11.7469549
17:08:19,11.969882
17:08:20,11.9664564
17:08:21,12.0144587
17:08:22,12.1729422
17:08:23,12.1271
17:08:24,11.8800268
17:08:25,12.02335
17:08:26,11.8589859
17:08:27,11.873457
17:08:28,12.0859394
17:08:29,11.888545
17:08:30,11.93778
17:08:31,12.0379047
17:08:32,12.0275126
17:08:33,11.8447485
17:08:34,11.9238291
17:08:35,12.129199
17:08:36,12.0790644
17:08:37,12.1143513
17:08:38,11.90083
17:08:39,11.8907385
17:08:40,11.9736786
17:08:41,11.8725634
17:08:42,12.1773
17:08:43,12.0318556
17:08:44,12.2027588
17:08:45,11.8730555
17:08:46,12.0820522
17:08:47,11.9586325
17:08:48,11.9861917
17:08:49,11.9466991
17:08:50,11.9925327
17:08:51,11.8544941
17:08:52,11.6262369
17:08:53,11.806468
17:08:54,11.7940426
17:08:55,11.9225655
17:08:56,11.9755659
17:08:57,11.9427319
17:08:58,11.9356413
17:08:59,11.9682646
17:09:00,11.9717093
17:09:01,12.0206261
17:09:02,12.0845432
17:09:03,11.8344078
17:09:04,12.09611
17:09:05,12.0919991
17:09:06,11.821413
17:09:07,11.9527569
17:09:08,11.8780622
17:09:09,12.0537252
17:09:10,11.9551773
17:09:11,12.3158331
17:09:12,12.032773
17:09:13,12.1942835
17:09:14,11.7664309
17:09:15,11.8331127
17:09:16,12.023632
17:09:17,11.9381618
17:09:18,11.9454317
17:09:19,12.1240873
17:09:20,11.8847389
17:09:21,11.9930773
17:09:22,11.9873295
17:09:23,11.9466982
17:09:24,12.0779753
17:09:25,11.9475756
17:09:26,12.0867
17:09:27,11.9264669
17:09:29,12.1092119
17:09:30,12.0927839
17:09:31,12.0929966
17:09:32,11.4580927
17:09:34,11.7010422
17:09:35,11.9994526
17:09:37,11.8848553
17:09:38,11.813736
17:09:40,12.0955667
17:09:41,11.88509
17:09:42,12.07317
17:09:44,12.49835
17:09:45,12.1123056
17:09:46,12.0899553
17:09:47,11.8697386
17:09:49,12.1055136
17:09:50,12.0193777
17:09:51,11.9892845
17:09:52,12.0470686
17:09:53,11.8626728
17:09:54,11.9558392
17:09:55,12.1051016
17:09:56,12.34585
17:09:57,11.48407
17:09:58,12.0423946
17:09:59,11.9869652
17:10:00,12.1694269
17:10:01,12.1406069
17:10:02,11.9686594
17:10:03,12.0753212
17:10:04,11.8459072
17:10:05,12.067461
17:10:06,12.0406752
17:10:07,11.764842
17:10:08,11.8993711
17:10:09,12.0751963
17:10:10,11.9250851
17:10:11,11.9047985
17:10:12,12.0958548
17:10:13,12.2740173
17:10:14,12.104928
17:10:15,12.4411707
17:10:16,11.922102
17:10:17,11.6994171
17:10:18,12.3153
17:10:19,12.3123274
17:10:20,11.9722862
17:10:21,11.8684435
17:10:22,11.9781332
17:10:23,11.9075489
17:10:24,11.9245062
17:10:25,11.9029675
17:10:26,12.1786451
17:10:27,11.73621
17:10:28,11.8282566
17:10:29,12.1203947
17:10:30,12.3158245
17:10:31,11.8965359
17:10:32,11.9410505
17:10:33,11.9110279
17:10:34,12.0235548
17:10:35,12.07828
17:10:36,11.8508644
17:10:37,12.013093
17:10:38,12.0218735
17:10:39,11.8520718
17:10:40,12.0489979
17:10:41,11.7713737
17:10:42,11.9481621
17:10:43,12.0024481
17:10:44,11.9705858
17:10:45,12.182663
17:10:46,11.5170212
17:10:47,11.77271
17:10:48,11.91291
17:10:49,11.9951153
17:10:50,12.055232
17:10:51,11.9687748
17:10:52,12.19648
17:10:53,11.8983946
17:10:54,11.9410782
17:10:55,11.8116655
17:10:56,11.9136629
17:10:57,12.2507038
17:10:58,11.970809
17:10:59,12.0430784
17:11:00,11.9848242
17:11:01,12.2758827
17:11:02,12.1091022
17:11:03,12.0853281
17:11:04,12.2949858
17:11:05,11.92889
17:11:06,11.9153929
17:11:07,11.9970064
17:11:08,11.8223734
17:11:09,11.8552036
17:11:10,12.1429024
17:11:11,11.9313822
17:11:12,12.0590754
17:11:13,12.2663841
17:11:14,12.0100632
17:11:15,11.8445253
17:11:16,11.8903275
17:11:17,12.1461859
17:11:18,12.142046
17:11:19,12.150918
17:11:20,11.84462
17:11:21,12.1813793
17:11:22,12.1867189
17:11:23,12.068716
17:11:24,11.7540808
17:11:25,12.3369493
17:11:26,12.0765753
17:11:27,11.9563351
17:11:28,11.9398623
17:11:29,11.7560806
17:11:30,11.9160213
17:11:31,12.0830107
17:11:32,11.8149586
17:11:33,12.0908108
17:11:34,12.0485306
17:11:35,11.8806572
17:11:36,11.9179831
17:11:37,11.9907722
17:11:38,12.0874367
17:11:39,12.2559395
17:11:40,12.11834
17:11:41,12.0738153
17:11:42,12.0408154
17:11:43,12.03613
17:11:44,11.7488747
17:11:45,12.2282257
17:11:46,11.8372478
17:11:47,12.3179865
17:11:48,12.241107
17:11:49,12.0497627
17:11:50,11.9530621
17:11:52,11.9069262
17:11:53,12.0714121
17:11:54,11.71932
17:11:55,11.9749737
17:11:56,11.8782549
17:11:57,12.0668621
17:11:58,11.979598
17:11:59,12.0908813
17:12:00,11.981082
17:12:01,12.0697
17:12:02,12.032505
17:12:03,12.1028481
17:12:04,12.293437
17:12:05,12.0526066
17:12:06,12.1600466
17:12:07,11.904295
17:12:08,12.0365877
17:12:09,11.8935108
17:12:10,12.0312271
17:12:11,12.1129627
17:12:12,12.2624378
17:12:13,12.088933
17:12:14,11.970109
17:12:15,11.8435316
17:12:16,11.9796724
17:12:17,12.0349779
17:12:18,11.9956646
17:12:19,11.8134451
17:12:20,12.02249
17:12:21,11.7382
17:12:22,11.935235
17:12:23,11.9317408
17:12:24,12.1551657
17:12:25,12.0265675
17:12:26,12.0965128
17:12:27,12.0947571
17:12:28,12.0340395
17:12:29,12.0293818
17:12:30,12.0577927
17:12:31,12.1376619
17:12:32,11.829895
17:12:33,12.1026125
17:12:34,11.8795347
17:12:35,11.84797
17:12:36,11.7296772
17:12:37,11.9350061
17:12:38,11.680521
17:12:39,12.4368553
17:12:40,11.9125595
17:12:41,11.9181433
17:12:42,12.0813837
17:12:43,11.99612
17:12:44,12.1968365
17:12:45,11.6803064
17:12:46,11.7046585
17:12:47,12.1553688
17:12:48,11.8810987
17:12:49,11.8552856
17:12:50,12.3858881
17:12:51,12.2
17:12:53,11.9291716
17:12:54,12.2853642
17:12:55,11.7946663
17:12:56,12.033637
17:12:57,11.9444056
17:12:58,11.942524
17:12:59,12.1376705
17:13:00,12.1292257
17:13:01,12.1239643
17:13:02,12.2461519
17:13:03,11.8068829
17:13:04,12.0094309
17:13:05,12.0026741
17:13:06,11.959465
17:13:08,12.104229
17:13:09,11.9712276
17:13:10,12.0242252
17:13:11,11.9716015
17:13:12,12.1305943
17:13:13,11.8594484
17:13:14,12.04788
17:13:15,12.0244246
17:13:16,11.8763561
17:13:17,12.0767117
17:13:18,11.833313
17:13:19,12.0933867
17:13:20,12.11917
17:13:21,11.8004389
17:13:22,11.9375639
17:13:23,11.9136562
17:13:24,12.12761
17:13:25,11.9624672
17:13:26,11.820466
17:13:27,12.0292168
17:13:28,12.1107464
17:13:29,11.7492962
17:13:30,12.0496855
17:13:31,11.8199387
17:13:32,12.0841017
17:13:33,12.1508074
17:13:34,12.0579166
17:13:35,12.1162529
17:13:36,11.855444
17:13:37,12.0531044
17:13:38,11.93859
17:13:39,11.8329859
17:13:40,12.0036259
17:13:41,11.9775133
17:13:42,11.8961735
17:13:43,11.9451895
17:13:44,12.1242571
17:13:45,11.9352808
17:13:46,11.7475233
17:13:47,12.1143723
17:13:48,11.733139
17:13:49,11.9641457
17:13:50,12.0875187
17:13:51,11.9713888
17:13:52,11.8117228
17:13:53,11.9824715
17:13:54,12.0420952
17:13:55,12.0412169
17:13:56,12.2398081
17:13:57,12.0231218
17:13:58,12.06212
17:13:59,12.105072
17:14:00,12.1938877
17:14:01,12.1561327
17:14:02,12.2520971
17:14:03,12.5145388
17:14:04,12.1164923
17:14:05,11.9745073
17:14:06,12.146059
17:14:07,12.07459
17:14:08,12.1976728
17:14:09,12.0331078
17:14:10,11.98183
17:14:11,11.9794531
17:14:12,11.8666344
17:14:13,11.9352951
17:14:14,12.0857067
17:14:15,11.9645557
17:14:16,11.5224314
17:14:17,12.0997925
17:14:18,12.1118793
17:14:19,11.8941011
17:14:20,11.9162674
17:14:21,11.981885
17:14:22,11.779686
17:14:23,11.7308235
17:14:24,12.0534487
17:14:25,12.1317835
17:14:26,11.5230808
17:14:27,12.6712923
17:14:28,11.7793007
17:14:29,12.0067949
17:14:30,12.2313461
17:14:31,12.1779728
17:14:32,11.8520823
17:14:33,12.1023932
17:14:34,11.8373156
17:14:35,12.0421877
17:14:36,11.95591
17:14:37,11.7904787
17:14:38,11.9534988
17:14:39,11.9260168
17:14:40,11.9814825
17:14:41,12.1881952
17:14:42,11.8798056
17:14:43,11.6734
17:14:44,12.2675734
17:14:45,11.8798389
17:14:46,11.9082947
17:14:47,12.1735487
17:14:48,11.8909216
17:14:49,12.0252428
17:14:50,11.7598782
17:14:51,11.97192
17:14:52,12.10659
17:14:53,12.2434521
17:14:54,12.1270189
17:14:55,12.1906071
17:14:56,12.0495291
17:14:57,11.9427776
17:14:58,11.98946
17:14:59,12.0798779
17:15:00,11.8430767
17:15:01,11.8756018
17:15:02,12.2840881
17:15:03,12.0952415
17:15:04,12.029
17:15:05,12.0495529
17:15:06,11.9833412
17:15:07,11.9483356
17:15:08,12.1787643
17:15:09,12.0833893
17:15:10,12.1075621
17:15:11,11.58276
17:15:12,11.928894
17:15:13,12.1089668
17:15:14,12.122633
17:15:15,11.8301773
17:15:16,11.9431467
17:15:17,12.1001883
17:15:18,12.0538874
17:15:19,11.9257336
17:15:20,12.1197891
17:15:21,12.099164
17:15:22,11.9055529
17:15:23,12.15696
17:15:24,11.8799753
17:15:25,12.3315439
17:15:26,11.95548
17:15:27,11.9484158
17:15:28,12.1532135
17:15:29,12.0914927
17:15:30,12.1100788
17:15:31,12.0097675
17:15:32,11.8556023
17:15:33,12.2184677
17:15:34,11.6708975
17:15:35,11.8694839
17:15:36,11.8602638
17:15:37,12.0017939
17:15:38,12.1432838
17:15:39,12.1130219
17:15:40,12.0332308
17:15:41,12.0447626
17:15:42,11.8549938
17:15:43,11.9115162
17:15:44,12.0657578
17:15:45,12.0062456
17:15:46,11.9483957
17:15:47,11.8626051
17:15:48,11.9648409
17:15:49,11.9576416
17:15:50,11.9341125
17:15:52,12.24388
17:15:53,11.8730745
17:15:54,11.98785
17:15:55,11.8703547
17:15:56,12.1413593
17:15:57,12.16763
17:15:58,11.9225845
17:16:00,12.0716143
17:16:01,12.04689
17:16:02,12.1394
17:16:03,11.9380751
17:16:05,11.93587
17:16:07,12.1351452
17:16:08,12.14031
17:16:09,12.0969543
17:16:10,12.1079082
17:16:11,12.147995
17:16:12,11.9706221
17:16:13,11.8706284
17:16:14,12.0392885
17:16:15,12.0190487
17:16:16,11.9729462
17:16:17,12.0399084
17:16:18,12.0262871
17:16:19,12.1105824
17:16:20,11.6182642
17:16:21,12.1216688
17:16:22,11.7058554
17:16:23,12.0347738
17:16:24,12.2908792
17:16:25,11.901598
17:16:26,11.9270849
17:16:27,11.937377
17:16:28,11.6994152
17:16:29,11.8864946
17:16:30,11.9086437
17:16:31,11.8763208
17:16:32,11.9690771
17:16:33,12.1597242
17:16:34,11.963953
17:16:35,12.1349115
17:16:36,11.9855776
17:16:37,11.6795607
17:16:38,11.7443867
17:16:39,12.10555
17:16:40,11.9617033
17:16:41,11.8791018
17:16:42,12.0377789
17:16:43,11.7570515
17:16:44,11.8190308
17:16:45,11.9511786
17:16:46,11.9516792
17:16:47,12.1250105
17:16:48,12.217885
17:16:49,12.076313
17:16:50,11.8448191
17:16:51,11.8664513
17:16:52,11.8403053
17:16:53,11.7173653
17:16:54,11.9382944
17:16:55,12.30343
17:16:56,12.4345741
17:16:57,12.0691671
17:16:58,11.9513245
17:16:59,12.2611351
17:17:00,11.9390574
17:17:01,11.83571
17:17:02,12.2101164
17:17:03,11.89497
17:17:04,11.8219585
17:17:05,11.8333607
17:17:06,12.1630783
17:17:07,12.0010338
17:17:08,11.592927
17:17:09,10.7931118
17:17:10,10.5931044
17:17:11,13.139924
17:17:12,13.6009588
17:17:13,12.0391712
17:17:14,11.8986588
17:17:15,12.0214672
17:17:16,12.036562
17:17:17,11.8869352
17:17:18,11.80092
17:17:19,11.8482008
17:17:20,11.8767481
17:17:21,11.7873554
17:17:22,12.1740036
17:17:23,11.923954
17:17:24,11.8873224
17:17:25,11.94896
17:17:26,12.0055256
17:17:27,12.20811
17:17:28,11.78551
17:17:29,12.013236
17:17:30,12.0426788
17:17:31,12.4378166
17:17:32,12.1016521
17:17:33,11.9364023
17:17:34,12.0109568
17:17:35,12.011241
17:17:36,11.8578682
17:17:37,12.1119337
17:17:38,12.1260366
17:17:39,12.0032806
17:17:40,11.75349
17:17:41,12.1654329
17:17:42,12.0837879
17:17:43,12.0259981
17:17:44,11.9222832
17:17:45,12.0013943
17:17:46,12.0658607
17:17:47,12.1256075
17:17:48,12.038641
17:17:49,12.1062031
17:17:50,11.9318752
17:17:51,11.7206726
17:17:52,11.8951178
17:17:53,12.1751318
17:17:54,12.0721407
17:17:55,12.1810656
17:17:56,11.8827629
17:17:57,11.86675
17:17:58,11.8173275
17:17:59,12.011652
17:18:00,12.0299082
17:18:01,11.9574995
17:18:02,12.0836849
17:18:03,12.1404533
17:18:04,12.444767
17:18:05,12.23133
17:18:06,12.2139053
17:18:07,12.1544638
17:18:08,12.16359
17:18:09,11.9312172
17:18:10,11.7597246
17:18:11,12.2126732
17:18:12,11.9303875
17:18:13,12.1008911
17:18:14,12.114378
17:18:15,11.8148327
17:18:16,12.0373125
17:18:17,12.058917
17:18:18,12.1036072
17:18:19,12.1110687
17:18:20,11.8564615
17:18:21,11.6327267
17:18:22,12.0476542
17:18:23,11.906538
17:18:24,12.0574579
17:18:25,11.9249535
17:18:26,12.126339
17:18:27,11.836915
17:18:28,11.8593464
17:18:29,11.77971
17:18:30,12.1817884
17:18:31,11.81252
17:18:32,12.1383829
17:18:33,12.03417
17:18:34,12.0581427
17:18:35,11.97066
17:18:36,12.0864973
17:18:37,12.00893
17:18:38,11.9079847
17:18:39,12.090066
17:18:40,12.0358572
17:18:41,12.0168467
17:18:42,12.2698936
17:18:43,11.9480515
17:18:44,11.8858624
17:18:45,11.8264561
17:18:46,11.96641
17:18:47,11.6589375
17:18:48,11.8711452
17:18:49,11.7181969
17:18:50,12.1221857
17:18:51,12.0359831
17:18:53,12.0208406
17:18:54,11.890522
17:18:55,11.9149389
17:18:56,11.98778
17:18:57,11.8218851
17:18:58,12.1086359
17:18:59,12.13272
17:19:00,11.7378635
17:19:01,11.9382381
17:19:02,11.941823
17:19:03,12.2130442
17:19:04,12.1024323
17:19:05,12.1533995
17:19:06,12.0491362
17:19:07,11.9900475
17:19:08,12.0702858
17:19:09,12.0508194
17:19:10,12.0308752
17:19:11,11.6161194
17:19:12,12.1083441
17:19:13,12.13182
17:19:14,12.1338978
17:19:15,12.175827
17:19:16,11.7847853
17:19:17,12.0205936
17:19:18,11.9452181
17:19:19,12.0366
17:19:21,12.1614437
17:19:22,11.5321474
17:19:23,11.5578861
17:19:25,11.9976263
17:19:26,12.100543
17:19:27,11.9324226
17:19:28,11.9620066
17:19:29,12.053544
17:19:30,12.0454836
17:19:31,12.2438354
17:19:32,12.1867571
17:19:33,12.2428446
17:19:34,12.2266989
17:19:35,12.1685524
17:19:36,11.8210487
17:19:37,12.2266226
17:19:38,11.9015322
17:19:39,12.201292
17:19:40,12.19942
17:19:41,11.8436756
17:19:42,12.1280737
17:19:43,11.8607349
17:19:44,12.13857
17:19:45,11.8374166
17:19:46,12.0056305
17:19:47,12.81867
17:19:48,11.4864655
17:19:49,11.9577856
17:19:50,12.0216045
17:19:51,11.9649134
17:19:52,12.0869589
17:19:53,12.1780386
17:19:54,12.0884151
17:19:55,11.9305782
17:19:56,12.1416359
17:19:57,12.1288176
17:19:58,11.5489092
17:19:59,11.9549408
17:20:00,12.0245676
17:20:01,12.00205
17:20:02,12.1464758
17:20:03,12.0619087
17:20:04,12.4165993
17:20:05,11.8281145
17:20:06,11.881753
17:20:07,11.6583319
17:20:08,12.3994837
17:20:09,11.8240013
17:20:10,11.946476
17:20:11,12.055418
17:20:12,12.2130728
17:20:13,12.13416
17:20:14,12.1731625
17:20:15,12.1904573
17:20:16,11.8706245
17:20:17,12.1310949
17:20:18,12.0431147
17:20:19,11.90638
17:20:20,11.9545031
17:20:21,12.0000143
17:20:22,12.0944557
17:20:23,12.18082
17:20:24,11.9069271
17:20:25,12.0748692
17:20:26,11.81627
17:20:27,12.0243969
17:20:28,12.1132259
17:20:29,12.08694
17:20:30,12.0259247
17:20:31,12.0513649
17:20:32,11.9891462
17:20:33,12.0583887
17:20:34,12.3184776
17:20:35,11.9277048
17:20:36,11.9886389
17:20:37,11.9809322
17:20:38,12.1163368
17:20:39,11.849246
17:20:40,12.0207624
17:20:41,11.9904709
17:20:42,12.0587358
17:20:43,11.9551983
17:20:44,11.84236
17:20:45,12.0385485
17:20:46,11.7874022
17:20:47,12.027256
17:20:48,12.1603374
17:20:49,11.8611917
17:20:50,12.2884359
17:20:51,12.0193586
17:20:52,12.0452595
17:20:53,12.0819979
17:20:54,11.8069286
17:20:55,11.8909035
17:20:56,12.0055265
17:20:57,11.6821709
17:20:58,11.9115047
17:20:59,11.9711781
17:21:00,12.1264162
17:21:01,11.7813816
17:21:02,12.2417431
17:21:03,12.008956
17:21:04,11.7280035
17:21:05,12.0100107
17:21:06,11.9289274
17:21:07,12.0823555
17:21:08,11.7534084
17:21:09,12.0337334
17:21:10,12.0481052
17:21:11,11.8761759
17:21:12,12.1078644
17:21:13,12.17024
17:21:14,11.7061739
17:21:15,11.8690662
17:21:16,11.9750681
17:21:17,12.00266
17:21:18,12.0806017
17:21:19,12.09258
17:21:20,12.1335516
17:21:21,12.1029062
17:21:22,12.1593513
17:21:23,12.1268969
17:21:24,11.9803257
17:21:25,11.952282
17:21:26,12.0158253
17:21:27,12.0789347
17:21:28,11.826726
17:21:29,12.0415716
17:21:30,11.9648409
17:21:31,11.91879
17:21:32,12.0504322
17:21:33,12.0751238
17:21:34,11.8798437
17:21:35,11.9225407
17:21:36,12.04314
17:21:37,12.1759777
17:21:38,11.803791
17:21:39,12.1290722
17:21:40,11.9798679
17:21:41,12.0781546
17:21:42,12.0114555
17:21:43,11.8074274
17:21:44,12.035346
17:21:45,11.9057856
17:21:46,11.9789944
17:21:47,11.6360855
17:21:48,12.1628342
17:21:49,11.5802107
17:21:50,12.1773577
17:21:51,12.07611
17:21:52,12.1191378
17:21:53,11.746026
17:21:54,12.50652
17:21:55,11.8631763
17:21:56,11.8671227
17:21:57,12.0631266
17:21:58,11.87221
17:21:59,11.8322964
17:22:00,12.0397139
17:22:01,11.8745184
17:22:02,12.065177
17:22:03,12.068799
17:22:04,11.6956959
17:22:05,11.8145428
17:22:06,11.8739338
17:22:07,11.917449
17:22:08,12.261838
17:22:09,12.2095528
17:22:10,11.95689
17:22:11,12.1618853
17:22:12,11.9541044
17:22:13,11.8150253
17:22:14,12.0845079
17:22:15,11.770154
17:22:16,12.2169485
17:22:17,12.0216789
17:22:18,11.7334671
17:22:19,12.0728054
17:22:20,12.0906506
17:22:21,12.1570368
17:22:22,12.0037155
17:22:23,11.8711548
17:22:24,11.9190331
17:22:25,11.8587961
17:22:26,11.9285145
17:22:27,11.7099562
17:22:28,12.1050758
17:22:29,12.0497189
17:22:30,12.02948
17:22:31,11.9318342
17:22:32,11.9926748
17:22:33,12.0178366
17:22:35,11.7261715
17:22:36,11.7387886
17:22:37,11.9989729
17:22:38,11.9269247
17:22:39,12.1559906
17:22:41,11.799448
17:22:42,12.0924721
17:22:43,12.0371284
17:22:44,12.1690617
17:22:45,12.0290976
17:22:46,12.074337
17:22:47,12.2145262
17:22:48,12.10112
17:22:50,11.9651356
17:22:51,11.8241043
17:22:52,11.8816261
17:22:53,11.8294954
17:22:54,11.9130487
17:22:55,11.9699421
17:22:56,12.0496435
17:22:57,11.8371248
17:22:58,12.1045494
17:22:59,12.0896406
17:23:00,12.0671644
17:23:01,11.8980427
17:23:02,12.0355654
17:23:03,12.1516247
17:23:04,11.7719707
17:23:05,12.0731211
17:23:06,11.9895821
17:23:07,12.0950794
17:23:08,11.8391027
17:23:09,11.9642658
17:23:10,12.0007915
17:23:11,11.8901215
17:23:12,11.8055744
17:23:13,11.9030991
17:23:14,11.9971237
17:23:15,11.9971571
17:23:16,12.1397
17:23:17,11.8930006
17:23:18,12.0859756
17:23:19,12.06568
17:23:20,12.3550863
17:23:21,11.8982229
17:23:22,11.9103518
17:23:23,12.0076132
17:23:24,12.040266
17:23:25,12.1799784
17:23:26,12.1223888
17:23:27,12.2368174
17:23:28,12.2231655
17:23:29,11.9723129
17:23:30,12.1082869
17:23:31,11.8595028
17:23:32,12.1098728
17:23:33,11.9114876
17:23:34,12.0150843
17:23:35,11.8907423
17:23:36,11.8773174
17:23:37,12.1415367
17:23:38,11.93196
17:23:39,11.9323587
17:23:40,12.2118778
17:23:41,11.939703
17:23:42,11.9303
17:23:43,11.9527674
17:23:44,12.1710262
17:23:45,12.0677414
17:23:46,11.836071
17:23:47,12.1351862
17:23:48,11.9699316
17:23:49,12.0784531
17:23:50,12.1085091
17:23:51,12.1596756
17:23:52,11.9276609
17:23:53,12.1082468
17:23:54,12.2624989
17:23:55,11.8790426
17:23:56,11.9608984
17:23:57,12.1276617
17:23:58,12.0887251
17:23:59,12.0924053
17:24:00,12.2272606
17:24:01,11.9130182
17:24:02,12.109478
17:24:03,12.1300974
17:24:04,11.5739107
17:24:05,12.0045118
17:24:06,11.9384184
17:24:07,11.9425859
17:24:08,12.2108717
17:24:09,11.8796711
17:24:10,11.8989868
17:24:11,11.7981491
17:24:12,11.6207809
17:24:13,12.0368595
17:24:14,12.2218847
17:24:15,12.1020079
17:24:16,12.2057333
17:24:17,11.9451151
17:24:18,11.9304771
17:24:19,12.12519
17:24:20,11.9786253
17:24:21,12.3197184
17:24:22,11.9382334
17:24:23,12.1789064
17:24:24,12.0884008
17:24:25,11.73468
17:24:26,11.8409033
17:24:27,11.8459435
17:24:28,12.1100063
17:24:29,11.8024082
17:24:30,11.7921658
17:24:31,12.3743238
17:24:32,11.9738588
17:24:33,11.9855194
17:24:34,11.7946053
17:24:35,12.0022888
17:24:36,12.12443
17:24:37,11.9525518
17:24:38,12.0288363
17:24:39,12.0690184
17:24:40,11.7991438
17:24:41,11.9753571
17:24:42,12.2127419
17:24:43,12.0153446
17:24:44,11.8289385
17:24:45,12.0022039
17:24:46,11.94147
17:24:47,12.298542
17:24:48,12.130332
17:24:49,11.7739849
17:24:50,12.12301
17:24:52,11.9402151
17:24:53,12.1070509
17:24:54,11.81726
17:24:55,12.1713829
17:24:56,11.80243
17:24:58,12.1498041
17:24:59,11.96833
17:25:01,12.0408087
17:25:02,12.5610685
17:25:03,11.7365456
17:25:04,12.2261343
17:25:05,12.0887556
17:25:06,12.1197634
17:25:07,11.80602
17:25:08,11.5833817
17:25:09,11.9503
17:25:10,12.0745459
17:25:11,12.0115957
17:25:12,12.00445
17:25:13,11.9022312
17:25:14,12.0868158
17:25:15,11.89838
17:25:16,11.8174782
17:25:17,12.2862749
17:25:18,12.1032028
17:25:19,12.2502813
17:25:20,11.55516
17:25:21,12.0348425
17:25:22,12.2378092
17:25:23,12.30063
17:25:24,12.2041817
17:25:25,12.2276983
17:25:26,12.0164747
17:25:27,12.23253
17:25:28,12.0593624
17:25:29,11.8182106
17:25:30,11.9151821
17:25:31,12.0283146
17:25:32,12.0619307
17:25:33,11.8161535
17:25:34,12.1530046
17:25:35,12.1658573
17:25:36,12.0327721
17:25:37,12.1778135
17:25:38,11.9979753
17:25:39,11.7997313
17:25:40,12.1923294
17:25:41,11.8915653
17:25:42,12.0062075
17:25:43,11.7772017
17:25:44,12.1473627
17:25:45,11.9847908
17:25:46,12.04882
17:25:47,12.25522
17:25:48,11.9559765
17:25:49,12.1031723
17:25:50,11.9921255
17:25:51,12.1249628
17:25:52,11.9011087
17:25:53,11.840477
17:25:54,11.963438
17:25:55,12.1851273
17:25:56,11.9413872
17:25:57,12.1343336
17:25:58,11.9029417
17:25:59,11.973506
17:26:00,11.8775482
17:26:01,12.0629263
17:26:02,11.9677906
17:26:03,11.97232
17:26:04,12.1380711
17:26:05,11.7819414
17:26:06,12.102829
17:26:07,11.963789
17:26:08,11.91783
17:26:09,11.9716034
17:26:10,12.10295
17:26:11,12.1107435
17:26:12,11.7705879
17:26:13,12.03094
17:26:14,12.167901
17:26:15,12.1129189
17:26:16,12.0962877
17:26:17,12.0386209
17:26:18,12.2658882
17:26:19,12.0452337
17:26:20,12.093112
17:26:21,12.0421209
17:26:22,12.3012629
17:26:23,12.20436
17:26:24,11.7274475
17:26:25,12.0023251
17:26:26,12.0804663
17:26:27,12.0506449
17:26:28,12.24484
17:26:29,12.0372229
17:26:30,11.59768
17:26:31,12.039978
17:26:32,11.7795191
17:26:33,12.01672
17:26:34,12.1666851
17:26:35,11.9700317
17:26:36,12.1661377
17:26:37,12.2168064
17:26:38,11.7898264
17:26:39,11.9620037
17:26:40,12.1031713
17:26:41,12.18188
17:26:42,12.1183586
17:26:43,12.0996971
17:26:45,11.8062067
17:26:46,11.9316626
17:26:47,12.0830078
17:26:48,11.863534
17:26:49,12.0441313
17:26:50,11.7519331
17:26:52,11.8475113
17:26:53,12.1213827
17:26:54,12.0510664
17:26:55,11.7877045
17:26:56,12.1227646
17:26:57,12.2819557
17:26:58,11.9590368
17:26:59,12.1608095
17:27:00,11.6532383
17:27:01,12.233943
17:27:02,12.2688885
17:27:03,11.9397888
17:27:04,12.09521
17:27:05,11.8084059
17:27:06,12.2792158
17:27:07,11.9078436
17:27:08,12.13189
17:27:09,11.5022373
17:27:10,12.0252342
17:27:11,11.9186172
17:27:12,12.3089075
17:27:13,12.1301546
17:27:14,11.8741579
17:27:15,12.20162
17:27:16,12.2733307
17:27:17,12.0886822
17:27:18,11.6485567
17:27:19,11.943037
17:27:20,11.8933182
17:27:21,12.1104
17:27:22,12.12122
17:27:23,12.0927963
17:27:24,11.8611174
17:27:25,11.85968
17:27:26,12.0023441
17:27:28,12.0166368
17:27:29,11.937604
17:27:30,12.1100645
17:27:32,12.1222849
17:27:33,11.933423
17:27:34,11.9477959
17:27:35,12.2672033
17:27:37,11.9864407
17:27:38,12.2980976
17:27:39,11.463623
17:27:40,12.0312929
17:27:41,12.1000328
17:27:42,12.1130447
17:27:43,11.9902811
17:27:44,11.8704987
17:27:45,12.0630951
17:27:46,11.8983965
17:27:47,12.1980591
17:27:48,12.2130308
17:27:49,11.8467569
17:27:50,11.9940948
17:27:51,12.1085587
17:27:52,11.9827738
17:27:53,11.9698143
17:27:54,11.8889866
17:27:55,11.781105
17:27:56,12.1380606
17:27:57,12.0049267
17:27:58,12.1412354
17:27:59,12.2508965
17:28:00,12.2721529
17:28:01,11.9854193
17:28:02,12.1122637
17:28:03,11.9523916
17:28:04,11.7975941
17:28:05,12.0617638
17:28:06,11.8018827
17:28:07,11.9824963
17:28:08,11.9139891
17:28:09,12.0249405
17:28:10,12.2824841
17:28:11,12.1236086
17:28:12,11.9791965
17:28:13,11.8641739
17:28:14,11.9762926
17:28:15,12.2166462
17:28:16,11.8197889
17:28:17,11.6569853
17:28:18,12.1383677
17:28:19,12.0901518
17:28:20,12.1613426
17:28:21,12.1096115
17:28:22,12.1516581
17:28:23,11.7903748
17:28:24,11.9696188
17:28:25,12.1323061
17:28:26,11.9969578
17:28:27,11.91663
17:28:28,11.8501749
17:28:29,12.333909
17:28:30,12.2451267
17:28:31,11.6531754
17:28:32,12.0013742
17:28:33,11.8499737
17:28:34,12.0507135
17:28:35,11.966795
17:28:36,12.0268421
17:28:37,11.9964237
17:28:38,12.1202993
17:28:39,11.9604568
17:28:40,12.0355854
17:28:41,12.10255
17:28:42,12.215415
17:28:43,12.0765886
17:28:44,12.1186876
17:28:45,11.8836412
17:28:46,12.1413317
17:28:47,11.436676
17:28:48,11.9751062
17:28:49,11.5854483
17:28:50,11.9477119
17:28:51,12.165205
17:28:52,11.9464006
17:28:53,11.893527
17:28:54,11.8045416
17:28:55,11.9675331
17:28:56,11.7392015
17:28:57,11.7230587
17:28:58,12.5075674
17:28:59,12.0993662
17:29:00,11.9617529
17:29:01,11.89804
17:29:02,12.2731638
17:29:03,12.1466475
17:29:04,12.1400642
17:29:05,11.8246174
17:29:06,11.8792915
17:29:07,12.1227541
17:29:08,11.8007393
17:29:09,12.0802259
17:29:10,11.9387646
17:29:11,12.2224817
17:29:12,11.9054976
17:29:13,11.94248
17:29:14,12.06939
17:29:15,12.000411
17:29:16,11.8017569
17:29:17,11.8809319
17:29:18,12.2637577
17:29:19,12.0302639
17:29:20,11.801259
17:29:21,12.2032213
17:29:22,12.2686987
17:29:23,11.8924179
17:29:24,12.0954323
17:29:25,12.0686131
17:29:26,12.307148
17:29:27,11.7720041
17:29:28,12.1053829
17:29:29,12.13782
17:29:30,12.0262547
17:29:31,12.1925459
17:29:32,11.9631071
17:29:33,12.0404272
17:29:34,12.1975479
17:29:35,12.0173864
17:29:36,11.9176731
17:29:37,12.1348906
17:29:38,11.982954
17:29:39,12.0827961
17:29:40,12.0397768
17:29:41,12.1313581
17:29:42,12.2484484
17:29:43,11.9579954
17:29:44,12.0083885
17:29:45,11.9943218
17:29:46,11.9788628
17:29:47,12.08708
17:29:48,12.1111269
17:29:49,11.9873943
17:29:50,11.7749786
17:29:51,12.0222378
17:29:53,12.040225
17:29:54,11.9896927
17:29:55,12.0991364
17:29:56,11.91832
17:29:57,12.02939
17:29:58,12.0145826
17:29:59,12.0898533
17:30:00,11.9847441
17:30:01,11.84154
17:30:02,11.865159
17:30:03,12.05472
17:30:04,12.2541132
17:30:05,12.0205889
17:30:06,11.8977594
17:30:08,11.9465475
17:30:10,12.0810471
17:30:11,11.9563837
17:30:12,12.054635
17:30:13,12.0449944
17:30:14,12.0027409
17:30:15,11.97686
17:30:16,12.1222105
17:30:17,12.1519775
17:30:18,12.215456
17:30:19,11.7790565
17:30:20,12.1280489
17:30:21,12.008297
17:30:22,12.29883
17:30:23,12.0480518
17:30:24,11.5843611
17:30:25,11.79274
17:30:26,12.0475578
17:30:27,12.1641245
17:30:28,12.056674
17:30:29,11.7921448
17:30:30,12.0634851
17:30:31,11.8872538
17:30:32,12.0399427
17:30:33,11.931633
17:30:34,11.9821491
17:30:35,11.8249817
17:30:36,12.0977507
17:30:37,12.2359324
17:30:38,12.1867933
17:30:39,12.0864954
17:30:40,12.0739565
17:30:41,11.9711237
17:30:42,11.8333683
17:30:43,12.227891
17:30:44,11.9566154
17:30:45,12.3385668
17:30:46,12.06456
17:30:47,12.06661
17:30:48,12.133
17:30:49,12.0660734
17:30:50,12.0640125
17:30:51,11.6587877
17:30:52,12.0503941
17:30:53,11.9713612
17:30:54,11.98256
17:30:55,12.0650072
17:30:56,11.9583817
17:30:57,12.0784464
17:30:58,12.0237
17:30:59,11.9507618
17:31:00,12.23973
17:31:01,11.97183
17:31:02,12.0221558
17:31:03,11.9645634
17:31:04,11.9796638
17:31:05,12.05198
17:31:06,11.9148188
17:31:07,11.9887915
17:31:08,11.4800415
17:31:09,11.9754744
17:31:10,12.0363636
17:31:11,11.9519882
17:31:12,11.9893866
17:31:13,12.2601671
17:31:14,11.6156149
17:31:15,11.8654623
17:31:16,12.18228
17:31:17,11.727107
17:31:18,12.397007
17:31:19,11.8976068
17:31:20,11.8193417
17:31:21,11.9004021
17:31:22,11.99642
17:31:23,12.2032928
17:31:24,12.0643492
17:31:25,11.8735743
17:31:26,11.90018
17:31:27,12.0501719
17:31:28,11.8150969
17:31:29,12.0561819
17:31:30,11.99996
17:31:31,12.2888308
17:31:32,11.9189367
17:31:33,12.076189
17:31:34,12.0723066
17:31:35,12.1674576
17:31:36,11.9848843
17:31:37,12.1869907
17:31:38,11.9017668
17:31:39,12.0006351
17:31:40,11.986104
17:31:41,12.1004839
17:31:42,12.1360607
17:31:43,12.2398891
17:31:44,12.2810011
17:31:45,11.9413328
17:31:46,11.9214287
17:31:47,11.755414
17:31:48,11.8691082
17:31:49,11.9027872
17:31:50,11.853054
17:31:51,11.793438
17:31:52,12.37045
17:31:53,11.9497118
17:31:54,11.9178715
17:31:55,11.89486
17:31:56,11.9705439
17:31:57,11.9331636
17:31:58,12.1185284
17:31:59,12.0009937
17:32:00,11.875946
17:32:01,11.9149837
17:32:02,12.2607
17:32:03,11.9789772
17:32:04,11.92851
17:32:05,11.9589605
17:32:06,12.0876513
17:32:07,12.0157347
17:32:08,12.2243576
17:32:09,11.9699545
17:32:10,12.1275883
17:32:11,11.9835215
17:32:12,11.7686834
17:32:13,11.8251381
17:32:14,12.0833817
17:32:15,11.8122921
17:32:16,12.1482592
17:32:17,12.0871439
17:32:18,11.8709145
17:32:19,11.9345522
17:32:20,11.796813
17:32:21,12.16358
17:32:22,11.97309
17:32:23,11.9849739
17:32:24,12.1413317
17:32:25,11.6694813
17:32:26,11.8701506
17:32:27,12.1047049
17:32:28,11.9064226
17:32:29,11.8984261
17:32:30,11.9716005
17:32:31,12.0142908
17:32:32,12.2118034
17:32:33,11.8519344
17:32:34,11.93137
17:32:35,11.7580938
17:32:36,11.9373283
17:32:37,11.8062248
17:32:38,12.2302341
17:32:39,11.8244658
17:32:40,11.9014721
17:32:41,12.0160732
17:32:42,11.7555933
17:32:43,11.7754116
17:32:44,12.0453825
17:32:45,12.2051706
17:32:46,11.7877893
17:32:47,11.932333
17:32:48,12.0572548
17:32:49,12.0196171
17:32:50,11.9158173
17:32:52,11.88051
17:32:53,11.8710976
17:32:54,12.0740585
17:32:55,12.1507835
17:32:56,11.9186668
17:32:57,11.747263
17:32:58,12.14008
17:32:59,12.2097178
17:33:00,11.9283276
17:33:01,12.1713982
17:33:02,11.7143345
17:33:03,11.9927368
17:33:04,11.8311644
17:33:05,12.0774
17:33:06,12.1583748
17:33:07,12.0801983
17:33:08,11.7771378
17:33:09,12.0604162
17:33:10,12.08105
17:33:11,12.2343845
17:33:12,12.1396589
17:33:13,12.2154112
17:33:14,11.8107347
17:33:15,12.0797272
17:33:16,12.0912971
17:33:17,11.9470119
17:33:18,11.72179
17:33:19,11.892827
17:33:20,11.9327669
17:33:21,12.0753422
17:33:22,11.5633392
17:33:23,11.7583351
17:33:25,11.9621906
17:33:26,12.2931471
17:33:27,12.1847811
17:33:28,12.1636372
17:33:29,11.588068
17:33:30,12.0627165
17:33:31,11.7130566
17:33:32,12.2645521
17:33:33,12.0757208
17:33:34,12.0129366
17:33:35,12.00575
17:33:36,12.38263
17:33:37,12.1061144
17:33:38,12.1127348
17:33:39,11.7235727
17:33:40,12.4884577
17:33:41,12.0003262
17:33:42,12.1553621
17:33:43,12.0772276
17:33:44,11.861084
17:33:45,11.9110231
17:33:46,11.7477341
17:33:47,12.2377577
17:33:48,11.9536343
17:33:49,11.954483
17:33:50,12.0063591
17:33:51,12.2028389
17:33:52,12.1399174
17:33:53,12.020505
17:33:54,12.1734219
17:33:55,11.7719917
17:33:56,11.8964319
17:33:57,12.2080746
17:33:58,11.8043165
17:33:59,12.0059862
17:34:00,12.0560522
17:34:01,12.0913582
17:34:02,11.9513187
17:34:03,11.78412
17:34:04,12.4377613
17:34:05,11.8808336
17:34:06,12.043149
17:34:07,12.2883158
17:34:08,11.7380514
17:34:09,12.0662
17:34:10,12.1018162
17:34:11,11.9470406
17:34:12,11.923214
17:34:13,12.0166588
17:34:14,11.8230858
17:34:15,12.0295591
17:34:16,11.890028
17:34:17,12.0798311
17:34:18,11.8288412
17:34:19,11.9716043
17:34:20,11.9984055
17:34:21,12.0998611
17:34:22,11.9064436
17:34:23,11.9328241
17:34:24,11.9395494
17:34:25,12.05712
17:34:26,11.7576494
17:34:27,12.0296144
17:34:28,12.1193361
17:34:29,12.1149855
17:34:30,11.9878368
17:34:31,12.243021
17:34:32,12.1019
17:34:33,11.9129362
17:34:34,12.1435089
17:34:35,12.0974741
17:34:36,11.7952385
17:34:37,12.0053778
17:34:38,12.0102119
17:34:39,12.1181774
17:34:40,11.8842754
17:34:41,11.97549
17:34:42,11.7508154
17:34:43,11.9324408
17:34:44,11.9997253
17:34:45,11.8953629
17:34:46,12.0021372
17:34:47,11.8809843
17:34:48,12.08471
17:34:49,11.93777
17:34:50,12.03726
17:34:51,12.1531105
17:34:52,11.8227987
17:34:53,12.1156683
17:34:54,12.1955738
17:34:55,12.0170555
17:34:56,12.005105
17:34:57,11.7574224
17:34:58,12.104311
17:34:59,11.932539
17:35:00,11.8842421
17:35:01,11.8466892
17:35:02,12.1186819
17:35:03,12.015729
17:35:04,11.9029951
17:35:05,12.1406422
17:35:06,12.11532
17:35:07,11.8860445
17:35:08,11.9505043
17:35:09,11.911603
17:35:10,11.8639059
17:35:11,12.0271959
17:35:12,12.047823
17:35:13,12.2480078
17:35:14,12.0415878
17:35:15,12.0449409
17:35:16,11.796031
17:35:17,12.58287
17:35:18,11.3804846
17:35:19,11.8370695
17:35:20,12.2893963
17:35:21,12.022625
17:35:22,12.0273037
17:35:23,12.0724964
17:35:24,12.4149714
17:35:25,11.8332
17:35:26,12.138833
17:35:27,12.0133772
17:35:28,12.2229633
17:35:29,12.1469889
17:35:30,11.9234314
17:35:31,12.0389166
17:35:32,12.06881
17:35:33,11.9434929
17:35:34,11.9024639
17:35:35,12.2293119
17:35:36,12.0092773
17:35:37,12.0749645
17:35:38,12.1891689
17:35:39,11.9107351
17:35:40,12.0741167
17:35:41,11.7903776
17:35:42,11.9506092
17:35:43,11.6441717
17:35:44,12.0353718
17:35:45,11.6934767
17:35:46,12.0483694
17:35:48,11.9717369
17:35:50,11.4763651
17:35:51,11.9838772
17:35:52,12.5807781
17:35:53,12.1152525
17:35:54,12.19703
17:35:56,11.8668985
17:35:57,11.7206316
17:35:58,11.9228506
17:35:59,11.7445393
17:36:00,11.6926079
17:36:01,12.9088726
17:36:02,11.9390669
17:36:03,12.0695229
17:36:04,11.9349937
17:36:05,11.890667
17:36:06,12.1176872
17:36:07,12.166337
17:36:08,12.0986185
17:36:09,11.9772167
17:36:10,11.88323
17:36:11,12.0271845
17:36:12,11.9875755
17:36:13,11.9629393
17:36:14,11.8541479
17:36:15,12.0866919
17:36:16,11.9909849
17:36:17,12.0558481
17:36:18,12.2216311
17:36:19,12.0570946
17:36:20,11.7173395
17:36:21,11.8970661
17:36:22,12.0732584
17:36:23,12.0766268
17:36:24,12.064868
17:36:25,11.7927294
17:36:26,12.01695
17:36:27,12.0655413
17:36:28,11.9762306
17:36:29,12.084137
17:36:30,11.8540993
17:36:31,11.8277988
17:36:32,12.0593128
17:36:33,12.0191736
17:36:34,12.1684132
17:36:35,12.14639
17:36:36,11.745266
17:36:37,12.0311165
17:36:38,12.1037855
17:36:39,11.8022213
17:36:40,12.2710171
17:36:41,12.0197163
17:36:42,11.9296618
17:36:43,12.0234356
17:36:44,11.9120541
17:36:45,12.1721315
17:36:46,12.1928606
17:36:47,11.9833479
17:36:48,11.9095221
17:36:49,12.0996056
17:36:50,11.997427
17:36:51,11.9986649
17:36:52,12.048522
17:36:53,11.9354477
17:36:54,12.0547256
17:36:55,12.0411081
17:36:56,11.9108095
17:36:57,11.80152
17:36:58,11.9192076
17:36:59,11.92741
17:37:00,11.8770332
17:37:01,12.1042042
17:37:02,11.9712238
17:37:03,12.0963984
17:37:04,11.9689226
17:37:05,12.4011316
17:37:06,12.121067
17:37:07,12.10392
17:37:08,11.9346085
17:37:09,11.6644516
17:37:10,12.04889
17:37:11,12.1408815
17:37:12,12.2384377
17:37:13,12.166543
17:37:14,12.036047
17:37:15,12.1495733
17:37:16,12.1107693
17:37:17,12.0400982
17:37:18,12.12389
17:37:19,11.9472542
17:37:20,11.7666187
17:37:21,12.0883064
17:37:22,12.036664
17:37:23,12.0552559
17:37:24,12.1861963
17:37:25,11.829524
17:37:26,11.8604794
17:37:27,12.08422
17:37:28,11.9185858
17:37:29,11.79164
17:37:30,11.9102821
17:37:31,11.8013544
17:37:32,12.1216431
17:37:33,12.0342426
17:37:34,11.9126339
17:37:35,12.275753
17:37:36,11.6858177
17:37:37,12.2894173
17:37:38,12.1801405
17:37:39,12.0640068
17:37:40,12.377883
17:37:41,11.72906
17:37:42,11.9627457
17:37:43,11.9915991
17:37:44,12.07541
17:37:45,12.0785456
17:37:46,12.0604544
17:37:47,12.3108063
17:37:48,11.7931709
17:37:49,12.0754347
17:37:50,11.9489985
17:37:51,12.1588688
17:37:53,11.98652
17:37:54,12.0761385
17:37:55,11.8923616
17:37:56,11.8887129
17:37:57,11.9909906
17:37:58,11.9359617
17:37:59,11.9894123
17:38:00,11.9647627
17:38:01,11.9323826
17:38:02,11.8364649
17:38:03,12.1637754
17:38:04,12.10576
17:38:05,12.3082466
17:38:06,12.08393
17:38:07,12.1963272
17:38:08,12.0263662
17:38:09,11.6679869
17:38:10,12.1552382
17:38:11,11.5903578
17:38:12,12.2222853
17:38:13,12.067687
17:38:14,12.0663233
17:38:15,11.9320431
17:38:16,11.7439194
17:38:17,12.2283964
17:38:18,12.0823269
17:38:19,12.439683
17:38:21,12.2236538
17:38:22,12.1011467
17:38:23,12.1764765
17:38:24,11.7543736
17:38:26,12.038003
17:38:28,12.0613832
17:38:29,11.8764648
17:38:30,12.0259256
17:38:31,11.9719
17:38:32,12.066412
17:38:33,11.862709
17:38:34,12.1040945
17:38:35,12.24185
17:38:36,12.1190863
17:38:37,11.8799667
17:38:38,11.7546873
17:38:39,11.9726992
17:38:40,12.0342951
17:38:41,12.0948133
17:38:42,11.8748989
17:38:43,11.9133348
17:38:44,12.0483141
17:38:45,12.0002985
17:38:46,12.14311
17:38:47,12.0227528
17:38:48,11.88738
17:38:49,11.8278913
17:38:50,11.8759584
17:38:51,12.05591
17:38:52,12.0974588
17:38:53,12.0678368
17:38:54,11.8450012
17:38:55,11.97829
17:38:56,12.2167616
17:38:57,12.0294151
17:38:58,12.0089808
17:38:59,12.1101723
17:39:00,11.8995
17:39:01,11.7067223
17:39:02,11.8277979
17:39:03,11.73544
17:39:04,11.8506289
17:39:05,11.8235779
17:39:06,12.16666
17:39:07,11.88292
17:39:08,11.9928875
17:39:09,11.9913015
17:39:10,12.1930265
17:39:11,11.8471508
17:39:12,12.1592979
17:39:13,12.0706291
17:39:14,12.0560131
17:39:15,12.0220184
17:39:16,12.0043335
17:39:17,12.1657248
17:39:18,12.0884237
17:39:19,11.664012
17:39:20,12.1111412
17:39:21,11.9163685
17:39:22,11.87539
17:39:23,12.3110495
17:39:24,11.940177
17:39:25,12.1886454
17:39:26,11.9508762
17:39:27,12.2349157
17:39:28,12.0017281
17:39:29,11.8036213
17:39:30,12.14702
17:39:31,12.05016
17:39:32,11.8833542
17:39:33,12.1176491
17:39:34,11.9920158
17:39:35,12.0262117
17:39:36,12.0448236
17:39:37,11.7662182
17:39:38,11.89313
17:39:39,12.1792164
17:39:40,12.1122465
17:39:41,12.3298578
17:39:42,11.9800558
17:39:43,11.8009434
17:39:44,11.7007713
17:39:45,11.9486494
17:39:46,12.2368937
17:39:47,11.8642883
17:39:48,11.9577427
17:39:49,11.7704573
17:39:50,12.3866549
17:39:51,12.1473188
17:39:52,12.0639448
17:39:53,12.207408
17:39:54,11.5941477
17:39:55,12.0270739
17:39:56,11.5584021
17:39:57,11.9440289
17:39:58,11.8588657
17:39:59,12.163187
17:40:00,12.2329769
17:40:01,11.918848
17:40:02,11.8370047
17:40:03,12.1143675
17:40:04,12.0793676
17:40:05,12.1083193
17:40:06,12.0341883
17:40:07,11.9510975
17:40:08,11.8535872
17:40:09,12.1617155
17:40:10,11.9169979
17:40:11,11.7292843
17:40:12,12.0208883
17:40:13,11.9522219
17:40:14,12.0521536
17:40:15,12.1654129
17:40:16,12.05877
17:40:17,11.9323263
17:40:18,11.8020144
17:40:19,11.8120737
17:40:20,12.1651735
17:40:21,11.8750429
17:40:22,11.882823
17:40:23,11.9710073
17:40:24,12.0747557
17:40:25,11.9859772
17:40:26,11.9805679
17:40:27,12.016716
17:40:28,11.9352236
17:40:29,12.447752
17:40:30,11.7810907
17:40:31,11.9276934
17:40:32,12.0692854
17:40:33,12.3295822
17:40:34,12.1333075
17:40:35,12.0828762
17:40:36,12.0867023
17:40:37,11.9006443
17:40:38,12.0301
17:40:39,12.7281313
17:40:40,12.2976875
17:40:41,11.8815031
17:40:42,12.2169056
17:40:43,11.7823906
17:40:44,11.9660149
17:40:45,12.0135946
17:40:46,12.0888367
17:40:47,12.0749044
17:40:49,11.9619
17:40:50,11.9749823
17:40:51,12.2877827
17:40:52,12.1026421
17:40:53,12.0927877
17:40:54,12.1809616
17:40:55,12.1300135
17:40:56,11.8565636
17:40:57,11.804637
17:40:58,11.8682909
17:40:59,11.9580927
17:41:00,12.0567875
17:41:01,11.6880722
17:41:02,12.0366783
17:41:03,12.1048374
17:41:04,12.1517458
17:41:05,11.8592682
17:41:06,11.8103628
17:41:07,12.200448
17:41:08,12.2879467
17:41:09,11.9273787
17:41:10,11.7589712
17:41:11,11.9874144
17:41:12,12.05253
17:41:13,11.8213282
17:41:14,12.0019665
17:41:15,11.96664
17:41:16,11.9146824
17:41:17,11.6680517
17:41:18,12.2422123
17:41:19,12.3149567
17:41:20,12.1165485
17:41:21,11.75995
17:41:22,12.1570177
17:41:23,11.8701315
17:41:24,12.2434111
17:41:25,12.189846
17:41:26,11.9766922
17:41:27,12.0148621
17:41:28,11.9844055
17:41:29,12.0084944
17:41:30,12.11733
17:41:31,11.9181194
17:41:32,12.1017313
17:41:33,12.0037546
17:41:34,12.3304548
17:41:35,12.0902109
17:41:36,11.9569664
17:41:37,12.248292
17:41:38,11.6926212
17:41:39,12.3385839
17:41:40,11.8648043
17:41:41,11.7429285
17:41:42,11.8609571
17:41:43,12.2932425
17:41:44,11.9088984
17:41:45,12.0641031
17:41:46,11.8507462
17:41:47,11.8314314
17:41:48,11.9760542
17:41:49,12.2189684
17:41:50,12.0754395
17:41:51,12.2030458
17:41:52,12.0114756
17:41:53,12.116869
17:41:54,12.1983137
17:41:55,11.790782
17:41:56,11.98491
17:41:57,12.0967274
17:41:58,12.2458124
17:41:59,11.9546852
17:42:00,12.3144932
17:42:01,11.9624853
17:42:02,12.2995262
17:42:03,11.66168
17:42:04,11.9030075
17:42:05,12.1188107
17:42:06,12.0105743
17:42:07,12.0213623
17:42:08,11.821619
17:42:09,11.9967318
17:42:10,11.9461651
17:42:11,11.853672
17:42:12,11.8096285
17:42:13,12.106904
17:42:14,12.0315762
17:42:15,12.3661165
17:42:16,12.2275372
17:42:17,12.0343828
17:42:18,12.0416107
17:42:19,11.9790277
17:42:20,11.9749489
17:42:21,11.8724318
17:42:22,11.9782686
17:42:23,12.1375332
17:42:24,12.0791712
17:42:25,12.0777025
17:42:26,12.391469
17:42:27,11.9994173
17:42:28,12.0015182
17:42:29,11.8307676
17:42:30,11.8623285
17:42:31,12.0759363
17:42:32,12.1121387
17:42:33,11.975317
17:42:34,12.0144806
17:42:35,11.8365126
17:42:36,12.0742264
17:42:37,11.7272692
17:42:38,11.8693438
17:42:39,11.8872261
17:42:40,11.8063335
17:42:41,12.0785255
17:42:42,11.9401655
17:42:43,11.9738636
17:42:44,12.1488256
17:42:45,11.96828
17:42:46,12.0166845
17:42:47,12.0480509
17:42:48,12.14534
17:42:49,11.5666962
17:42:50,12.1389465
17:42:51,12.1830263
17:42:53,12.2112856
17:42:54,11.9032526
17:42:55,12.0799761
17:42:56,11.4252157
17:42:57,12.0565157
17:42:58,12.1724138
17:42:59,11.8462677
17:43:00,12.009181
17:43:01,12.0337143
17:43:02,12.0207806
17:43:03,12.1281481
17:43:04,12.0695906
17:43:05,11.955205
17:43:06,11.7497339
17:43:07,11.8556843
17:43:08,11.9906721
17:43:09,12.03418
17:43:10,11.9675922
17:43:11,12.0400047
17:43:12,12.24143
17:43:13,12.06906
17:43:14,12.093915
17:43:15,12.0169315
17:43:16,12.2267962
17:43:17,12.1186943
17:43:18,12.058074
17:43:19,12.2603426
17:43:20,11.95885
17:43:21,9.292597
17:43:22,13.0988064
17:43:23,14.6982956
17:43:24,12.2973108
17:43:26,11.8028641
17:43:28,11.7980042
17:43:30,11.6959276
17:43:31,12.0379276
17:43:32,11.8829365
17:43:33,12.0333681
17:43:34,12.0203075
17:43:35,11.9570541
17:43:36,12.059556
17:43:37,12.0522175
17:43:38,11.9846992
17:43:39,12.0524454
17:43:40,12.2460251
17:43:41,11.9278088
17:43:42,11.8972788
17:43:43,11.9294262
17:43:44,11.9913454
17:43:45,12.0975809
17:43:46,12.0855217
17:43:47,11.8066912
17:43:48,12.02179
17:43:49,11.9668264
17:43:50,11.741724
17:43:51,12.0979452
17:43:52,12.0394506
17:43:53,12.2720957
17:43:54,11.700223
17:43:55,12.1665154
17:43:56,11.7616873
17:43:57,11.9856205
17:43:58,12.0777864
17:43:59,11.9841385
17:44:00,11.5162649
17:44:01,11.91822
17:44:02,12.0250616
17:44:03,11.954958
17:44:04,11.8793058
17:44:05,12.0720882
17:44:06,11.9719057
17:44:07,12.1427135
17:44:08,11.9779415
17:44:09,12.00596
17:44:10,11.8882666
17:44:11,12.1468
17:44:12,12.0791187
17:44:13,11.9274883
17:44:14,11.9606867
17:44:15,11.9772482
17:44:16,12.2825747
17:44:17,11.9954824
17:44:18,12.1773014
17:44:19,12.2383118
17:44:20,12.079978
17:44:21,11.7813263
17:44:22,12.13883
17:44:23,12.1584339
17:44:24,12.028079
17:44:25,12.041028
17:44:26,11.9553318
17:44:27,11.8968477
17:44:28,11.9062843
17:44:29,11.9504747
17:44:30,11.9979315
17:44:31,12.2016468
17:44:32,12.1713686
17:44:33,11.9353628
17:44:34,11.6817665
17:44:35,11.9835939
17:44:36,11.9669437
17:44:37,11.9141579
17:44:38,11.7996521
17:44:39,11.8599977
17:44:40,11.9431429
17:44:41,12.0112829
17:44:42,11.8674536
17:44:43,12.2637482
17:44:44,11.8775959
17:44:45,12.0494175
17:44:46,11.836832
17:44:47,12.223526
17:44:48,11.9982424
17:44:49,11.8607121
17:44:50,11.96863
17:44:51,12.1431427
17:44:52,11.9449682
17:44:53,12.0830641
17:44:54,12.0414982
17:44:55,12.2225275
17:44:56,12.1677542
17:44:57,12.1213083
17:44:58,11.89622
17:44:59,12.0888166
17:45:00,12.0727549
17:45:01,12.0011005
17:45:02,12.0044212
17:45:03,11.8643684
17:45:04,11.9844294
17:45:05,12.082221
17:45:06,12.2880192
17:45:07,12.007597
17:45:08,11.9929256
17:45:09,12.0603333
17:45:10,11.9693794
17:45:11,12.1419992
17:45:12,11.7746649
17:45:13,12.1248217
17:45:14,12.0346766
17:45:15,11.8446312
17:45:16,12.0177383
17:45:17,11.9191046
17:45:18,11.9481363
17:45:19,12.0429649
17:45:20,12.0523748
17:45:21,12.04629
17:45:22,11.9140854
17:45:23,12.0384932
17:45:24,11.8229523
17:45:25,12.005599
17:45:26,11.9332066
17:45:27,12.0364466
17:45:28,11.9365425
17:45:29,12.1541739
17:45:30,11.79832
17:45:31,11.8359432
17:45:32,11.57076
17:45:33,12.0391922
17:45:34,11.927495
17:45:35,11.8922844
17:45:36,11.9332962
17:45:37,11.8967266
17:45:38,11.7356539
17:45:39,12.0530977
17:45:40,12.2052975
17:45:41,11.8194437
17:45:42,11.9491243
17:45:43,12.3599091
17:45:44,12.0949726
17:45:45,12.0767193
17:45:46,12.0548477
17:45:47,12.0449591
17:45:48,12.1459837
17:45:49,12.0291071
17:45:50,11.9818993
17:45:51,11.8883591
17:45:53,11.8780642
17:45:54,11.97901
17:45:55,12.2314625
17:45:56,11.9428024
17:45:58,11.8232126
17:45:59,11.8861132
17:46:01,11.9777956
17:46:02,12.041626
17:46:03,12.0674534
17:46:04,11.8669834
17:46:05,12.0003119
17:46:06,11.9921665
17:46:07,11.9240685
17:46:08,12.0906668
17:46:09,11.984478
17:46:10,11.7010441
17:46:11,12.0274858
17:46:12,12.09669
17:46:13,12.0734425
17:46:14,11.9918327
17:46:15,12.1464071
17:46:16,11.778511
17:46:17,12.1044245
17:46:18,12.0725355
17:46:19,12.28227
17:46:20,11.8916388
17:46:21,12.1939468
17:46:22,12.2221031
17:46:23,12.0354595
17:46:24,12.0290766
17:46:25,11.851779
17:46:26,11.8771276
17:46:27,11.891304
17:46:28,12.0165234
17:46:29,12.1565437
17:46:30,11.6117525
17:46:31,12.0472927
17:46:32,11.9716682
17:46:33,12.0821362
17:46:34,12.358326
17:46:35,12.0383186
17:46:36,12.0681639
17:46:37,12.1322384
17:46:38,11.814579
17:46:39,11.9833679
17:46:40,11.9296
17:46:41,11.8740149
17:46:42,11.994236
17:46:43,11.8774576
17:46:44,12.1161871
17:46:45,12.1085606
17:46:46,11.9529791
17:46:47,12.035224
17:46:48,11.9683027
17:46:49,12.0843391
17:46:50,12.038208
17:46:51,12.1215963
17:46:52,12.1525507
17:46:53,12.06811
17:46:54,12.2458525
17:46:55,11.5554924
17:46:56,11.74707
17:46:57,11.9711246
17:46:58,11.8556356
17:46:59,11.9012928
17:47:00,11.8500137
17:47:01,11.7081928
17:47:02,11.9029341
17:47:03,12.215169
17:47:04,11.9351654
17:47:05,11.9613638
17:47:06,11.9837027
17:47:07,12.0889854
17:47:08,11.8849773
17:47:09,11.797286
17:47:10,11.91151
17:47:11,12.0125828
17:47:12,12.2086535
17:47:13,11.9117422
17:47:14,11.7102289
17:47:15,12.18371
17:47:16,12.0095644
17:47:17,12.0998144
17:47:18,11.8960056
17:47:19,11.7623711
17:47:20,12.0258446
17:47:21,12.0347672
17:47:22,11.6145859
17:47:23,12.38047
17:47:24,12.1305237
17:47:25,11.9852133
17:47:26,12.2286739
17:47:27,11.9527454
17:47:28,11.9254274
17:47:29,11.7004757
17:47:30,12.0318413
17:47:31,11.9803324
17:47:32,11.85038
17:47:33,11.84222
17:47:34,12.0947342
17:47:35,11.9006128
17:47:36,11.8373852
17:47:37,12.1404715
17:47:38,11.9638186
17:47:39,12.186451
17:47:40,12.2641487
17:47:41,11.9660645
17:47:42,11.9116478
17:47:43,12.0498877
17:47:44,11.9217854
17:47:45,12.0548258
17:47:46,12.1226377
17:47:47,12.0164061
17:47:48,12.3027735
17:47:49,11.9893208
17:47:50,12.0044584
17:47:51,12.3976851
17:47:52,11.5971165
17:47:53,12.0599422
17:47:54,11.8777285
17:47:55,12.0715466
17:47:56,12.4115152
17:47:57,12.1042376
17:47:58,12.1356144
17:47:59,12.3550119
17:48:00,12.1164942
17:48:01,12.3280373
17:48:02,11.9815044
17:48:03,12.5563469
17:48:04,12.0640287
17:48:05,12.1115122
17:48:06,12.0541182
17:48:07,11.9248323
17:48:08,11.8703423
17:48:09,11.9100752
17:48:10,11.9987411
17:48:11,11.8243866
17:48:12,12.1081562
17:48:13,11.9301319
17:48:14,12.0455856
17:48:15,11.75937
17:48:16,12.0455513
17:48:17,11.7719994
17:48:18,11.9998941
17:48:19,11.8296871
17:48:20,11.8159895
17:48:21,12.0902157
17:48:22,12.18827
17:48:23,11.8145533
17:48:24,11.8608627
17:48:25,11.9720221
17:48:26,12.2901382
17:48:27,12.0766621
17:48:28,11.9816341
17:48:29,12.1184063
17:48:31,12.22778
17:48:32,11.9563465
17:48:34,11.8798456
17:48:35,12.0620394
17:48:36,11.932683
17:48:38,12.02417
17:48:39,12.0306387
17:48:40,12.0214014
17:48:41,11.9456472
17:48:42,11.9729929
17:48:43,12.1508884
17:48:44,12.05561
17:48:45,11.6648626
17:48:46,12.2315159
17:48:47,11.9577427
17:48:48,11.8392353
17:48:49,12.0807381
17:48:50,12.0046
17:48:51,12.0916605
17:48:52,11.9260054
17:48:53,11.7604971
17:48:54,12.20218
17:48:55,11.744606
17:48:56,12.0130892
17:48:57,12.0692844
17:48:58,11.9436216
17:48:59,11.8801155
17:49:00,12.0704794
17:49:01,11.8866034
17:49:02,12.0115385
17:49:03,12.3280334
17:49:04,12.0696955
17:49:05,11.9775553
17:49:06,12.2615118
17:49:07,11.8800039
17:49:08,12.13737
17:49:09,12.0314989
17:49:10,12.0548716
17:49:11,12.1115961
17:49:12,12.2425041
17:49:13,11.9627743
17:49:14,12.0617657
17:49:15,12.0232439
17:49:16,12.0746489
17:49:17,12.28497
17:49:18,11.9302893
17:49:19,12.0342417
17:49:20,12.1040106
17:49:21,11.6505957
17:49:22,12.0964756
17:49:23,12.1518393
17:49:24,12.0735769
17:49:25,12.0422487
17:49:26,12.07943
17:49:27,11.7787256
17:49:28,12.1326017
17:49:29,12.1020546
17:49:30,12.0002222
17:49:31,12.0158873
17:49:32,12.3799944
17:49:33,12.00666
17:49:34,11.98812
17:49:35,11.8857641
17:49:36,11.9921227
17:49:37,11.8626966
17:49:38,12.112359
17:49:39,12.1996613
17:49:40,12.3123579
17:49:41,12.2949705
17:49:42,11.9117737
17:49:43,12.4565954
17:49:44,12.2387447
17:49:45,12.009903
17:49:46,12.0896158
17:49:47,11.92466
17:49:48,12.1291838
17:49:49,12.1319876
17:49:50,11.720396
17:49:51,11.849966
17:49:52,12.0509663
17:49:53,11.6701136
17:49:54,12.3969116
17:49:55,11.77699
17:49:56,11.9441338
17:49:57,12.0818787
17:49:58,12.10694
17:49:59,11.8177261
17:50:00,12.0882568
17:50:01,12.1609774
17:50:02,12.0669489
17:50:03,12.0747223
17:50:04,12.1078091
17:50:05,11.917675
17:50:06,11.9856672
17:50:07,11.9047432
17:50:08,11.9453468
17:50:09,11.9709415
17:50:10,11.992815
17:50:11,11.8093653
17:50:12,11.5533581
17:50:13,12.0376148
17:50:14,12.0383749
17:50:15,11.7518969
17:50:16,12.3121767
17:50:17,12.0827312
17:50:18,11.9702168
17:50:19,11.8013229
17:50:20,12.111659
17:50:21,12.1322985
17:50:22,11.9645739
17:50:23,12.2144918
17:50:24,12.2837706
17:50:25,11.9851885
17:50:26,11.8198452
17:50:27,11.7761087
17:50:28,12.0058794
17:50:29,11.7050333
17:50:30,12.17783
17:50:31,12.0187654
17:50:32,12.2651548
17:50:33,12.2019014
17:50:34,11.8943119
17:50:35,11.9854336
17:50:36,12.1165609
17:50:37,11.9987421
17:50:38,11.866951
17:50:39,12.0766068
17:50:40,11.5538492
17:50:41,12.03281
17:50:42,12.0522833
17:50:43,12.046751
17:50:44,12.2242928
17:50:45,12.309865
17:50:46,12.1449738
17:50:47,12.026865
17:50:48,11.8293371
17:50:49,12.1373177
17:50:50,11.9823112
17:50:51,12.3058147
17:50:52,11.796237
17:50:54,12.082221
17:50:55,11.8223343
17:50:56,12.1646137
17:50:57,11.8992834
17:50:58,12.1532459
17:50:59,11.8264275
17:51:00,12.2206764
17:51:01,11.9885855
17:51:02,11.6562462
17:51:03,11.9976091
17:51:04,11.8858089
17:51:05,12.204916
17:51:06,11.8799849
17:51:07,11.9101286
17:51:08,11.8481283
17:51:09,12.0125523
17:51:10,11.8874464
17:51:11,11.9988642
17:51:12,11.9639769
17:51:13,12.04083
17:51:14,11.8795471
17:51:15,11.9325314
17:51:16,12.2502661
17:51:17,11.9757233
17:51:18,11.7566223
17:51:19,12.0734987
17:51:20,12.2197943
17:51:21,11.772233
17:51:22,11.7654266
17:51:23,12.1164436
17:51:24,11.7439184
17:51:25,11.8586922
17:51:26,11.9923277
17:51:27,11.9940548
17:51:28,11.8147058
17:51:29,12.0800266
17:51:30,11.7962227
17:51:31,12.0599709
17:51:32,12.3617773
17:51:33,12.02705
17:51:34,12.0145388
17:51:35,11.96073
17:51:36,12.0459576
17:51:37,12.1416855
17:51:38,11.9696941
17:51:39,11.9929037
17:51:40,11.6258059
17:51:42,12.0388718
17:51:44,12.1502981
17:51:45,12.1242819
17:51:46,11.9641991
17:51:47,11.9401474
17:51:49,12.0552216
17:51:50,12.0422926
17:51:51,12.0466852
17:51:52,12.1395388
17:51:53,11.9211464
17:51:54,11.9951725
17:51:55,12.0745087
17:51:56,11.7569265
17:51:57,12.16436
17:51:58,11.8856115
17:51:59,11.9562817
17:52:00,11.8243179
17:52:01,12.0806532
17:52:02,11.9768877
17:52:03,12.0584478
17:52:04,12.1089935
17:52:05,12.04557
17:52:06,11.914464
17:52:07,12.0256777
17:52:08,11.9918413
17:52:09,11.9864578
17:52:10,12.0165043
17:52:11,12.0250263
17:52:12,11.8857317
17:52:13,11.997714
17:52:14,12.0796156
17:52:15,12.03795
17:52:16,11.7803841
17:52:17,12.06009
17:52:18,11.9613543
17:52:19,12.2577391
17:52:20,11.79625
17:52:21,11.9676857
17:52:22,11.9817648
17:52:23,11.8965359
17:52:24,12.0253067
17:52:25,12.0717659
17:52:26,11.94803
17:52:27,12.1018867
17:52:28,12.4174948
17:52:29,12.0624495
17:52:30,12.1968575
17:52:31,11.6702042
17:52:32,11.678484
17:52:33,12.3648157
17:52:34,12.1335135
17:52:35,11.990715
17:52:36,12.105155
17:52:37,12.0962877
17:52:38,12.0065346
17:52:39,11.9267378
17:52:40,12.1626062
17:52:41,11.968215
17:52:42,12.4022121
17:52:43,11.9865208
17:52:44,12.0880995
17:52:45,12.065733
17:52:46,12.215292
17:52:47,11.9724445
17:52:48,12.0052614
17:52:49,11.8188257
17:52:50,12.1798038
17:52:51,11.8592806
17:52:52,11.835454
17:52:53,11.9921522
17:52:54,12.0681276
17:52:55,11.9672441
17:52:56,11.8858442
17:52:57,12.1427526
17:52:58,12.3192949
17:52:59,12.0880566
17:53:00,12.1198263
17:53:01,12.0611763
17:53:02,12.2491617
17:53:03,12.0510883
17:53:04,12.1366
17:53:05,11.9442368
17:53:06,12.0612087
17:53:07,12.4576035
17:53:08,11.9220285
17:53:09,11.91753
17:53:10,12.0564089
17:53:11,11.8849058
17:53:12,11.7151718
17:53:13,12.0033836
17:53:14,12.2538986
17:53:15,11.9024925
17:53:16,11.8067541
17:53:17,12.3078966
17:53:18,11.7952967
17:53:19,12.0226707
17:53:20,12.0412941
17:53:21,12.0271368
17:53:22,11.7621193
17:53:23,11.8378944
17:53:24,12.3299208
17:53:25,11.88105
17:53:26,12.0376778
17:53:27,12.2297363
17:53:28,11.9402838
17:53:29,11.7700987
17:53:30,12.2244911
17:53:31,12.222271
17:53:32,12.03228
17:53:33,11.988142
17:53:34,11.7671633
17:53:35,11.7384386
17:53:36,12.1120863
17:53:37,12.3023691
17:53:38,12.048768
17:53:39,11.9652443
17:53:40,11.74745
17:53:41,12.1290941
17:53:42,12.0115843
17:53:43,11.8259335
17:53:44,12.0374088
17:53:45,11.9157009
17:53:46,12.1110439
17:53:47,11.9413242
17:53:48,12.2411432
17:53:49,12.1354694
17:53:50,11.7773466
17:53:51,12.04105
17:53:53,12.0542431
17:53:54,12.1905127
17:53:55,11.9609594
17:53:56,11.675601
17:53:57,11.8276253
17:53:58,12.14727
17:53:59,11.8168049
17:54:00,11.9341621
17:54:01,12.0952435
17:54:02,12.2545624
17:54:03,12.1315556
17:54:04,11.9670706
17:54:05,12.2466345
17:54:06,11.7905159
17:54:07,12.293972
17:54:08,12.0226612
17:54:09,12.0070581
17:54:10,11.9451952
17:54:11,11.9383259
17:54:12,11.7920542
17:54:13,11.8359632
17:54:14,11.9202251
17:54:15,11.973834
17:54:16,12.063076
17:54:17,11.9137964
17:54:18,11.8887882
17:54:19,12.1933737
17:54:20,11.9112682
17:54:21,11.8995314
17:54:22,12.2912846
17:54:23,12.1586123
17:54:24,12.1457481
17:54:25,12.103611
17:54:26,12.0451393
17:54:27,11.9845552
17:54:28,12.2016592
17:54:29,11.9978189
17:54:30,12.144309
17:54:31,12.1228008
17:54:32,12.0465221
17:54:33,12.1639042
17:54:34,11.9597406
17:54:35,11.9444227
17:54:36,12.1814842
17:54:37,12.0014305
17:54:38,12.2414188
17:54:39,11.92157
17:54:40,11.8999786
17:54:41,12.1759338
17:54:42,11.7486048
17:54:43,12.437048
17:54:44,12.2510462
17:54:45,11.8886213
17:54:46,11.92092
17:54:47,12.4350128
17:54:48,11.8150015
17:54:49,11.7804747
17:54:50,11.6838474
17:54:52,11.5876255
17:54:53,12.525651
17:54:54,12.7209024
17:54:55,12.059576
17:54:56,11.7905846
17:54:57,12.6346178
17:54:58,11.9542189
17:54:59,12.0600271
17:55:00,11.9320583
17:55:01,12.3341923
17:55:02,12.1218252
17:55:03,12.00509
17:55:04,11.8515024
17:55:05,11.9831371
17:55:06,12.0646963
17:55:07,11.9882126
17:55:08,11.9704714
17:55:09,11.8558836
17:55:10,11.9585085
17:55:11,11.9891214
17:55:12,11.8121729
17:55:13,12.2130232
17:55:15,12.0481749
17:55:17,12.0199757
17:55:18,12.1337013
17:55:19,12.0580339
17:55:20,11.8232536
17:55:21,12.1093121
17:55:22,11.6881075
17:55:23,11.9880886
17:55:24,12.1500063
17:55:25,12.1940889
17:55:26,11.9003878
17:55:27,12.2264013
17:55:28,11.8376427
17:55:29,12.2455349
17:55:30,11.8384857
17:55:31,11.8798866
17:55:32,12.2070894
17:55:33,12.3043947
17:55:34,12.24881
17:55:35,12.2039471
17:55:36,11.9592218
17:55:37,12.1971235
17:55:38,11.8657513
17:55:39,12.1542377
17:55:40,12.3706169
17:55:41,11.9306059
17:55:42,12.0346451
17:55:43,11.6672335
17:55:44,12.0060005
17:55:45,11.69002
17:55:46,12.2033854
17:55:47,11.915288
17:55:48,11.7133522
17:55:49,12.2157631
17:55:50,11.8090343
17:55:51,12.2929869
17:55:52,12.1271372
17:55:53,11.8946447
17:55:54,12.2283945
17:55:55,12.0807123
17:55:56,11.5483475
17:55:57,12.0080013
17:55:58,12.7106352
17:55:59,11.9501867
17:56:00,12.17836
17:56:01,11.6694689
17:56:02,12.1894064
17:56:03,12.0278263
17:56:04,12.0523672
17:56:05,12.1637077
17:56:06,12.1144915
17:56:07,12.1157694
17:56:08,12.2221279
17:56:09,11.8896675
17:56:10,11.80487
17:56:11,12.0940094
17:56:12,11.9738932
17:56:13,12.046772
17:56:14,12.1170273
17:56:15,12.0279007
17:56:16,11.9750919
17:56:17,11.8342905
17:56:18,11.65611
17:56:19,11.9187508
17:56:20,12.0468845
17:56:21,12.2347937
17:56:22,12.1151218
17:56:23,11.7158928
17:56:24,12.0165863
17:56:25,11.6752329
17:56:26,11.9799862
17:56:27,12.17226
17:56:28,12.1904755
17:56:29,11.8497028
17:56:30,12.1699762
17:56:31,11.8450394
17:56:32,11.8802
17:56:33,12.0931845
17:56:34,11.997117
17:56:35,11.6688118
17:56:36,12.2973127
17:56:37,12.2411127
17:56:38,12.1205463
17:56:39,12.03172
17:56:40,11.9678917
17:56:41,11.9611845
17:56:42,11.8311758
17:56:43,12.1763153
17:56:44,12.2158995
17:56:45,11.7748413
17:56:46,12.3519754
17:56:47,11.9153023
17:56:48,11.8046284
17:56:49,11.9673672
17:56:50,12.1886272
17:56:51,11.8891182
17:56:52,12.1742773
17:56:53,11.7742357
17:56:54,11.8809919
17:56:55,11.98917
17:56:56,12.4191113
17:56:57,11.6447468
17:56:58,11.6569033
17:56:59,12.1822863
17:57:00,11.9636135
17:57:01,11.9011774
17:57:02,11.9892387
17:57:03,11.9275265
17:57:04,12.023159
17:57:05,12.1671677
17:57:06,12.1113081
17:57:07,12.0820694
17:57:08,11.9483147
17:57:09,12.0960093
17:57:10,11.81181
17:57:11,11.8935795
17:57:12,11.9660769
17:57:13,11.9059143
17:57:14,12.2519674
17:57:15,11.87249
17:57:16,12.0038128
17:57:17,11.5633
17:57:18,11.6903677
17:57:19,12.0042591
17:57:20,11.9576387
17:57:21,12.3426065
17:57:22,11.7460947
17:57:23,11.87587
17:57:24,11.9369049
17:57:25,11.8305426
17:57:26,11.6940174
17:57:27,12.1422091
17:57:28,12.5099049
17:57:29,12.176734
17:57:30,12.0978231
17:57:31,11.77457
17:57:32,12.08208
17:57:33,11.9326868
17:57:34,12.0130234
17:57:35,11.8964443
17:57:36,12.0171289
17:57:37,12.1594248
17:57:38,11.8143578
17:57:39,11.9399948
17:57:40,12.1312666
17:57:41,11.8827515
17:57:42,12.11931
17:57:43,11.8918514
17:57:44,11.8576431
17:57:45,12.1647749
17:57:46,12.0069857
17:57:47,11.9889
17:57:48,12.2190857
17:57:49,11.9526558
17:57:50,11.9350243
17:57:51,11.9511738
17:57:52,11.9834538
17:57:54,11.9348593
17:57:55,12.1810474
17:57:56,11.8470907
17:57:57,11.8099117
17:57:58,12.2056036
17:57:59,11.9995289
17:58:00,11.9080524
17:58:01,12.0513554
17:58:02,11.9748087
17:58:03,12.2115383
17:58:04,11.9545679
17:58:05,11.8337812
17:58:06,12.0793457
17:58:07,12.22371
17:58:08,12.1999731
17:58:10,11.9244738
17:58:12,12.1127615
17:58:13,12.1081257
17:58:14,12.187274
17:58:15,12.0194588
17:58:16,12.0241728
17:58:17,12.2313519
17:58:18,12.16406
17:58:19,12.2117529
17:58:20,11.8965015
17:58:21,12.134222
17:58:22,11.778923
17:58:23,11.9289207
17:58:24,11.9370241
17:58:25,11.7819748
17:58:26,11.8717527
17:58:27,12.1387434
17:58:28,12.0127182
17:58:29,11.7042017
17:58:30,12.0594
17:58:31,11.9376459
17:58:32,11.9668627
17:58:33,11.7699795
17:58:34,12.0464306
17:58:35,11.65632
17:58:36,12.2585125
17:58:37,12.0061464
17:58:38,11.8004236
17:58:39,11.9467535
17:58:40,12.1810045
17:58:41,11.9222031
17:58:42,12.2405939
17:58:43,12.1346159
17:58:44,12.1287937
17:58:45,12.0031185
17:58:46,11.92903
17:58:47,12.1577654
17:58:48,11.7723236
17:58:49,11.7661753
17:58:50,11.9547863
17:58:51,12.0280523
17:58:52,11.8590031
17:58:53,12.0192623
17:58:54,11.7314081
17:58:55,12.2969961
17:58:56,11.87029
17:58:57,11.9608784
17:58:58,11.956418
17:58:59,11.8880453
17:59:00,12.41825
17:59:01,12.04138
17:59:02,12.1865082
17:59:03,11.741744
17:59:04,11.751627
17:59:05,11.9269361
17:59:06,11.9388638
17:59:07,11.7134085
17:59:08,11.7739639
17:59:09,11.9442568
17:59:10,11.6935034
17:59:11,11.8869152
17:59:12,11.99089
17:59:13,12.217988
17:59:14,11.8093386
17:59:15,11.7137728
17:59:16,12.0839558
17:59:17,12.0892344
17:59:18,12.0851021
17:59:19,11.7535143
17:59:20,11.7840338
17:59:21,12.2559137
17:59:22,12.0018749
17:59:23,11.8267488
17:59:24,11.8835411
17:59:25,11.8445663
17:59:26,12.0637369
17:59:27,11.94925
17:59:28,12.3385677
17:59:29,12.1992044
17:59:30,11.7558718
17:59:31,12.1133909
17:59:32,11.9588079
17:59:33,11.8059359
17:59:34,12.0052671
17:59:35,12.0484152
17:59:36,11.3019743
17:59:37,12.341012
17:59:38,12.0030994
17:59:39,12.0740156
17:59:40,11.76966
17:59:41,12.0782795
17:59:42,12.1012659
17:59:43,12.0770741
17:59:44,12.2428122
17:59:45,11.7232695
17:59:46,12.12641
17:59:47,12.012641
17:59:48,12.1291666
17:59:49,12.0575066
17:59:50,11.841403
17:59:51,11.9859066
17:59:52,12.3388939
17:59:53,11.879734
17:59:54,12.000926
17:59:55,12.0183277
17:59:56,12.0204611
17:59:57,12.1779432
17:59:58,11.864872
17:59:59,11.7169552
18:00:00,11.78754
18:00:01,11.84484
18:00:02,11.8482361
18:00:03,12.1047173
18:00:04,12.0105782
18:00:05,12.06613
18:00:06,11.791317
18:00:07,12.2293873
18:00:08,12.1017494
18:00:09,11.8873348
18:00:10,11.7193365
18:00:11,11.9239359
18:00:12,11.9819164
18:00:13,12.1517878
18:00:14,12.0678959
18:00:15,11.7225466
18:00:16,11.98224
18:00:17,11.9429226
18:00:18,11.9418468
18:00:19,12.0440464
18:00:20,12.0153646
18:00:21,12.0946579
18:00:22,11.9612827
18:00:23,11.8984861
18:00:24,11.8696451
18:00:25,11.9738665
18:00:26,11.8758354
18:00:27,11.8099966
18:00:28,12.024332
18:00:29,12.0419674
18:00:30,12.2033892
18:00:31,11.9166794
18:00:32,12.217083
18:00:33,11.8433762
18:00:34,11.9158411
18:00:35,12.4542685
18:00:36,11.6910286
18:00:37,11.9660254
18:00:38,11.8009214
18:00:39,11.8985319
18:00:40,11.9993134
18:00:41,12.1308308
18:00:42,12.4771557
18:00:43,11.9652052
18:00:44,12.0961075
18:00:45,11.9979134
18:00:46,11.8654032
18:00:47,11.9120617
18:00:48,12.112606
18:00:49,12.0519428
18:00:50,12.1290445
18:00:51,12.1010323
18:00:53,11.9841719
18:00:54,11.7989626
18:00:55,12.0329933
18:00:56,12.0325575
18:00:57,11.9055119
18:00:58,12.0548306
18:00:59,12.0548782
18:01:00,11.9275007
18:01:01,11.8891125
18:01:03,12.03891
18:01:04,11.9844294
18:01:05,12.1481533
18:01:06,12.1414251
18:01:07,11.9785814
18:01:09,12.1661215
18:01:10,11.6813679
18:01:11,11.9390917
18:01:12,12.1319628
18:01:13,12.1362715
18:01:14,11.9542274
18:01:15,12.1298018
18:01:16,12.038065
18:01:17,11.9699631
18:01:18,12.0820274
18:01:19,12.08257
18:01:20,12.14039
18:01:21,11.93658
18:01:22,12.1098185
18:01:23,12.0010834
18:01:24,12.0226145
18:01:25,11.8322115
18:01:26,12.2194014
18:01:27,12.0451965
18:01:28,12.0419474
18:01:29,11.8417807
18:01:30,12.09816
18:01:31,11.8205185
18:01:32,12.0777969
18:01:33,12.2245684
18:01:34,11.8710537
18:01:35,12.1305351
18:01:36,12.1337271
18:01:37,11.968482
18:01:38,11.9314051
18:01:39,11.5967674
18:01:40,11.8592529
18:01:41,12.1899271
18:01:42,12.0403547
18:01:43,11.8651819
18:01:44,12.0575733
18:01:45,12.2070913
18:01:46,12.0521173
18:01:47,12.0892134
18:01:48,11.8793249
18:01:49,12.1270733
18:01:50,11.7450342
18:01:51,11.8932095
18:01:52,11.7158251
18:01:53,11.9863663
18:01:54,12.0432673
18:01:55,12.2427626
18:01:56,12.0107975
18:01:57,12.1013584
18:01:58,11.8274431
18:01:59,11.9365664
18:02:00,12.0416269
18:02:01,12.1947012
18:02:02,12.5714321
18:02:03,12.10611
18:02:04,11.9884653
18:02:05,11.7550974
18:02:06,12.0093269
18:02:07,12.2017174
18:02:08,12.1764641
18:02:09,11.9974489
18:02:10,11.9527264
18:02:11,11.9966888
18:02:12,12.0682564
18:02:13,12.0392752
18:02:14,11.8492327
18:02:15,12.0730343
18:02:16,11.9326868
18:02:17,12.1046057
18:02:18,11.9201584
18:02:19,12.0792761
18:02:20,12.0728617
18:02:21,12.03774
18:02:22,11.8176336
18:02:23,11.9520111
18:02:24,12.1045322
18:02:25,11.95457
18:02:26,11.7697716
18:02:27,11.8921318
18:02:28,12.16423
18:02:29,12.1619406
18:02:30,12.1389246
18:02:31,11.9397383
18:02:32,11.9776421
18:02:33,11.92753
18:02:34,12.0559883
18:02:35,12.0219927
18:02:36,12.0179911
18:02:37,11.9242687
18:02:38,11.9458361
18:02:39,11.8681946
18:02:40,12.0285549
18:02:41,12.0611019
18:02:42,12.05357
18:02:43,12.0194387
18:02:44,12.0096064
18:02:45,11.8280277
18:02:46,11.9691706
18:02:47,12.3286667
18:02:48,12.02484
18:02:49,11.7588053
18:02:50,12.04167
18:02:51,11.8241014
18:02:52,12.3834429
18:02:53,12.0324965
18:02:54,11.7398367
18:02:55,11.8983221
18:02:56,11.940424
18:02:57,12.1194906
18:02:58,11.8957939
18:02:59,12.029192
18:03:00,12.10276
18:03:01,12.04388
18:03:02,11.89126
18:03:03,12.135541
18:03:04,12.1405067
18:03:05,11.8459549
18:03:06,11.8469763
18:03:07,12.0301666
18:03:08,12.1141071
18:03:09,12.0043688
18:03:10,11.9209785
18:03:11,12.2195024
18:03:12,12.0607481
18:03:13,12.0823879
18:03:14,12.1624241
18:03:15,11.93843
18:03:16,11.9840622
18:03:17,11.7982368
18:03:18,11.8681717
18:03:19,12.0970869
18:03:20,12.0085611
18:03:21,11.8951588
18:03:22,12.10521
18:03:23,12.1411867
18:03:24,11.9073944
18:03:25,12.1751432
18:03:27,11.9024115
18:03:28,12.0470076
18:03:29,12.1371155
18:03:30,11.9459209
18:03:31,11.9575624
18:03:32,11.9645491
18:03:33,11.8209743
18:03:34,12.04067
18:03:35,12.2511892
18:03:36,11.6843414
18:03:37,12.08435
18:03:38,11.9043083
18:03:39,12.119977
18:03:40,11.87972
18:03:41,11.7583523
18:03:42,11.9707289
18:03:43,12.058836
18:03:44,12.1701393
18:03:45,12.5199785
18:03:46,12.0688877
18:03:47,11.7309885
18:03:48,11.8292685
18:03:49,12.1203747
18:03:50,12.0556173
18:03:51,11.8890724
18:03:52,12.0747366
18:03:53,12.019166
18:03:54,11.9095736
18:03:55,11.934495
18:03:56,11.983655
18:03:57,11.96876
18:03:59,11.8645144
18:04:00,11.9813776
18:04:01,12.0600872
18:04:02,11.5079746
18:04:03,11.8694525
18:04:04,11.9949827
18:04:05,11.7296124
18:04:06,12.3233891
18:04:07,11.6529
18:04:08,11.7509594
18:04:09,11.9119492
18:04:10,11.8919668
18:04:11,12.2862959
18:04:12,11.904108
18:04:13,11.9147472
18:04:14,11.8921423
18:04:15,11.9576435
18:04:16,11.811162
18:04:17,12.3166466
18:04:18,12.3066158
18:04:19,11.8798628
18:04:20,11.87574
18:04:21,11.9376917
18:04:22,11.8967228
18:04:23,12.1862345
18:04:24,12.2185593
18:04:25,11.866745
18:04:26,12.1574936
18:04:27,12.0755119
18:04:28,11.95657
18:04:29,11.897522
18:04:30,12.172368
18:04:31,11.8998547
18:04:32,12.1223993
18:04:33,11.9344358
18:04:34,12.0928745
18:04:35,11.98926
18:04:36,12.0824461
18:04:37,11.9245214
18:04:38,11.8822927
18:04:39,12.1692724
18:04:40,12.1329737
18:04:41,12.149478
18:04:42,11.9517756
18:04:43,11.8890781
18:04:44,11.9187813
18:04:45,12.0012894
18:04:46,11.8376884
18:04:47,11.8825092
18:04:48,11.800849
18:04:49,12.2203579
18:04:50,12.1112947
18:04:51,11.842063
18:04:52,11.98903
18:04:53,11.9607458
18:04:54,12.1135588
18:04:55,12.1305819
18:04:56,12.01397
18:04:57,11.9162979
18:04:58,12.0109091
18:04:59,11.8850088
18:05:00,12.1044312
18:05:01,12.0436525
18:05:02,11.7630014
18:05:03,12.1836739
18:05:04,11.8578138
18:05:05,11.958806
18:05:06,11.97814
18:05:07,12.1510735
18:05:08,12.0706415
18:05:09,11.9337177
18:05:10,12.003685
18:05:11,11.8762274
18:05:12,12.1719027
18:05:13,11.9520578
18:05:14,12.0753555
18:05:15,12.1339931
18:05:16,12.1771631
18:05:17,11.9415379
18:05:18,11.9582205
18:05:19,12.1349192
18:05:20,11.9974117
18:05:21,11.802619
18:05:22,12.3594551
18:05:23,11.8067064
18:05:24,11.9280739
18:05:25,12.082057
18:05:26,12.0739985
18:05:27,12.0590191
18:05:28,12.18452
18:05:29,12.07004
18:05:30,11.8801126
18:05:31,12.0455132
18:05:32,12.1047268
18:05:33,11.92131
18:05:34,12.204793
18:05:35,11.9867754
18:05:36,11.9676313
18:05:37,11.9809437
18:05:38,11.9220982
18:05:39,11.9728127
18:05:40,12.0062227
18:05:41,11.9797335
18:05:42,11.8074942
18:05:43,12.2622261
18:05:44,11.7666874
18:05:45,11.9194155
18:05:46,11.9677792
18:05:47,12.38162
18:05:48,11.9192152
18:05:49,12.14792
18:05:50,11.736846
18:05:51,11.7036533
18:05:53,12.2276173
18:05:54,12.01248
18:05:55,12.2093687
18:05:56,11.9942131
18:05:57,12.0108051
18:05:58,11.830101
18:06:00,12.1900883
18:06:01,12.0818958
18:06:02,12.1498785
18:06:03,12.0525646
18:06:04,11.9335585
18:06:05,11.8165369
18:06:06,12.0897522
18:06:07,12.0876665
18:06:08,12.2604017
18:06:09,11.8881121
18:06:10,12.0433416
18:06:11,11.6864071
18:06:12,12.1783142
18:06:13,12.0911684
18:06:14,12.1244059
18:06:15,11.9321423
18:06:16,12.217227
18:06:17,12.078557
18:06:18,11.9828606
18:06:19,11.9813976
18:06:20,12.0929937
18:06:21,12.2344093
18:06:22,12.04249
18:06:23,11.6059866
18:06:24,11.9573765
18:06:25,11.9626255
18:06:26,11.8171244
18:06:27,12.0917244
18:06:28,11.7542648
18:06:29,12.3843727
18:06:30,11.7888346
18:06:31,11.845149
18:06:32,11.9237232
18:06:33,12.2811184
18:06:34,12.1661959
18:06:35,11.8908424
18:06:36,11.8580322
18:06:37,11.8802252
18:06:38,12.3065462
18:06:39,11.7861853
18:06:40,12.0529156
18:06:41,12.2073078
18:06:42,11.9575672
18:06:43,12.2147846
18:06:44,12.1067333
18:06:45,12.1239386
18:06:46,12.0207491
18:06:47,11.8105659
18:06:48,12.0795851
18:06:49,12.4131413
18:06:50,11.7713747
18:06:51,11.7977486
18:06:52,11.9651012
18:06:53,12.2020187
18:06:54,11.6878767
18:06:55,11.983799
18:06:56,11.9767342
18:06:57,11.9379539
18:06:58,12.0001945
18:06:59,11.9813938
18:07:00,12.14262
18:07:01,12.1244774
18:07:02,11.799758
18:07:03,11.997673
18:07:04,12.2877264
18:07:05,11.9235773
18:07:06,12.4245081
18:07:07,12.0244274
18:07:08,12.0908308
18:07:09,11.6465073
18:07:10,12.1572561
18:07:11,11.9950294
18:07:12,12.2337456
18:07:13,12.2001448
18:07:14,11.8935328
18:07:15,12.0533266
18:07:16,12.064086
18:07:17,12.0310373
18:07:18,11.9547606
18:07:19,12.1825142
18:07:20,12.1060038
18:07:21,11.8071041
18:07:22,12.137496
18:07:23,11.9766273
18:07:24,11.8937874
18:07:25,12.18141
18:07:26,12.0096159
18:07:27,12.1309977
18:07:28,11.90976
18:07:29,12.0465136
18:07:30,11.9883947
18:07:31,12.2193375
18:07:32,11.97767
18:07:33,12.1568432
18:07:34,11.9373579
18:07:35,11.8986931
18:07:36,12.1695595
18:07:37,11.7915573
18:07:38,12.0672646
18:07:39,11.8477306
18:07:40,11.923871
18:07:41,12.1495724
18:07:42,12.0056162
18:07:43,11.9664612
18:07:44,12.1770792
18:07:45,12.1118765
18:07:46,11.6203651
18:07:47,11.931571
18:07:48,12.0300655
18:07:49,11.8288193
18:07:50,11.9801
18:07:51,12.1105394
18:07:52,12.1648855
18:07:53,12.0526276
18:07:54,12.0527611
18:07:55,11.9317513
18:07:56,12.2667789
18:07:57,11.8409538
18:07:58,12.0445023
18:07:59,12.1957111
18:08:00,12.114131
18:08:01,12.0885506
18:08:02,12.1825428
18:08:03,12.1363449
18:08:04,11.8174582
18:08:05,11.8491888
18:08:06,12.1172724
18:08:07,12.2608862
18:08:08,11.65527
18:08:09,11.7167149
18:08:10,12.2485027
18:08:11,12.1348925
18:08:12,12.0490274
18:08:13,11.8865728
18:08:14,11.9758
18:08:15,12.2162123
18:08:16,12.2047825
18:08:17,11.9819193
18:08:18,11.934597
18:08:19,11.8964128
18:08:20,11.9049463
18:08:21,12.31618
18:08:22,11.9143267
18:08:23,11.89961
18:08:24,11.9144068
18:08:25,12.116168
18:08:26,12.0872765
18:08:27,12.1500711
18:08:28,11.9551764
18:08:29,12.0333729
18:08:30,11.8951807
18:08:31,11.8343554
18:08:32,12.1507578
18:08:33,12.3004
18:08:34,11.7074423
18:08:35,11.9323139
18:08:36,12.001193
18:08:37,11.7418966
18:08:38,11.8085623
18:08:39,11.7158508
18:08:40,11.88169
18:08:41,12.5029011
18:08:42,11.9948025
18:08:43,11.8558025
18:08:44,12.10399
18:08:45,12.2125273
18:08:46,11.8910818
18:08:48,11.7862053
18:08:49,11.9948254
18:08:51,12.1459894
18:08:52,11.8922062
18:08:53,12.09429
18:08:54,11.9926758
18:08:55,11.6054573
18:08:56,12.4039593
18:08:57,11.97588
18:08:58,11.8280048
18:08:59,12.2183018
18:09:00,11.8250332
18:09:01,12.2661734
18:09:02,11.9199562
18:09:03,11.7676964
18:09:04,12.2127256
18:09:05,12.0560818
18:09:06,11.9425507
18:09:07,12.3286953
18:09:08,11.6282949
18:09:09,10.6239481
18:09:10,10.6202574
18:09:11,12.8442459
18:09:12,14.0956554
18:09:13,11.78494
18:09:14,11.8748865
18:09:15,11.79775
18:09:16,11.9345284
18:09:17,11.8187256
18:09:18,11.8526316
18:09:19,11.8975935
18:09:20,12.1184473
18:09:21,12.4141369
18:09:22,11.823144
18:09:23,11.8658524
18:09:24,11.9641085
18:09:25,12.01975
18:09:26,12.2676334
18:09:27,11.9343071
18:09:28,11.9554586
18:09:29,11.7872286
18:09:30,11.8764334
18:09:31,11.98942
18:09:32,11.9119616
18:09:33,12.00324
18:09:34,11.8055143
18:09:35,12.15902
18:09:36,11.7874413
18:09:37,12.0794468
18:09:38,11.93216
18:09:39,11.9557076
18:09:40,12.0369387
18:09:41,12.0040665
18:09:42,11.9209671
18:09:43,12.2802811
18:09:44,11.9776545
18:09:45,12.0432978
18:09:46,11.9332676
18:09:47,12.0816545
18:09:48,12.0968256
18:09:49,12.024663
18:09:50,11.9036112
18:09:51,12.1585751
18:09:52,11.8710976
18:09:53,12.0001087
18:09:54,11.8035364
18:09:55,11.8083258
18:09:56,11.9191256
18:09:57,11.8708887
18:09:58,11.9691286
18:09:59,11.9497986
18:10:00,11.9161472
18:10:01,12.143424
18:10:02,11.9720707
18:10:03,11.9264774
18:10:04,12.1975222
18:10:05,11.854847
18:10:06,11.862072
18:10:07,12.243082
18:10:08,11.8353634
18:10:09,11.902174
18:10:10,12.1760359
18:10:11,12.1664162
18:10:12,12.2554293
18:10:13,11.9468966
18:10:14,11.75652
18:10:15,11.9720135
18:10:16,12.034133
18:10:17,11.9280691
18:10:18,12.1374073
18:10:19,11.9697933
18:10:20,12.1336784
18:10:21,12.0208235
18:10:22,12.18606
18:10:23,11.7762976
18:10:24,11.666502
18:10:25,11.8955564
18:10:26,11.9126949
18:10:27,12.2118187
18:10:28,12.1959
18:10:29,12.0214567
18:10:30,11.7242441
18:10:31,12.3429413
18:10:32,11.7489748
18:10:33,12.0082
18:10:34,12.0136652
18:10:35,12.0649977
18:10:36,11.902051
18:10:37,12.17131
18:10:38,12.1405268
18:10:39,11.8120413
18:10:40,11.8967857
18:10:41,12.2318649
18:10:42,12.0663338
18:10:43,11.7702045
18:10:44,12.2812614
18:10:45,12.1244068
18:10:46,11.9954338
18:10:47,11.9844151
18:10:48,11.9405336
18:10:49,12.2368546
18:10:50,11.9132318
18:10:51,12.122508
18:10:53,12.2537584
18:10:54,12.0648766
18:10:55,12.0926514
18:10:56,11.9223633
18:10:57,12.0881939
18:10:58,11.8979015
18:10:59,11.8092756
18:11:00,12.0285234
18:11:01,12.2624416
18:11:02,12.0243
18:11:03,11.9562321
18:11:04,12.2255764
18:11:05,11.8498974
18:11:06,11.8750105
18:11:07,11.9952822
18:11:08,11.8105955
18:11:09,11.9314995
18:11:10,12.114007
18:11:11,11.8536854
18:11:12,12.026679
18:11:13,11.8451
18:11:14,12.0981417
18:11:15,11.92829
18:11:16,12.0649242
18:11:17,11.8537245
18:11:18,11.9306536
18:11:19,12.0593557
18:11:20,12.1990843
18:11:21,11.8377666
18:11:22,12.3988266
18:11:23,12.00823
18:11:24,11.9445715
18:11:25,12.1363964
18:11:26,11.8896341
18:11:27,11.7816525
18:11:29,12.6420736
18:11:30,12.2339153
18:11:31,11.8006754
18:11:32,12.0528431
18:11:33,12.0670948
18:11:34,12.0857143
18:11:35,11.9453688
18:11:36,11.85101
18:11:37,12.2323437
18:11:38,12.0988436
18:11:39,11.7839985
18:11:40,11.8531942
18:11:41,11.909503
18:11:42,12.04342
18:11:43,11.82667
18:11:44,11.852335
18:11:45,11.9332561
18:11:46,11.8887157
18:11:47,12.2418976
18:11:48,12.0241241
18:11:49,11.7265577
18:11:50,11.8159666
18:11:51,11.47142
18:11:52,11.6079865
18:11:53,11.88959
18:11:54,11.9931154
18:11:55,11.8073673
18:11:56,11.9081278
18:11:57,12.200963
18:11:58,12.0300035
18:11:59,12.2022657
18:12:00,12.0578766
18:12:01,11.8799257
18:12:02,12.3971291
18:12:03,11.81508
18:12:04,11.9165659
18:12:05,11.8577776
18:12:06,12.0412273
18:12:07,11.781002
18:12:08,11.9326286
18:12:09,12.2632065
18:12:10,12.0175657
18:12:11,11.8414307
18:12:12,11.9740391
18:12:13,12.0391312
18:12:14,11.7760439
18:12:15,11.8920584
18:12:16,12.1994
18:12:17,11.8580885
18:12:18,12.013463
18:12:19,11.9731665
18:12:20,12.011755
18:12:21,11.8781071
18:12:22,11.83654
18:12:23,11.9374971
18:12:24,12.0798473
18:12:25,11.9705191
18:12:26,11.9080353
18:12:27,11.976141
18:12:28,11.9886541
18:12:29,12.0026922
18:12:30,12.0469418
18:12:31,11.9655495
18:12:32,11.9108715
18:12:33,11.6423168
18:12:34,12.1290493
18:12:35,11.87305
18:12:36,12.2781525
18:12:37,12.0665951
18:12:38,11.938364
18:12:39,11.8494635
18:12:40,12.0517235
18:12:41,11.9557371
18:12:42,12.1907511
18:12:43,12.0026255
18:12:44,11.9785662
18:12:45,11.9711533
18:12:46,11.9747248
18:12:47,12.0230618
18:12:48,12.1587248
18:12:49,11.9708929
18:12:50,11.8468885
18:12:51,12.370841
18:12:52,11.8608875
18:12:53,11.9530306
18:12:54,11.8444195
18:12:55,11.8591909
18:12:56,11.9492865
18:12:57,12.0930834
18:12:58,12.1798019
18:12:59,11.8104916
18:13:00,11.9737568
18:13:01,12.2612543
18:13:02,12.3833637
18:13:03,11.8821831
18:13:04,12.1694374
18:13:05,12.0276222
18:13:06,12.1049986
18:13:07,11.7887459
18:13:08,12.0110874
18:13:09,12.10098
18:13:10,12.0560656
18:13:11,12.0883131
18:13:12,11.8508072
18:13:13,12.0904951
18:13:14,11.9289064
18:13:15,12.0999174
18:13:16,11.8904886
18:13:17,11.8603411
18:13:18,11.9467115
18:13:19,11.7975388
18:13:20,12.0189791
18:13:21,11.8871565
18:13:22,12.1464815
18:13:23,11.737092
18:13:24,11.8993759
18:13:25,11.9508085
18:13:26,11.9681606
18:13:27,12.131424
18:13:28,11.94369
18:13:29,11.6775007
18:13:30,12.1041374
18:13:31,11.9277658
18:13:32,12.06181
18:13:33,12.008996
18:13:34,11.4660034
18:13:35,11.9083939
18:13:36,12.11627
18:13:37,11.9395323
18:13:38,11.8345852
18:13:39,12.0142126
18:13:40,11.8301659
18:13:41,12.1645956
18:13:42,12.0339813
18:13:43,11.888093
18:13:44,11.7209129
18:13:45,12.698822
18:13:46,11.6957464
18:13:47,11.9115028
18:13:48,11.8947763
18:13:49,11.7721634
18:13:50,11.9446716
18:13:51,12.1014376
18:13:53,11.8565235
18:13:54,12.2006445
18:13:55,11.9277964
18:13:56,12.1415644
18:13:58,12.0824327
18:13:59,12.1897039
18:14:00,11.94316
18:14:01,11.99449
18:14:02,12.1509542
18:14:03,11.6155415
18:14:04,11.7012424
18:14:05,12.3353252
18:14:06,11.90554
18:14:07,12.0203285
18:14:08,12.1719532
18:14:09,11.6728611
18:14:10,12.0049782
18:14:11,11.858716
18:14:12,11.9976912
18:14:13,11.9412889
18:14:14,12.234973
18:14:15,11.982625
18:14:16,12.0410061
18:14:17,11.955452
18:14:18,12.0613165
18:14:19,11.9297848
18:14:20,11.9622631
18:14:21,11.9015636
18:14:22,12.154274
18:14:23,12.1855
18:14:24,11.9748535
18:14:25,12.1530628
18:14:26,12.036582
18:14:27,11.9758806
18:14:28,11.9460077
18:14:29,12.0802155
18:14:30,11.64881
18:14:31,11.6226282
18:14:32,11.9540815
18:14:33,11.7793541
18:14:34,12.3321609
18:14:35,11.8626575
18:14:36,11.9980879
18:14:37,11.9944782
18:14:38,12.1179428
18:14:39,11.9890652
18:14:40,12.1324282
18:14:41,11.8275518
18:14:42,12.33388
18:14:43,11.992733
18:14:44,12.095623
18:14:45,11.8616142
18:14:46,12.0878868
18:14:47,11.8778229
18:14:48,11.8522
18:14:49,12.0137835
18:14:50,12.0647812
18:14:51,11.7418051
18:14:52,12.0292645
18:14:53,11.9383583
18:14:54,11.9339552
18:14:55,11.9794426
18:14:56,11.88172
18:14:57,11.9539309
18:14:58,11.8493414
18:14:59,12.1028662
18:15:00,11.9804583
18:15:01,12.1309366
18:15:02,12.0527153
18:15:03,11.8402138
18:15:04,12.0889473
18:15:05,11.9973373
18:15:06,12.0959406
18:15:07,12.009491
18:15:08,12.1108007
18:15:09,11.8585548
18:15:10,11.7756681
18:15:11,11.7183638
18:15:12,11.945611
18:15:13,11.9945879
18:15:14,12.0922174
18:15:15,12.0968189
18:15:16,11.9715834
18:15:17,12.0133867
18:15:18,11.9031286
18:15:19,11.8609543
18:15:20,12.0728788
18:15:21,12.1109543
18:15:22,12.0035038
18:15:23,12.0033035
18:15:24,12.3409443
18:15:25,12.008069
18:15:26,11.84942
18:15:27,11.9271851
18:15:28,12.0863571
18:15:29,12.2220345
18:15:30,11.932765
18:15:31,11.9301157
18:15:32,11.947854
18:15:33,11.8986425
18:15:34,12.0178623
18:15:35,11.8841467
18:15:36,12.1554365
18:15:37,12.1033039
18:15:38,12.0251932
18:15:39,11.7348337
18:15:40,11.841526
18:15:41,12.14269
18:15:42,11.7542267
18:15:43,11.8973608
18:15:44,12.1486444
18:15:45,12.12592
18:15:46,12.1371078
18:15:47,11.924304
18:15:48,11.7600775
18:15:49,11.8414154
18:15:50,12.4119368
18:15:51,11.4188051
18:15:52,12.2432127
18:15:53,11.9793844
18:15:54,11.1490221
18:15:55,12.0142794
18:15:56,11.6529093
18:15:57,11.7924547
18:15:58,12.252286
18:15:59,12.0261908
18:16:00,12.2442026
18:16:01,12.1323671
18:16:02,12.0725832
18:16:03,11.8879137
18:16:04,11.93408
18:16:05,11.9948559
18:16:06,12.2760391
18:16:07,11.8682747
18:16:08,12.18404
18:16:09,11.8596315
18:16:10,12.0424175
18:16:11,11.9498291
18:16:12,11.8845863
18:16:13,11.95494
18:16:14,12.1399345
18:16:15,11.75124
18:16:16,11.79151
18:16:17,11.9284744
18:16:18,11.9991684
18:16:19,12.1374121
18:16:20,11.9804258
18:16:21,11.9879665
18:16:22,12.33429
18:16:23,11.8590612
18:16:24,11.8796167
18:16:25,11.8900948
18:16:26,12.1784363
18:16:27,12.164485
18:16:28,11.8809366
18:16:29,12.2012482
18:16:30,11.8987045
18:16:31,11.7838945
18:16:32,12.0590134
18:16:33,11.9427643
18:16:34,11.9926176
18:16:35,11.9842463
18:16:36,11.9527378
18:16:37,12.00487
18:16:38,12.3011065
18:16:39,12.1645994
18:16:40,12.1322536
18:16:41,11.9636345
18:16:42,11.8634033
18:16:43,12.0596466
18:16:44,12.2901831
18:16:45,11.8936853
18:16:46,11.9576225
18:16:47,11.9422369
18:16:48,12.0188866
18:16:49,11.8808413
18:16:50,12.1645164
18:16:51,11.96329
18:16:52,12.2781448
18:16:54,12.19254
18:16:55,11.9394131
18:16:56,12.2778549
18:16:57,12.0624762
18:16:58,12.100399
18:16:59,12.0664482
18:17:00,12.0510607
18:17:01,11.791255
18:17:02,12.113739
18:17:03,11.8445635
18:17:04,12.3584957
18:17:05,12.209363
18:17:06,12.1299515
18:17:07,12.0541286
18:17:08,12.0543575
18:17:09,12.0114565
18:17:10,12.03066
18:17:11,12.31654
18:17:12,12.018569
18:17:13,11.9036
18:17:14,11.990283
18:17:15,12.3485928
18:17:16,12.11596
18:17:17,11.9494066
18:17:18,11.8115187
18:17:19,11.9757557
18:17:20,12.0993567
18:17:22,11.8560543
18:17:23,11.9147539
18:17:24,11.9179869
18:17:25,11.7484655
18:17:26,11.6393528
18:17:27,12.0635118
18:17:28,12.2052345
18:17:29,11.9283638
18:17:30,12.1571
18:17:31,11.848711
18:17:32,12.2493143
18:17:33,11.9509182
18:17:34,12.0623817
18:17:35,11.8982048
18:17:36,11.9158058
18:17:37,12.1420507
18:17:38,12.185153
18:17:39,11.8780193
18:17:40,12.1879816
18:17:41,11.92014
18:17:42,11.8285866
18:17:43,11.8593979
18:17:44,11.8945084
18:17:45,11.931057
18:17:46,12.0647774
18:17:47,12.0874462
18:17:48,11.9269724
18:17:49,12.0264378
18:17:50,11.91168
18:17:51,11.961688
18:17:52,12.1601667
18:17:53,12.2523537
18:17:54,11.6951752
18:17:55,12.0298538
18:17:56,11.9735889
18:17:57,12.2415428
18:17:58,12.2320375
18:17:59,11.9376745
18:18:00,12.0815516
18:18:01,12.3659639
18:18:02,11.9828558
18:18:03,11.8533554
18:18:04,12.1038227
18:18:05,12.1842051
18:18:06,11.8187428
18:18:07,11.9764709
18:18:08,11.5199327
18:18:09,11.8979445
18:18:10,12.0317392
18:18:11,11.7568
18:18:12,11.9999065
18:18:13,12.2048388
18:18:14,11.8163118
18:18:15,12.174119
18:18:16,11.8135662
18:18:17,11.85232
18:18:18,12.28688
18:18:19,12.2438488
18:18:20,12.0949945
18:18:21,11.8072071
18:18:22,12.0639458
18:18:23,12.2500029
18:18:24,11.8397379
18:18:25,11.8259487
18:18:26,12.0663919
18:18:27,12.0975294
18:18:28,12.0367165
18:18:29,11.9789419
18:18:30,12.1541777
18:18:31,11.8512564
18:18:32,12.1064978
18:18:33,12.135006
18:18:34,12.1344776
18:18:35,12.1183281
18:18:36,12.1133308
18:18:37,12.1311808
18:18:38,12.1057138
18:18:39,12.0906029
18:18:40,11.9940557
18:18:41,11.8670235
18:18:42,12.069397
18:18:43,11.759387
18:18:44,11.961318
18:18:45,12.0411158
18:18:46,12.0259819
18:18:47,12.04888
18:18:48,12.1169443
18:18:49,11.9097948
18:18:50,12.0004158
18:18:51,12.0774231
18:18:52,11.9773741
18:18:53,11.7769489
18:18:54,12.0555716
18:18:55,11.84661
18:18:56,11.8059235
18:18:57,11.9352283
18:18:58,12.1101742
18:18:59,11.9580088
18:19:00,12.2086229
18:19:01,12.0330143
18:19:02,11.9899464
18:19:03,11.8022614
18:19:04,11.8938732
18:19:05,12.00866
18:19:06,11.9755363
18:19:07,12.1980448
18:19:08,11.8309517
18:19:09,11.882123
18:19:10,12.02591
18:19:11,11.7855806
18:19:12,12.0521145
18:19:13,12.0142851
18:19:14,11.9710131
18:19:15,12.0523443
18:19:16,11.949049
18:19:17,12.1556711
18:19:18,12.2429953
18:19:19,11.9043112
18:19:20,12.0037823
18:19:21,12.2911339
18:19:22,11.8333817
18:19:23,12.0533867
18:19:24,11.9530678
18:19:25,11.8749542
18:19:26,12.1580687
18:19:27,11.9660788
18:19:28,11.9993343
18:19:29,11.6238966
18:19:30,11.9474869
18:19:31,12.0819807
18:19:32,11.9695129
18:19:33,11.7480516
18:19:34,11.8909264
18:19:35,11.8441916
18:19:36,12.401618
18:19:37,11.8994484
18:19:38,12.16525
18:19:39,12.0441332
18:19:40,11.5914059
18:19:41,11.6114807
18:19:42,11.6994095
18:19:43,11.88754
18:19:44,12.2112589
18:19:45,12.0932388
18:19:46,11.7573547
18:19:47,11.9483728
18:19:48,11.76453
18:19:49,11.8939075
18:19:50,12.0442162
18:19:51,11.8080912
18:19:53,12.1411285
18:19:54,11.8492365
18:19:55,11.9251709
18:19:56,12.0134439
18:19:57,11.9488573
18:19:58,11.9174309
18:19:59,11.7386436
18:20:00,12.102026
18:20:01,12.18601
18:20:02,12.1504068
18:20:03,12.1092634
18:20:04,11.9435911
18:20:05,12.0224276
18:20:06,12.1534071
18:20:08,12.1275387
18:20:09,11.8530617
18:20:10,12.11101
18:20:11,11.8390493
18:20:13,11.76736
18:20:15,12.1435175
18:20:16,11.9917727
18:20:17,12.0920181
18:20:18,11.9449587
18:20:19,11.9143362
18:20:20,11.9917192
18:20:21,12.0548334
18:20:22,12.0503483
18:20:23,12.13014
18:20:24,11.968194
18:20:25,11.4347143
18:20:26,11.8956079
18:20:27,11.9878607
18:20:28,12.04377
18:20:29,12.1490593
18:20:30,11.93213
18:20:31,11.9853935
18:20:32,12.1167965
18:20:33,11.8155279
18:20:34,12.2392244
18:20:35,11.5871992
18:20:36,12.9797468
18:20:37,11.9328089
18:20:38,11.8770056
18:20:39,12.1518679
18:20:40,11.8860607
18:20:41,12.0161734
18:20:42,12.1140661
18:20:43,11.7616234
18:20:44,11.8382692
18:20:45,12.007267
18:20:46,12.047514
18:20:47,12.336256
18:20:48,11.99264
18:20:49,11.8435879
18:20:50,12.0672789
18:20:51,11.9921761
18:20:52,12.0372286
18:20:53,12.0536852
18:20:54,11.796257
18:20:55,11.9525051
18:20:56,12.0951653
18:20:57,12.0300722
18:20:58,11.8604517
18:20:59,11.91837
18:21:00,12.1207342
18:21:01,12.1078224
18:21:02,11.9751272
18:21:03,12.0330553
18:21:04,11.9457264
18:21:05,12.1378794
18:21:06,12.1162052
18:21:07,12.1709414
18:21:08,12.0840864
18:21:09,11.59025
18:21:10,12.0891676
18:21:11,12.1457624
18:21:12,12.0076427
18:21:13,12.159914
18:21:14,12.1829376
18:21:15,11.9621649
18:21:16,11.7831383
18:21:17,11.908246
18:21:18,11.8792753
18:21:19,11.8878222
18:21:20,11.9533081
18:21:21,12.06436
18:21:22,12.2423468
18:21:23,12.1308193
18:21:24,11.7645025
18:21:25,11.8898811
18:21:26,11.90956
18:21:27,11.8980551
18:21:28,12.142581
18:21:29,12.1435394
18:21:30,11.9935656
18:21:31,11.7259893
18:21:32,11.783246
18:21:33,11.9308586
18:21:34,12.0500975
18:21:35,11.90777
18:21:36,11.8556337
18:21:37,12.1995058
18:21:38,11.8405981
18:21:39,11.9649324
18:21:40,11.9845915
18:21:41,12.0361843
18:21:42,11.8809195
18:21:43,11.8335714
18:21:44,12.1139879
18:21:45,11.773859
18:21:46,11.7100515
18:21:47,11.8749781
18:21:48,11.72194
18:21:49,11.7048693
18:21:50,12.2924032
18:21:51,12.0582991
18:21:52,12.0530481
18:21:53,11.9120522
18:21:54,12.21223
18:21:55,11.75977
18:21:56,12.0134668
18:21:57,12.0494852
18:21:58,12.1466064
18:21:59,12.05599
18:22:00,12.4509525
18:22:01,11.4893293
18:22:02,12.1403236
18:22:03,11.9477491
18:22:04,11.8875732
18:22:05,11.944973
18:22:06,12.2693863
18:22:07,12.1865826
18:22:08,12.07618
18:22:09,11.9251671
18:22:10,11.971447
18:22:11,12.1906261
18:22:12,12.0507574
18:22:13,11.7961216
18:22:14,12.0411186
18:22:15,11.8127127
18:22:16,11.7666273
18:22:17,11.7856131
18:22:18,12.0904264
18:22:19,11.9896364
18:22:20,12.0449133
18:22:21,12.4581556
18:22:22,11.8942757
18:22:23,11.9263506
18:22:24,12.0643911
18:22:25,11.7675161
18:22:26,11.9623976
18:22:27,12.0355949
18:22:28,12.1125
18:22:29,12.1403494
18:22:30,11.9409122
18:22:31,11.9285736
18:22:32,11.9427128
18:22:33,11.9767551
18:22:34,11.96232
18:22:35,11.8451929
18:22:36,11.8539438
18:22:37,11.8291616
18:22:38,12.2952518
18:22:39,11.9428463
18:22:40,11.8788
18:22:41,11.9785156
18:22:42,11.8808985
18:22:43,12.0639067
18:22:44,11.8468542
18:22:45,11.9488544
18:22:46,12.0485039
18:22:47,12.0817957
18:22:48,12.0049572
18:22:49,11.991827
18:22:50,12.4334412
18:22:51,12.2499151
18:22:52,11.8575354
18:22:53,12.5767508
18:22:54,11.9631777
18:22:55,11.9024334
18:22:56,12.2793093
18:22:57,11.98713
18:22:58,12.0527086
18:22:59,12.0541353
18:23:00,11.8068514
18:23:01,12.0778522
18:23:02,11.7838287
18:23:03,12.1091394
18:23:04,11.887989
18:23:05,11.9951429
18:23:06,12.1303587
18:23:07,12.1750088
18:23:08,11.710021
18:23:09,12.04478
18:23:10,12.2523861
18:23:11,11.8944845
18:23:12,11.9131756
18:23:13,12.0221624
18:23:14,12.0194159
18:23:15,12.17432
18:23:16,11.9558229
18:23:17,12.1566763
18:23:18,11.882205
18:23:19,12.2008152
18:23:20,12.0825
18:23:21,12.1963882
18:23:22,11.9563532
18:23:23,12.1872606
18:23:24,12.0006847
18:23:25,11.8568268
18:23:26,12.0696154
18:23:27,11.9325657
18:23:28,11.9477644
18:23:29,11.8593807
18:23:30,11.984581
18:23:31,12.0727816
18:23:32,11.8768
18:23:33,12.0016422
18:23:34,12.2034225
18:23:35,12.1166649
18:23:36,11.8293085
18:23:37,11.9984779
18:23:38,12.100193
18:23:39,12.0807047
18:23:40,12.1329422
18:23:41,11.9330673
18:23:42,11.968668
18:23:43,12.122467
18:23:44,12.15399
18:23:45,11.76274
18:23:46,11.6973534
18:23:48,11.8821459
18:23:49,11.9336519
18:23:50,12.1387253
18:23:51,11.8703032
18:23:52,11.9907675
18:23:53,12.2986059
18:23:54,12.045743
18:23:55,11.9872541
18:23:56,11.9799147
18:23:57,11.878727
18:23:58,11.7632484
18:23:59,11.9662542
18:24:00,11.8857775
18:24:01,11.9976282
18:24:02,12.0327215
18:24:03,12.2466774
18:24:04,11.8360252
18:24:05,12.0621338
18:24:06,11.9145432
18:24:07,11.7075253
18:24:08,11.8065176
18:24:09,11.977416
18:24:10,12.0645323
18:24:11,12.0816088
18:24:12,11.9133968
18:24:13,12.1355829
18:24:14,12.0750561
18:24:15,12.0091171
18:24:16,12.08909
18:24:17,12.0086451
18:24:18,11.9240885
18:24:19,12.181592
18:24:20,12.18179
18:24:21,11.9445372
18:24:22,12.0930557
18:24:23,11.8814077
18:24:24,12.2100315
18:24:25,12.04316
18:24:26,11.9173212
18:24:27,12.1391706
18:24:28,11.920598
18:24:29,12.0915356
18:24:30,12.2761469
18:24:31,12.0647411
18:24:32,12.0554132
18:24:33,11.9928942
18:24:34,12.0697975
18:24:35,12.0229969
18:24:36,11.7542067
18:24:37,11.8330784
18:24:38,11.9016247
18:24:39,12.0703993
18:24:40,12.2385349
18:24:41,11.9646816
18:24:42,12.1782141
18:24:43,12.1355114
18:24:44,12.2042608
18:24:45,12.1065664
18:24:46,12.16634
18:24:47,11.7612867
18:24:48,11.9296942
18:24:49,12.2192183
18:24:50,11.7602634
18:24:51,12.0710115
18:24:52,12.0717173
18:24:53,12.1211691
18:24:54,12.1017637
18:24:55,11.8595657
18:24:56,12.1687155
18:24:57,11.9721928
18:24:58,11.9034119
18:24:59,12.0991879
18:25:00,11.6019125
18:25:01,11.8335953
18:25:02,12.04337
18:25:03,11.9977245
18:25:04,11.860569
18:25:05,12.0105209
18:25:06,11.749011
18:25:07,12.0838556
18:25:08,12.0568
18:25:09,12.1099482
18:25:10,12.55546
18:25:11,12.0543432
18:25:12,11.9149532
18:25:13,11.7054815
18:25:14,12.1515713
18:25:15,11.9861917
18:25:16,11.905776
18:25:17,12.0667191
18:25:18,11.8143158
18:25:19,12.2534971
18:25:20,12.0734539
18:25:21,11.9672422
18:25:22,12.1281261
18:25:23,12.0577307
18:25:24,12.0010757
18:25:25,11.8697958
18:25:26,11.9963579
18:25:27,12.0284586
18:25:28,11.7844534
18:25:29,12.0830431
18:25:30,12.057333
18:25:31,12.11796
18:25:32,11.9232235
18:25:33,12.1724539
18:25:34,11.8015127
18:25:35,11.9115906
18:25:36,11.83761
18:25:37,11.8859768
18:25:38,12.0942545
18:25:39,12.1052427
18:25:40,12.1207867
18:25:41,12.1397467
18:25:42,11.9284678
18:25:43,12.1148968
18:25:44,11.8276615
18:25:45,12.0760345
18:25:46,11.9783792
18:25:47,12.0229568
18:25:48,11.9908361
18:25:49,11.8368816
18:25:50,12.0664406
18:25:51,11.9963341
18:25:53,11.883297
18:25:54,11.9014206
18:25:55,12.0580845
18:25:56,11.8566875
18:25:57,12.1692657
18:25:58,12.0413713
18:25:59,11.8441429
18:26:00,11.8767815
18:26:01,12.3823452
18:26:03,11.793396
18:26:04,12.1100349
18:26:05,11.8610792
18:26:06,12.0144873
18:26:07,11.7789087
18:26:08,11.8100281
18:26:09,11.9830885
18:26:10,12.114728
18:26:11,12.0797853
18:26:12,11.8472385
18:26:13,12.0888338
18:26:14,11.92832
18:26:15,12.129818
18:26:16,12.0947933
18:26:17,12.1232653
18:26:18,11.9260921
18:26:19,11.9046659
18:26:20,12.0678558
18:26:21,12.160677
18:26:22,12.1787624
18:26:23,11.6310759
18:26:24,11.9224138
18:26:25,12.0172071
18:26:26,12.0177031
18:26:27,12.00671
18:26:28,11.8451147
18:26:29,11.864542
18:26:30,11.9813213
18:26:31,12.042882
18:26:32,12.0813923
18:26:33,12.0688086
18:26:34,11.9788074
18:26:35,12.27915
18:26:36,12.1819668
18:26:37,12.0817251
18:26:38,12.0948448
18:26:39,11.7754154
18:26:40,11.7722149
18:26:41,11.9981737
18:26:42,12.0001316
18:26:43,12.3822012
18:26:44,11.9329691
18:26:45,12.1477957
18:26:46,12.0490608
18:26:47,12.37112
18:26:48,12.1069708
18:26:49,11.6402636
18:26:50,11.9778309
18:26:51,12.0025568
18:26:52,11.9319019
18:26:53,12.09235
18:26:54,12.0699635
18:26:55,11.8685789
18:26:56,12.2682171
18:26:57,12.3283052
18:26:58,12.0323563
18:26:59,11.9066429
18:27:00,12.1608744
18:27:01,11.9405012
18:27:02,11.8208456
18:27:03,11.9330778
18:27:04,11.8478146
18:27:05,11.9835672
18:27:06,12.1056614
18:27:07,12.1038513
18:27:08,11.8403225
18:27:09,11.9284077
18:27:10,11.9450169
18:27:11,11.866765
18:27:12,11.9557161
18:27:13,11.9656076
18:27:14,12.0084925
18:27:15,12.0658941
18:27:16,11.8744335
18:27:17,11.5706692
18:27:18,12.3745584
18:27:19,11.7871151
18:27:20,11.8043852
18:27:21,12.232275
18:27:22,11.8322325
18:27:23,12.0401468
18:27:24,12.4228964
18:27:25,11.8522272
18:27:26,11.8899784
18:27:27,11.9383516
18:27:28,12.1005363
18:27:29,11.7091522
18:27:30,11.869627
18:27:31,12.3551216
18:27:32,11.7835331
18:27:33,12.2937651
18:27:34,11.8143883
18:27:35,12.3551912
18:27:36,11.9288445
18:27:37,12.067915
18:27:38,11.8499985
18:27:39,12.5185719
18:27:40,11.8992672
18:27:41,11.98551
18:27:42,11.7135162
18:27:43,12.1563883
18:27:44,12.1707573
18:27:45,11.89276
18:27:46,12.3984518
18:27:47,11.9015608
18:27:48,9.606731
18:27:49,12.5548534
18:27:50,14.9201775
18:27:51,11.7798576
18:27:52,11.9594517
18:27:54,11.95244
18:27:55,11.94371
18:27:56,11.8757229
18:27:57,11.8724957
18:27:58,11.9837875
18:27:59,11.711277
18:28:00,12.1943207
18:28:01,12.0396652
18:28:02,12.0424719
18:28:03,11.8093338
18:28:04,11.680687
18:28:05,12.0940943
18:28:06,11.9695616
18:28:07,12.0319977
18:28:08,12.1236849
18:28:09,11.9763842
18:28:10,12.0402784
18:28:11,12.0489607
18:28:12,12.0558262
18:28:13,12.101284
18:28:14,11.8455458
18:28:15,12.0350151
18:28:16,12.190876
18:28:17,12.19389
18:28:18,11.9275227
18:28:19,12.2172546
18:28:20,11.8658075
18:28:21,11.8865852
18:28:22,12.0125208
18:28:23,12.0342035
18:28:25,12.0505877
18:28:26,12.0904074
18:28:27,12.0933428
18:28:28,11.9601345
18:28:30,11.9021454
18:28:31,12.1227045
18:28:32,12.0737362
18:28:33,11.996829
18:28:34,11.9523382
18:28:35,12.1020813
18:28:36,12.2286968
18:28:37,11.751832
18:28:38,11.986887
18:28:39,11.7689581
18:28:40,11.8954678
18:28:41,12.1088705
18:28:42,11.8247375
18:28:43,12.080143
18:28:44,12.2214441
18:28:45,12.1225185
18:28:46,12.0901566
18:28:47,12.0927944
18:28:48,12.0243578
18:28:49,12.108017
18:28:50,11.8728495
18:28:51,12.1309452
18:28:52,12.1631794
18:28:53,12.06928
18:28:54,12.066617
18:28:55,11.9870815
18:28:56,12.0487633
18:28:57,11.9105015
18:28:58,12.19296
18:28:59,11.7501545
18:29:00,12.037467
18:29:01,12.18544
18:29:02,12.0690155
18:29:03,12.1662321
18:29:04,11.7383556
18:29:05,11.9255915
18:29:06,12.1581116
18:29:07,12.06279
18:29:08,12.0457592
18:29:09,12.2085133
18:29:10,12.1273365
18:29:11,11.7953644
18:29:12,11.8861961
18:29:13,12.187418
18:29:14,12.1330214
18:29:15,11.7886734
18:29:16,12.0576258
18:29:17,11.881362
18:29:18,11.9549856
18:29:19,11.9546585
18:29:20,11.989954
18:29:21,12.2108183
18:29:22,12.12953
18:29:23,12.3329659
18:29:24,11.9453821
18:29:25,11.914156
18:29:26,12.1830139
18:29:27,11.8433485
18:29:28,12.2135572
18:29:29,12.057271
18:29:30,12.0881348
18:29:31,12.0310354
18:29:32,11.7692986
18:29:33,12.1139545
18:29:34,11.87259
18:29:35,11.6548223
18:29:36,11.8966122
18:29:37,12.07324
18:29:38,11.9665489
18:29:39,11.9787645
18:29:40,12.0421581
18:29:41,12.0377665
18:29:42,11.7920046
18:29:43,11.8487549
18:29:44,11.8524494
18:29:45,12.18303
18:29:46,11.8839245
18:29:47,11.93733
18:29:48,12.0181494
18:29:49,12.038825
18:29:50,12.0066986
18:29:51,11.934968
18:29:52,12.003314
18:29:53,12.1005087
18:29:54,12.0822086
18:29:55,11.9765682
18:29:56,11.8174963
18:29:57,11.6605988
18:29:58,12.2181749
18:29:59,12.3154192
18:30:00,12.1729679
18:30:01,12.1202679
18:30:02,12.1123066
18:30:03,11.9386473
18:30:04,11.9478235
18:30:05,12.1321878
18:30:06,11.6124849
18:30:07,12.8886786
18:30:08,11.8914366
18:30:09,12.0851936
18:30:10,12.015522
18:30:11,11.7099295
18:30:12,11.7695713
18:30:13,11.90193
18:30:14,12.033577
18:30:15,11.9266844
18:30:16,12.1088419
18:30:17,11.9045534
18:30:18,12.0311623
18:30:19,12.0945168
18:30:20,12.1645
18:30:21,12.00781
18:30:22,11.7872505
18:30:23,12.04845
18:30:24,11.9050312
18:30:25,12.1454363
18:30:26,12.0876455
18:30:27,11.8327131
18:30:28,11.8553123
18:30:29,11.9691381
18:30:30,11.8102427
18:30:31,12.2945652
18:30:32,12.134984
18:30:33,11.6470881
18:30:34,12.0658035
18:30:35,12.0291348
18:30:36,12.0401392
18:30:37,12.02715
18:30:38,11.9044495
18:30:39,11.9318562
18:30:40,12.0648832
18:30:41,11.9872389
18:30:42,12.0752907
18:30:43,12.0722485
18:30:44,12.0329094
18:30:45,12.1251259
18:30:46,11.9558058
18:30:47,12.0527668
18:30:49,12.40527
18:30:50,11.8842525
18:30:51,12.0782843
18:30:52,11.84292
18:30:53,11.9679489
18:30:54,12.1118069
18:30:55,11.7128439
18:30:56,11.9946
18:30:57,12.2226849
18:30:58,12.17788
18:30:59,11.8401165
18:31:00,12.0853825
18:31:01,11.9189663
18:31:02,11.6091719
18:31:03,11.8750343
18:31:04,12.027216
18:31:05,12.0179853
18:31:06,11.9050121
18:31:07,12.1462307
18:31:08,11.865634
18:31:09,11.9453106
18:31:10,12.0901957
18:31:11,12.2637711
18:31:12,12.1383123
18:31:13,11.84524
18:31:14,12.035531
18:31:15,11.8405828
18:31:16,12.1179438
18:31:17,12.20042
18:31:18,12.0793381
18:31:19,11.9033165
18:31:20,11.98787
18:31:21,11.9770374
18:31:22,12.0772276
18:31:23,12.1146374
18:31:24,12.0810719
18:31:25,11.9861641
18:31:26,12.0014868
18:31:27,12.1063786
18:31:28,12.20054
18:31:29,11.943758
18:31:30,12.1761732
18:31:31,11.93095
18:31:32,12.011651
18:31:33,11.9434156
18:31:34,11.9702921
18:31:35,11.8447723
18:31:36,11.7233019
18:31:37,12.1565466
18:31:38,12.0980482
18:31:39,12.0771608
18:31:40,11.915309
18:31:41,11.9231167
18:31:42,11.9649019
18:31:43,11.9894876
18:31:44,12.1293554
18:31:45,12.1700087
18:31:46,12.0066366
18:31:47,12.1158314
18:31:48,11.9418621
18:31:49,12.0477762
18:31:50,12.0401049
18:31:51,12.150836
18:31:52,12.0955582
18:31:53,12.0648909
18:31:54,12.064292
18:31:55,11.96943
18:31:56,11.9838943
18:31:57,12.0738525
18:31:58,12.1311989
18:31:59,12.0303993
18:32:00,11.90116
18:32:01,11.85859
18:32:02,12.0947647
18:32:03,11.6951466
18:32:04,11.9106741
18:32:05,11.8385458
18:32:06,12.2782555
18:32:07,12.2272081
18:32:08,12.1153316
18:32:09,11.9744816
18:32:10,11.9274673
18:32:11,12.0457592
18:32:12,12.1159506
18:32:13,11.3766375
18:32:14,11.9317636
18:32:15,12.068099
18:32:16,11.8566284
18:32:17,12.108655
18:32:18,11.8468943
18:32:19,12.1475582
18:32:20,11.9728775
18:32:21,11.8999672
18:32:22,11.8853149
18:32:23,12.2192373
18:32:24,12.0490561
18:32:25,11.9140167
18:32:26,11.98823
18:32:27,11.9183722
18:32:28,11.9944172
18:32:29,11.69734
18:32:30,12.0479517
18:32:31,12.1022358
18:32:32,11.845046
18:32:33,12.0110579
18:32:34,12.2299223
18:32:35,12.0445948
18:32:36,11.9821625
18:32:37,12.058424
18:32:38,12.0343809
18:32:39,12.1237507
18:32:40,11.8563585
18:32:41,12.0988131
18:32:42,11.9499035
18:32:43,11.9049063
18:32:44,11.9961557
18:32:45,11.9229689
18:32:46,12.1845312
18:32:47,12.0233536
18:32:48,11.9684229
18:32:49,11.8894587
18:32:50,12.099658
18:32:51,12.100049
18:32:53,12.1079464
18:32:54,11.9449787
18:32:55,11.8054018
18:32:56,12.2515345
18:32:57,12.2846355
18:32:58,11.8698864
18:32:59,12.0943584
18:33:00,11.9433947
18:33:01,11.9460573
18:33:02,12.093215
18:33:03,12.04684
18:33:04,12.0615034
18:33:05,12.0039129
18:33:06,11.9415951
18:33:07,12.012558
18:33:08,12.247468
18:33:09,12.0319738
18:33:10,12.5584888
18:33:11,11.9974117
18:33:12,12.0029039
18:33:13,11.9956713
18:33:14,12.2034416
18:33:15,12.0772915
18:33:16,11.9542274
18:33:17,12.2515211
18:33:19,12.1728992
18:33:21,11.9077959
18:33:23,11.9830875
18:33:24,12.0403881
18:33:25,11.9109221
18:33:26,11.9709015
18:33:27,11.9088821
18:33:28,11.9248142
18:33:29,11.9549017
18:33:30,11.8386412
18:33:31,11.9081593
18:33:32,12.04091
18:33:33,11.8698645
18:33:34,12.0898733
18:33:35,11.8441505
18:33:36,12.1324644
18:33:37,11.8984451
18:33:38,12.0166492
18:33:39,12.0324335
18:33:40,12.0741024
18:33:41,12.0762281
18:33:42,11.9982643
18:33:43,11.96951
18:33:44,12.1477375
18:33:45,11.9264011
18:33:46,12.118
18:33:47,11.9084969
18:33:48,12.1080112
18:33:49,12.0672922
18:33:50,12.0790567
18:33:51,12.08963
18:33:52,12.1877089
18:33:53,11.8800154
18:33:54,12.3207064
18:33:55,11.7163267
18:33:56,11.9205446
18:33:57,12.0715761
18:33:58,11.8206758
18:33:59,11.8708649
18:34:00,11.9687777
18:34:01,12.0782194
18:34:02,11.8702669
18:34:03,12.0249147
18:34:04,12.0181713
18:34:05,12.0706158
18:34:06,12.1535177
18:34:07,11.6553078
18:34:08,12.15513
18:34:09,11.9760466
18:34:10,12.103631
18:34:11,11.84086
18:34:12,12.2549229
18:34:13,12.1092072
18:34:14,12.104126
18:34:15,11.70169
18:34:16,11.9326077
18:34:17,11.9744253
18:34:18,11.7842751
18:34:19,12.0154638
18:34:20,12.1218672
18:34:21,11.9062452
18:34:22,12.1177349
18:34:23,11.9723673
18:34:24,12.1417379
18:34:25,12.0970554
18:34:26,12.2096968
18:34:27,12.2256508
18:34:28,12.2090807
18:34:29,11.8484735
18:34:30,12.0523891
18:34:31,12.3736563
18:34:32,12.0092583
18:34:33,11.7329855
18:34:34,11.9775133
18:34:35,12.5266018
18:34:36,12.0245152
18:34:37,11.957428
18:34:38,12.299078
18:34:39,11.7737246
18:34:40,12.934824
18:34:41,11.7762022
18:34:42,11.8697195
18:34:43,12.1804256
18:34:44,11.8572712
18:34:45,12.0728369
18:34:46,11.7833881
18:34:47,12.1040068
18:34:48,12.2082138
18:34:49,12.2023516
18:34:50,11.9454908
18:34:51,11.7749968
18:34:52,11.7936916
18:34:53,11.9445238
18:34:54,11.9476566
18:34:55,11.7095165
18:34:56,12.0361547
18:34:57,11.9921713
18:34:58,11.8861046
18:34:59,11.9806452
18:35:00,11.9836693
18:35:01,11.9863472
18:35:02,11.9419842
18:35:03,12.1478748
18:35:04,12.0925808
18:35:05,12.0946913
18:35:06,11.9801464
18:35:07,11.965457
18:35:08,11.9014473
18:35:09,12.1009235
18:35:10,11.6892548
18:35:11,11.9983
18:35:12,12.1511822
18:35:13,12.1322584
18:35:14,11.9973335
18:35:15,12.1491728
18:35:16,12.237792
18:35:17,11.9750328
18:35:18,12.0152845
18:35:19,12.1948709
18:35:20,11.6207123
18:35:21,12.0632629
18:35:22,12.2324553
18:35:23,11.88173
18:35:24,12.2316084
18:35:25,11.9505939
18:35:26,12.0626936
18:35:27,11.92136
18:35:28,11.8991251
18:35:29,12.0646124
18:35:30,11.9950819
18:35:31,12.2015438
18:35:32,11.8736858
18:35:33,12.013463
18:35:34,12.0170546
18:35:35,12.1859417
18:35:36,12.0865564
18:35:37,11.9958982
18:35:38,11.9051847
18:35:39,11.9285259
18:35:40,11.9193735
18:35:41,12.292244
18:35:42,12.1361427
18:35:43,12.0138426
18:35:44,11.7211866
18:35:45,12.1933346
18:35:46,11.6378651
18:35:47,12.0430164
18:35:48,11.9971819
18:35:49,12.1253548
18:35:50,12.0877781
18:35:51,11.8353624
18:35:52,11.8779125
18:35:53,12.121645
18:35:54,12.1350489
18:35:55,11.7636166
18:35:56,11.8833227
18:35:57,11.9042654
18:35:58,12.0637159
18:35:59,12.2029181
18:36:00,12.0145168
18:36:01,12.0822315
18:36:02,12.0833464
18:36:03,11.8667879
18:36:04,12.0538683
18:36:05,11.9392719
18:36:06,12.1860466
18:36:07,12.0294809
18:36:08,12.2501049
18:36:09,12.2880516
18:36:10,12.111968
18:36:11,12.2557688
18:36:12,11.937356
18:36:13,11.8164558
18:36:14,11.9446039
18:36:15,12.2479763
18:36:16,11.7960587
18:36:17,12.1946049
18:36:18,11.8202286
18:36:20,11.9088182
18:36:22,11.7525139
18:36:23,11.9080238
18:36:24,12.3250189
18:36:25,12.0484724
18:36:27,11.8371611
18:36:28,11.9753428
18:36:29,12.0055408
18:36:30,12.1670876
18:36:31,12.0031443
18:36:32,12.1433744
18:36:33,12.2926559
18:36:34,12.0872145
18:36:35,12.1583261
18:36:36,11.9900885
18:36:37,12.1451063
18:36:38,11.882761
18:36:39,11.9773064
18:36:40,11.9419632
18:36:41,12.1618271
18:36:42,12.1944246
18:36:43,12.1624746
18:36:44,11.9464407
18:36:45,12.1433964
18:36:46,11.5472717
18:36:47,11.8370657
18:36:48,12.1634359
18:36:49,12.2118044
18:36:50,12.1884842
18:36:51,12.1251621
18:36:52,12.11232
18:36:53,12.0199413
18:36:54,11.6503839
18:36:55,12.1424313
18:36:56,11.8931742
18:36:57,12.8368578
18:36:58,12.0610533
18:36:59,12.2346525
18:37:00,12.0220232
18:37:01,11.9282236
18:37:02,11.9136791
18:37:03,12.1649218
18:37:04,12.0400667
18:37:05,11.9749212
18:37:06,12.2046089
18:37:07,12.1738
18:37:08,12.0039511
18:37:09,12.041214
18:37:10,11.9150753
18:37:11,12.03788
18:37:12,11.9327545
18:37:13,11.9227018
18:37:14,12.1446362
18:37:15,12.0907087
18:37:16,12.1378975
18:37:17,12.0325222
18:37:18,11.9137764
18:37:19,12.1141663
18:37:20,11.8685532
18:37:21,11.7157393
18:37:22,11.9607315
18:37:23,11.9263172
18:37:24,12.3795547
18:37:25,12.1307812
18:37:26,11.995779
18:37:27,11.8779974
18:37:28,12.0159063
18:37:29,12.1087561
18:37:30,12.0000257
18:37:31,11.8002529
18:37:32,12.1849632
18:37:33,12.2259779
18:37:34,11.9224072
18:37:35,11.8861408
18:37:36,11.97905
18:37:37,12.1287394
18:37:38,11.9274349
18:37:39,12.1234407
18:37:40,12.0392742
18:37:41,12.1042385
18:37:42,12.174449
18:37:43,12.1112528
18:37:44,12.1930809
18:37:45,11.97934
18:37:46,11.892869
18:37:47,12.1525869
18:37:48,12.2191887
18:37:49,11.8568316
18:37:50,11.9502869
18:37:51,12.1124964
18:37:52,12.0006008
18:37:53,12.28936
18:37:54,11.6094007
18:37:55,12.2319832
18:37:56,11.7406836
18:37:57,12.0688486
18:37:58,11.9516068
18:37:59,11.9478731
18:38:00,12.1565123
18:38:01,12.147913
18:38:02,12.1906157
18:38:03,11.8638706
18:38:04,12.042572
18:38:05,11.9713182
18:38:06,12.1319494
18:38:07,12.1862841
18:38:08,11.9017315
18:38:09,11.9934626
18:38:10,11.9659891
18:38:11,12.0184631
18:38:12,11.9683809
18:38:13,12.1994295
18:38:14,11.9923687
18:38:15,12.1436386
18:38:16,11.9769087
18:38:17,11.7551823
18:38:18,12.3389826
18:38:19,11.9839048
18:38:20,12.2377272
18:38:21,12.0625763
18:38:22,12.1934261
18:38:23,11.6523352
18:38:24,12.0119286
18:38:25,12.058753
18:38:26,11.7844534
18:38:27,11.9598055
18:38:28,11.83142
18:38:29,12.0422316
18:38:30,12.10879
18:38:31,12.1662216
18:38:32,12.0717373
18:38:33,11.7958364
18:38:34,12.1141567
18:38:35,12.0556517
18:38:36,12.2180758
18:38:37,11.8133574
18:38:38,11.908186
18:38:39,12.0141544
18:38:40,11.8502684
18:38:41,11.97121
18:38:42,12.1766253
18:38:43,12.0653477
18:38:44,11.9515944
18:38:45,11.8946848
18:38:46,12.0025482
18:38:47,12.1616564
18:38:48,12.2357779
18:38:49,12.0943108
18:38:50,12.460844
18:38:51,12.1311255
18:38:52,12.0725327
18:38:54,12.0757885
18:38:55,12.1496477
18:38:56,12.0869818
18:38:57,11.92443
18:38:58,12.143424
18:38:59,12.0513639
18:39:00,12.2313137
18:39:01,12.0234442
18:39:02,12.2288189
18:39:03,11.6557856
18:39:04,12.3489819
18:39:05,11.9094877
18:39:06,11.84975
18:39:07,12.0236988
18:39:08,12.0729475
18:39:09,12.1696415
18:39:10,12.090661
18:39:11,12.0582952
18:39:12,11.9445314
18:39:13,12.3150454
18:39:14,12.1029491
18:39:15,12.223587
18:39:16,12.1042328
18:39:17,12.36468
18:39:19,11.8962049
18:39:20,11.7432117
18:39:22,11.8999567
18:39:23,11.827877
18:39:24,11.9852457
18:39:25,12.28788
18:39:26,12.0815048
18:39:27,12.0990391
18:39:28,12.1528254
18:39:29,11.937747
18:39:30,11.9488411
18:39:31,12.1695747
18:39:32,11.7813854
18:39:33,11.9630022
18:39:34,11.9998226
18:39:35,11.9985628
18:39:36,11.9499855
18:39:37,11.9971676
18:39:38,11.9837875
18:39:39,12.3536177
18:39:40,11.9880085
18:39:41,12.1652641
18:39:42,12.1316652
18:39:43,11.9081821
18:39:44,11.8277845
18:39:45,11.8551464
18:39:46,11.9362659
18:39:47,12.040679
18:39:48,11.8824949
18:39:49,12.0434732
18:39:50,11.947876
18:39:51,12.1377411
18:39:52,12.1445971
18:39:53,11.8516769
18:39:54,12.1030407
18:39:55,12.1166086
18:39:56,12.12986
18:39:57,11.8919067
18:39:58,11.81474
18:39:59,12.1142426
18:40:00,11.73868
18:40:01,11.9457426
18:40:02,11.994031
18:40:03,12.1634274
18:40:04,12.0601273
18:40:05,12.0158844
18:40:06,12.1312561
18:40:07,12.0004854
18:40:08,12.0009747
18:40:09,12.1878
18:40:10,12.0596323
18:40:11,12.2190123
18:40:12,12.0578365
18:40:13,12.0166054
18:40:14,12.0201893
18:40:15,11.8704929
18:40:16,12.0864859
18:40:17,11.85374
18:40:18,11.6236629
18:40:19,12.3534126
18:40:20,11.9467411
18:40:21,12.0963154
18:40:22,12.1480455
18:40:23,12.032032
18:40:24,11.8646746
18:40:25,12.0553427
18:40:26,11.9331675
18:40:27,11.927084
18:40:28,12.0042343
18:40:29,12.1785183
18:40:30,11.982893
18:40:31,12.2000322
18:40:32,11.9621964
18:40:33,12.14435
18:40:34,12.2636375
18:40:35,12.134141
18:40:36,12.029088
18:40:37,12.0895424
18:40:38,12.19066
18:40:39,11.989234
18:40:40,11.8415108
18:40:41,11.6963825
18:40:42,12.22662
18:40:43,12.0552139
18:40:44,12.0633554
18:40:45,12.0461769
18:40:46,12.2253685
18:40:47,12.2784433
18:40:48,12.1522455
18:40:49,11.7735147
18:40:50,11.7390251
18:40:51,12.2239246
18:40:52,12.0440435
18:40:54,12.1118708
18:40:55,12.1252956
18:40:56,11.8133545
18:40:57,11.87752
18:40:58,11.9123554
18:40:59,11.89727
18:41:00,12.0454817
18:41:01,12.3871937
18:41:02,11.8556185
18:41:03,11.9477806
18:41:04,11.933507
18:41:05,11.76572
18:41:06,11.9270144
18:41:07,11.7499886
18:41:08,12.0092649
18:41:09,12.00253
18:41:10,12.4184818
18:41:11,11.8798666
18:41:12,12.0036755
18:41:13,11.9088392
18:41:14,12.0285034
18:41:15,12.1282024
18:41:16,11.8856134
18:41:17,12.1888885
18:41:18,12.091548
18:41:19,11.955864
18:41:20,11.8978376
18:41:21,12.2413664
18:41:22,11.7909937
18:41:23,11.9579144
18:41:24,12.1786728
18:41:25,11.9598894
18:41:26,12.0282431
18:41:27,12.0499611
18:41:28,11.9728642
18:41:29,12.2383
18:41:30,12.2628422
18:41:31,12.1071739
18:41:32,12.275794
18:41:33,11.8679686
18:41:34,11.9598856
18:41:35,12.0709763
18:41:36,12.036274
18:41:37,11.9563837
18:41:38,11.9574
18:41:39,12.1974249
18:41:40,11.7976027
18:41:41,11.8797207
18:41:42,12.0648975
18:41:43,11.7673063
18:41:44,11.9551125
18:41:45,12.0407438
18:41:46,12.048707
18:41:47,11.8816576
18:41:48,11.9438848
18:41:49,11.568161
18:41:50,11.9877443
18:41:52,11.7032022
18:41:53,11.9709005
18:41:54,12.23301
18:41:55,12.0212183
18:41:56,12.0124931
18:41:57,12.11472
18:41:58,11.9910889
18:41:59,12.0934505
18:42:00,11.955184
18:42:01,11.6601009
18:42:02,12.1774788
18:42:03,11.8452768
18:42:04,12.040678
18:42:05,12.0711451
18:42:06,12.1255589
18:42:07,11.8708677
18:42:08,12.0168571
18:42:09,12.29187
18:42:10,11.96917
18:42:11,12.0173483
18:42:12,12.2144566
18:42:13,12.06166
18:42:14,11.9335842
18:42:15,11.80351
18:42:16,11.8946342
18:42:17,12.1746368
18:42:18,12.0947933
18:42:19,11.8712206
18:42:20,12.0238314
18:42:21,11.9032955
18:42:22,11.8377905
18:42:23,12.1251373
18:42:24,12.1869907
18:42:25,11.930254
18:42:26,11.8375654
18:42:27,11.8596382
18:42:28,11.962678
18:42:29,12.2347031
18:42:30,12.2432709
18:42:31,12.13091
18:42:32,12.12081
18:42:33,12.219697
18:42:34,11.9063177
18:42:35,12.0340137
18:42:36,11.91242
18:42:37,12.0872154
18:42:38,11.9698734
18:42:39,12.048522
18:42:40,11.9344435
18:42:41,12.0256815
18:42:42,11.9975786
18:42:43,12.0887175
18:42:44,12.0392141
18:42:45,11.9801054
18:42:46,12.1046181
18:42:47,11.8824387
18:42:48,11.8754692
18:42:49,12.1341619
18:42:50,12.0634022
18:42:51,12.3428411
18:42:52,12.0529642
18:42:53,12.10252
18:42:54,11.9073114
18:42:55,11.9386053
18:42:56,12.1927195
18:42:57,11.9381695
18:42:58,12.0738029
18:42:59,11.90525
18:43:00,11.9336309
18:43:01,12.1161385
18:43:02,11.8748875
18:43:03,12.0362148
18:43:04,12.0276146
18:43:05,11.8777494
18:43:06,12.0651045
18:43:07,11.8477287
18:43:08,11.958045
18:43:09,11.865015
18:43:10,11.9398861
18:43:11,12.1299982
18:43:12,12.0708771
18:43:13,12.0528374
18:43:14,12.16752
18:43:15,11.9820337
18:43:16,12.0479765
18:43:17,11.8160267
18:43:18,11.8928251
18:43:19,12.2014427
18:43:20,11.9605341
18:43:21,12.0248852
18:43:22,12.0125923
18:43:23,12.15626
18:43:24,12.0616236
18:43:25,12.1099844
18:43:26,12.1336508
18:43:27,12.1371689
18:43:28,11.7647657
18:43:29,12.1208229
18:43:30,11.8644915
18:43:31,11.9864969
18:43:32,12.049015
18:43:33,11.91584
18:43:34,12.1548281
18:43:35,11.9197
18:43:36,11.9356422
18:43:37,12.2683935
18:43:38,11.6585884
18:43:39,11.8201532
18:43:40,11.9441919
18:43:41,12.1343489
18:43:42,11.8861685
18:43:43,11.79255
18:43:44,11.9190435
18:43:45,11.901473
18:43:46,12.203022
18:43:47,11.9412518
18:43:48,12.3363829
18:43:49,11.9760342
18:43:50,11.9674711
18:43:51,12.16414
18:43:52,12.1473885
18:43:53,12.0753651
18:43:54,11.925704
18:43:55,12.0814466
18:43:56,12.1348181
18:43:57,11.6763353
18:43:58,11.875289
18:43:59,11.8966951
18:44:00,12.13201
18:44:01,11.9973679
18:44:02,11.8393908
18:44:03,11.64316
18:44:04,12.37535
18:44:05,11.9197979
18:44:06,11.797142
18:44:07,11.8069611
18:44:08,11.9384575
18:44:09,11.9850521
18:44:10,12.00397
18:44:11,12.1210384
18:44:12,12.179595
18:44:13,12.0477009
18:44:14,12.1296635
18:44:15,12.0318689
18:44:16,12.2373543
18:44:17,12.2267027
18:44:18,11.7568684
18:44:19,11.9385691
18:44:20,11.876338
18:44:21,12.5626869
18:44:22,11.9765739
18:44:23,11.7845583
18:44:24,12.2487926
18:44:25,12.180934
18:44:26,12.0473766
18:44:27,11.9965382
18:44:28,12.0701427
18:44:29,11.9947586
18:44:30,12.2564783
18:44:31,12.1680851
18:44:32,11.8841248
18:44:33,12.049468
18:44:34,12.1167994
18:44:35,11.7976856
18:44:36,12.0855436
18:44:37,11.8543463
18:44:38,11.8082275
18:44:39,11.82387
18:44:40,12.0216894
18:44:41,11.8159962
18:44:42,12.1814537
18:44:43,12.0749855
18:44:44,11.9086695
18:44:45,11.9394188
18:44:46,12.2319975
18:44:47,11.8571329
18:44:48,11.9575272
18:44:50,12.27695
18:44:51,12.0375843
18:44:52,12.01575
18:44:53,12.0031948
18:44:54,12.0363178
18:44:55,11.8320322
18:44:56,11.9296036
18:44:57,12.1732359
18:44:58,12.0374212
18:44:59,12.042779
18:45:00,11.9023514
18:45:01,12.1163721
18:45:02,12.10665
18:45:03,11.8222065
18:45:04,12.030633
18:45:05,12.0746622
18:45:06,12.111969
18:45:07,12.151001
18:45:08,12.2186155
18:45:09,12.1592894
18:45:10,11.8810244
18:45:11,12.2629595
18:45:12,11.98259
18:45:13,12.0925531
18:45:14,11.8478146
18:45:15,11.9744949
18:45:16,12.08113
18:45:17,12.1470842
18:45:18,11.8540573
18:45:19,11.949564
18:45:20,12.0333319
18:45:21,11.8658466
18:45:22,12.2600307
18:45:23,12.0581026
18:45:24,11.9123278
18:45:25,11.9534016
18:45:26,12.2402735
18:45:27,12.1773109
18:45:28,11.9614229
18:45:29,11.9723234
18:45:30,11.8847065
18:45:31,12.0931835
18:45:32,12.060607
18:45:33,12.0543785
18:45:34,11.9796019
18:45:35,11.9187288
18:45:36,12.0964775
18:45:37,11.9483709
18:45:38,11.9879837
18:45:39,12.1682606
18:45:40,12.0413
18:45:41,11.9265137
18:45:42,11.76431
18:45:43,12.0379591
18:45:44,11.9310493
18:45:45,11.984724
18:45:46,11.95219
18:45:47,12.073328
18:45:48,12.0799112
18:45:49,11.8239059
18:45:50,12.6073713
18:45:51,11.9276724
18:45:52,12.2278309
18:45:53,11.9439888
18:45:54,12.0679178
18:45:55,11.6557608
18:45:56,11.9476709
18:45:57,11.8788548
18:45:58,12.15612
18:45:59,11.9498892
18:46:00,11.6231594
18:46:01,12.1090307
18:46:02,11.83375
18:46:03,12.4015493
18:46:04,12.2305136
18:46:05,10.9535484
18:46:06,12.6670494
18:46:07,11.9429617
18:46:08,11.9158049
18:46:09,11.8143263
18:46:10,12.1042728
18:46:11,12.0504866
18:46:12,12.1517143
18:46:13,12.2045584
18:46:14,12.0158825
18:46:15,12.0373077
18:46:16,11.8463345
18:46:17,11.82508
18:46:18,12.0118513
18:46:19,12.1948042
18:46:20,12.059164
18:46:21,11.7418394
18:46:22,11.895896
18:46:23,12.0461864
18:46:24,11.8022146
18:46:25,12.1246061
18:46:26,11.972764
18:46:27,11.9013109
18:46:28,12.0427685
18:46:29,11.9738359
18:46:30,12.1964169
18:46:31,12.2260656
18:46:32,11.9237156
18:46:33,12.1018171
18:46:34,11.76414
18:46:35,11.8042059
18:46:36,11.8282042
18:46:37,12.0452633
18:46:38,11.9269285
18:46:39,12.1850023
18:46:40,11.9231586
18:46:41,11.9735861
18:46:42,11.8318148
18:46:43,12.0892506
18:46:44,11.8820763
18:46:45,12.10041
18:46:46,12.073513
18:46:47,11.9965553
18:46:48,11.9091043
18:46:49,12.2370987
18:46:50,12.249794
18:46:51,11.90246
18:46:53,11.9718561
18:46:54,11.9984808
18:46:55,12.5389748
18:46:56,11.8570728
18:46:57,11.8213816
18:46:58,12.1429281
18:46:59,11.9453239
18:47:00,11.8806858
18:47:01,12.0742054
18:47:02,11.9521132
18:47:03,12.0086594
18:47:04,11.8397131
18:47:05,12.0111523
18:47:06,11.97427
18:47:07,12.001977
18:47:08,11.9197941
18:47:09,11.8542
18:47:10,12.2597256
18:47:11,12.3634748
18:47:12,11.9119129
18:47:13,12.1734734
18:47:14,11.7117805
18:47:15,11.6953917
18:47:16,11.7740784
18:47:17,12.1022072
18:47:18,11.9814491
18:47:19,11.9418335
18:47:20,12.1769972
18:47:21,11.9516973
18:47:22,11.9812117
18:47:23,12.2039833
18:47:24,12.14732
18:47:25,12.0787477
18:47:26,12.0228491
18:47:27,11.7259722
18:47:28,12.0071611
18:47:29,11.8030367
18:47:30,12.0162163
18:47:31,12.1009226
18:47:32,11.6994095
18:47:33,12.10759
18:47:34,11.9518013
18:47:35,11.8099051
18:47:36,11.911068
18:47:37,12.2085648
18:47:38,11.8463879
18:47:39,12.0517788
18:47:40,12.2621775
18:47:41,12.2471752
18:47:42,12.2279482
18:47:43,11.8528557
18:47:44,11.7713881
18:47:45,11.9526215
18:47:46,12.1543436
18:47:47,12.1517658
18:47:48,12.0843134
18:47:49,12.08446
18:47:50,11.970768
18:47:51,11.7255611
18:47:52,12.2693167
18:47:53,12.1712427
18:47:54,12.0920887
18:47:55,11.7527142
18:47:56,12.1082344
18:47:57,12.0729465
18:47:58,11.9176064
18:47:59,11.7824059
18:48:00,12.00229
18:48:01,11.801033
18:48:02,11.9476938
18:48:03,12.1329794
18:48:04,12.1133623
18:48:05,11.810565
18:48:06,12.0112524
18:48:07,12.17971
18:48:08,11.8205833
18:48:09,11.9747667
18:48:10,11.82799
18:48:11,11.874629
18:48:12,11.8242388
18:48:13,12.2011795
18:48:14,11.8199949
18:48:15,12.1629543
18:48:16,12.079216
18:48:17,11.808897
18:48:18,12.0441256
18:48:19,12.1068544
18:48:20,11.6628733
18:48:21,12.2961454
18:48:22,12.1609516
18:48:23,12.264183
18:48:24,11.8115768
18:48:25,12.0279856
18:48:26,12.1040535
18:48:27,11.7480459
18:48:28,12.177084
18:48:29,11.921979
18:48:30,12.0126591
18:48:31,12.150732
18:48:32,11.9243917
18:48:33,11.9563951
18:48:34,12.30445
18:48:35,11.9288158
18:48:36,11.9971895
18:48:37,11.878087
18:48:38,11.9784555
18:48:39,11.9429445
18:48:40,12.2181072
18:48:41,11.9808254
18:48:42,12.0305157
18:48:43,9.710278
18:48:44,12.9667063
18:48:45,14.19375
18:48:46,11.8458385
18:48:47,11.7901573
18:48:48,11.9431715
18:48:49,12.0048218
18:48:50,11.8958883
18:48:51,12.0695057
18:48:52,11.9331579
18:48:53,12.1837845
18:48:54,12.0297308
18:48:55,12.0836754
18:48:56,12.065032
18:48:57,12.0178909
18:48:59,12.19867
18:49:00,12.0201273
18:49:02,12.0841417
18:49:03,11.959363
18:49:04,11.9307795
18:49:05,12.0013695
18:49:06,12.3018808
18:49:07,11.9624624
18:49:08,11.9771338
18:49:09,12.0859728
18:49:10,11.723114
18:49:11,12.098525
18:49:12,12.1568813
18:49:13,11.9512959
18:49:14,12.047492
18:49:15,11.9636641
18:49:16,11.92162
18:49:17,11.93877
18:49:18,11.7256269
18:49:19,11.9928236
18:49:20,12.15761
18:49:21,12.11522
18:49:22,12.05949
18:49:23,11.892271
18:49:24,11.9972286
18:49:25,11.79554
18:49:26,12.2169485
18:49:27,12.1527777
18:49:28,12.056838
18:49:29,11.8393841
18:49:30,11.9145966
18:49:31,12.0865717
18:49:32,11.8576565
18:49:33,12.0547953
18:49:34,11.9023962
18:49:35,12.0915985
18:49:36,11.89654
18:49:37,12.0960217
18:49:38,11.7306547
18:49:39,12.0824556
18:49:40,12.0689125
18:49:41,12.1544809
18:49:42,11.9877062
18:49:43,11.9850121
18:49:44,12.1697292
18:49:45,12.1126194
18:49:46,12.0549908
18:49:47,12.1495714
18:49:48,11.9264593
18:49:49,12.1685143
18:49:50,11.9214468
18:49:51,11.9050608
18:49:52,11.90897
18:49:53,12.02503
18:49:54,11.9763432
18:49:55,11.872488
18:49:56,11.8606119
18:49:57,12.1962328
18:49:58,12.1323118
18:49:59,11.9421635
18:50:00,11.9109316
18:50:01,11.85957
18:50:02,11.9711657
18:50:03,12.0261869
18:50:04,12.2263594
18:50:05,12.0826092
18:50:06,11.9782782
18:50:07,12.0494442
18:50:08,11.9727335
18:50:09,11.8916168
18:50:10,11.9312963
18:50:11,11.858716
18:50:12,11.9703169
18:50:13,12.0257435
18:50:14,12.2794189
18:50:15,12.1946306
18:50:16,11.739275
18:50:17,11.9979992
18:50:18,12.063448
18:50:19,12.0424089
18:50:20,11.8998384
18:50:21,12.1241913
18:50:22,11.9598446
18:50:23,12.0886374
18:50:24,11.9164152
18:50:25,11.8794613
18:50:26,11.8539791
18:50:27,11.9077969
18:50:28,12.0268068
18:50:29,11.7840281
18:50:30,11.9812632
18:50:31,11.9579811
18:50:32,12.2249355
18:50:33,12.2272205
18:50:34,12.2299156
18:50:35,11.9378538
18:50:36,11.9648981
18:50:37,11.8589563
18:50:38,11.7791891
18:50:39,12.0267
18:50:40,12.0648422
18:50:41,11.9587021
18:50:42,11.9364176
18:50:43,12.2606726
18:50:44,11.854084
18:50:45,11.8464222
18:50:46,12.1811333
18:50:47,12.1799765
18:50:48,12.0482082
18:50:49,12.0438461
18:50:50,12.0467405
18:50:51,11.6405506
18:50:52,12.3614521
18:50:53,12.0703287
18:50:54,12.1762953
18:50:55,12.2686644
18:50:56,11.8891258
18:50:57,11.80325
18:50:58,12.0591841
18:50:59,12.2031078
18:51:00,11.8778143
18:51:01,12.2531633
18:51:02,11.9547443
18:51:03,11.9728317
18:51:04,12.1079988
18:51:05,12.0584068
18:51:06,12.106781
18:51:07,12.0542068
18:51:08,12.2464914
18:51:09,12.0122671
18:51:10,11.7536745
18:51:11,12.2157469
18:51:12,12.1347456
18:51:13,11.8074961
18:51:14,11.9673176
18:51:15,12.28213
18:51:16,11.9764528
18:51:17,12.3480911
18:51:18,11.8512373
18:51:19,11.7987432
18:51:20,12.0817709
18:51:21,12.0286484
18:51:22,11.9046154
18:51:23,12.0791483
18:51:24,12.1281023
18:51:25,12.0944862
18:51:26,11.8776741
18:51:27,11.9991417
18:51:28,12.0256805
18:51:29,12.2188272
18:51:30,11.8922634
18:51:31,12.061964
18:51:32,12.0881081
18:51:33,11.8613329
18:51:34,11.9705
18:51:35,12.0433664
18:51:36,11.9607449
18:51:37,12.1442976
18:51:38,12.1604271
18:51:39,11.8818922
18:51:40,11.8539906
18:51:41,12.1430826
18:51:42,11.6290913
18:51:43,12.2409782
18:51:44,12.0895262
18:51:45,12.0369873
18:51:47,12.2088213
18:51:49,11.9073315
18:51:50,11.8559637
18:51:51,11.9823532
18:51:52,11.9633265
18:51:53,11.99049
18:51:54,12.1771374
18:51:55,11.9843321
18:51:56,12.17144
18:51:57,11.8380823
18:51:58,12.0739012
18:51:59,12.3298092
18:52:00,12.1655588
18:52:01,11.9640274
18:52:02,11.729043
18:52:03,11.8976383
18:52:04,11.9311438
18:52:05,12.02326
18:52:06,12.0625982
18:52:07,11.9375935
18:52:08,11.9990215
18:52:09,12.0673647
18:52:10,11.787364
18:52:11,11.8377571
18:52:12,12.1257744
18:52:13,11.9577522
18:52:14,11.9836559
18:52:15,12.0589762
18:52:16,11.9239931
18:52:17,12.041152
18:52:18,11.9101191
18:52:19,11.8732309
18:52:20,11.9894409
18:52:21,12.1948748
18:52:22,12.0913181
18:52:23,12.1202316
18:52:24,12.0817957
18:52:25,11.8245745
18:52:26,11.9171534
18:52:27,12.0532637
18:52:28,12.2250195
18:52:29,11.9639959
18:52:30,11.9302235
18:52:31,11.8564367
18:52:32,12.0344572
18:52:33,11.9432688
18:52:34,12.0997906
18:52:35,12.2189074
18:52:36,11.734293
18:52:37,12.0773811
18:52:38,11.9735861
18:52:39,11.99108
18:52:40,12.2185364
18:52:41,12.0060921
18:52:42,11.6643791
18:52:43,12.1643038
18:52:44,12.12005
18:52:45,12.0880156
18:52:46,11.9913177
18:52:47,11.8898258
18:52:48,11.7792578
18:52:49,12.2488031
18:52:50,11.8240461
18:52:51,12.024663
18:52:52,11.9653091
18:52:53,12.2844563
18:52:54,11.8544788
18:52:55,11.7284164
18:52:56,12.1453466
18:52:57,12.0775757
18:52:58,12.052846
18:52:59,12.1524982
18:53:00,11.9435062
18:53:01,11.7965078
18:53:02,12.0974026
18:53:03,12.0442915
18:53:04,11.86614
18:53:05,12.08425
18:53:06,12.0632563
18:53:07,12.2590122
18:53:08,11.3222857
18:53:09,11.9638233
18:53:10,11.7122641
18:53:11,12.2167473
18:53:12,11.8996429
18:53:13,12.366498
18:53:14,12.4526634
18:53:15,11.6270151
18:53:16,11.875886
18:53:17,12.1955395
18:53:18,12.1170883
18:53:19,12.250473
18:53:20,11.9416866
18:53:21,12.0732088
18:53:22,12.00158
18:53:23,11.9125643
18:53:24,11.8982439
18:53:25,12.2110348
18:53:26,11.7539425
18:53:27,12.0863886
18:53:28,11.9986515
18:53:29,11.9228907
18:53:30,11.9578152
18:53:31,11.8281679
18:53:32,12.1032619
18:53:33,11.9691992
18:53:34,11.9730968
18:53:35,11.8991232
18:53:36,11.8779106
18:53:37,11.9390593
18:53:38,11.889204
18:53:39,11.9353333
18:53:40,12.0040522
18:53:41,11.9393015
18:53:42,11.8612719
18:53:43,12.12755
18:53:44,11.9335775
18:53:45,12.0864916
18:53:46,12.0176306
18:53:47,12.2330322
18:53:48,11.8279905
18:53:49,12.0958481
18:53:50,11.8354893
18:53:51,11.8692827
18:53:53,11.9699163
18:53:54,11.5558014
18:53:55,11.893055
18:53:56,12.0788593
18:53:57,11.9211683
18:53:58,12.2606192
18:53:59,11.7940817
18:54:00,12.0692205
18:54:01,11.8229656
18:54:02,11.889451
18:54:03,11.908268
18:54:04,11.8978939
18:54:05,12.1984406
18:54:06,11.99464
18:54:07,11.7327681
18:54:08,11.9333105
18:54:09,11.9722376
18:54:10,12.0981665
18:54:11,11.8573847
18:54:12,11.9751768
18:54:13,12.0367079
18:54:14,12.1247625
18:54:15,12.25676
18:54:16,11.9018364
18:54:17,12.0819178
18:54:18,11.85741
18:54:19,11.9601469
18:54:20,12.0212221
18:54:21,12.0567856
18:54:22,11.79915
18:54:23,12.1554365
18:54:24,11.9622383
18:54:25,12.0384951
18:54:27,11.9398336
18:54:28,11.8154583
18:54:29,12.0181417
18:54:30,12.2686977
18:54:31,11.9358358
18:54:33,12.1066074
18:54:34,11.7675638
18:54:35,12.1074133
18:54:36,11.9708862
18:54:37,11.9299307
18:54:38,12.2176332
18:54:39,12.06231
18:54:40,12.2072611
18:54:41,11.9267645
18:54:42,12.1090288
18:54:43,11.8864489
18:54:44,11.9444036
18:54:45,12.1294527
18:54:46,11.94928
18:54:47,12.0163031
18:54:48,11.79334
18:54:49,11.8978491
18:54:50,12.233099
18:54:51,11.8723593
18:54:52,11.8891306
18:54:53,12.153718
18:54:54,12.0841827
18:54:55,11.8612585
18:54:56,12.0004444
18:54:57,11.9737768
18:54:58,11.8707991
18:54:59,12.2541256
18:55:00,12.1343641
18:55:01,11.8340559
18:55:02,12.0110321
18:55:03,11.7833691
18:55:04,11.91078
18:55:05,12.1244745
18:55:06,12.1661491
18:55:07,12.0272846
18:55:08,11.7387886
18:55:09,12.0985765
18:55:10,11.967288
18:55:11,12.0098057
18:55:12,11.6458883
18:55:13,11.9803553
18:55:14,11.7528563
18:55:15,12.04315
18:55:16,12.1796865
18:55:17,11.9683313
18:55:18,12.0405178
18:55:19,12.11192
18:55:20,11.7927885
18:55:21,11.88277
18:55:22,12.0217009
18:55:23,11.9913692
18:55:24,11.7187548
18:55:25,12.0048943
18:55:26,11.9420452
18:55:27,12.1754427
18:55:28,12.37176
18:55:29,11.913662
18:55:30,12.0689688
18:55:31,12.185708
18:55:32,11.8607264
18:55:33,11.8274879
18:55:34,12.0945578
18:55:35,12.5440531
18:55:36,12.0644283
18:55:37,11.96847
18:55:38,12.1278419
18:55:39,11.93526
18:55:40,12.2418175
18:55:41,12.1548243
18:55:42,12.2211924
18:55:43,12.0402622
18:55:44,11.8721218
18:55:45,12.1160622
18:55:46,12.1032181
18:55:47,11.8076258
18:55:48,12.007659
18:55:49,11.7336082
18:55:50,11.876915
18:55:51,12.0204287
18:55:52,11.7944593
18:55:53,11.8274088
18:55:54,11.9548292
18:55:55,11.6875372
18:55:56,12.2614574
18:55:57,12.0962
18:55:58,11.8541393
18:55:59,11.8278751
18:56:00,12.1741095
18:56:01,11.813117
18:56:02,12.1136694
18:56:03,12.0103149
18:56:04,11.9333544
18:56:05,11.883647
18:56:06,12.0804272
18:56:07,11.9678268
18:56:08,11.9292774
18:56:09,12.0791273
18:56:10,12.0939178
18:56:11,11.8802147
18:56:12,11.8675556
18:56:13,12.2853689
18:56:14,11.5983419
18:56:15,11.9747562
18:56:16,11.7526016
18:56:17,11.9687548
18:56:18,12.1259527
18:56:19,12.1510086
18:56:20,12.2510452
18:56:21,11.9198952
18:56:22,12.0572681
18:56:23,12.0195084
18:56:24,11.9952259
18:56:25,12.1619205
18:56:26,11.8568535
18:56:27,12.0132074
18:56:28,11.8087521
18:56:29,12.06295
18:56:30,11.9625835
18:56:31,12.0592136
18:56:32,11.9500046
18:56:33,12.1035967
18:56:34,11.8383865
18:56:35,12.0331221
18:56:36,12.02073
18:56:38,12.1992626
18:56:40,11.9623089
18:56:41,11.7548208
18:56:42,12.0510349
18:56:44,11.9905329
18:56:45,11.9251585
18:56:46,12.2195559
18:56:47,11.9073887
18:56:48,11.8525658
18:56:49,12.0663958
18:56:50,12.01386
18:56:51,11.8107605
18:56:52,11.9322529
18:56:53,12.1042747
18:56:54,12.10491
18:56:55,11.9762611
18:56:56,11.88024
18:56:57,11.9665384
18:56:58,11.79881
18:56:59,12.0901451
18:57:00,11.9187565
18:57:01,11.9026327
18:57:02,12.0692816
18:57:03,11.9520578
18:57:04,11.9164171
18:57:05,11.6706038
18:57:06,11.90641
18:57:07,12.3343687
18:57:08,12.0980816
18:57:09,12.2228546
18:57:10,11.7922277
18:57:11,12.0813808
18:57:12,12.101965
18:57:13,11.8585873
18:57:14,11.9648905
18:57:15,12.1616163
18:57:16,11.9011707
18:57:17,11.9190826
18:57:18,12.1502466
18:57:19,12.1611967
18:57:20,11.9388819
18:57:21,12.1868763
18:57:22,12.0590363
18:57:23,11.74662
18:57:24,11.9184818
18:57:25,11.9859543
18:57:26,11.9962978
18:57:27,11.887208
18:57:28,12.5224562
18:57:29,12.1552782
18:57:30,12.0525656
18:57:31,12.0954475
18:57:32,12.1632719
18:57:33,12.06495
18:57:34,11.8531084
18:57:35,12.0252695
18:57:36,11.9008121
18:57:37,12.2247782
18:57:38,12.08778
18:57:39,11.99251
18:57:40,12.3221807
18:57:41,11.5493994
18:57:42,11.655757
18:57:43,12.209815
18:57:44,12.0103312
18:57:45,12.0972919
18:57:46,11.9288034
18:57:47,11.94735
18:57:48,12.061
18:57:49,11.84579
18:57:50,11.7815495
18:57:51,11.8902
18:57:52,12.0706758
18:57:53,11.9482718
18:57:54,12.2243376
18:57:55,11.9463577
18:57:56,12.0205994
18:57:57,12.0369139
18:57:58,11.993125
18:57:59,12.18701
18:58:00,12.0823841
18:58:01,11.9832754
18:58:02,11.9096966
18:58:03,12.0355549
18:58:04,12.1724625
18:58:05,12.0071316
18:58:06,11.9678411
18:58:07,12.0794077
18:58:08,11.6487265
18:58:09,12.1054792
18:58:10,12.0138054
18:58:11,12.1456041
18:58:12,11.9490948
18:58:13,12.0149584
18:58:14,11.7825623
18:58:15,11.9779491
18:58:16,12.2145424
18:58:17,11.6504536
18:58:18,12.0210991
18:58:19,12.1036062
18:58:20,11.7476215
18:58:21,11.88098
18:58:22,12.3531866
18:58:23,12.0406752
18:58:24,12.043108
18:58:25,11.9484015
18:58:26,12.0205526
18:58:27,11.9842939
18:58:28,11.7570581
18:58:29,12.0620327
18:58:30,11.93275
18:58:31,11.9617414
18:58:32,12.2104006
18:58:33,11.92412
18:58:34,11.8180237
18:58:35,11.8644533
18:58:36,11.8014946
18:58:37,12.0107136
18:58:38,12.1186447
18:58:39,12.2458773
18:58:40,12.1081429
18:58:41,12.0494328
18:58:42,11.9373379
18:58:43,12.0456982
18:58:44,11.7696085
18:58:45,11.8391113
18:58:46,11.8458509
18:58:47,12.0065575
18:58:48,11.9486132
18:58:49,12.1254768
18:58:50,12.0458622
18:58:51,11.8885107
18:58:52,11.9160681
18:58:53,12.0820065
18:58:54,11.9648066
18:58:55,11.9993582
18:58:56,12.2205477
18:58:57,12.18052
18:58:58,12.0453386
18:58:59,11.9408369
18:59:00,12.0437613
18:59:01,12.0753288
18:59:02,12.1343355
18:59:03,11.8849125
18:59:04,12.1641874
18:59:05,12.1546526
18:59:06,11.7358522
18:59:07,12.0519962
18:59:08,11.9549131
18:59:09,11.8848534
18:59:10,12.0000067
18:59:12,11.8898449
18:59:13,12.1478052
18:59:14,12.12384
18:59:16,12.0699863
18:59:17,12.0283241
18:59:19,12.1259165
18:59:20,12.044486
18:59:21,11.8685455
18:59:22,11.613471
18:59:23,11.8572512
18:59:24,12.2145672
18:59:25,12.2033224
18:59:26,11.7587929
18:59:27,12.1565666
18:59:28,11.9224586
18:59:29,11.99888
18:59:30,12.013649
18:59:31,11.98104
18:59:32,11.9695616
18:59:33,11.9294262
18:59:34,12.0591669
18:59:35,12.153677
18:59:36,12.0390835
18:59:37,11.9886522
18:59:38,11.8234138
18:59:39,11.7498064
18:59:40,12.1062031
18:59:41,11.8738871
18:59:42,12.0837793
18:59:43,12.1797037
18:59:44,11.9547882
18:59:45,11.9117756
18:59:46,12.09953
18:59:47,11.8905745
18:59:48,12.0676031
18:59:49,11.9264965
18:59:50,12.08486
18:59:51,12.1161356
18:59:52,11.9350138
18:59:53,12.0198183
18:59:54,12.0104866
18:59:55,12.034626
18:59:56,12.35124
18:59:57,12.0379143
18:59:58,11.3538818
18:59:59,12.0251741
19:00:00,12.1159525
19:00:01,11.8776369
19:00:02,12.2572231
19:00:03,11.9082766
19:00:04,12.0954733
19:00:05,11.8773136
19:00:06,12.27071
19:00:07,11.9782686
19:00:08,12.2541389
19:00:09,12.2231264
19:00:10,11.7465878
19:00:11,12.01148
19:00:12,11.960434
19:00:13,11.88598
19:00:14,12.2587805
19:00:15,11.91138
19:00:16,12.0124416
19:00:17,11.9324436
19:00:18,11.99415
19:00:19,11.8551626
19:00:20,11.7486858
19:00:21,11.9938326
19:00:22,12.109375
19:00:23,12.0451679
19:00:24,12.053793
19:00:25,11.6130953
19:00:26,11.658865
19:00:27,11.91446
19:00:28,11.8214407
19:00:29,12.0493364
19:00:30,12.0485458
19:00:31,11.740242
19:00:32,11.9787865
19:00:33,11.9349079
19:00:34,12.2016811
19:00:35,11.835434
19:00:36,12.0961885
19:00:37,12.0756445
19:00:38,11.9468975
19:00:39,11.9424648
19:00:40,11.6667051
19:00:41,12.1031265
19:00:42,11.7766075
19:00:43,11.8818226
19:00:44,12.2290468
19:00:45,11.8531065
19:00:46,12.0414953
19:00:47,12.287488
19:00:48,11.9559526
19:00:49,12.2434282
19:00:50,12.0856752
19:00:51,11.6202908
19:00:52,11.7491264
19:00:53,12.0782757
19:00:54,12.1486025
19:00:55,11.8910513
19:00:56,11.97907
19:00:57,12.0213909
19:00:58,12.0650129
19:00:59,12.00262
19:01:00,11.9367647
19:01:01,11.8793211
19:01:02,11.979948
19:01:03,11.910408
19:01:04,12.1303816
19:01:05,12.1126
19:01:06,12.1440334
19:01:07,11.9778023
19:01:08,11.9388351
19:01:09,12.0322628
19:01:10,11.911747
19:01:11,12.0402527
19:01:12,11.8622274
19:01:14,12.3376646
19:01:15,12.1564522
19:01:16,12.0116
19:01:18,12.0899792
19:01:19,11.9059572
19:01:20,11.9551439
19:01:21,12.3165865
19:01:22,12.0865345
19:01:23,12.1617937
19:01:24,12.0913334
19:01:25,12.0348434
19:01:26,12.0699606
19:01:27,12.0422859
19:01:28,12.2828817
19:01:29,11.8921309
19:01:30,11.9848976
19:01:31,12.0140781
19:01:32,11.9594927
19:01:33,12.0128975
19:01:34,12.0448074
19:01:35,11.8322859
19:01:36,11.9109774
19:01:37,12.2823992
19:01:38,11.9000349
19:01:39,12.0526409
19:01:40,12.1435642
19:01:41,11.7954006
19:01:42,11.9822979
19:01:43,12.1129255
19:01:44,11.9840527
19:01:45,12.11237
19:01:46,12.2252541
19:01:47,11.9573689
19:01:48,11.8827591
19:01:49,12.1511307
19:01:50,11.6728458
19:01:51,12.0292273
19:01:52,12.1682529
19:01:53,11.8670359
19:01:54,12.2785921
19:01:55,11.9479818
19:01:56,12.15731
19:01:57,11.8993177
19:01:58,11.8272562
19:01:59,12.0054188
19:02:00,11.7684336
19:02:01,11.9499369
19:02:02,11.7027893
19:02:03,11.8012543
19:02:04,12.12489
19:02:05,12.0658321
19:02:06,11.9507351
19:02:07,11.9832621
19:02:08,11.6676712
19:02:09,12.1895027
19:02:10,12.0104523
19:02:11,12.1378889
19:02:12,12.1190834
19:02:13,12.2512217
19:02:14,11.7145386
19:02:15,11.3854561
19:02:16,12.1953526
19:02:17,11.965971
19:02:18,12.2887354
19:02:19,12.449419
19:02:20,11.8630514
19:02:21,11.6833382
19:02:22,11.9536829
19:02:23,12.2158737
19:02:24,12.194684
19:02:25,12.2663956
19:02:26,12.240036
19:02:27,12.1902208
19:02:28,11.9512787
19:02:29,12.2022467
19:02:30,11.9339952
19:02:31,11.864253
19:02:32,11.7569571
19:02:33,11.93423
19:02:34,12.0859127
19:02:35,12.1290884
19:02:36,11.8999758
19:02:37,11.96348
19:02:38,11.790204
19:02:39,12.2763433
19:02:40,11.8440475
19:02:41,12.1121178
19:02:42,12.3118668
19:02:43,11.9350967
19:02:44,11.8777657
19:02:45,11.8172064
19:02:46,11.7688684
19:02:47,12.0139093
19:02:48,12.1905508
19:02:49,11.860446
19:02:50,11.9719934
19:02:51,12.1827469
19:02:52,12.0723219
19:02:53,12.0782671
19:02:54,12.0471344
19:02:55,11.9486332
19:02:56,11.9106636
19:02:57,11.877533
19:02:58,12.1534386
19:02:59,12.0883427
19:03:00,11.9874344
19:03:01,11.8930111
19:03:02,11.9845018
19:03:03,11.9088469
19:03:04,11.9388742
19:03:05,11.9765377
19:03:06,11.9739466
19:03:07,11.8714762
19:03:08,12.079381
19:03:09,12.1301584
19:03:10,12.0897074
19:03:11,12.0855265
19:03:12,11.9383039
19:03:13,11.8550673
19:03:14,11.95477
19:03:15,12.095355
19:03:16,12.0150032
19:03:17,11.8543711
19:03:18,11.8749866
19:03:19,12.0274162
19:03:20,12.0796919
19:03:21,11.8955822
19:03:22,11.8608541
19:03:23,12.1886177
19:03:24,11.9747219
19:03:25,12.0437889
19:03:26,11.7932138
19:03:27,11.9154921
19:03:28,12.021287
19:03:29,12.0292454
19:03:30,12.0009146
19:03:31,11.9996719
19:03:32,11.8000841
19:03:33,11.8039141
19:03:34,11.9794645
19:03:35,11.8962011
19:03:36,12.1215086
19:03:37,11.9104338
19:03:38,12.1085186
19:03:39,12.1932936
19:03:40,11.9619923
19:03:41,11.8536253
19:03:42,11.7895412
19:03:43,12.0156612
19:03:44,12.2919054
19:03:45,12.0994005
19:03:46,11.8565207
19:03:47,11.8634558
19:03:48,11.9862661
19:03:49,11.9256516
19:03:50,12.0156517
19:03:51,11.7722626
19:03:52,11.8824482
19:03:53,12.0981131
19:03:54,12.2438412
19:03:55,11.6966085
19:03:56,11.9911251
19:03:57,11.8328724
19:03:58,11.9288635
19:03:59,11.8960848
19:04:00,12.0348759
19:04:01,12.0563908
19:04:03,12.0560837
19:04:04,12.1261625
19:04:05,11.9135818
19:04:06,12.1018276
19:04:07,12.0328312
19:04:08,11.9114475
19:04:09,12.0163612
19:04:10,12.3148708
19:04:11,12.2350082
19:04:12,12.00096
19:04:13,11.838068
19:04:14,12.0092421
19:04:15,11.8689861
19:04:17,12.1539307
19:04:18,12.02036
19:04:19,12.2316341
19:04:20,11.9531889
19:04:21,11.9804649
19:04:22,12.1741056
19:04:23,12.1551046
19:04:24,11.8234835
19:04:25,11.9832382
19:04:26,12.0691566
19:04:27,12.08866
19:04:28,12.2456856
19:04:29,12.1491823
19:04:30,12.1441822
19:04:31,11.7601833
19:04:32,11.8466368
19:04:33,11.9919052
19:04:34,12.187336
19:04:35,12.1075039
19:04:36,11.8581829
19:04:37,12.1301708
19:04:38,12.1509914
19:04:39,11.8363142
19:04:40,11.9902487
19:04:41,12.0531387
19:04:42,12.4829531
19:04:43,12.1206665
19:04:44,11.8858042
19:04:45,12.3135605
19:04:46,12.0564928
19:04:47,12.22076
19:04:48,11.924962
19:04:49,11.8894148
19:04:50,12.03398
19:04:51,11.8947182
19:04:52,11.7209291
19:04:53,12.1804495
19:04:54,12.0649128
19:04:55,11.752408
19:04:56,12.0130463
19:04:57,11.8131838
19:04:58,12.2584581
19:04:59,12.0207109
19:05:00,11.8612919
19:05:01,12.0044394
19:05:02,11.9933176
19:05:03,11.8661785
19:05:04,11.9710379
19:05:05,12.11024
19:05:06,12.0019379
19:05:07,11.97812
19:05:08,11.9236183
19:05:09,11.9143991
19:05:10,12.14394
19:05:11,12.1441956
19:05:12,11.9115753
19:05:13,12.0570135
19:05:14,11.8021307
19:05:15,12.0192423
19:05:16,12.04399
19:05:17,12.05812
19:05:18,11.8776073
19:05:19,12.1274
19:05:20,12.0460892
19:05:21,12.0944738
19:05:22,12.16231
19:05:23,12.1926193
19:05:24,12.0777206
19:05:25,11.9064369
19:05:26,12.1130314
19:05:27,11.9784317
19:05:28,12.0454521
19:05:29,12.0195332
19:05:30,12.1444635
19:05:31,12.0289412
19:05:32,12.2495365
19:05:33,11.7477589
19:05:34,11.8546038
19:05:35,11.9482031
19:05:36,12.1386223
19:05:37,11.8164816
19:05:38,12.1874952
19:05:39,11.9831142
19:05:40,12.0026865
19:05:41,11.8218479
19:05:42,12.2221355
19:05:43,11.8796368
19:05:44,12.161355
19:05:45,12.0122862
19:05:46,12.0340576
19:05:47,11.9560394
19:05:48,12.2684965
19:05:49,11.717021
19:05:50,12.0397367
19:05:51,12.2398167
19:05:52,11.9603949
19:05:53,12.0124235
19:05:54,11.8933706
19:05:55,11.72708
19:05:56,11.829607
19:05:57,11.89754
19:05:58,12.2199411
19:05:59,12.113162
19:06:00,12.0754128
19:06:01,12.0814447
19:06:02,11.9690962
19:06:03,12.087822
19:06:04,12.2320089
19:06:05,11.8906469
19:06:06,11.9245834
19:06:07,12.0563745
19:06:08,12.0250807
19:06:09,11.9887714
19:06:10,12.0935211
19:06:11,12.0488958
19:06:12,11.7467413
19:06:13,11.852109
19:06:14,12.18121
19:06:15,12.3183432
19:06:16,12.0077963
19:06:17,11.874485
19:06:18,11.6323957
19:06:19,11.9895439
19:06:20,12.046382
19:06:21,12.1564178
19:06:22,12.0377541
19:06:23,11.8699732
19:06:24,12.1889067
19:06:25,12.1035414
19:06:26,11.9857454
19:06:27,12.0051956
19:06:28,12.0983753
19:06:29,12.0397367
19:06:30,12.11657
19:06:31,11.7627516
19:06:32,12.0804253
19:06:33,11.9310255
19:06:34,12.2233343
19:06:35,11.9033251
19:06:36,11.90015
19:06:37,11.9351149
19:06:38,12.0464506
19:06:39,11.9099274
19:06:40,12.1227417
19:06:41,11.9531517
19:06:42,11.7953424
19:06:43,11.9201851
19:06:44,11.6715679
19:06:45,12.0153933
19:06:46,12.27843
19:06:47,11.4884548
19:06:48,12.2650661
19:06:49,11.5033693
19:06:50,12.0432749
19:06:51,12.0713348
19:06:53,12.2591515
19:06:54,12.1762209
19:06:55,11.7399511
19:06:56,12.1237411
19:06:57,12.1993
19:06:58,11.9041758
19:06:59,11.84938
19:07:00,11.7129841
19:07:01,12.0229921
19:07:02,12.2307138
19:07:04,11.9103031
19:07:05,11.7044582
19:07:06,12.5412731
19:07:07,11.7115355
19:07:08,11.83783
19:07:09,11.5933809
19:07:10,11.8470736
19:07:11,11.3398027
19:07:13,11.8780556
19:07:15,11.6717033
19:07:16,12.01815
19:07:17,12.1417856
19:07:18,12.1253519
19:07:19,10.7862654
19:07:20,10.1380367
19:07:21,12.65726
19:07:22,14.76767
19:07:23,12.0007782
19:07:24,11.9950323
19:07:25,11.6956367
19:07:26,11.90252
19:07:27,11.7779779
19:07:28,12.0997515
19:07:29,12.125927
19:07:30,12.1215582
19:07:31,11.9189672
19:07:32,11.9797621
19:07:33,12.1011839
19:07:34,11.8761854
19:07:35,11.9242859
19:07:36,12.0776911
19:07:37,12.1329794
19:07:38,12.1836424
19:07:39,11.980567
19:07:40,11.9199886
19:07:41,11.9115238
19:07:42,11.8405561
19:07:43,12.0895967
19:07:44,12.2270889
19:07:45,12.0927534
19:07:46,12.23502
19:07:47,11.9195414
19:07:48,11.88854
19:07:49,11.7621231
19:07:50,12.1078272
19:07:51,11.9748764
19:07:52,12.1147585
19:07:53,11.9059658
19:07:54,12.0473738
19:07:55,11.9637327
19:07:56,11.7831507
19:07:57,11.9812269
19:07:58,11.9243631
19:07:59,11.8054495
19:08:00,11.9351959
19:08:01,12.129796
19:08:02,11.8587065
19:08:03,11.9417048
19:08:04,11.9625292
19:08:05,11.8108053
19:08:06,12.1487484
19:08:07,12.0888672
19:08:08,12.0113449
19:08:09,12.00649
19:08:10,12.1527185
19:08:11,11.9918327
19:08:12,11.952363
19:08:13,11.866889
19:08:14,12.1526508
19:08:15,12.0585089
19:08:16,12.0289764
19:08:17,12.1107922
19:08:18,11.9828129
19:08:19,11.7720308
19:08:20,11.92714
19:08:21,12.0297127
19:08:22,12.2948141
19:08:23,12.0022688
19:08:24,11.83261
19:08:25,11.97805
19:08:26,11.727
19:08:27,12.0395069
19:08:28,12.0092564
19:08:29,12.0586262
19:08:30,11.7359352
19:08:31,12.2660866
19:08:32,11.8515825
19:08:33,11.922142
19:08:34,12.03214
19:08:35,11.9140015
19:08:36,11.962738
19:08:37,11.6494684
19:08:38,11.9294243
19:08:39,12.1479
19:08:40,12.07701
19:08:41,12.0006819
19:08:42,12.1209364
19:08:43,11.99415
19:08:44,11.9762011
19:08:45,11.9136963
19:08:46,12.027566
19:08:47,12.0188961
19:08:48,12.1336994
19:08:49,11.6259413
19:08:50,11.9457836
19:08:51,12.0923052
19:08:52,12.0760164
19:08:53,11.7646809
19:08:54,12.2621746
19:08:55,11.87734
19:08:56,11.9052839
19:08:57,12.0727043
19:08:58,12.1789236
19:08:59,12.1146688
19:09:00,11.8972588
19:09:01,11.9270782
19:09:02,11.80861
19:09:03,12.1494074
19:09:04,12.2554893
19:09:05,11.9469881
19:09:06,12.1585121
19:09:07,11.9759493
19:09:08,12.1297541
19:09:09,11.8593082
19:09:10,11.9732943
19:09:11,12.0395641
19:09:12,12.0639706
19:09:13,12.1819677
19:09:14,11.91084
19:09:15,12.1753
19:09:16,12.075264
19:09:17,11.7795305
19:09:18,11.9098206
19:09:19,11.7113791
19:09:20,12.0507965
19:09:21,12.1931086
19:09:22,11.9987764
19:09:23,11.9333258
19:09:24,11.8372126
19:09:25,12.35018
19:09:26,11.7115736
19:09:27,12.1893854
19:09:28,11.9762316
19:09:29,12.0832281
19:09:30,11.8074465
19:09:31,12.2366152
19:09:32,12.0954313
19:09:33,11.6853924
19:09:34,11.9345675
19:09:35,11.9876537
19:09:36,12.446619
19:09:37,12.0491085
19:09:38,11.9994078
19:09:39,11.9135981
19:09:40,12.1396379
19:09:41,11.9484386
19:09:42,12.0280619
19:09:43,12.0574589
19:09:44,12.0788555
19:09:45,11.7492132
19:09:46,11.9213152
19:09:48,12.1343594
19:09:49,12.2017117
19:09:50,11.8957825
19:09:51,12.1563873
19:09:52,11.7794752
19:09:53,12.2868814
19:09:55,11.990263
19:09:56,12.1484184
19:09:57,11.721489
19:09:58,12.0689659
19:09:59,11.734971
19:10:00,11.6823339
19:10:01,12.0324268
19:10:02,11.7833471
19:10:03,12.15539
19:10:04,12.035347
19:10:05,12.214036
19:10:06,11.9436684
19:10:07,11.745204
19:10:08,11.71628
19:10:09,12.3026819
19:10:10,12.2478275
19:10:11,12.3051281
19:10:13,11.9197721
19:10:15,11.8633795
19:10:16,12.1693506
19:10:17,12.10946
19:10:18,11.9989147
19:10:19,12.1920805
19:10:21,11.7391548
19:10:22,11.8602982
19:10:23,12.0049963
19:10:24,11.8656473
19:10:25,11.9222345
19:10:26,11.9486675
19:10:27,11.8668766
19:10:28,11.915369
19:10:29,11.88076
19:10:30,12.1688795
19:10:31,11.9132671
19:10:32,12.1169758
19:10:33,11.9016056
19:10:34,12.0162373
19:10:35,11.8849974
19:10:36,12.0234423
19:10:37,11.6888113
19:10:38,11.9936981
19:10:39,11.9117413
19:10:40,12.3809185
19:10:41,12.1490021
19:10:42,11.92617
19:10:43,12.210372
19:10:44,12.0646563
19:10:45,11.9449816
19:10:46,11.9845858
19:10:47,11.9480934
19:10:48,12.0578
19:10:49,12.0017576
19:10:50,11.80147
19:10:51,11.9036083
19:10:52,12.1334057
19:10:53,11.9585905
19:10:54,12.0479822
19:10:55,12.1382141
19:10:56,12.1987648
19:10:57,11.8251019
19:10:58,11.8355293
19:10:59,11.9781837
19:11:00,12.05775
19:11:01,12.0641794
19:11:02,12.1015625
19:11:03,11.8953743
19:11:04,12.1575193
19:11:05,11.9154377
19:11:06,11.9149933
19:11:07,12.1014061
19:11:08,12.1257486
19:11:09,12.0066
19:11:10,12.0889921
19:11:11,11.8557644
19:11:12,11.9233723
19:11:13,11.9660664
19:11:14,11.9703989
19:11:15,11.9075594
19:11:16,12.0711622
19:11:17,12.2199554
19:11:18,11.7847452
19:11:19,11.8131561
19:11:20,11.9508181
19:11:21,12.0095749
19:11:22,12.4627838
19:11:23,12.1137609
19:11:24,11.83507
19:11:25,11.935029
19:11:26,11.7736483
19:11:27,12.0864153
19:11:28,12.2861042
19:11:29,12.0251255
19:11:30,11.9858093
19:11:31,12.0371218
19:11:32,12.2292271
19:11:33,12.0860806
19:11:34,12.1856709
19:11:35,11.8558426
19:11:36,12.0128479
19:11:37,12.02571
19:11:38,11.7388849
19:11:39,11.8959494
19:11:40,11.862463
19:11:41,12.29986
19:11:42,11.3888845
19:11:43,11.6892014
19:11:44,12.0824795
19:11:45,11.7711258
19:11:46,12.5370531
19:11:47,11.7858438
19:11:48,11.8942137
19:11:49,12.2714911
19:11:50,11.8618336
19:11:51,11.9519558
19:11:52,11.9529448
19:11:53,11.7140341
19:11:54,11.8935709
19:11:55,11.8484364
19:11:56,12.1525965
19:11:57,12.2284966
19:11:58,11.9947977
19:11:59,11.9074736
19:12:00,12.1544886
19:12:01,11.7673092
19:12:02,11.8390217
19:12:03,12.1983328
19:12:04,11.8825636
19:12:05,12.1695776
19:12:06,11.9427013
19:12:07,11.8010254
19:12:08,11.9334116
19:12:09,11.9146137
19:12:10,12.0608139
19:12:11,12.1344614
19:12:12,12.2144909
19:12:13,11.80418
19:12:14,11.8815928
19:12:15,12.1082153
19:12:16,11.9043846
19:12:17,12.0190306
19:12:18,11.954505
19:12:19,11.9310608
19:12:20,11.9236431
19:12:21,12.1280642
19:12:22,11.950841
19:12:23,12.0979376
19:12:24,11.8622274
19:12:25,11.8996449
19:12:26,12.0041847
19:12:27,12.0540857
19:12:28,11.96115
19:12:29,11.8761683
19:12:30,12.1147232
19:12:31,12.0302744
19:12:32,12.1817646
19:12:33,12.2060213
19:12:34,11.7152567
19:12:35,11.89847
19:12:36,12.1593189
19:12:37,11.8792048
19:12:38,11.6877184
19:12:40,11.9111385
19:12:42,12.1491394
19:12:44,12.2495184
19:12:45,12.0976944
19:12:46,12.084671
19:12:47,11.9663944
19:12:48,12.0656061
19:12:49,12.039484
19:12:50,12.0042191
19:12:51,11.8896093
19:12:52,11.957756
19:12:53,12.2782564
19:12:54,11.9292164
19:12:55,11.9017315
19:12:56,12.1383038
19:12:57,12.1136494
19:12:58,12.0235453
19:12:59,11.9229288
19:13:00,12.2197256
19:13:01,12.0085344
19:13:02,12.2365112
19:13:03,12.1123915
19:13:04,11.7802553
19:13:05,12.0847969
19:13:06,11.9604378
19:13:07,11.8362131
19:13:08,12.02831
19:13:09,12.1253309
19:13:10,12.0224047
19:13:11,11.8335047
19:13:12,11.94149
19:13:13,11.99028
19:13:14,11.8127537
19:13:15,11.9823084
19:13:16,11.9035778
19:13:17,12.2036476
19:13:18,11.8066025
19:13:19,11.88269
19:13:20,11.8924627
19:13:21,12.1037445
19:13:22,11.9778452
19:13:23,12.1456585
19:13:24,11.9403038
19:13:25,11.9615812
19:13:26,11.8520308
19:13:27,12.4462309
19:13:28,11.7052078
19:13:29,12.1010246
19:13:30,11.9427662
19:13:31,11.6333532
19:13:32,12.203927
19:13:33,12.11165
19:13:34,11.981122
19:13:35,12.0438967
19:13:36,11.7018595
19:13:37,12.167901
19:13:38,11.8289852
19:13:39,11.829093
19:13:40,12.1647
19:13:41,12.1431093
19:13:42,12.1170473
19:13:43,12.0430508
19:13:44,12.3042755
19:13:45,12.0448895
19:13:46,11.6846256
19:13:47,11.8209019
19:13:48,11.8409309
19:13:49,11.9493065
19:13:50,11.9466381
19:13:51,11.968152
19:13:52,12.1018019
19:13:53,12.4448576
19:13:54,12.2259092
19:13:55,11.6841536
19:13:56,12.0567961
19:13:57,12.3338089
19:13:58,11.2264547
19:13:59,11.9864254
19:14:00,12.2374182
19:14:01,11.9671125
19:14:02,11.8369255
19:14:03,12.069313
19:14:04,12.0602531
19:14:05,11.8655672
19:14:06,12.0580912
19:14:07,12.5989037
19:14:08,12.0500917
19:14:09,12.1833582
19:14:10,11.84983
19:14:11,12.368721
19:14:12,11.9914064
19:14:13,11.9052658
19:14:14,12.0056648
19:14:15,12.1417894
19:14:16,11.9836922
19:14:17,11.9975519
19:14:18,12.0057449
19:14:19,11.9534893
19:14:20,11.9993877
19:14:21,12.0446558
19:14:22,11.7675152
19:14:23,12.1386166
19:14:24,12.1255236
19:14:25,11.778532
19:14:26,11.9448624
19:14:27,11.8319683
19:14:28,11.9480581
19:14:29,11.937192
19:14:30,12.0169764
19:14:31,12.014267
19:14:32,11.9899855
19:14:33,11.9963846
19:14:34,11.8723574
19:14:35,12.03334
19:14:36,12.0202637
19:14:37,12.0085049
19:14:38,12.1276426
19:14:39,11.9942265
19:14:40,11.9884119
19:14:41,12.2150431
19:14:42,11.7890158
19:14:43,12.0555716
19:14:44,11.8123417
19:14:45,12.0531454
19:14:46,12.1094265
19:14:47,11.9779358
19:14:48,11.8107185
19:14:49,11.9033546
19:14:50,11.979188
19:14:51,11.9646378
19:14:52,12.0907106
19:14:53,12.032485
19:14:54,12.10399
19:14:55,12.0978041
19:14:56,11.80742
19:14:57,12.0045156
19:14:58,12.1745567
19:14:59,12.2308283
19:15:00,11.8034658
19:15:01,12.156764
19:15:02,11.9447851
19:15:03,11.9676533
19:15:04,11.9399767
19:15:05,12.0491905
19:15:06,12.0069876
19:15:07,11.7788925
19:15:08,11.8833523
19:15:09,12.1843138
19:15:10,12.0189285
19:15:11,11.8179178
19:15:12,12.06945
19:15:13,12.0952291
19:15:14,11.9279861
19:15:15,12.2940054
19:15:16,11.7150946
19:15:17,11.8947983
19:15:18,11.8169632
19:15:19,12.0681448
19:15:20,12.0608339
19:15:21,12.2624836
19:15:22,12.0024681
19:15:23,11.9624567
19:15:24,12.0027637
19:15:25,11.959918
19:15:26,11.70628
19:15:27,12.1035652
19:15:28,11.6890736
19:15:29,12.1127653
19:15:30,12.0486975
19:15:31,11.9554167
19:15:32,11.9613428
19:15:33,11.8766861
19:15:34,11.85952
19:15:35,12.4100647
19:15:37,12.0511885
19:15:38,11.9185
19:15:39,11.8246784
19:15:40,12.1827641
19:15:41,12.270052
19:15:42,11.7666588
19:15:44,12.2395372
19:15:45,11.9005976
19:15:46,11.8037434
19:15:47,11.8277121
19:15:48,11.900322
19:15:49,11.9886112
19:15:50,12.0699234
19:15:51,11.8087692
19:15:52,12.10891
19:15:53,12.1408749
19:15:54,12.13367
19:15:55,11.8222609
19:15:56,11.9894533
19:15:57,12.3013792
19:15:58,11.9652042
19:15:59,12.1660118
19:16:00,11.8823481
19:16:01,11.8001575
19:16:02,12.0003529
19:16:03,12.07963
19:16:04,11.9588041
19:16:05,12.0625992
19:16:06,11.7937622
19:16:07,11.8375149
19:16:08,12.0350895
19:16:09,12.04344
19:16:10,12.0527468
19:16:11,12.1237679
19:16:12,11.9794455
19:16:13,11.8275194
19:16:14,11.4025927
19:16:15,12.1856823
19:16:16,11.9164524
19:16:17,11.9091492
19:16:18,12.0541916
19:16:19,11.8860369
19:16:20,11.959589
19:16:21,12.0590649
19:16:22,12.0563278
19:16:23,11.8923779
19:16:24,12.5517731
19:16:25,11.8702707
19:16:26,11.9398327
19:16:27,11.9417286
19:16:28,11.8325653
19:16:29,12.0083342
19:16:30,12.073185
19:16:31,12.0316324
19:16:32,11.9835672
19:16:33,11.8260517
19:16:34,12.0164995
19:16:35,11.9301186
19:16:36,11.9852886
19:16:37,11.9066162
19:16:38,12.07378
19:16:39,12.0222282
19:16:40,12.1131954
19:16:41,12.066493
19:16:42,12.0011282
19:16:43,11.8517466
19:16:44,11.9804211
19:16:45,11.8784513
19:16:46,12.0644684
19:16:47,11.8240919
19:16:48,11.93905
19:16:49,11.951438
19:16:50,11.8948145
19:16:51,11.9444294
19:16:52,12.0274267
19:16:53,12.0435238
19:16:54,12.0472069
19:16:55,12.0527325
19:16:56,11.8260288
19:16:57,12.0227337
19:16:58,11.9969158
19:16:59,11.9728651
19:17:00,11.9222736
19:17:01,12.071167
19:17:02,11.9980612
19:17:03,11.993021
19:17:04,11.8169956
19:17:05,12.0141077
19:17:06,11.9369745
19:17:07,12.16694
19:17:08,12.0008574
19:17:09,11.9003716
19:17:10,11.8655281
19:17:11,11.9675846
19:17:12,11.8821192
19:17:13,11.6492243
19:17:14,12.2299662
19:17:15,12.0782442
19:17:16,12.1704807
19:17:17,11.93323
19:17:18,11.8916807
19:17:19,12.0286789
19:17:20,11.841218
19:17:21,12.0084047
19:17:22,11.9583235
19:17:23,11.9152412
19:17:24,12.12306
19:17:25,12.0363188
19:17:26,12.2257347
19:17:27,11.8690109
19:17:28,12.00419
19:17:29,12.10294
19:17:30,12.0352182
19:17:31,11.9905291
19:17:32,12.12742
19:17:33,12.0171232
19:17:34,12.2239122
19:17:35,12.1413546
19:17:36,11.5879269
19:17:37,11.8843136
19:17:38,12.1519728
19:17:39,12.2156363
19:17:40,11.6749182
19:17:41,12.1402969
19:17:42,12.1684093
19:17:43,11.8717651
19:17:44,11.8130674
19:17:45,11.8506336
19:17:46,12.0339689
19:17:47,12.129694
19:17:48,12.0831909
19:17:49,12.025465
19:17:50,11.9920855
19:17:51,11.8306541
19:17:52,11.7375717
19:17:53,11.9684134
19:17:54,12.0730133
19:17:55,12.107873
19:17:56,11.8518209
19:17:57,11.990304
19:17:58,11.9112167
19:17:59,12.2150517
19:18:00,12.794548
19:18:01,12.3116751
19:18:02,12.0833664
19:18:03,11.9219589
19:18:04,11.7398434
19:18:05,11.7179146
19:18:06,11.9064445
19:18:07,12.2628794
19:18:08,11.8026419
19:18:09,12.0912056
19:18:11,11.9071283
19:18:12,11.9959974
19:18:13,11.9530554
19:18:14,11.9758186
19:18:15,12.0325756
19:18:16,12.0525427
19:18:17,11.8272943
19:18:18,11.9821873
19:18:19,11.8964472
19:18:20,11.8355875
19:18:21,11.8930559
19:18:22,12.1526966
19:18:23,12.0773315
19:18:24,12.0592327
19:18:26,12.007349
19:18:27,12.158844
19:18:28,11.4852428
19:18:29,12.3924646
19:18:30,12.1457167
19:18:31,11.7968435
19:18:33,12.0550814
19:18:34,11.9257164
19:18:35,11.9095354
19:18:36,11.7794819
19:18:37,11.9135561
19:18:38,11.8095646
19:18:39,12.0451937
19:18:40,12.274621
19:18:41,11.9985056
19:18:42,12.0843315
19:18:43,12.12114
19:18:44,11.7828083
19:18:45,11.9185238
19:18:46,11.96797
19:18:47,12.0448809
19:18:48,12.3545446
19:18:49,12.1544762
19:18:50,12.0227308
19:18:51,11.88571
19:18:52,11.92787
19:18:53,11.9628773
19:18:54,11.94086
19:18:55,11.96023
19:18:56,11.8892164
19:18:57,12.0770435
19:18:58,12.0065079
19:18:59,11.9824934
19:19:00,12.0090313
19:19:01,11.87683
19:19:02,12.0511217
19:19:03,11.8931255
19:19:04,11.9487257
19:19:05,11.8046741
19:19:06,11.9376469
19:19:07,11.8078957
19:19:08,11.8388128
19:19:09,11.9661589
19:19:10,11.9816418
19:19:11,11.8778019
19:19:12,12.1524334
19:19:13,12.1555614
19:19:14,12.4832678
19:19:15,12.038681
19:19:16,12.0591383
19:19:17,12.1115694
19:19:18,11.8801279
19:19:19,12.1098576
19:19:20,11.60988
19:19:21,12.1444817
19:19:22,12.1248178
19:19:23,11.5817032
19:19:24,12.2848024
19:19:25,11.7644672
19:19:26,12.2724447
19:19:27,11.828476
19:19:28,11.9119616
19:19:29,11.7834158
19:19:30,12.3596239
19:19:31,11.812396
19:19:32,11.8674831
19:19:33,11.9278765
19:19:34,12.4538174
19:19:35,11.6990328
19:19:36,12.0760374
19:19:37,12.0907354
19:19:38,12.1442051
19:19:39,12.1477833
19:19:40,11.8929949
19:19:41,12.2085629
19:19:42,11.9295254
19:19:43,12.1019812
19:19:44,12.2372293
19:19:45,12.294611
19:19:46,11.74747
19:19:47,11.6144314
19:19:48,11.9545975
19:19:49,11.7595387
19:19:50,12.0560608
19:19:51,11.7717638
19:19:52,11.9269667
19:19:53,11.9993992
19:19:54,12.0939093
19:19:55,12.2365723
19:19:56,11.9311447
19:19:57,11.8406286
19:19:58,11.993845
19:19:59,11.9916
19:20:00,12.0039644
19:20:01,11.9971447
19:20:02,11.98082
19:20:03,12.2035189
19:20:04,12.1452637
19:20:05,11.8428688
19:20:06,12.0078611
19:20:07,12.0028582
19:20:08,12.0949869
19:20:09,12.0318775
19:20:10,11.969306
19:20:11,12.0064087
19:20:12,11.9075336
19:20:13,12.2108593
19:20:14,12.257515
19:20:15,11.921526
19:20:16,11.9349451
19:20:17,12.1483116
19:20:18,12.1409731
19:20:19,12.05406
19:20:20,12.0566769
19:20:21,12.0323391
19:20:22,12.1748333
19:20:23,11.918581
19:20:24,12.0201139
19:20:25,11.9290962
19:20:26,12.0566282
19:20:27,11.7841272
19:20:28,12.0571032
19:20:29,11.8748474
19:20:30,11.793479
19:20:31,12.2131844
19:20:32,12.1575584
19:20:33,11.91421
19:20:34,12.1135883
19:20:35,12.0404272
19:20:36,11.7510805
19:20:37,11.8043861
19:20:38,12.1674356
19:20:39,11.9908342
19:20:40,11.9800406
19:20:41,11.8572989
19:20:42,12.0180149
19:20:43,12.1381006
19:20:44,11.5152378
19:20:45,11.9614868
19:20:46,12.0077429
19:20:47,12.1460657
19:20:48,11.9054832
19:20:49,12.0918331
19:20:50,11.850318
19:20:51,12.16315
19:20:52,11.5999422
19:20:53,12.4676828
19:20:54,12.0980177
19:20:55,11.9495411
19:20:56,11.8355188
19:20:57,12.0743618
19:20:58,11.958581
19:20:59,11.8594351
19:21:00,11.83807
19:21:01,11.9682684
19:21:02,12.0962191
19:21:03,11.9706507
19:21:04,11.8891916
19:21:05,11.9037409
19:21:06,11.9538651
19:21:07,11.983676
19:21:08,11.8782568
19:21:09,12.0366411
19:21:10,11.7803612
19:21:11,11.8750744
19:21:12,11.9795513
19:21:13,11.5886917
19:21:14,12.0086813
19:21:15,11.9823036
19:21:16,11.7041521
19:21:17,11.88556
19:21:18,12.1811285
19:21:19,11.9299726
19:21:20,11.9488811
19:21:21,12.0018778
19:21:22,11.9489651
19:21:23,11.7191067
19:21:24,12.0986757
19:21:25,11.884078
19:21:26,11.7111273
19:21:27,12.2473
19:21:28,12.1902313
19:21:29,12.0477524
19:21:30,11.9593067
19:21:31,11.8805246
19:21:32,12.1900692
19:21:33,12.1381378
19:21:35,11.7587252
19:21:36,12.2691975
19:21:37,12.1378489
19:21:38,11.98391
19:21:39,12.0180378
19:21:40,11.692565
19:21:41,11.7633181
19:21:42,12.2551441
19:21:43,11.9353552
19:21:44,12.0458584
19:21:45,12.0627022
19:21:46,11.8921661
19:21:47,11.8003922
19:21:48,11.9613323
19:21:49,12.06427
19:21:50,12.2627115
19:21:51,12.0226488
19:21:52,12.0558128
19:21:53,11.9662695
19:21:54,12.2090616
19:21:55,12.08696
19:21:56,11.9161434
19:21:57,12.2219687
19:21:58,11.914238
19:21:59,11.8205328
19:22:00,11.9200735
19:22:01,11.9419508
19:22:02,11.4832287
19:22:03,11.9418869
19:22:04,12.13121
19:22:05,11.8641119
19:22:06,12.23784
19:22:07,11.871295
19:22:08,11.9676027
19:22:09,11.8306484
19:22:10,11.8881931
19:22:11,11.7770061
19:22:12,12.03422
19:22:13,11.9603987
19:22:14,12.1685972
19:22:15,11.8679771
19:22:16,11.9130974
19:22:17,12.056591
19:22:18,12.0546217
19:22:19,12.0988464
19:22:20,11.981122
19:22:21,11.6720448
19:22:22,11.83397
19:22:23,12.2427883
19:22:24,12.1113329
19:22:25,11.99842
19:22:26,12.0977325
19:22:27,11.8978577
19:22:28,12.0773811
19:22:29,11.9363241
19:22:30,11.9652386
19:22:31,12.0319986
19:22:32,11.9337053
19:22:33,11.9232979
19:22:34,11.8132076
19:22:35,12.1295557
19:22:36,12.1759386
19:22:37,12.0944071
19:22:38,12.1290321
19:22:39,11.7225323
19:22:40,11.9645519
19:22:41,12.09245
19:22:42,12.18704
19:22:43,11.7717323
19:22:44,12.1351585
19:22:45,11.6820173
19:22:46,12.1418571
19:22:47,12.0541191
19:22:48,12.0925646
19:22:49,11.9826469
19:22:50,11.9049234
19:22:51,12.002552
19:22:52,11.7673311
19:22:53,11.9937706
19:22:54,11.9204245
19:22:55,11.7544289
19:22:56,11.8405066
19:22:57,12.0373554
19:22:58,12.1077271
19:22:59,12.0570431
19:23:00,11.3892021
19:23:01,12.0113945
19:23:02,11.9907036
19:23:03,12.4784594
19:23:04,11.925355
19:23:05,12.01494
19:23:06,12.164423
19:23:07,11.9284143
19:23:08,11.73595
19:23:09,12.1499958
19:23:10,11.9812584
19:23:11,11.94672
19:23:12,11.68357
19:23:13,11.93921
19:23:14,11.8232088
19:23:15,11.9292736
19:23:16,12.21006
19:23:17,11.8622684
19:23:18,12.1345615
19:23:19,12.1110106
19:23:20,11.7005949
19:23:21,11.9109135
19:23:22,12.0767756
19:23:23,11.9658175
19:23:24,11.8812675
19:23:25,12.0733223
19:23:26,11.8723726
19:23:27,12.1937733
19:23:28,11.7257442
19:23:29,12.04423
19:23:30,12.3458815
19:23:31,12.0533791
19:23:32,11.9182835
19:23:33,12.1009693
19:23:34,11.9783621
19:23:35,12.1508636
19:23:36,12.0303154
19:23:37,12.131753
19:23:38,11.9466982
19:23:39,11.8360386
19:23:40,11.9216261
19:23:41,11.8950958
19:23:42,11.9653826
19:23:43,12.4418955
19:23:44,12.1214962
19:23:45,11.9610329
19:23:46,11.8927879
19:23:47,12.0776587
19:23:48,12.068943
19:23:49,12.0412922
19:23:50,11.7341814
19:23:51,11.9140491
19:23:52,11.9353848
19:23:53,12.1009912
19:23:55,12.0885849
19:23:56,12.0087347
19:23:57,12.0096111
19:23:58,12.2833261
19:23:59,12.1131554
19:24:00,11.9953594
19:24:01,12.2613621
19:24:02,11.5685368
19:24:03,11.7337179
19:24:04,11.6781778
19:24:05,12.0264263
19:24:06,12.0260582
19:24:07,12.1228571
19:24:08,12.4217176
19:24:09,11.90921
19:24:10,12.10412
19:24:11,12.007534
19:24:12,12.0036631
19:24:13,12.0194016
19:24:14,12.0116606
19:24:15,11.7640705
19:24:16,12.1780357
19:24:18,11.999527
19:24:19,12.04069
19:24:20,12.0480385
19:24:21,11.91144
19:24:22,12.0082407
19:24:23,12.0342789
19:24:24,12.0839176
19:24:25,12.1333094
19:24:26,12.0588408
19:24:27,12.4182806
19:24:28,11.8840256
19:24:29,11.8256254
19:24:30,11.6390581
19:24:31,12.0321865
19:24:32,12.0999231
19:24:33,11.8101006
19:24:34,11.9511566
19:24:35,11.6519995
19:24:36,12.0004759
19:24:37,11.9041214
19:24:38,11.8437948
19:24:39,11.9966745
19:24:40,11.9602289
19:24:41,12.145874
19:24:42,12.0281534
19:24:43,12.2773886
19:24:44,11.7626286
19:24:45,11.9104366
19:24:46,11.8062124
19:24:47,12.17132
19:24:48,12.184021
19:24:49,11.9182339
19:24:50,12.0079241
19:24:51,11.836381
19:24:52,12.106267
19:24:53,12.1852713
19:24:54,12.0128613
19:24:55,11.6538248
19:24:56,11.9137783
19:24:57,11.911088
19:24:58,11.9180822
19:24:59,12.0709229
19:25:00,11.9329805
19:25:01,11.767849
19:25:02,12.2272291
19:25:03,11.95859
19:25:04,11.8899
19:25:05,11.9111
19:25:06,11.67641
19:25:07,11.7395649
19:25:08,11.9213963
19:25:09,11.9648657
19:25:10,11.9795637
19:25:11,12.0888
19:25:12,12.0380507
19:25:13,11.9010286
19:25:14,11.9150457
19:25:15,11.9662886
19:25:16,11.2352743
19:25:17,12.0183353
19:25:18,12.0144567
19:25:19,12.0455713
19:25:20,12.1651688
19:25:21,12.1292019
19:25:22,12.1793814
19:25:23,11.8774652
19:25:24,12.0200405
19:25:25,11.9243622
19:25:26,12.2121515
19:25:27,12.0076427
19:25:28,11.8978729
19:25:29,12.10599
19:25:30,12.1352921
19:25:31,12.001585
19:25:32,12.1029644
19:25:33,11.9171972
19:25:34,11.7843142
19:25:35,11.7904692
19:25:36,12.0788689
19:25:37,11.75335
19:25:38,12.2333174
19:25:39,12.0636635
19:25:40,12.08772
19:25:41,12.258337
19:25:42,12.0556173
19:25:43,12.3467131
19:25:44,12.06914
19:25:45,11.8597469
19:25:46,12.0215855
19:25:47,12.0483646
19:25:48,12.0494432
19:25:49,11.9667606
19:25:50,11.7057495
19:25:51,11.94806
19:25:52,11.9190979
19:25:53,11.9973049
19:25:54,11.9468679
19:25:55,11.716218
19:25:56,12.1642666
19:25:57,11.6864882
19:25:58,11.9244289
19:25:59,11.8881073
19:26:00,11.9336977
19:26:01,11.9727373
19:26:02,11.9562683
19:26:03,11.9479389
19:26:04,12.1243105
19:26:05,12.0098057
19:26:06,12.0569067
19:26:07,11.9177656
19:26:08,12.013299
19:26:09,12.1763592
19:26:10,11.9430017
19:26:11,12.0555391
19:26:12,12.2613287
19:26:13,11.979496
19:26:14,12.0536213
19:26:15,11.7833414
19:26:16,12.15245
19:26:17,12.1934071
19:26:18,11.9210587
19:26:19,12.0163069
19:26:20,11.72679
19:26:21,11.9139881
19:26:22,12.0481911
19:26:23,11.8743992
19:26:24,11.90971
19:26:25,11.7360058
19:26:26,12.0422544
19:26:27,12.0970144
19:26:28,11.9508314
19:26:29,12.2207308
19:26:30,12.0618286
19:26:31,12.0016155
19:26:32,12.0300713
19:26:33,11.96851
19:26:34,12.1514511
19:26:35,11.8889141
19:26:36,12.1515436
19:26:37,12.170846
19:26:38,11.5032473
19:26:39,11.9825144
19:26:40,11.9953671
19:26:41,12.0362005
19:26:42,11.8164368
19:26:43,12.0840645
19:26:44,12.0840006
19:26:45,12.04046
19:26:46,12.0320807
19:26:47,11.9087286
19:26:48,12.0324135
19:26:49,12.383235
19:26:50,11.8295813
19:26:51,11.8726616
19:26:52,11.9666519
19:26:54,12.0930948
19:26:55,11.9526749
19:26:56,12.06012
19:26:57,12.1644363
19:26:58,12.1257162
19:27:00,11.7545767
19:27:01,11.92933
19:27:03,12.1571932
19:27:04,12.1333313
19:27:05,11.9110775
19:27:06,12.2034407
19:27:07,11.8948736
19:27:08,12.1685543
19:27:09,11.9045734
19:27:10,11.9532871
19:27:11,12.0618792
19:27:12,12.122879
19:27:13,12.086628
19:27:14,11.9859495
19:27:15,12.1210651
19:27:16,11.7916746
19:27:17,11.7319784
19:27:18,12.017148
19:27:19,12.1928625
19:27:20,12.0239344
19:27:21,12.22371
19:27:22,11.8761005
19:27:23,12.2960148
19:27:24,11.9984188
19:27:25,11.8470631
19:27:26,12.1871614
19:27:27,12.2158241
19:27:28,12.0944
19:27:29,11.8168468
19:27:30,11.742753
19:27:31,11.6202478
19:27:32,11.9751091
19:27:33,11.6754627
19:27:34,12.1822119
19:27:35,12.1501312
19:27:36,12.1062555
19:27:37,11.8226728
19:27:38,11.9656858
19:27:39,11.9259253
19:27:40,11.870183
19:27:41,12.1249037
19:27:42,12.1323223
19:27:43,11.9658422
19:27:44,12.06766
19:27:45,11.7275972
19:27:46,11.8673277
19:27:47,11.9598255
19:27:48,11.8425312
19:27:49,12.10155
19:27:50,12.0674944
19:27:51,11.8846951
19:27:52,11.7544641
19:27:53,12.0316248
19:27:54,12.0853214
19:27:55,11.7431574
19:27:56,11.8998432
19:27:57,12.2490158
19:27:58,12.1446762
19:27:59,12.068574
19:28:00,11.7579918
19:28:01,11.8394423
19:28:02,12.1669092
19:28:03,11.8893089
19:28:04,11.9009695
19:28:05,12.047821
19:28:06,12.03998
19:28:07,12.1606808
19:28:08,12.0882092
19:28:09,11.9903059
19:28:10,12.3877306
19:28:11,11.984333
19:28:12,12.0888319
19:28:13,12.1790886
19:28:14,12.0915213
19:28:15,12.0849762
19:28:16,11.8423119
19:28:17,11.7806282
19:28:18,12.1433983
19:28:19,12.0159178
19:28:20,12.0824261
19:28:21,11.9706554
19:28:22,12.0519743
19:28:23,11.85974
19:28:24,12.01729
19:28:25,11.7237539
19:28:26,12.21179
19:28:27,12.0999775
19:28:28,11.8833065
19:28:29,12.1386156
19:28:30,11.87123
19:28:31,11.9313869
19:28:32,12.0129347
19:28:33,12.0036354
19:28:34,11.9109192
19:28:35,12.1822958
19:28:36,12.0793629
19:28:37,11.842844
19:28:38,11.8179283
19:28:39,11.94041
19:28:40,12.1636124
19:28:41,12.2909174
19:28:42,11.9115438
19:28:43,11.7995
19:28:44,11.8476763
19:28:45,12.0899372
19:28:46,11.862318
19:28:47,12.2951622
19:28:48,11.93235
19:28:49,12.0599356
19:28:50,11.9523172
19:28:51,11.8127184
19:28:52,11.976141
19:28:53,12.1960287
19:28:54,12.1451445
19:28:55,11.7694273
19:28:56,12.11897
19:28:57,11.8646555
19:28:58,12.1688623
19:28:59,11.968504
19:29:00,12.2371378
19:29:01,11.8656769
19:29:02,12.1003466
19:29:03,12.0558443
19:29:04,12.161211
19:29:05,12.1080694
19:29:06,11.95987
19:29:07,11.9271307
19:29:08,12.2453947
19:29:09,11.9366045
19:29:10,11.6106443
19:29:11,12.0638285
19:29:12,12.1624031
19:29:13,12.1357536
19:29:14,11.7807684
19:29:15,12.0450621
19:29:16,11.8593578
19:29:17,12.1160021
19:29:18,11.85358
19:29:19,12.0581369
19:29:20,11.9307337
19:29:21,11.8837614
19:29:22,11.9697323
19:29:23,11.9676781
19:29:24,12.04762
19:29:25,11.8941231
19:29:26,12.026021
19:29:27,12.1569681
19:29:28,12.0244017
19:29:29,11.6679983
19:29:30,12.0694866
19:29:31,12.0326233
19:29:32,11.9330378
19:29:33,11.8553905
19:29:34,12.3471355
19:29:35,12.170331
19:29:36,11.8114452
19:29:37,12.3303089
19:29:38,12.0121183
19:29:39,11.7995567
19:29:40,11.91403
19:29:41,12.0521326
19:29:42,11.938818
19:29:43,11.9913311
19:29:44,12.0869
19:29:45,12.1298227
19:29:46,12.2454691
19:29:47,11.6253786
19:29:48,12.2209635
19:29:49,12.0301561
19:29:50,11.9165459
19:29:51,12.1400337
19:29:52,12.2331095
19:29:53,11.8147039
19:29:54,12.2881842
19:29:55,11.5620518
19:29:56,12.1367292
19:29:57,12.2322712
19:29:58,12.321866
19:29:59,12.0497379
19:30:00,11.992938
19:30:01,12.0115137
19:30:02,11.9074516
19:30:03,12.2204618
19:30:04,11.9091339
19:30:05,11.9979038
19:30:06,12.2234793
19:30:07,11.8512745
19:30:08,11.9604063
19:30:09,11.9515228
19:30:10,12.0927105
19:30:11,12.2000656
19:30:12,12.0746393
19:30:13,12.1013479
19:30:14,12.1257915
19:30:15,12.0714731
19:30:16,12.1495371
19:30:17,11.9012012
19:30:18,11.9457226
19:30:19,12.063818
19:30:20,11.9506254
19:30:21,11.7635756
19:30:22,12.1270847
19:30:23,12.0365143
19:30:24,12.0433865
19:30:25,11.8047228
19:30:26,12.02082
19:30:27,12.0908289
19:30:28,12.20514
19:30:29,12.066659
19:30:30,12.1144676
19:30:31,12.1614981
19:30:32,12.0598087
19:30:33,11.8645735
19:30:34,11.7665567
19:30:35,12.1978111
19:30:36,12.067421
19:30:37,11.6787319
19:30:38,12.1796627
19:30:39,11.8460169
19:30:40,12.0159
19:30:41,11.9432316
19:30:42,11.9240532
19:30:43,11.897069
19:30:44,11.898901
19:30:45,11.979207
19:30:46,11.8858633
19:30:47,12.1333036
19:30:48,11.7882452
19:30:49,12.0473766
19:30:50,11.8978462
19:30:51,12.1579561
19:30:52,12.1691427
19:30:53,11.8654032
19:30:55,11.8993254
19:30:57,12.100132
19:30:58,11.9128189
19:30:59,11.9051676
19:31:00,11.9623013
19:31:01,12.1123953
19:31:02,11.8052416
19:31:03,12.0706482
19:31:04,12.1740475
19:31:05,12.2137384
19:31:06,11.9769688
19:31:07,12.0887766
19:31:08,12.0986662
19:31:09,12.1437712
19:31:10,12.1416378
19:31:11,12.0314951
19:31:12,11.9210005
19:31:13,12.0436239
19:31:14,11.8062439
19:31:15,12.0713491
19:31:16,11.7341471
19:31:17,11.9034729
19:31:18,12.0306826
19:31:19,11.8471775
19:31:20,12.1153173
19:31:21,11.946949
19:31:22,11.9497852
19:31:23,12.2201633
19:31:24,12.020978
19:31:25,12.0513172
19:31:26,11.8756971
19:31:27,11.9010715
19:31:28,11.8678274
19:31:29,11.99573
19:31:30,12.0373859
19:31:31,12.2188969
19:31:32,12.0883827
19:31:33,12.169157
19:31:34,11.8328381
19:31:35,11.9189005
19:31:36,12.1167154
19:31:37,12.2126875
19:31:38,11.994092
19:31:39,12.0826349
19:31:40,12.1642895
19:31:41,12.088212
19:31:42,11.7746315
19:31:43,11.8181753
19:31:44,11.7590179
19:31:45,11.9717627
19:31:46,11.8601255
19:31:47,11.891922
19:31:48,12.0611229
19:31:49,11.8784523
19:31:50,11.9953041
19:31:51,11.8679924
19:31:52,11.6616039
19:31:53,12.1215639
19:31:54,12.0759544
19:31:55,12.2653027
19:31:56,11.98385
19:31:57,12.2185564
19:31:58,11.9328575
19:31:59,12.089859
19:32:00,11.7218876
19:32:01,11.9855642
19:32:02,12.3581333
19:32:03,11.5179882
19:32:04,12.0887041
19:32:05,12.3107252
19:32:06,11.86198
19:32:07,12.3413019
19:32:08,11.9849062
19:32:09,12.5011587
19:32:10,11.8982763
19:32:11,11.98248
19:32:12,11.9956245
19:32:13,11.90846
19:32:14,11.954772
19:32:15,11.9863558
19:32:16,12.0755453
19:32:17,11.9063654
19:32:18,12.07245
19:32:19,11.9723949
19:32:20,11.9322405
19:32:21,12.0776482
19:32:22,12.400876
19:32:23,11.8393393
19:32:24,12.1378613
19:32:25,12.0516014
19:32:26,12.2500305
19:32:27,11.8143129
19:32:28,12.1574354
19:32:29,11.9937429
19:32:30,12.2604876
19:32:31,12.1182241
19:32:32,11.8704891
19:32:33,12.066246
19:32:34,9.535531
19:32:35,11.874402
19:32:36,15.621007
19:32:37,12.6298428
19:32:38,11.9079418
19:32:39,12.1053324
19:32:40,12.0192776
19:32:41,11.9286814
19:32:42,11.9427814
19:32:43,11.9722519
19:32:44,12.3201847
19:32:45,11.8894863
19:32:46,12.0679426
19:32:47,12.0022182
19:32:48,11.6934385
19:32:49,12.07327
19:32:50,12.2961912
19:32:51,11.9044914
19:32:52,11.7945461
19:32:53,11.8540525
19:32:54,12.12673
19:32:55,11.7809143
19:32:56,11.7000008
19:32:57,12.0579872
19:32:58,12.0482693
19:32:59,12.0269594
19:33:00,11.7628622
19:33:01,12.0520124
19:33:02,11.9828024
19:33:03,11.9841728
19:33:04,12.0955839
19:33:05,11.9382858
19:33:06,11.8791618
19:33:07,12.4503088
19:33:08,11.8798838
19:33:09,11.8559933
19:33:10,11.9956512
19:33:11,11.8607674
19:33:12,11.9351025
19:33:13,12.3204517
19:33:14,11.9973459
19:33:15,11.9797392
19:33:16,11.9202719
19:33:17,11.98627
19:33:18,11.8939066
19:33:19,11.97579
19:33:20,12.170701
19:33:21,11.9562225
19:33:22,11.9804239
19:33:23,11.982357
19:33:24,11.8326607
19:33:25,12.015296
19:33:26,11.8452
19:33:27,11.935277
19:33:28,11.7844658
19:33:29,12.2636576
19:33:30,11.9767189
19:33:31,11.8513288
19:33:32,12.0805864
19:33:33,12.2527218
19:33:34,11.85986
19:33:35,11.9621687
19:33:36,11.8219528
19:33:37,12.0689335
19:33:38,12.5359468
19:33:39,11.7895346
19:33:40,11.8896246
19:33:41,12.0987759
19:33:42,12.2089405
19:33:43,11.9405708
19:33:44,12.018137
19:33:45,12.0514412
19:33:46,11.7864017
19:33:47,11.9898319
19:33:48,12.0075321
19:33:49,12.1560841
19:33:50,12.254034
19:33:51,11.8362246
19:33:52,11.8385124
19:33:54,11.8453064
19:33:55,11.8288527
19:33:56,11.7017307
19:33:57,12.0215988
19:33:58,11.8357849
19:33:59,11.9751387
19:34:00,12.2266674
19:34:01,12.1956177
19:34:02,11.561862
19:34:03,12.0097084
19:34:04,11.9782877
19:34:05,12.0227747
19:34:06,11.7347679
19:34:07,12.4206371
19:34:08,12.0427513
19:34:09,12.0134163
19:34:10,11.666584
19:34:11,12.200491
19:34:12,12.0846663
19:34:13,11.9184885
19:34:14,12.05802
19:34:15,12.2936087
19:34:16,11.8438349
19:34:18,12.1121178
19:34:19,12.02909
19:34:20,11.8693352
19:34:21,11.8186712
19:34:22,12.2492771
19:34:23,11.9010172
19:34:24,12.0917816
19:34:25,12.195219
19:34:26,11.8338995
19:34:27,12.0352383
19:34:28,11.957098
19:34:29,11.6620426
19:34:30,11.6569576
19:34:31,11.8200817
19:34:32,12.2050362
19:34:33,11.9480247
19:34:34,12.0865669
19:34:35,11.9584932
19:34:36,11.7732658
19:34:37,11.8621492
19:34:38,12.04865
19:34:39,12.0930452
19:34:40,12.1430683
19:34:41,11.9641323
19:34:42,11.8962326
19:34:43,11.4268427
19:34:44,12.1545906
19:34:45,12.0549564
19:34:46,12.2208881
19:34:47,11.7189312
19:34:48,11.749176
19:34:49,12.2850227
19:34:50,11.6450071
19:34:51,11.9531775
19:34:52,12.0470991
19:34:53,12.2808943
19:34:54,12.1077757
19:34:55,11.9877977
19:34:56,11.9414692
19:34:57,12.0552492
19:34:58,12.0232391
19:34:59,11.8299522
19:35:00,11.8897142
19:35:01,12.0020952
19:35:02,11.8442726
19:35:03,11.9298429
19:35:04,12.11609
19:35:05,11.8613472
19:35:06,11.92686
19:35:07,11.7977514
19:35:08,11.98181
19:35:09,12.2174768
19:35:10,11.95914
19:35:11,12.0384607
19:35:12,12.0468769
19:35:13,12.1599388
19:35:14,11.8776712
19:35:15,12.1145458
19:35:16,11.9379482
19:35:17,12.1122618
19:35:18,11.7223644
19:35:19,11.9598179
19:35:20,12.1206
19:35:21,12.2176533
19:35:22,11.9326267
19:35:23,12.0697393
19:35:24,11.8303051
19:35:25,12.1517773
19:35:26,11.9956264
19:35:27,11.9262457
19:35:28,11.8601952
19:35:29,11.783926
19:35:30,11.7691145
19:35:31,12.3075266
19:35:32,11.9771042
19:35:33,11.9453382
19:35:34,11.9887075
19:35:35,11.8053741
19:35:36,11.97565
19:35:37,11.7683868
19:35:38,12.1571188
19:35:39,12.0193338
19:35:40,11.9525423
19:35:41,11.9836884
19:35:42,11.8437939
19:35:43,11.9332323
19:35:44,12.0382328
19:35:45,11.8726168
19:35:46,12.0475845
19:35:47,12.0081692
19:35:48,11.9120674
19:35:49,12.0524454
19:35:50,12.0966425
19:35:51,12.2164555
19:35:52,11.93787
19:35:53,11.9072838
19:35:54,11.7695675
19:35:55,12.0610533
19:35:56,11.9187994
19:35:57,11.5460415
19:35:58,12.1219959
19:35:59,11.8356123
19:36:00,11.8890009
19:36:01,12.3630171
19:36:02,12.0713387
19:36:03,12.158782
19:36:04,11.9274273
19:36:05,11.8752518
19:36:06,11.9443874
19:36:07,12.0589218
19:36:08,12.1259031
19:36:09,11.93751
19:36:10,12.0649233
19:36:11,11.9607563
19:36:12,12.2445421
19:36:13,11.9525719
19:36:14,11.7229328
19:36:15,11.9991512
19:36:16,12.0571795
19:36:17,11.9871836
19:36:18,11.8066044
19:36:19,12.1497364
19:36:20,12.0085812
19:36:21,11.9583321
19:36:22,12.255353
19:36:23,11.9558172
19:36:24,11.8518534
19:36:25,12.0895
19:36:26,11.9012241
19:36:27,11.7741137
19:36:28,11.9889
19:36:29,11.8635254
19:36:30,11.7502518
19:36:31,12.0731707
19:36:32,11.8307705
19:36:33,11.8583193
19:36:34,11.9905577
19:36:35,11.7870817
19:36:36,12.1951923
19:36:37,12.216527
19:36:38,11.9022932
19:36:39,11.6037664
19:36:40,12.14507
19:36:41,11.8756475
19:36:42,12.0466938
19:36:43,12.06546
19:36:44,12.0191336
19:36:45,12.008605
19:36:46,11.9635725
19:36:47,12.000329
19:36:48,11.9754257
19:36:49,12.1387081
19:36:50,11.9987364
19:36:52,12.0342751
19:36:53,12.1264038
19:36:54,11.9882727
19:36:55,11.9156084
19:36:56,11.8773212
19:36:57,12.1635151
19:36:58,12.0897675
19:36:59,11.6635427
19:37:00,11.791832
19:37:01,11.9932127
19:37:02,11.80421
19:37:03,12.0889349
19:37:04,11.9807224
19:37:05,12.0951338
19:37:06,11.8992062
19:37:07,12.0020666
19:37:08,11.8538332
19:37:09,11.9225378
19:37:10,12.8481865
19:37:11,11.781991
19:37:12,11.8897085
19:37:13,12.442318
19:37:14,11.9512548
19:37:15,12.1289425
19:37:16,12.0029573
19:37:17,11.78522
19:37:18,11.75476
19:37:19,12.3175259
19:37:20,12.1239376
19:37:21,12.0383739
19:37:22,12.0115442
19:37:23,11.9918575
19:37:24,11.864502
19:37:25,11.904027
19:37:26,11.79679
19:37:27,11.9281883
19:37:28,12.23063
19:37:29,11.9308729
19:37:30,12.043107
19:37:31,11.94191
19:37:32,11.82565
19:37:33,11.9827347
19:37:34,12.1785326
19:37:35,11.9857
19:37:36,12.0001068
19:37:37,12.3082848
19:37:38,11.7334146
19:37:39,11.8190136
19:37:40,11.9993391
19:37:41,12.0470858
19:37:42,11.925477
19:37:43,12.162447
19:37:44,11.898284
19:37:45,11.9926672
19:37:46,11.92263
19:37:47,12.0088549
19:37:48,12.2869158
19:37:49,11.9398575
19:37:50,12.1303682
19:37:51,12.0885925
19:37:52,12.0663128
19:37:53,12.1898451
19:37:55,11.9350729
19:37:56,11.8281107
19:37:57,11.88793
19:37:58,11.9529333
19:37:59,12.1489716
19:38:00,12.2134647
19:38:01,11.9891024
19:38:02,12.04902
19:38:03,11.7724695
19:38:04,12.0108261
19:38:05,11.6816168
19:38:06,12.0228968
19:38:07,12.2292519
19:38:08,11.9212828
19:38:09,11.9198208
19:38:10,11.9901886
19:38:11,11.7824039
19:38:12,11.832716
19:38:13,12.049304
19:38:14,12.007165
19:38:15,11.9735231
19:38:16,11.9499722
19:38:17,11.7894068
19:38:18,12.155364
19:38:19,12.1643124
19:38:20,12.2180338
19:38:21,12.0407877
19:38:22,11.860878
19:38:23,11.939786
19:38:24,11.9468079
19:38:25,11.9762754
19:38:26,12.0856066
19:38:27,12.0369673
19:38:28,12.0559254
19:38:29,12.04638
19:38:30,11.9221067
19:38:31,11.9473505
19:38:32,11.96723
19:38:33,12.1402149
19:38:34,12.0410748
19:38:35,11.9453707
19:38:36,12.1456461
19:38:37,11.8241453
19:38:38,11.814476
19:38:39,12.1727009
19:38:40,11.8281755
19:38:41,11.9450769
19:38:42,11.8619566
19:38:43,12.1843739
19:38:44,12.2334824
19:38:45,11.9710388
19:38:46,12.15464
19:38:47,11.9761124
19:38:48,12.0251865
19:38:49,12.0227261
19:38:50,11.8597565
19:38:51,11.8386116
19:38:52,12.0105858
19:38:53,11.8266258
19:38:55,12.2586975
19:38:56,11.7075024
19:38:57,12.0485239
19:38:58,11.7947779
19:38:59,12.154335
19:39:00,11.9996719
19:39:01,12.03146
19:39:02,12.1751137
19:39:03,11.9747171
19:39:04,11.8996792
19:39:05,12.052104
19:39:06,11.980195
19:39:07,12.0411024
19:39:08,12.0059013
19:39:09,12.1231489
19:39:10,12.0082588
19:39:11,12.0176182
19:39:12,11.8441839
19:39:13,12.0012083
19:39:14,12.1499605
19:39:15,11.4267368
19:39:16,12.0286255
19:39:17,12.1578655
19:39:19,12.1333666
19:39:20,11.77961
19:39:22,11.8390207
19:39:23,12.0980921
19:39:24,11.978714
19:39:25,11.92579
19:39:26,12.4469538
19:39:27,12.0064821
19:39:28,11.7083263
19:39:29,11.9323511
19:39:30,12.11098
19:39:31,11.932332
19:39:32,12.1877832
19:39:33,11.7962236
19:39:34,11.8753672
19:39:35,11.9596109
19:39:36,11.8337307
19:39:37,11.9609909
19:39:38,11.9865618
19:39:39,12.0267515
19:39:40,12.2049913
19:39:41,11.9157524
19:39:42,12.0128908
19:39:43,11.9420271
19:39:44,11.8278809
19:39:45,11.9794588
19:39:46,12.1745358
19:39:47,11.903512
19:39:48,12.0667734
19:39:49,11.9922676
19:39:50,12.0024576
19:39:51,12.0775051
19:39:52,11.854661
19:39:53,12.0927229
19:39:54,12.1307344
19:39:55,11.7971888
19:39:56,12.0414505
19:39:57,11.9774609
19:39:58,11.885848
19:39:59,12.0533018
19:40:00,11.8967276
19:40:01,11.7724171
19:40:02,12.27191
19:40:03,12.1643724
19:40:04,11.722867
19:40:05,11.98864
19:40:06,12.142662
19:40:07,11.9754162
19:40:08,12.3570814
19:40:09,12.0635023
19:40:10,11.8739653
19:40:11,11.6025953
19:40:12,12.1066151
19:40:13,12.0781832
19:40:14,12.111166
19:40:15,11.9196949
19:40:16,12.2063951
19:40:17,11.9599
19:40:18,12.0873814
19:40:19,11.8909893
19:40:20,12.1502876
19:40:21,12.1237106
19:40:22,11.9888248
19:40:23,12.1236792
19:40:24,11.894639
19:40:25,12.1763849
19:40:26,11.9612217
19:40:27,11.88373
19:40:28,11.7562752
19:40:29,11.87261
19:40:30,11.786706
19:40:31,12.5747213
19:40:32,12.0789995
19:40:33,11.8880043
19:40:34,12.0285692
19:40:35,11.9907818
19:40:36,12.055047
19:40:37,11.9685564
19:40:38,11.8932657
19:40:39,11.6886883
19:40:40,12.2078085
19:40:41,11.806653
19:40:42,12.1534157
19:40:43,12.1027174
19:40:44,11.83618
19:40:45,11.8252382
19:40:46,11.8122406
19:40:47,12.1068172
19:40:48,11.9885979
19:40:49,12.0636444
19:40:50,11.9444017
19:40:51,11.77083
19:40:52,12.1130457
19:40:53,11.9151306
19:40:54,11.8096676
19:40:55,11.6417227
19:40:56,12.1002493
19:40:57,11.8791323
19:40:58,12.2243166
19:40:59,12.0149317
19:41:00,11.8323526
19:41:01,11.9473152
19:41:02,12.0130672
19:41:03,12.39049
19:41:04,11.6128836
19:41:05,12.1403017
19:41:06,12.0038595
19:41:07,11.8544159
19:41:08,11.8157463
19:41:09,11.8687906
19:41:10,12.1540089
19:41:11,12.0151567
19:41:12,12.0162153
19:41:13,12.0853529
19:41:14,12.101902
19:41:15,12.0124388
19:41:16,11.8605318
19:41:17,11.97595
19:41:18,11.8316917
19:41:19,11.8997707
19:41:20,11.7813368
19:41:21,11.7904339
19:41:22,12.1298742
19:41:23,11.72912
19:41:24,11.8315716
19:41:25,12.08247
19:41:26,12.1022787
19:41:27,12.0263681
19:41:28,12.2014885
19:41:29,11.7768927
19:41:30,12.1149559
19:41:31,11.5736208
19:41:32,11.9986658
19:41:33,12.3235645
19:41:34,12.1746445
19:41:35,11.7917719
19:41:36,11.9809217
19:41:37,12.1413879
19:41:38,11.9097195
19:41:40,12.0691738
19:41:41,12.0096855
19:41:42,11.430913
19:41:43,12.9840174
19:41:44,12.0331564
19:41:45,11.7543392
19:41:46,12.0484829
19:41:47,11.91119
19:41:48,12.0892181
19:41:49,12.0131464
19:41:50,12.4045153
19:41:51,12.0214672
19:41:52,11.8533812
19:41:53,12.0631742
19:41:54,12.0089941
19:41:55,12.1032763
19:41:56,11.8500452
19:41:57,11.7210054
19:41:58,11.85786
19:41:59,11.7257671
19:42:00,11.8345423
19:42:01,12.1111746
19:42:02,11.9375277
19:42:03,12.284215
19:42:04,11.8158283
19:42:05,12.2286558
19:42:06,12.0827913
19:42:07,11.8878984
19:42:08,12.0034685
19:42:09,12.1069689
19:42:10,12.0396
19:42:11,12.0088263
19:42:12,11.9025259
19:42:13,12.072299
19:42:14,11.9985132
19:42:15,12.3223763
19:42:16,11.91245
19:42:17,11.8703022
19:42:18,12.06925
19:42:19,12.2406607
19:42:20,12.0158758
19:42:21,11.7082233
19:42:22,11.9749479
19:42:23,12.1534986
19:42:24,11.8021841
19:42:25,11.9055367
19:42:26,12.0296955
19:42:27,11.80479
19:42:28,11.9845667
19:42:29,12.1025038
19:42:30,12.1248665
19:42:31,11.9466028
19:42:32,12.0872726
19:42:33,11.94302
19:42:34,11.9355135
19:42:35,11.8136673
19:42:36,12.1742573
19:42:37,12.0540428
19:42:38,11.9987173
19:42:39,11.9781322
19:42:40,12.3224964
19:42:41,12.0663567
19:42:42,11.988883
19:42:43,11.96983
19:42:44,12.1116753
19:42:45,11.8584623
19:42:46,12.2180643
19:42:47,11.662323
19:42:48,12.1786642
19:42:49,11.9000978
19:42:50,12.1373539
19:42:51,12.230485
19:42:52,11.7748594
19:42:53,12.1639261
19:42:54,12.0589447
19:42:55,11.9936285
19:42:56,11.7265673
19:42:57,11.9408865
19:42:58,11.9262514
19:42:59,12.0120573
19:43:00,12.2578144
19:43:01,11.8990583
19:43:02,11.9491768
19:43:03,11.729744
19:43:04,12.19732
19:43:05,12.1034012
19:43:06,11.7175417
19:43:07,12.21864
19:43:08,11.9567719
19:43:09,12.2431984
19:43:10,12.1311789
19:43:11,11.9150534
19:43:12,12.13144
19:43:13,11.8083334
19:43:14,11.9440184
19:43:15,11.7831354
19:43:16,12.0086823
19:43:17,12.0264158
19:43:18,11.938674
19:43:19,11.8378868
19:43:20,12.0193882
19:43:21,12.0703659
19:43:22,11.714222
19:43:23,12.2544937
19:43:24,11.9249983
19:43:25,12.0432224
19:43:26,11.8246088
19:43:27,12.1854649
19:43:28,12.0220928
19:43:29,11.9669313
19:43:30,12.2447805
19:43:31,12.1099577
19:43:32,12.0913935
19:43:33,11.676218
19:43:34,11.8163023
19:43:35,11.9232759
19:43:36,11.86887
19:43:37,11.9652185
19:43:38,12.0080709
19:43:39,12.0789261
19:43:40,12.0079718
19:43:41,11.9852247
19:43:42,11.86094
19:43:43,12.28263
19:43:44,11.9600592
19:43:45,11.8157225
19:43:46,11.9999437
19:43:47,11.9359322
19:43:48,11.6371565
19:43:49,11.9950752
19:43:50,11.9878263
19:43:51,12.0593843
19:43:52,12.2696991
19:43:53,11.749445
19:43:54,12.2317886
19:43:55,11.8835583
19:43:56,12.3521671
19:43:57,11.9878845
19:43:58,12.4064007
19:43:59,12.0956917
19:44:00,11.6654387
19:44:01,11.7369318
19:44:02,12.02448
19:44:03,12.1361675
19:44:04,11.9263325
19:44:05,11.8348532
19:44:06,12.1014671
19:44:07,12.0164738
19:44:08,11.84167
19:44:09,12.415966
19:44:10,11.6638641
19:44:11,12.049201
19:44:12,12.0604687
19:44:13,11.8766994
19:44:14,12.04782
19:44:15,12.0259142
19:44:16,11.9229164
19:44:17,12.0841188
19:44:18,12.0743876
19:44:19,11.92444
19:44:20,12.1209526
19:44:21,11.813035
19:44:22,11.9368773
19:44:23,11.8977814
19:44:24,11.9154148
19:44:25,12.1040821
19:44:26,12.152132
19:44:27,11.9394369
19:44:28,12.00198
19:44:29,11.9499092
19:44:30,11.7227039
19:44:31,12.1301937
19:44:32,12.2465134
19:44:33,11.846117
19:44:34,11.7028646
19:44:35,12.2075987
19:44:36,11.861124
19:44:37,12.0684443
19:44:38,12.1796846
19:44:39,12.113019
19:44:40,12.130208
19:44:41,11.9971657
19:44:42,11.9009762
19:44:43,12.0402517
19:44:44,12.309473
19:44:45,12.0574789
19:44:46,12.02406
19:44:47,12.2438231
19:44:48,11.9253349
19:44:49,11.8561192
19:44:50,11.9772367
19:44:51,11.85386
19:44:52,12.17637
19:44:54,12.1198759
19:44:55,12.0973635
19:44:56,12.0800447
19:44:57,11.9635649
19:44:58,11.6819725
19:44:59,11.6160507
19:45:00,12.0249491
19:45:01,11.8219337
19:45:02,11.7493954
19:45:03,12.1525326
19:45:04,12.10529
19:45:05,12.1426716
19:45:06,12.3013964
19:45:07,12.0252285
19:45:08,11.8175583
19:45:09,11.7956409
19:45:10,11.8919516
19:45:11,11.8704634
19:45:12,11.8515024
19:45:14,11.946558
19:45:15,11.9452515
19:45:16,12.0153427
19:45:17,11.502203
19:45:18,12.1550674
19:45:19,11.9717646
19:45:20,12.002614
19:45:21,12.121623
19:45:22,12.1453724
19:45:23,12.0708151
19:45:25,11.9349813
19:45:27,12.1286516
19:45:29,11.8428335
19:45:31,12.0449152
19:45:33,12.1960144
19:45:34,11.6321774
19:45:35,12.07708
19:45:36,11.82479
19:45:37,11.8344641
19:45:38,12.2399025
19:45:39,11.9175549
19:45:40,11.8668184
19:45:41,11.917202
19:45:42,11.9110308
19:45:43,12.3412142
19:45:44,12.0907564
19:45:45,11.909833
19:45:46,12.094203
19:45:47,11.77698
19:45:48,11.9868326
19:45:49,12.08753
19:45:50,11.7431421
19:45:51,11.99297
19:45:52,11.951932
19:45:53,11.8604746
19:45:54,12.2161016
19:45:55,11.7826424
19:45:56,11.8303556
19:45:57,12.4254656
19:45:58,11.717555
19:45:59,12.2906132
19:46:00,12.12581
19:46:01,11.9444962
19:46:02,11.9854221
19:46:03,12.1932831
19:46:04,12.0764265
19:46:05,11.7045355
19:46:06,11.8646336
19:46:07,11.9659786
19:46:08,12.0688734
19:46:09,11.9517775
19:46:10,12.17461
19:46:11,11.9140987
19:46:12,11.7002592
19:46:13,12.1591215
19:46:14,12.2624807
19:46:15,12.073101
19:46:16,12.1211309
19:46:17,11.7203226
19:46:18,11.745244
19:46:19,11.83356
19:46:20,12.0178175
19:46:21,12.084506
19:46:22,12.0045052
19:46:23,12.2008371
19:46:24,11.9645424
19:46:25,12.0739117
19:46:26,12.2345114
19:46:27,11.89873
19:46:28,11.978857
19:46:29,11.8864861
19:46:30,11.9777241
19:46:31,12.081068
19:46:32,12.0528564
19:46:33,11.9431467
19:46:34,12.0149221
19:46:35,11.9216413
19:46:36,11.7632027
19:46:37,11.9256239
19:46:38,11.8263025
19:46:39,12.0955772
19:46:40,12.0439243
19:46:41,11.9794836
19:46:42,12.0671825
19:46:43,11.9513988
19:46:44,11.860321
19:46:45,12.0355825
19:46:46,11.9557934
19:46:47,11.91874
19:46:48,11.5668373
19:46:49,12.2501478
19:46:50,11.74427
19:46:51,12.2315407
19:46:52,12.1809874
19:46:53,11.9026537
19:46:54,11.8860874
19:46:55,12.25394
19:46:56,12.0612679
19:46:57,11.8452
19:46:58,12.0980511
19:46:59,12.1096411
19:47:00,11.818285
19:47:01,12.0537138
19:47:02,12.1396885
19:47:03,11.8060684
19:47:04,11.8212252
19:47:05,12.0129375
19:47:06,12.1137438
19:47:07,12.0504189
19:47:08,11.8803806
19:47:09,11.8229752
19:47:10,11.7000847
19:47:11,11.9609528
19:47:12,11.9982681
19:47:13,11.800952
19:47:14,12.1143312
19:47:15,11.9656353
19:47:16,12.0986738
19:47:17,11.9365177
19:47:18,12.0205193
19:47:19,11.9831371
19:47:20,11.9800968
19:47:21,11.7971954
19:47:22,12.0188446
19:47:23,12.0579967
19:47:24,12.1514626
19:47:25,11.9381227
19:47:26,11.93593
19:47:27,11.7669868
19:47:28,12.0560255
19:47:29,12.113946
19:47:30,12.0678349
19:47:31,12.0118341
19:47:32,11.9581547
19:47:33,11.9120874
19:47:34,11.923461
19:47:35,11.6658716
19:47:36,11.8920221
19:47:37,12.0685062
19:47:38,12.2702608
19:47:39,12.0617857
19:47:40,11.8430519
19:47:41,12.0745363
19:47:42,12.1481752
19:47:43,11.9191694
19:47:44,11.718174
19:47:45,11.9899616
19:47:46,12.01667
19:47:47,12.0689
19:47:48,12.0005112
19:47:49,11.860445
19:47:50,12.0389071
19:47:51,12.01659
19:47:52,11.905056
19:47:53,11.92503
19:47:54,12.00158
19:47:55,11.7999382
19:47:56,11.9698782
19:47:57,12.022089
19:47:58,12.0415039
19:47:59,11.6512766
19:48:00,11.8068953
19:48:01,11.9704609
19:48:02,11.763504
19:48:03,12.15638
19:48:04,12.3702269
19:48:05,12.0817947
19:48:06,11.84705
19:48:07,12.1046839
19:48:08,12.0789967
19:48:09,11.6336126
19:48:10,12.034173
19:48:11,11.7667055
19:48:12,11.9137583
19:48:13,12.2081785
19:48:14,12.0107841
19:48:15,11.9034519
19:48:16,11.801095
19:48:17,11.75624
19:48:18,11.7992744
19:48:19,12.0575228
19:48:20,12.38702
19:48:21,11.5960436
19:48:22,12.0946741
19:48:23,11.8655367
19:48:24,11.8195248
19:48:25,12.0723515
19:48:26,12.0269966
19:48:27,11.8897924
19:48:28,12.0188589
19:48:29,12.1070442
19:48:30,11.6282339
19:48:31,12.2208023
19:48:32,11.8622351
19:48:33,12.0756207
19:48:34,11.8543186
19:48:36,12.2710133
19:48:37,11.9643755
19:48:38,12.2128935
19:48:39,11.7772017
19:48:40,11.8568029
19:48:41,11.9439974
19:48:42,12.1166077
19:48:43,12.0456066
19:48:44,12.0586939
19:48:45,11.82278
19:48:46,11.8763647
19:48:47,12.278595
19:48:48,11.9017181
19:48:49,11.79142
19:48:50,11.959115
19:48:51,12.1115742
19:48:52,11.9827337
19:48:53,11.8717785
19:48:54,12.04848
19:48:55,11.9083529
19:48:56,11.584446
19:48:57,12.0669136
19:48:58,12.0283031
19:48:59,12.2019787
19:49:00,12.0468349
19:49:01,11.8966808
19:49:02,12.0533953
19:49:03,12.04507
19:49:04,11.9175282
19:49:05,11.99553
19:49:06,11.8831024
19:49:07,12.2679739
19:49:08,12.1506557
19:49:09,11.9000187
19:49:10,11.9088717
19:49:11,11.9159174
19:49:12,11.9284983
19:49:13,12.1298122
19:49:14,11.86489
19:49:15,11.9898424
19:49:16,12.0266953
19:49:17,11.9969225
19:49:18,11.9683456
19:49:19,12.1899319
19:49:20,11.7329988
19:49:21,12.0737619
19:49:22,12.1052608
19:49:23,11.9181194
19:49:24,11.9144211
19:49:25,12.0626135
19:49:26,12.1018839
19:49:27,12.2739134
19:49:28,12.1215057
19:49:29,12.15703
19:49:30,12.06182
19:49:31,12.0671282
19:49:32,11.8982849
19:49:33,11.8652992
19:49:34,11.9752712
19:49:35,11.9829493
19:49:36,11.75448
19:49:37,12.0073757
19:49:38,12.16966
19:49:39,12.1405487
19:49:40,12.1247454
19:49:41,11.92926
19:49:42,11.7394581
19:49:43,11.7544346
19:49:44,11.8559589
19:49:45,12.0538979
19:49:46,12.0073662
19:49:47,12.0688219
19:49:48,11.6974792
19:49:49,11.9535074
19:49:50,12.1476269
19:49:51,11.760498
19:49:52,11.703927
19:49:54,12.249629
19:49:55,12.33543
19:49:56,11.8680582
19:49:57,11.8018484
19:49:58,12.0410814
19:49:59,12.0210028
19:50:00,11.89078
19:50:01,11.6869383
19:50:02,11.8008852
19:50:03,12.0190887
19:50:04,12.1736774
19:50:05,11.8568106
19:50:06,11.903204
19:50:07,12.0074253
19:50:08,11.9563007
19:50:09,12.327673
19:50:10,11.8408813
19:50:11,12.0119534
19:50:12,11.8442783
19:50:13,12.1289759
19:50:14,11.8834133
19:50:15,11.8001575
19:50:16,12.2372952
19:50:17,11.85491
19:50:18,12.1030006
19:50:19,12.0012379
19:50:20,12.1796837
19:50:21,11.9220324
19:50:22,11.76808
19:50:23,11.8150568
19:50:24,12.2946262
19:50:25,12.1142874
19:50:26,12.1480846
19:50:27,12.1638594
19:50:28,11.9456034
19:50:29,11.9004593
19:50:30,12.0748882
19:50:31,11.9668493
19:50:32,11.9240856
19:50:33,12.1534843
19:50:34,11.9695673
19:50:35,11.9556408
19:50:36,12.0215893
19:50:37,11.28385
19:50:38,12.0563364
19:50:39,12.0445356
19:50:40,12.1482487
19:50:41,11.777688
19:50:42,12.0243607
19:50:43,12.111083
19:50:44,12.11225
19:50:45,11.9164724
19:50:46,12.3200216
19:50:47,12.3445625
19:50:48,12.0492382
19:50:49,11.8457146
19:50:50,11.9693871
19:50:51,11.9320469
19:50:52,11.9383163
19:50:54,12.0651379
19:50:55,11.8686924
19:50:56,11.8841839
19:50:57,11.6646595
19:50:58,11.8541336
19:50:59,11.8954086
19:51:00,11.6743
19:51:01,11.9373007
19:51:02,12.00325
19:51:03,12.2624073
19:51:04,12.3612185
19:51:05,11.8166361
19:51:06,12.41845
19:51:07,12.2793045
19:51:08,12.0485153
19:51:10,11.9658861
19:51:11,11.8576059
19:51:13,12.1516123
19:51:14,11.9166975
19:51:16,12.0632954
19:51:18,11.9616995
19:51:19,11.9668884
19:51:20,11.9945164
19:51:21,11.9579887
19:51:22,12.4004707
19:51:23,11.9044647
19:51:25,12.2149067
19:51:26,11.9008341
19:51:27,12.1354437
19:51:28,11.9402113
19:51:29,11.7453012
19:51:30,11.6881027
19:51:31,11.8556061
19:51:32,11.9015808
19:51:33,11.8517656
19:51:34,12.0893316
19:51:35,12.3909941
19:51:36,12.0713377
19:51:37,12.12337
19:51:38,12.1722593
19:51:39,11.9086781
19:51:40,11.7352571
19:51:41,11.8817406
19:51:42,11.7759295
19:51:43,12.1089439
19:51:44,11.9985495
19:51:45,11.8988495
19:51:46,12.190073
19:51:47,12.1533155
19:51:48,11.8233919
19:51:49,12.0635023
19:51:50,11.8375616
19:51:51,12.014514
19:51:52,11.8731718
19:51:53,12.0606976
19:51:54,12.0081949
19:51:55,11.9769583
19:51:56,11.77695
19:51:57,12.1574354
19:51:58,11.8809385
19:51:59,12.0346851
19:52:00,11.9193249
19:52:01,11.980813
19:52:02,11.9096
19:52:03,12.1021261
19:52:04,11.9587908
19:52:05,12.1006784
19:52:06,12.2781086
19:52:07,11.8048105
19:52:08,11.9979525
19:52:09,12.062212
19:52:10,12.03008
19:52:11,11.7993727
19:52:12,12.0806494
19:52:13,11.8510828
19:52:14,12.2567205
19:52:15,11.8689842
19:52:16,11.9326649
19:52:17,11.9438457
19:52:18,11.812396
19:52:19,11.8886919
19:52:20,11.9104862
19:52:21,12.0633507
19:52:22,11.92035
19:52:23,12.0421009
19:52:24,11.9956188
19:52:25,11.7741566
19:52:26,12.2563353
19:52:27,12.0127583
19:52:28,11.99807
19:52:29,11.6139336
19:52:30,12.05571
19:52:31,12.0837975
19:52:32,12.0605726
19:52:33,11.65463
19:52:34,12.1210537
19:52:35,12.1359625
19:52:36,11.9812565
19:52:37,12.260994
19:52:38,12.0757446
19:52:39,11.9874649
19:52:40,11.94458
19:52:41,12.0111256
19:52:42,11.7302113
19:52:43,11.8770523
19:52:44,12.0361414
19:52:45,11.9375658
19:52:46,12.043726
19:52:47,11.8805752
19:52:48,11.9177656
19:52:49,11.9374084
19:52:50,11.8576307
19:52:51,11.8217049
19:52:52,12.1287241
19:52:53,11.9477148
19:52:54,11.9733162
19:52:55,11.8166323
19:52:56,12.0521936
19:52:57,11.8205919
19:52:58,12.0655365
19:52:59,11.7351322
19:53:00,12.3075552
19:53:01,12.1063967
19:53:02,12.06037
19:53:03,11.6601629
19:53:04,11.6203756
19:53:05,12.6654615
19:53:06,11.90805
19:53:07,12.1953592
19:53:08,12.1336718
19:53:09,11.9094238
19:53:10,11.8699284
19:53:11,12.0965118
19:53:12,12.0912228
19:53:13,11.8235464
19:53:14,12.26684
19:53:15,11.7173033
19:53:16,12.1004868
19:53:17,11.9537764
19:53:18,12.1474943
19:53:19,11.8936644
19:53:20,11.8757172
19:53:21,12.0719671
19:53:22,12.1632881
19:53:23,11.8224487
19:53:24,12.1684608
19:53:25,11.8931618
19:53:26,12.1380224
19:53:27,12.0963535
19:53:28,11.8412895
19:53:29,12.0458241
19:53:30,11.9397583
19:53:31,12.0477142
19:53:32,11.9845028
19:53:34,11.9845848
19:53:35,12.0484161
19:53:36,12.1418
19:53:37,11.8224669
19:53:38,12.0798273
19:53:39,12.0243635
19:53:40,11.8221846
19:53:41,12.0473576
19:53:42,12.2137
19:53:43,12.1002884
19:53:44,11.7546
19:53:45,12.1887083
19:53:46,11.7310648
19:53:47,12.0256462
19:53:48,12.0138474
19:53:49,12.2583952
19:53:50,11.8850956
19:53:51,11.8991814
19:53:52,12.1285048
19:53:53,11.7629385
19:53:54,12.3416471
19:53:55,11.7305641
19:53:56,12.0512676
19:53:57,11.9516611
19:53:58,12.2976131
19:53:59,11.9388638
19:54:00,12.2079754
19:54:01,12.1499786
19:54:02,11.656044
19:54:03,11.9037981
19:54:04,11.9286289
19:54:05,11.7650814
19:54:06,11.8664465
19:54:07,11.9824572
19:54:08,12.1905985
19:54:09,11.908864
19:54:10,12.0129185
19:54:11,11.9758368
19:54:12,12.2253666
19:54:13,11.8577614
19:54:14,12.0117617
19:54:15,11.8246031
19:54:16,12.037859
19:54:17,11.8003855
19:54:18,11.7773037
19:54:19,11.9117947
19:54:20,12.2426538
19:54:21,12.2295618
19:54:22,12.08425
19:54:23,11.8961248
19:54:24,12.0515881
19:54:25,11.8884516
19:54:26,12.1207752
19:54:27,11.9502172
19:54:28,12.1168652
19:54:29,12.2248211
19:54:30,11.9884739
19:54:31,11.695714
19:54:32,11.9227514
19:54:33,11.9198561
19:54:34,11.7398386
19:54:35,11.9727354
19:54:36,12.3379278
19:54:37,12.0660419
19:54:38,11.8954287
19:54:39,11.645072
19:54:40,11.6562386
19:54:41,11.9807777
19:54:42,12.0627117
19:54:43,11.7957973
19:54:44,12.0374632
19:54:45,11.82597
19:54:46,12.0517931
19:54:47,12.213645
19:54:48,12.1729469
19:54:49,12.1205015
19:54:50,11.851285
19:54:51,11.8224068
19:54:52,11.65756
19:54:53,11.9750595
19:54:54,12.0186224
19:54:55,11.9328642
19:54:56,11.9402122
19:54:57,12.0144777
19:54:58,12.0172415
19:54:59,12.0348673
19:55:00,11.9818239
19:55:01,12.0237627
19:55:02,11.9667263
19:55:03,12.0237007
19:55:04,11.8662357
19:55:05,11.8354778
19:55:06,12.25256
19:55:07,12.0231447
19:55:08,11.8727684
19:55:09,12.10982
19:55:10,11.832303
19:55:11,11.7725449
19:55:12,11.779192
19:55:13,12.425499
19:55:14,12.1221619
19:55:15,11.6328955
19:55:16,11.8346872
19:55:17,12.4299011
19:55:18,12.0045929
19:55:19,12.2891607
19:55:20,11.8322506
19:55:21,12.4121065
19:55:22,12.2350626
19:55:23,11.8096027
19:55:24,12.1822538
19:55:25,11.9520111
19:55:26,11.7499027
19:55:27,12.0679512
19:55:28,11.9554462
19:55:29,11.9926739
19:55:30,11.889411
19:55:31,12.0272293
19:55:32,12.2029524
19:55:33,11.9011564
19:55:34,12.1192465
19:55:35,11.840579
19:55:36,11.9490757
19:55:37,11.7871895
19:55:38,12.1882534
19:55:39,11.8721848
19:55:40,12.1993475
19:55:41,12.2420712
19:55:42,11.78415
19:55:43,12.0166464
19:55:44,12.1028013
19:55:45,12.0772276
19:55:46,12.0194626
19:55:47,12.0421515
19:55:48,11.9665813
19:55:49,12.2066326
19:55:50,11.94744
19:55:51,11.8851871
19:55:52,11.8808117
19:55:53,11.9247351
19:55:55,12.0235062
19:55:56,12.29077
19:55:57,11.8332138
19:55:58,12.0290651
19:55:59,12.1964912
19:56:00,11.8196793
19:56:01,12.1538849
19:56:02,12.0817757
19:56:03,11.8978834
19:56:04,12.0458384
19:56:05,11.9801865
19:56:06,12.0072975
19:56:07,11.7327232
19:56:08,11.9579515
19:56:09,11.8963375
19:56:10,12.1194334
19:56:11,12.0064678
19:56:12,11.9725294
19:56:13,11.6735973
19:56:14,12.1699562
19:56:15,11.9470062
19:56:16,11.890439
19:56:18,12.0809011
19:56:20,12.1550875
19:56:21,11.9756241
19:56:22,11.91045
19:56:23,12.1214905
19:56:24,12.0865688
19:56:25,11.8874979
19:56:26,11.9190636
19:56:27,11.933033
19:56:28,12.1554308
19:56:29,11.9871864
19:56:30,12.0280075
19:56:31,12.1412773
19:56:32,11.9433622
19:56:33,12.2917919
19:56:34,12.1724892
19:56:35,12.03935
19:56:36,11.7448349
19:56:37,12.0486736
19:56:38,12.00887
19:56:39,11.5306244
19:56:40,12.2886219
19:56:41,12.0320139
19:56:42,11.9400234
19:56:43,11.9638557
19:56:44,12.0742483
19:56:45,12.0250778
19:56:46,11.9935226
19:56:47,11.949214
19:56:48,11.8389854
19:56:49,12.1826735
19:56:50,11.9453592
19:56:51,12.35223
19:56:52,11.9265585
19:56:53,11.7331352
19:56:54,11.904705
19:56:55,11.9285879
19:56:56,11.6306734
19:56:57,12.0755053
19:56:58,11.8671026
19:56:59,12.38361
19:57:00,12.106883
19:57:01,12.1137466
19:57:02,11.9747086
19:57:03,11.9556561
19:57:04,11.6629934
19:57:05,11.7811708
19:57:06,12.024189
19:57:07,12.0977774
19:57:08,12.015708
19:57:09,11.9362783
19:57:10,12.0044842
19:57:11,11.929142
19:57:12,11.9533091
19:57:13,12.093524
19:57:14,12.2055607
19:57:15,11.801754
19:57:16,12.1493292
19:57:17,12.0769262
19:57:18,11.7481174
19:57:19,11.7841673
19:57:20,11.8776264
19:57:21,12.116765
19:57:22,12.126956
19:57:23,12.177042
19:57:24,11.9355984
19:57:25,11.7753363
19:57:26,12.1071281
19:57:27,11.4922752
19:57:28,11.9639359
19:57:29,12.0826683
19:57:30,12.32572
19:57:31,11.8491678
19:57:32,12.301321
19:57:33,12.1902008
19:57:34,11.5622578
19:57:35,12.2529945
19:57:36,12.2731419
19:57:37,12.1847973
19:57:38,12.1748714
19:57:39,11.8353653
19:57:40,12.0252037
19:57:41,11.7696466
19:57:42,11.9957037
19:57:43,11.9969559
19:57:44,12.2861862
19:57:45,12.2515383
19:57:46,12.0425663
19:57:47,11.9959908
19:57:48,11.8061647
19:57:49,12.0752935
19:57:50,11.82534
19:57:51,11.9817286
19:57:52,11.9761543
19:57:54,11.9890337
19:57:55,11.5671444
19:57:56,12.2198534
19:57:57,11.9060287
19:57:58,10.2329073
19:57:59,11.7384367
19:58:00,14.49784
19:58:01,13.2074966
19:58:02,12.0738926
19:58:03,12.0074463
19:58:04,11.65492
19:58:05,11.7298555
19:58:06,11.8816586
19:58:07,12.3065434
19:58:08,11.998373
19:58:09,11.482419
19:58:10,11.977109
19:58:11,12.0633564
19:58:12,11.76554
19:58:13,12.1770363
19:58:14,11.9714985
19:58:15,11.9586382
19:58:16,12.2439938
19:58:17,12.1422529
19:58:18,11.9736128
19:58:19,12.2378063
19:58:20,11.9407349
19:58:21,12.0712261
19:58:22,11.9451561
19:58:23,11.9703455
19:58:24,11.8709965
19:58:25,11.91047
19:58:27,12.0885973
19:58:28,12.007947
19:58:29,11.9606476
19:58:30,12.1152411
19:58:31,11.9442873
19:58:32,11.8608093
19:58:33,11.867444
19:58:34,12.1130333
19:58:35,11.9611883
19:58:36,11.7528009
19:58:37,12.24814
19:58:38,11.9539957
19:58:39,11.8688583
19:58:40,11.75033
19:58:41,12.1293163
19:58:42,11.9032
19:58:43,12.0727463
19:58:44,11.8606691
19:58:45,11.7993746
19:58:46,11.8875027
19:58:47,12.13444
19:58:48,11.8201609
19:58:49,11.9821482
19:58:50,11.7882462
19:58:51,12.07178
19:58:52,12.006999
19:58:53,12.23593
19:58:54,11.9384985
19:58:55,11.9977322
19:58:56,12.0294847
19:58:57,11.8210611
19:58:58,11.8011646
19:58:59,12.0312481
19:59:00,11.922451
19:59:01,11.9907446
19:59:02,12.0286179
19:59:03,11.7790623
19:59:04,11.9690247
19:59:05,11.9347973
19:59:06,11.9156075
19:59:07,12.243166
19:59:08,12.0557575
19:59:09,11.9343338
19:59:10,11.807147
19:59:11,12.3265514
19:59:12,11.8849411
19:59:13,12.0213327
19:59:14,12.0403147
19:59:15,12.1682262
19:59:16,11.994421
19:59:17,11.9270973
19:59:18,12.1532974
19:59:19,11.9500675
19:59:20,11.6777229
19:59:21,12.3059425
19:59:22,12.2009125
19:59:23,12.0150127
19:59:24,11.9206524
19:59:25,11.9797249
19:59:26,12.2574368
19:59:27,11.6888866
19:59:28,12.1355715
19:59:29,12.1889429
19:59:30,11.9577255
19:59:31,12.0143375
19:59:32,11.6485891
19:59:33,11.8064919
19:59:34,11.9612122
19:59:35,12.0316982
19:59:36,12.0294027
19:59:37,12.0797472
19:59:38,11.5324411
19:59:39,12.2724037
19:59:40,12.0186615
19:59:41,12.0385084
19:59:42,12.0613785
19:59:43,12.08786
19:59:44,12.0068007
19:59:45,11.9697924
19:59:46,12.0039425
19:59:47,11.7449646
19:59:48,11.923068
19:59:49,11.8376665
19:59:50,12.1247883
19:59:51,11.9922037
19:59:52,12.1465807
19:59:53,11.9759455
19:59:54,11.9729776
19:59:55,12.2708864
19:59:56,12.086091
19:59:57,11.9944592
19:59:58,11.7462549
19:59:59,11.9513235
20:00:00,12.0927925
20:00:01,11.9552183
20:00:02,11.9117985
20:00:03,11.9788151
20:00:04,12.1652651
20:00:05,11.9659252
20:00:06,11.8712015
20:00:07,11.6657944
20:00:08,11.9191523
20:00:09,12.2043381
20:00:10,11.8225775
20:00:11,12.05234
20:00:12,12.1559172
20:00:13,11.8445559
20:00:14,12.2229128
20:00:15,12.1443281
20:00:16,12.0178013
20:00:17,12.4762316
20:00:18,11.8633547
20:00:19,11.84695
20:00:20,12.1247606
20:00:21,12.0304527
20:00:22,12.144599
20:00:23,11.9249306
20:00:24,11.8464613
20:00:25,12.2934227
20:00:26,11.9711981
20:00:27,11.7660017
20:00:28,12.0395308
20:00:29,12.1272955
20:00:30,11.9976368
20:00:31,11.8372641
20:00:32,11.7859306
20:00:33,11.914691
20:00:34,12.2764606
20:00:35,12.1281929
20:00:36,12.019762
20:00:37,12.23902
20:00:38,12.09412
20:00:39,11.9154987
20:00:40,11.99323
20:00:41,11.9417992
20:00:42,12.1089344
20:00:43,11.87716
20:00:44,12.1637449
20:00:45,12.05053
20:00:46,12.0030174
20:00:47,11.9494314
20:00:48,12.0913439
20:00:49,11.9388552
20:00:50,12.1076021
20:00:51,12.0447111
20:00:52,12.1421089
20:00:54,12.1896124
20:00:55,11.8500481
20:00:56,11.9036732
20:00:57,12.0821743
20:00:58,12.0014935
20:00:59,11.971734
20:01:00,12.106514
20:01:01,11.8186073
20:01:02,11.8590021
20:01:03,12.293499
20:01:04,11.957572
20:01:06,11.9138746
20:01:07,11.900219
20:01:08,12.0869637
20:01:09,11.9857788
20:01:10,12.0751257
20:01:11,11.9340925
20:01:12,11.8124409
20:01:13,11.7238913
20:01:14,11.763236
20:01:15,11.7782125
20:01:16,11.9968948
20:01:17,12.1478529
20:01:18,12.06717
20:01:19,11.809742
20:01:20,11.8730736
20:01:21,12.1711626
20:01:22,11.7668142
20:01:23,12.2732735
20:01:24,12.07937
20:01:25,12.0763865
20:01:26,12.1361132
20:01:27,12.2386923
20:01:28,11.7618685
20:01:29,11.7180748
20:01:30,12.1617126
20:01:31,11.8984194
20:01:32,11.8334875
20:01:33,11.9784861
20:01:34,11.8608408
20:01:35,11.9335461
20:01:36,11.9518385
20:01:37,11.9242077
20:01:38,11.9121313
20:01:39,12.1561327
20:01:40,12.0281324
20:01:41,12.0427437
20:01:42,12.099124
20:01:43,11.955266
20:01:44,11.9557037
20:01:45,11.9990788
20:01:46,12.0391293
20:01:47,11.8904953
20:01:48,11.9914055
20:01:49,11.9094238
20:01:50,11.9607325
20:01:51,11.8602
20:01:52,11.862525
20:01:53,12.2689123
20:01:54,12.20665
20:01:55,12.212635
20:01:56,11.9345284
20:01:57,12.0555277
20:01:58,11.9388065
20:01:59,12.0091019
20:02:00,11.8353233
20:02:01,11.9909849
20:02:02,12.0107422
20:02:03,12.0478239
20:02:04,12.2470484
20:02:05,11.9020348
20:02:06,11.6126385
20:02:07,11.8761349
20:02:08,12.0056915
20:02:09,12.0240717
20:02:10,12.0130272
20:02:11,11.8131657
20:02:12,11.9600992
20:02:13,12.0025654
20:02:14,12.0604992
20:02:15,12.0461187
20:02:16,12.0295162
20:02:17,12.0970583
20:02:18,12.0927582
20:02:19,11.9983959
20:02:20,12.046278
20:02:21,11.953577
20:02:22,11.875432
20:02:23,11.8179159
20:02:24,11.8501482
20:02:25,12.0821285
20:02:26,12.3055811
20:02:27,11.8154926
20:02:28,12.1776009
20:02:29,12.4378052
20:02:30,12.1126308
20:02:31,12.0537939
20:02:32,12.2368145
20:02:33,12.0188732
20:02:34,12.0560694
20:02:35,12.0996284
20:02:36,12.0761633
20:02:37,12.2017727
20:02:38,12.0808649
20:02:39,11.937398
20:02:40,11.8715954
20:02:41,12.1328535
20:02:42,12.0260782
20:02:43,12.0668859
20:02:44,12.0446949
20:02:45,11.8943243
20:02:46,11.9599743
20:02:47,12.0037689
20:02:48,11.958395
20:02:49,11.95751
20:02:50,12.0353279
20:02:51,12.0829277
20:02:52,11.8711329
20:02:53,12.2914629
20:02:54,11.6803484
20:02:55,12.3060007
20:02:56,11.7775583
20:02:57,11.8447561
20:02:58,11.92962
20:02:59,12.0465336
20:03:00,12.2915392
20:03:01,11.8091011
20:03:02,12.0282593
20:03:03,12.0660582
20:03:04,11.9722366
20:03:05,12.00493
20:03:06,12.249486
20:03:07,11.8484058
20:03:08,11.8186941
20:03:09,12.0739231
20:03:10,12.0376
20:03:11,12.2891884
20:03:12,12.0892315
20:03:13,11.8844633
20:03:14,11.8648815
20:03:15,12.0412006
20:03:16,12.1117058
20:03:17,11.8966951
20:03:18,11.932806
20:03:19,11.8441858
20:03:20,11.9255714
20:03:21,11.8456573
20:03:22,11.8248329
20:03:23,11.9725609
20:03:24,12.0048933
20:03:26,11.9683018
20:03:27,11.8026972
20:03:28,11.9023962
20:03:29,12.2260294
20:03:30,12.298604
20:03:31,11.9986715
20:03:32,12.0129051
20:03:33,11.7527037
20:03:34,12.28386
20:03:35,11.8958092
20:03:36,11.8922615
20:03:37,12.2402992
20:03:38,12.1497259
20:03:39,12.0338278
20:03:40,12.0314026
20:03:41,11.9186592
20:03:42,12.0633955
20:03:43,12.0599632
20:03:44,12.066638
20:03:45,11.8228455
20:03:46,12.0505915
20:03:47,12.164567
20:03:48,11.9623909
20:03:49,11.80397
20:03:50,12.0893612
20:03:51,11.9346533
20:03:52,12.0698261
20:03:53,12.1575089
20:03:54,12.1835365
20:03:55,12.0054293
20:03:56,12.1880932
20:03:57,11.9395142
20:03:58,12.0942392
20:03:59,12.1924934
20:04:00,12.2111349
20:04:01,11.8310537
20:04:02,12.40978
20:04:03,12.0619383
20:04:04,11.8345032
20:04:05,11.96866
20:04:06,12.10049
20:04:07,11.98835
20:04:08,11.96662
20:04:09,12.0929976
20:04:10,11.9371862
20:04:11,11.6623793
20:04:12,11.7151947
20:04:13,12.07403
20:04:14,12.1320772
20:04:15,12.103961
20:04:16,12.0540743
20:04:17,12.0082741
20:04:18,11.6719828
20:04:19,11.9590464
20:04:20,11.896286
20:04:21,11.9396257
20:04:22,12.198514
20:04:23,12.1062708
20:04:24,11.9757137
20:04:25,12.0708523
20:04:26,11.9876394
20:04:27,12.0980663
20:04:28,12.3401794
20:04:29,12.03597
20:04:30,11.9417849
20:04:31,12.0653381
20:04:32,11.7867947
20:04:33,12.1129265
20:04:34,11.8345385
20:04:35,11.9474907
20:04:36,11.9684591
20:04:37,11.9991245
20:04:38,12.0325518
20:04:39,11.7199593
20:04:40,12.0156145
20:04:41,12.0128088
20:04:42,12.2490711
20:04:43,12.0991669
20:04:44,11.97645
20:04:45,11.9700451
20:04:46,11.9087276
20:04:47,12.2349577
20:04:48,11.8718586
20:04:49,12.3205042
20:04:50,11.9576159
20:04:51,12.013834
20:04:52,11.8625078
20:04:53,11.8476048
20:04:54,12.1055536
20:04:55,11.849308
20:04:56,12.1638641
20:04:57,11.84534
20:04:58,11.9322386
20:04:59,11.98801
20:05:00,11.969656
20:05:01,12.2311192
20:05:02,12.0832348
20:05:03,12.1594086
20:05:04,11.8674459
20:05:05,11.9956827
20:05:06,11.8313589
20:05:07,11.94148
20:05:08,12.1836157
20:05:09,11.8787394
20:05:10,11.892148
20:05:11,12.0923758
20:05:12,12.01897
20:05:13,11.9845343
20:05:14,12.0647659
20:05:15,11.7808275
20:05:16,11.82973
20:05:17,11.9992571
20:05:18,11.9593992
20:05:19,12.1014595
20:05:20,12.0365009
20:05:21,12.0325279
20:05:22,12.0255947
20:05:23,11.9873285
20:05:24,11.8514872
20:05:25,12.0903988
20:05:26,11.8870974
20:05:27,12.116272
20:05:28,12.1842289
20:05:29,11.9803734
20:05:30,12.2194262
20:05:31,12.1727161
20:05:32,11.9978313
20:05:33,11.9840794
20:05:34,12.0885086
20:05:35,11.8078241
20:05:36,11.8161888
20:05:37,11.8541794
20:05:38,11.9809313
20:05:39,11.8364182
20:05:40,12.32003
20:05:41,12.0997705
20:05:42,11.9385223
20:05:43,11.9067736
20:05:44,11.9413357
20:05:45,11.8971109
20:05:46,12.0904751
20:05:47,12.0512762
20:05:48,12.1102285
20:05:49,11.8539295
20:05:50,11.9043312
20:05:51,12.00118
20:05:52,12.1533232
20:05:53,12.0988159
20:05:54,11.8374691
20:05:55,12.0804262
20:05:56,11.9020109
20:05:57,12.0632534
20:05:58,12.0689077
20:05:59,12.0244818
20:06:00,12.0162716
20:06:01,11.6343775
20:06:02,11.9012852
20:06:03,11.85112
20:06:04,12.021327
20:06:05,11.7312107
20:06:06,11.87491
20:06:07,12.1871853
20:06:08,11.7968836
20:06:09,11.8119879
20:06:10,11.8533583
20:06:11,11.8227406
20:06:12,12.3847933
20:06:13,11.8041315
20:06:14,11.9385386
20:06:15,11.9167891
20:06:16,11.9853926
20:06:17,11.88373
20:06:18,12.1271124
20:06:19,11.8721886
20:06:20,11.8965282
20:06:21,11.8484011
20:06:22,11.9044342
20:06:23,11.9528952
20:06:24,11.9062777
20:06:25,11.9392109
20:06:27,12.1971006
20:06:29,12.1374483
20:06:30,12.1056471
20:06:31,12.0031729
20:06:32,11.9307995
20:06:33,12.1767664
20:06:34,11.8236294
20:06:35,11.9738178
20:06:36,11.8899546
20:06:37,11.8739882
20:06:38,12.0759563
20:06:39,11.9342232
20:06:40,11.9969072
20:06:41,11.9087172
20:06:42,11.9536247
20:06:43,12.124753
20:06:44,11.95688
20:06:45,12.0326338
20:06:46,11.9595032
20:06:47,11.97763
20:06:48,11.9094954
20:06:49,11.9502516
20:06:50,12.1202078
20:06:51,12.124361
20:06:52,12.1903391
20:06:53,11.9905148
20:06:54,12.3552141
20:06:55,11.4603682
20:06:56,11.4845066
20:06:57,11.969286
20:06:58,12.1167755
20:06:59,12.2210321
20:07:00,11.9088335
20:07:01,12.324563
20:07:02,12.0205126
20:07:03,11.9258337
20:07:04,11.9569559
20:07:05,12.2656145
20:07:06,12.2992735
20:07:07,12.2110233
20:07:08,11.8767309
20:07:09,11.9779234
20:07:10,11.9852247
20:07:11,12.002305
20:07:12,12.1987906
20:07:13,11.7218695
20:07:14,11.8432121
20:07:15,11.9296064
20:07:16,11.92136
20:07:17,12.0471525
20:07:18,12.0811272
20:07:19,11.9278326
20:07:20,11.8059959
20:07:21,12.11269
20:07:22,11.7765274
20:07:23,11.9433069
20:07:24,12.1084366
20:07:25,12.099
20:07:26,12.1385393
20:07:27,11.7979832
20:07:28,12.0243845
20:07:29,11.9012537
20:07:30,11.9752274
20:07:31,12.0549364
20:07:32,12.1881609
20:07:33,12.0084524
20:07:34,11.9423208
20:07:35,12.1834745
20:07:36,11.9744253
20:07:37,11.92508
20:07:38,12.1700478
20:07:39,11.9661512
20:07:40,11.8638153
20:07:41,12.0557547
20:07:42,12.0515823
20:07:43,11.934309
20:07:44,12.2118473
20:07:45,11.8244648
20:07:46,11.9629154
20:07:47,11.975091
20:07:48,12.2967253
20:07:49,11.8093882
20:07:50,11.962677
20:07:51,11.8011465
20:07:52,11.8382874
20:07:53,12.11851
20:07:54,12.2662563
20:07:55,11.9509392
20:07:56,12.3508482
20:07:57,12.2148981
20:07:58,12.01842
20:07:59,11.8260527
20:08:00,12.1344795
20:08:01,12.182394
20:08:02,11.8184032
20:08:03,12.0510416
20:08:04,12.0222692
20:08:05,12.0496826
20:08:06,12.120491
20:08:07,12.2649326
20:08:08,11.9732933
20:08:09,12.0767164
20:08:10,12.1340609
20:08:11,12.0854931
20:08:12,12.0379953
20:08:13,12.2000093
20:08:14,11.9944439
20:08:15,11.7612953
20:08:16,12.0518923
20:08:17,11.9685993
20:08:18,11.9712715
20:08:19,11.9249468
20:08:20,12.1651993
20:08:21,11.9024916
20:08:22,11.8400078
20:08:23,11.9567623
20:08:24,11.9449635
20:08:25,12.0947647
20:08:26,12.0920954
20:08:27,11.9576654
20:08:28,11.7996111
20:08:29,12.0896721
20:08:30,12.02481
20:08:31,12.0115232
20:08:32,12.1896391
20:08:33,11.9537973
20:08:34,11.9056425
20:08:35,11.9246311
20:08:36,12.013834
20:08:37,11.9612417
20:08:38,11.985117
20:08:39,12.0564251
20:08:40,11.9966116
20:08:41,11.8417072
20:08:42,12.0824146
20:08:43,12.04831
20:08:44,11.9340277
20:08:45,11.722949
20:08:46,11.9793549
20:08:47,12.0498447
20:08:48,11.894516
20:08:49,11.885438
20:08:50,12.0232143
20:08:51,11.8939552
20:08:52,11.989893
20:08:54,11.630888
20:08:55,11.9431963
20:08:56,11.9591742
20:08:57,12.1424828
20:08:58,11.9754667
20:08:59,11.8346682
20:09:00,12.1734552
20:09:01,11.9944754
20:09:02,12.0449457
20:09:03,12.0394793
20:09:04,11.82618
20:09:05,11.8139057
20:09:07,11.974267
20:09:08,11.9110861
20:09:10,12.0095425
20:09:11,12.0758734
20:09:12,11.8556061
20:09:13,11.7934113
20:09:14,11.9434185
20:09:15,12.208
20:09:16,11.8885574
20:09:17,11.9987144
20:09:18,11.867732
20:09:19,11.9837418
20:09:20,11.9818382
20:09:21,11.8942919
20:09:22,12.6112061
20:09:23,12.0417557
20:09:24,11.76763
20:09:25,11.9218073
20:09:26,12.0633745
20:09:27,11.8751354
20:09:28,12.02744
20:09:29,11.7451849
20:09:30,12.3113432
20:09:31,11.874342
20:09:32,11.8813763
20:09:33,11.89668
20:09:34,11.7290764
20:09:35,12.1103563
20:09:36,11.8668089
20:09:37,12.0439663
20:09:38,11.8436117
20:09:39,12.0032749
20:09:40,11.9488468
20:09:41,12.0043411
20:09:42,11.8902884
20:09:43,11.9303417
20:09:44,12.3579912
20:09:45,11.98045
20:09:46,12.1907005
20:09:47,11.9182749
20:09:48,11.9442282
20:09:49,11.8398647
20:09:50,12.2400494
20:09:51,12.25266
20:09:52,11.97343
20:09:53,12.2625351
20:09:54,11.9754333
20:09:55,11.942811
20:09:56,12.0377121
20:09:57,11.7487364
20:09:58,12.1234169
20:09:59,11.7605171
20:10:00,12.0565586
20:10:01,11.962575
20:10:02,12.096426
20:10:03,12.0308552
20:10:04,11.9145727
20:10:05,12.0215282
20:10:06,12.0454874
20:10:07,12.1584244
20:10:08,12.1089535
20:10:09,11.975831
20:10:10,11.948802
20:10:11,12.1263618
20:10:12,12.2291079
20:10:13,11.7991905
20:10:14,11.9806461
20:10:15,12.050396
20:10:16,11.9823256
20:10:17,12.1552029
20:10:18,12.1159658
20:10:19,11.9793949
20:10:20,12.229805
20:10:21,11.9091282
20:10:22,12.0258875
20:10:23,11.8216982
20:10:24,11.7876682
20:10:25,11.9833174
20:10:26,11.9677992
20:10:27,12.0621634
20:10:28,12.1919146
20:10:29,11.9282045
20:10:30,12.3498993
20:10:31,12.0778036
20:10:32,11.8361454
20:10:33,12.0009632
20:10:34,11.9012184
20:10:35,11.9991779
20:10:36,11.9154234
20:10:37,12.0939522
20:10:38,11.8431692
20:10:39,12.1876144
20:10:40,12.1359987
20:10:41,11.8790255
20:10:42,11.7839174
20:10:43,11.85566
20:10:44,12.1129723
20:10:45,11.9234295
20:10:46,11.98203
20:10:47,12.0010567
20:10:48,11.9072657
20:10:49,12.0515528
20:10:50,11.830143
20:10:51,11.8384476
20:10:52,12.0101576
20:10:53,12.3143806
20:10:55,11.986083
20:10:56,11.9183407
20:10:57,12.0468416
20:10:58,12.2679911
20:10:59,12.1028156
20:11:00,12.4263506
20:11:01,12.0759249
20:11:02,12.08526
20:11:03,12.1661911
20:11:04,11.8678045
20:11:05,11.8414221
20:11:06,12.20693
20:11:07,11.7484779
20:11:08,11.9149847
20:11:09,11.811017
20:11:10,12.19044
20:11:11,12.2476187
20:11:12,11.7787762
20:11:13,11.7959919
20:11:14,12.2115765
20:11:15,11.7195749
20:11:16,12.1938133
20:11:17,12.0862818
20:11:18,12.008873
20:11:19,12.1927567
20:11:20,11.9659462
20:11:21,11.7046051
20:11:22,12.4233513
20:11:23,12.0581474
20:11:24,12.1774082
20:11:25,12.2367392
20:11:26,12.4350214
20:11:27,11.421999
20:11:28,11.9870539
20:11:29,12.1625051
20:11:30,11.9580183
20:11:31,11.74018
20:11:32,11.9071388
20:11:33,12.1894493
20:11:34,12.2663012
20:11:35,12.0336256
20:11:36,11.89207
20:11:37,12.4454336
20:11:38,12.0335779
20:11:39,12.156765
20:11:40,11.8478336
20:11:41,11.966466
20:11:42,11.8870373
20:11:43,11.9379969
20:11:44,12.1756725
20:11:45,11.9427643
20:11:46,12.02986
20:11:47,11.9744368
20:11:48,11.8637762
20:11:49,12.03868
20:11:51,11.9351168
20:11:52,12.0763874
20:11:54,11.9626446
20:11:55,11.801466
20:11:56,12.1168671
20:11:57,11.9629717
20:11:59,12.1863317
20:12:00,11.9879293
20:12:02,11.8981295
20:12:03,11.856266
20:12:04,11.91624
20:12:05,11.9030237
20:12:06,12.1294909
20:12:07,11.8290443
20:12:08,11.8370018
20:12:09,12.0014753
20:12:10,11.8786373
20:12:11,11.8353062
20:12:12,12.0240707
20:12:13,12.0686474
20:12:14,12.30158
20:12:15,12.0865059
20:12:16,12.1903572
20:12:17,12.5776424
20:12:18,11.7483578
20:12:19,12.1739655
20:12:20,12.1235876
20:12:21,12.1327734
20:12:22,11.8467865
20:12:23,11.9589167
20:12:24,12.1074953
20:12:25,11.7759666
20:12:26,12.1332893
20:12:27,12.024847
20:12:28,11.916
20:12:29,11.9262714
20:12:30,12.0776663
20:12:31,11.9456892
20:12:32,12.2190046
20:12:33,11.9079876
20:12:34,11.9159374
20:12:35,12.10739
20:12:36,11.76507
20:12:37,12.21162
20:12:38,11.8543949
20:12:39,12.1051664
20:12:40,11.8680611
20:12:41,11.9556379
20:12:42,11.9001074
20:12:43,12.0190811
20:12:44,12.17128
20:12:45,11.9847631
20:12:46,11.96255
20:12:47,12.1008835
20:12:48,12.1028328
20:12:49,11.8877373
20:12:50,11.73159
20:12:51,11.8255291
20:12:52,12.0984688
20:12:53,11.9211855
20:12:54,12.1237679
20:12:55,11.8041973
20:12:56,12.1690989
20:12:57,12.05442
20:12:58,11.96834
20:12:59,12.15292
20:13:00,11.8696747
20:13:01,12.1467781
20:13:02,12.0208549
20:13:03,12.2373676
20:13:04,12.070673
20:13:05,12.0345278
20:13:06,11.9581308
20:13:07,11.8901386
20:13:08,12.1609039
20:13:09,11.8465414
20:13:10,11.7475777
20:13:11,12.0675011
20:13:12,12.11764
20:13:13,12.0138693
20:13:14,12.0464191
20:13:15,11.7611265
20:13:16,11.9982109
20:13:17,12.1344919
20:13:18,11.8159227
20:13:19,11.922471
20:13:20,12.0711346
20:13:21,12.13949
20:13:22,12.0707283
20:13:23,11.9220037
20:13:24,12.1554594
20:13:25,12.0529633
20:13:26,11.97746
20:13:27,11.9973383
20:13:28,12.1615353
20:13:29,12.13022
20:13:30,11.9910793
20:13:31,12.012928
20:13:32,12.017293
20:13:33,12.08956
20:13:34,11.78426
20:13:35,12.03765
20:13:36,11.8498812
20:13:37,11.9342308
20:13:38,11.9817286
20:13:39,12.08064
20:13:40,12.1168728
20:13:41,12.0731688
20:13:42,12.2959337
20:13:43,11.94222
20:13:44,11.1850615
20:13:45,11.9655561
20:13:46,12.0810423
20:13:47,11.9827023
20:13:48,12.0093622
20:13:49,12.0019493
20:13:50,12.2475243
20:13:51,11.8240681
20:13:52,11.9692345
20:13:53,12.0791245
20:13:55,12.008564
20:13:56,12.2064209
20:13:57,12.1388683
20:13:58,12.08896
20:13:59,11.9681282
20:14:00,11.9804678
20:14:01,11.84614
20:14:02,11.860817
20:14:03,11.8549538
20:14:04,11.9512777
20:14:05,11.7151089
20:14:06,11.9837151
20:14:07,11.9930124
20:14:08,11.9622049
20:14:09,12.0165939
20:14:10,11.9570961
20:14:11,12.14043
20:14:12,12.2044563
20:14:13,11.8142643
20:14:14,11.9839582
20:14:15,11.7348194
20:14:16,11.8391533
20:14:17,11.9243965
20:14:18,11.8854151
20:14:19,11.8522558
20:14:20,12.0575123
20:14:21,12.0926065
20:14:22,12.146903
20:14:23,12.0597305
20:14:24,11.9164362
20:14:25,12.0721836
20:14:26,11.6681471
20:14:27,12.2734022
20:14:28,12.0218363
20:14:29,11.9838877
20:14:30,12.0454054
20:14:31,12.1018257
20:14:32,11.8994446
20:14:33,11.94636
20:14:35,11.94377
20:14:37,12.2770224
20:14:38,12.2425537
20:14:39,11.7057858
20:14:40,12.045188
20:14:41,11.8745108
20:14:42,11.8666945
20:14:43,12.2255154
20:14:44,12.0349073
20:14:45,12.2495708
20:14:46,12.1137266
20:14:47,11.8282223
20:14:48,12.2615252
20:14:49,12.2555351
20:14:50,12.0253658
20:14:51,11.68224
20:14:52,11.8428965
20:14:53,12.0990181
20:14:54,12.1513462
20:14:55,12.0502777
20:14:56,11.5206308
20:14:57,11.849
20:14:58,12.0558939
20:14:59,11.7247047
20:15:00,12.2170849
20:15:01,12.1060352
20:15:02,11.987299
20:15:03,11.7582283
20:15:04,12.3836985
20:15:05,12.1143208
20:15:06,11.9045563
20:15:07,12.2667341
20:15:08,12.156641
20:15:09,11.9283733
20:15:10,11.5856934
20:15:11,11.8820047
20:15:12,12.1201992
20:15:13,12.1256256
20:15:14,11.853961
20:15:15,12.1928349
20:15:16,11.7661057
20:15:17,11.8103333
20:15:18,12.0723047
20:15:19,11.9355669
20:15:20,11.86424
20:15:21,12.1115217
20:15:22,11.9921618
20:15:23,11.9440422
20:15:24,12.0509834
20:15:25,12.0363426
20:15:26,12.0462427
20:15:27,11.9291182
20:15:28,11.9818821
20:15:29,12.08403
20:15:30,11.8616295
20:15:31,11.8634577
20:15:32,11.8124533
20:15:33,11.8414049
20:15:34,12.0823879
20:15:35,12.2670317
20:15:36,11.9803562
20:15:37,11.9197254
20:15:38,12.0995522
20:15:39,11.5617132
20:15:40,12.0770435
20:15:41,11.7393694
20:15:42,11.9018059
20:15:43,12.3285971
20:15:44,12.2511358
20:15:45,11.8388081
20:15:46,12.0537863
20:15:47,12.0343523
20:15:48,12.1952553
20:15:49,11.711277
20:15:50,12.2218676
20:15:51,11.9174271
20:15:52,12.1308622
20:15:53,12.176405
20:15:54,11.9118805
20:15:55,12.11
20:15:56,11.912035
20:15:57,12.0268345
20:15:58,12.1824074
20:15:59,12.3106918
20:16:00,11.5176153
20:16:01,11.83868
20:16:02,11.69234
20:16:03,12.16092
20:16:04,12.0077047
20:16:05,11.9094524
20:16:06,11.82264
20:16:07,11.8811426
20:16:08,11.91495
20:16:09,12.0767956
20:16:10,11.9987259
20:16:11,12.17189
20:16:12,11.8594007
20:16:13,11.7367411
20:16:14,11.7882805
20:16:15,12.1016836
20:16:16,12.1670694
20:16:17,11.7914276
20:16:18,12.216507
20:16:19,11.8276758
20:16:20,12.0022039
20:16:21,11.9286985
20:16:22,12.0833235
20:16:23,11.9739008
20:16:24,11.9611406
20:16:25,11.8810425
20:16:26,11.9660406
20:16:27,12.2481079
20:16:29,11.6863146
20:16:30,11.92155
20:16:32,11.782444
20:16:34,12.149888
20:16:35,12.0473614
20:16:36,12.0568066
20:16:37,11.801363
20:16:38,12.0613232
20:16:39,11.96906
20:16:40,12.25915
20:16:41,11.9806967
20:16:42,12.1288528
20:16:43,11.8421078
20:16:44,11.9199886
20:16:45,11.9239721
20:16:46,11.7998962
20:16:47,11.8794279
20:16:48,11.8947573
20:16:49,11.8694687
20:16:50,12.1003876
20:16:51,12.2157335
20:16:52,11.94382
20:16:53,11.7760153
20:16:54,11.8758669
20:16:55,11.820303
20:16:56,12.1426744
20:16:57,11.9739361
20:16:58,12.0532265
20:16:59,11.9499226
20:17:00,11.8182383
20:17:01,12.0576973
20:17:02,11.9729452
20:17:03,11.967927
20:17:04,11.8927059
20:17:05,12.09682
20:17:06,12.174016
20:17:07,11.9331732
20:17:08,12.1421709
20:17:09,11.9531555
20:17:10,12.0498848
20:17:11,11.7969017
20:17:12,12.0813036
20:17:13,11.8636618
20:17:14,12.1734877
20:17:15,11.8363037
20:17:16,12.13826
20:17:17,11.6769724
20:17:18,12.0080309
20:17:19,11.948123
20:17:20,11.9866352
20:17:21,12.1892576
20:17:22,11.7905512
20:17:23,12.1314278
20:17:24,12.098978
20:17:25,12.1312752
20:17:26,11.9523106
20:17:27,11.8965731
20:17:28,11.912467
20:17:29,12.0281715
20:17:30,11.8067932
20:17:31,11.9522133
20:17:32,12.1380587
20:17:33,11.8591738
20:17:34,11.9981918
20:17:35,12.0607414
20:17:36,11.9809265
20:17:37,12.0144777
20:17:38,11.9973927
20:17:39,11.9533672
20:17:40,12.3055258
20:17:41,12.0239153
20:17:42,12.1607666
20:17:43,11.8910255
20:17:44,11.9898539
20:17:45,12.0077486
20:17:46,11.9696007
20:17:47,11.9827824
20:17:48,12.1775942
20:17:49,11.8872414
20:17:50,12.0559187
20:17:51,11.98303
20:17:52,11.68734
20:17:53,12.0921288
20:17:54,12.0527239
20:17:55,11.899477
20:17:56,12.1078825
20:17:57,11.7968245
20:17:58,12.1316509
20:17:59,12.0098162
20:18:00,12.0048532
20:18:01,11.9729586
20:18:02,12.005723
20:18:03,12.05551
20:18:04,12.0410776
20:18:05,12.3251123
20:18:06,11.8068419
20:18:07,12.0194178
20:18:08,12.0230532
20:18:09,12.1536179
20:18:10,12.0770741
20:18:11,11.9048347
20:18:12,11.9540606
20:18:13,12.2341
20:18:14,12.0858269
20:18:15,12.1641665
20:18:16,11.6407042
20:18:17,12.2223635
20:18:18,11.7986507
20:18:19,12.0256109
20:18:20,11.848465
20:18:21,11.8854771
20:18:22,12.21679
20:18:23,12.0170012
20:18:24,11.8915625
20:18:25,12.2998219
20:18:26,12.0265722
20:18:27,12.2728519
20:18:28,12.1204014
20:18:29,12.0642672
20:18:30,12.1808634
20:18:31,11.8380547
20:18:32,11.9689608
20:18:33,11.741848
20:18:34,11.9223967
20:18:35,12.3940439
20:18:36,11.8397
20:18:37,12.0116062
20:18:38,12.0454187
20:18:39,11.9695024
20:18:40,12.177309
20:18:41,12.2563353
20:18:42,11.89665
20:18:43,11.9416342
20:18:44,12.0540657
20:18:45,12.2420425
20:18:46,12.0157461
20:18:47,11.7608795
20:18:48,11.9770737
20:18:49,11.8674192
20:18:50,12.276454
20:18:51,11.937
20:18:52,12.0073528
20:18:53,11.9763708
20:18:54,12.1978273
20:18:55,11.9993553
20:18:56,12.146102
20:18:57,11.8885489
20:18:58,12.0783691
20:18:59,12.0601034
20:19:00,12.1443405
20:19:01,11.7910242
20:19:02,11.8205967
20:19:03,12.0735741
20:19:04,11.9938335
20:19:05,11.8679972
20:19:06,11.7731009
20:19:07,12.164897
20:19:08,12.2508049
20:19:09,12.0943308
20:19:10,11.9890881
20:19:11,11.9536629
20:19:12,12.0330648
20:19:13,11.8238792
20:19:14,12.2398024
20:19:15,12.1018686
20:19:16,12.064599
20:19:17,11.9213066
20:19:18,11.8329773
20:19:19,11.6728916
20:19:20,12.303709
20:19:21,12.1888237
20:19:22,12.1234837
20:19:23,12.0907536
20:19:24,11.9358664
20:19:25,12.0179043
20:19:26,11.8981047
20:19:27,11.9224787
20:19:28,11.853694
20:19:29,12.1657085
20:19:30,12.068058
20:19:31,12.2454958
20:19:32,11.9979544
20:19:33,12.098403
20:19:34,12.0419979
20:19:35,12.1623869
20:19:36,11.7189713
20:19:37,11.8841782
20:19:38,11.7259808
20:19:40,12.0518847
20:19:41,11.8603611
20:19:42,12.1770487
20:19:43,12.0514183
20:19:44,12.0050335
20:19:45,12.1670685
20:19:46,12.2456656
20:19:47,11.9983673
20:19:48,12.1765947
20:19:49,12.0058374
20:19:50,11.6876717
20:19:51,12.0147
20:19:52,12.0300446
20:19:53,12.0402527
20:19:54,12.1015158
20:19:55,12.1827412
20:19:56,12.1535177
20:19:57,12.1002626
20:19:58,12.039506
20:19:59,12.3147879
20:20:00,12.223855
20:20:01,11.9325371
20:20:02,11.98732
20:20:03,11.8855915
20:20:04,11.96049
20:20:05,12.1635771
20:20:06,12.1506157
20:20:07,11.760006
20:20:08,12.1276979
20:20:09,11.72655
20:20:10,12.064867
20:20:11,11.8579283
20:20:12,11.7538757
20:20:13,12.0983877
20:20:14,12.0599833
20:20:15,12.0458527
20:20:16,12.2851
20:20:17,11.8763523
20:20:18,12.2424068
20:20:19,11.7457666
20:20:20,11.8067532
20:20:21,11.9701891
20:20:22,11.8553314
20:20:23,12.033493
20:20:24,12.2052107
20:20:25,11.9801941
20:20:26,12.0321188
20:20:27,12.0189571
20:20:28,11.8691492
20:20:29,11.9442024
20:20:30,12.0565662
20:20:31,11.6007805
20:20:32,12.0056477
20:20:33,11.5078831
20:20:34,11.73487
20:20:35,12.3516359
20:20:36,12.14252
20:20:37,12.2310953
20:20:38,11.8478117
20:20:39,12.3609066
20:20:40,12.343236
20:20:41,11.6962671
20:20:42,12.1315155
20:20:43,12.1225
20:20:44,12.38114
20:20:45,11.8246164
20:20:46,11.8915167
20:20:47,11.9742327
20:20:48,11.791543
20:20:49,12.05752
20:20:50,11.9507952
20:20:51,11.6996641
20:20:52,12.1204863
20:20:53,11.9195833
20:20:54,12.0698957
20:20:55,12.1969118
20:20:56,11.9002771
20:20:57,12.12114
20:20:58,12.1278276
20:20:59,12.1360826
20:21:00,11.9459076
20:21:01,11.9822683
20:21:02,12.1023808
20:21:03,12.0606861
20:21:04,11.9689894
20:21:05,11.984931
20:21:06,11.9281616
20:21:07,12.122448
20:21:08,12.1407442
20:21:09,11.988802
20:21:10,12.195528
20:21:11,11.6535864
20:21:12,12.377449
20:21:13,11.9451895
20:21:14,11.9161949
20:21:15,11.9397974
20:21:16,12.02765
20:21:17,12.138339
20:21:18,11.73333
20:21:19,12.2072554
20:21:20,12.0363932
20:21:21,11.622117
20:21:22,11.8491821
20:21:23,11.7549744
20:21:24,11.9228888
20:21:25,11.966629
20:21:26,12.1844835
20:21:27,12.1746521
20:21:28,11.9948683
20:21:29,12.1010408
20:21:30,11.9746943
20:21:31,12.0544968
20:21:32,12.1130762
20:21:33,12.1852322
20:21:34,12.2197952
20:21:35,12.087079
20:21:36,11.873106
20:21:37,12.1637945
20:21:38,11.910656
20:21:39,11.82973
20:21:40,12.2101555
20:21:41,12.0286341
20:21:42,11.883913
20:21:43,12.075593
20:21:44,11.7553167
20:21:45,11.8491364
20:21:46,11.8894882
20:21:47,11.7557974
20:21:48,11.7728252
20:21:49,12.02608
20:21:50,12.2999983
20:21:51,12.002655
20:21:52,12.1632967
20:21:54,12.09883
20:21:55,12.1893206
20:21:56,11.6918163
20:21:57,11.8313208
20:21:58,12.1285191
20:21:59,12.1036167
20:22:00,12.030405
20:22:01,12.0103827
20:22:02,12.1120481
20:22:04,11.9931688
20:22:05,12.0467777
20:22:06,11.8017025
20:22:08,11.738205
20:22:09,12.1917095
20:22:10,11.7690763
20:22:11,11.8979931
20:22:12,11.8975487
20:22:13,11.9273214
20:22:14,12.0723267
20:22:15,12.2057133
20:22:16,12.2027807
20:22:17,12.0923433
20:22:18,12.1401911
20:22:19,11.8617935
20:22:20,11.8240538
20:22:21,12.3200312
20:22:22,11.8723354
20:22:23,12.0607882
20:22:24,12.1332378
20:22:25,11.948102
20:22:26,11.8950081
20:22:27,12.0496054
20:22:28,12.1386547
20:22:29,11.7886906
20:22:30,12.0136127
20:22:31,11.98259
20:22:32,11.9600677
20:22:33,11.8400974
20:22:34,11.8936462
20:22:35,12.0224113
20:22:36,12.16143
20:22:37,11.8526154
20:22:38,12.0180054
20:22:39,12.1857862
20:22:40,11.9741354
20:22:41,11.8267622
20:22:42,11.8614063
20:22:43,11.9383287
20:22:44,12.0959482
20:22:45,12.188694
20:22:46,11.960351
20:22:47,12.15257
20:22:48,12.2036533
20:22:49,11.8643646
20:22:50,11.8824291
20:22:51,12.061965
20:22:52,12.2752857
20:22:53,11.7789869
20:22:54,12.1071949
20:22:55,12.321434
20:22:56,11.7971106
20:22:57,12.1476889
20:22:58,12.0598259
20:22:59,12.09205
20:23:00,12.7929249
20:23:01,11.9799271
20:23:02,11.8151941
20:23:03,11.7880592
20:23:04,11.6601992
20:23:05,12.2545414
20:23:06,12.0373278
20:23:07,12.47966
20:23:08,11.6340809
20:23:09,11.79984
20:23:10,12.0358477
20:23:11,12.2401114
20:23:12,12.2945929
20:23:13,11.6138086
20:23:14,12.2628174
20:23:15,11.6675615
20:23:16,12.0751686
20:23:17,12.11312
20:23:18,11.9413834
20:23:19,12.0362463
20:23:20,12.4961061
20:23:21,9.976998
20:23:22,11.5148687
20:23:23,13.8912849
20:23:24,13.1246071
20:23:25,12.159174
20:23:26,12.0153246
20:23:27,11.7682705
20:23:28,11.9408
20:23:29,12.1546688
20:23:30,12.0187378
20:23:31,11.8770256
20:23:32,11.7477722
20:23:33,12.2015238
20:23:34,11.804945
20:23:35,11.7510872
20:23:36,11.9399662
20:23:37,11.8508539
20:23:38,11.9968615
20:23:39,11.9015226
20:23:40,12.0540514
20:23:41,11.88386
20:23:42,12.0617447
20:23:43,12.1027746
20:23:44,12.0874023
20:23:45,12.02302
20:23:46,11.5613031
20:23:47,12.1740561
20:23:48,11.8687544
20:23:49,11.9681005
20:23:50,12.1099863
20:23:51,11.97904
20:23:52,11.8407106
20:23:53,11.9508257
20:23:54,12.3456354
20:23:55,11.8735828
20:23:56,12.0153847
20:23:57,11.8733521
20:23:58,11.7902622
20:23:59,12.1768227
20:24:00,11.9511309
20:24:01,12.0647278
20:24:02,11.858346
20:24:03,11.5614338
20:24:04,12.0171871
20:24:05,11.7619667
20:24:06,12.0450325
20:24:07,11.976017
20:24:08,11.9951353
20:24:09,11.9539976
20:24:10,11.92314
20:24:11,12.1166277
20:24:12,12.0501814
20:24:13,11.8012524
20:24:14,12.1149111
20:24:15,12.236659
20:24:16,12.0871248
20:24:17,11.8478651
20:24:18,11.9746847
20:24:19,11.6274662
20:24:20,12.0248985
20:24:21,11.9442778
20:24:22,12.0083532
20:24:23,11.7901468
20:24:24,12.0236263
20:24:25,11.8547459
20:24:26,12.163271
20:24:27,12.10214
20:24:28,11.8517809
20:24:29,11.9038725
20:24:30,12.1254921
20:24:31,12.1032944
20:24:32,12.1000872
20:24:33,12.0555611
20:24:34,12.1398048
20:24:35,12.1225033
20:24:36,11.99642
20:24:37,12.0398216
20:24:38,12.1926327
20:24:39,11.9511089
20:24:40,11.9470835
20:24:41,12.1178293
20:24:42,11.6249275
20:24:43,12.07863
20:24:44,12.1396656
20:24:45,12.22286
20:24:46,11.7554646
20:24:47,11.8552885
20:24:48,11.8799906
20:24:49,12.0243168
20:24:50,11.8389063
20:24:51,12.2487764
20:24:52,12.10675
20:24:54,12.1208086
20:24:55,12.15504
20:24:56,11.9190941
20:24:57,11.9577742
20:24:58,11.8937607
20:24:59,11.9313126
20:25:00,12.2086744
20:25:01,11.9989491
20:25:02,11.8749819
20:25:03,12.339303
20:25:04,11.6512871
20:25:05,11.9037371
20:25:06,11.9971218
20:25:07,12.2353859
20:25:09,12.1293192
20:25:10,11.9562273
20:25:11,11.82297
20:25:12,11.8641653
20:25:13,12.0984211
20:25:14,12.1455793
20:25:15,12.0575085
20:25:16,12.0200024
20:25:17,11.893075
20:25:18,11.9193621
20:25:19,11.96372
20:25:20,11.6618176
20:25:21,11.846384
20:25:22,11.9360876
20:25:23,12.0952291
20:25:24,11.9414635
20:25:25,11.9241543
20:25:26,11.9121475
20:25:27,12.0154352
20:25:28,11.6837149
20:25:29,11.7742386
20:25:30,11.7781754
20:25:31,11.9353848
20:25:32,11.8773108
20:25:33,11.9231548
20:25:34,11.8503351
20:25:35,12.1477737
20:25:36,12.2037268
20:25:37,11.7755136
20:25:38,11.908782
20:25:39,12.4422388
20:25:40,11.8504333
20:25:41,11.778326
20:25:42,11.9075336
20:25:43,11.9456158
20:25:44,11.9425211
20:25:45,12.1537256
20:25:46,11.9655075
20:25:47,11.9094534
20:25:48,11.8735228
20:25:49,12.1163836
20:25:50,12.0687685
20:25:51,11.69486
20:25:52,11.89173
20:25:53,11.7195129
20:25:54,12.0342817
20:25:55,12.2568417
20:25:56,11.5194769
20:25:57,12.0445166
20:25:58,11.9707689
20:25:59,11.7486448
20:26:00,12.0964165
20:26:01,11.9151831
20:26:02,11.9696646
20:26:03,12.3076706
20:26:04,11.8454494
20:26:05,12.2313309
20:26:06,11.9239521
20:26:07,11.9919376
20:26:08,11.9437809
20:26:09,12.4378242
20:26:10,12.0483742
20:26:11,12.2202253
20:26:12,12.1560154
20:26:13,12.1262426
20:26:14,11.5894022
20:26:15,11.9355354
20:26:16,11.9623079
20:26:17,12.1560116
20:26:18,11.9076071
20:26:19,12.0137033
20:26:20,12.0343065
20:26:21,11.9415808
20:26:22,11.9263382
20:26:23,11.943078
20:26:24,12.0852213
20:26:25,11.81596
20:26:26,12.1933622
20:26:27,11.8705664
20:26:28,12.2249613
20:26:29,12.1216888
20:26:30,11.8700008
20:26:31,11.9513817
20:26:32,12.0031033
20:26:33,11.8637161
20:26:34,11.9053774
20:26:35,12.1013784
20:26:36,12.1370049
20:26:37,12.374033
20:26:38,11.6638269
20:26:39,12.0263348
20:26:40,11.93967
20:26:41,11.82625
20:26:42,11.8480844
20:26:43,11.9421873
20:26:44,11.799654
20:26:45,12.0558233
20:26:46,12.0550966
20:26:47,12.2213326
20:26:48,12.1481428
20:26:49,12.1227465
20:26:50,11.7881851
20:26:51,12.0374441
20:26:52,12.1807423
20:26:53,12.0049553
20:26:55,12.1658659
20:26:56,12.0949554
20:26:57,12.0204229
20:26:58,12.0188236
20:26:59,11.8462448
20:27:00,12.0796385
20:27:01,12.0140963
20:27:02,12.0691547
20:27:03,11.9321938
20:27:04,11.8374376
20:27:05,11.89483
20:27:06,12.1348906
20:27:07,11.9880228
20:27:08,12.0865908
20:27:09,11.8429813
20:27:10,11.9911795
20:27:11,11.8504267
20:27:12,11.9886026
20:27:13,11.9979124
20:27:14,11.7928448
20:27:15,12.2185125
20:27:16,12.1532536
20:27:17,11.8583736
20:27:18,12.2650785
20:27:19,11.75744
20:27:20,12.1272173
20:27:21,11.6895971
20:27:22,12.2603521
20:27:23,12.142128
20:27:24,12.2314
20:27:25,11.9735785
20:27:26,11.9914837
20:27:27,11.8130655
20:27:28,11.9854374
20:27:29,11.7060127
20:27:30,11.9202061
20:27:31,11.90625
20:27:32,11.7582874
20:27:33,12.1917257
20:27:34,11.966404
20:27:35,11.8729982
20:27:36,12.3497219
20:27:37,11.8622627
20:27:38,11.826355
20:27:39,11.9291744
20:27:40,12.2235956
20:27:41,12.0651188
20:27:42,11.963603
20:27:43,12.0366879
20:27:44,11.8281565
20:27:45,11.7801666
20:27:46,12.3938017
20:27:47,12.1047592
20:27:48,11.7180872
20:27:49,12.30657
20:27:50,11.8265333
20:27:52,11.6110926
20:27:54,12.1086245
20:27:55,11.7375536
20:27:56,12.3196211
20:27:57,11.9629049
20:27:58,12.0863342
20:27:59,11.959301
20:28:00,12.1115808
20:28:01,11.8293486
20:28:02,11.9253139
20:28:03,11.8178768
20:28:04,12.0151081
20:28:05,12.0485573
20:28:06,12.0485315
20:28:07,12.0897913
20:28:08,11.8032875
20:28:09,11.8883476
20:28:10,11.8858337
20:28:11,12.02884
20:28:12,12.2275372
20:28:13,11.8888826
20:28:14,12.1104469
20:28:15,11.8441582
20:28:16,12.0011692
20:28:17,11.94992
20:28:18,11.886198
20:28:19,12.1141329
20:28:20,11.9383564
20:28:21,11.98071
20:28:22,11.8099737
20:28:23,12.1314354
20:28:24,11.9701576
20:28:25,12.0844088
20:28:26,12.1519556
20:28:27,12.0473986
20:28:28,12.1000328
20:28:29,12.2749271
20:28:30,11.68833
20:28:31,11.9805822
20:28:32,12.0233164
20:28:33,11.7252769
20:28:34,11.9753227
20:28:35,11.8643055
20:28:36,12.0269966
20:28:37,12.2921362
20:28:38,11.8713179
20:28:39,11.9094877
20:28:40,11.77488
20:28:41,11.8462791
20:28:42,11.9629507
20:28:43,12.3131914
20:28:44,11.90791
20:28:45,11.77536
20:28:46,11.9511938
20:28:47,12.4171591
20:28:48,11.9968891
20:28:49,11.9013329
20:28:50,11.85993
20:28:51,11.9560413
20:28:52,12.1362343
20:28:53,12.0423155
20:28:54,11.9497509
20:28:55,11.96224
20:28:56,11.92974
20:28:57,12.3689842
20:28:58,12.0917683
20:28:59,12.2031469
20:29:00,12.08462
20:29:01,12.2184258
20:29:02,12.1063557
20:29:03,12.0625706
20:29:04,11.8715315
20:29:05,12.2802486
20:29:06,11.91516
20:29:07,12.1057482
20:29:08,11.8353167
20:29:09,11.802125
20:29:10,11.8308887
20:29:11,12.0643234
20:29:12,12.01111
20:29:13,12.0618811
20:29:14,12.2582092
20:29:15,11.8203936
20:29:16,12.04188
20:29:17,11.8997221
20:29:18,11.9907751
20:29:19,11.9988766
20:29:20,12.0733967
20:29:21,11.7735052
20:29:22,11.9962444
20:29:23,11.9792767
20:29:24,12.1639776
20:29:25,12.108139
20:29:26,12.0598717
20:29:27,12.1347542
20:29:28,12.2982082
20:29:29,11.6531143
20:29:30,12.1750145
20:29:31,11.8743372
20:29:32,11.8364372
20:29:33,12.07807
20:29:34,12.0367594
20:29:35,11.9691029
20:29:36,12.0651722
20:29:37,12.0557184
20:29:38,11.9934244
20:29:39,11.8669481
20:29:40,11.9016953
20:29:41,12.0979748
20:29:42,11.8989773
20:29:43,11.7225094
20:29:44,12.1544514
20:29:45,12.0118532
20:29:46,11.9871082
20:29:47,11.7496471
20:29:48,11.8329105
20:29:49,12.12433
20:29:50,11.9610033
20:29:51,11.9809275
20:29:52,11.9775009
20:29:53,12.1418295
20:29:54,12.0556927
20:29:55,11.9453669
20:29:56,11.7490664
20:29:57,11.9450855
20:29:58,12.1441116
20:29:59,12.0048313
20:30:00,11.8756046
20:30:01,11.8063154
20:30:02,11.6908216
20:30:03,11.9896641
20:30:04,11.92477
20:30:05,12.2007875
20:30:06,11.849946
20:30:07,12.0982294
20:30:08,11.9148932
20:30:09,11.93026
20:30:10,12.1998835
20:30:11,11.9439182
20:30:12,12.6584654
20:30:13,11.730916
20:30:14,11.9669924
20:30:15,11.9090977
20:30:16,12.0870724
20:30:17,11.8647289
20:30:18,11.954215
20:30:19,11.7664137
20:30:20,11.7683287
20:30:21,11.8388691
20:30:22,11.9224977
20:30:23,11.9646521
20:30:24,12.0088844
20:30:25,12.2754431
20:30:26,11.9125824
20:30:27,11.9546194
20:30:28,11.9812269
20:30:29,12.0385046
20:30:30,11.7888021
20:30:31,11.9175577
20:30:32,11.9304266
20:30:33,12.1235008
20:30:34,11.9919033
20:30:35,11.8962889
20:30:36,11.9416609
20:30:37,11.9984341
20:30:38,11.8900871
20:30:39,12.0456266
20:30:41,12.1643572
20:30:42,11.8123379
20:30:43,11.7189941
20:30:44,12.0373459
20:30:45,11.8096638
20:30:46,12.0444641
20:30:47,12.0175314
20:30:48,12.2204237
20:30:49,12.0413237
20:30:50,11.9039593
20:30:52,12.1070251
20:30:54,11.6745682
20:30:55,12.3919926
20:30:56,11.9870434
20:30:57,11.8461151
20:30:58,12.0600166
20:31:00,11.9480267
20:31:01,11.8749113
20:31:02,12.0292063
20:31:03,11.9379654
20:31:04,11.9696674
20:31:05,12.1314516
20:31:06,11.8689051
20:31:07,12.1265507
20:31:09,11.9206219
20:31:10,11.8496771
20:31:11,12.1106281
20:31:12,11.7695255
20:31:13,11.8641
20:31:14,11.9106722
20:31:15,12.1699514
20:31:16,12.0912638
20:31:17,12.0608749
20:31:18,12.1237326
20:31:19,12.1969213
20:31:20,11.8856382
20:31:21,11.96549
20:31:22,12.0923805
20:31:23,12.0350351
20:31:24,12.2910986
20:31:25,12.0703087
20:31:26,11.9539795
20:31:27,12.29726
20:31:28,11.9685116
20:31:29,12.0052748
20:31:30,12.1245461
20:31:31,11.6214123
20:31:32,12.126092
20:31:33,11.9797821
20:31:34,12.0874519
20:31:35,11.9285107
20:31:36,12.0702686
20:31:37,12.0740089
20:31:38,11.7899256
20:31:39,11.8148746
20:31:40,12.0061
20:31:41,12.0913906
20:31:42,12.0883932
20:31:43,12.0899887
20:31:44,12.0553455
20:31:45,11.9323969
20:31:46,11.7746973
20:31:47,11.9263706
20:31:48,11.8418856
20:31:49,12.1975365
20:31:50,11.9293756
20:31:51,12.0106411
20:31:52,11.7455244
20:31:53,11.9311495
20:31:54,12.2172832
20:31:55,11.9507208
20:31:56,11.9684143
20:31:57,12.0984621
20:31:58,11.8978348
20:31:59,12.0136423
20:32:00,12.0851049
20:32:01,11.7866936
20:32:02,11.82933
20:32:03,11.7743788
20:32:04,12.09556
20:32:05,12.0358229
20:32:06,12.1118021
20:32:07,12.0773821
20:32:08,12.113
20:32:09,11.976018
20:32:10,12.2042971
20:32:11,12.0449266
20:32:12,12.0308466
20:32:13,11.8770142
20:32:14,12.0568571
20:32:15,11.9314985
20:32:16,11.6622629
20:32:17,12.0211077
20:32:18,11.6159019
20:32:19,12.1515169
20:32:20,12.046217
20:32:21,11.8991537
20:32:22,11.94834
20:32:23,12.227129
20:32:24,11.8899117
20:32:25,11.7716255
20:32:26,11.903101
20:32:27,11.5557
20:32:28,12.5421629
20:32:29,11.9890347
20:32:30,12.0838747
20:32:31,12.0063572
20:32:32,11.9389009
20:32:33,11.8580465
20:32:34,11.6153364
20:32:35,12.1872206
20:32:36,12.03455
20:32:37,12.1890993
20:32:38,11.922842
20:32:39,12.1341753
20:32:40,11.9941463
20:32:41,11.9380836
20:32:42,12.0793295
20:32:43,11.8602619
20:32:44,11.9301929
20:32:45,11.9234781
20:32:46,11.9839687
20:32:47,11.8934574
20:32:48,12.0103283
20:32:49,12.0283
20:32:50,11.9191656
20:32:51,12.06939
20:32:52,12.048358
20:32:53,11.9394779
20:32:54,12.0378132
20:32:56,12.00857
20:32:57,11.956193
20:32:58,11.8331213
20:32:59,11.9425373
20:33:00,11.74193
20:33:01,12.0376768
20:33:02,12.1124868
20:33:03,11.9707155
20:33:04,11.80493
20:33:05,11.8962059
20:33:06,11.9538441
20:33:07,12.1147814
20:33:08,12.0752668
20:33:09,12.3039579
20:33:11,11.8962059
20:33:12,12.2660742
20:33:13,12.2009068
20:33:14,11.7648144
20:33:16,12.0415411
20:33:17,12.0406847
20:33:18,11.9629049
20:33:19,11.72223
20:33:20,11.8072176
20:33:21,12.0173264
20:33:22,12.224247
20:33:23,11.6788979
20:33:24,11.8846312
20:33:25,11.9820833
20:33:26,12.2939148
20:33:27,11.9902563
20:33:28,11.7190475
20:33:29,12.0862446
20:33:30,12.0509157
20:33:31,12.0024576
20:33:32,11.92563
20:33:33,12.0120306
20:33:34,12.2021246
20:33:35,11.7868967
20:33:36,12.2497034
20:33:37,12.0873394
20:33:38,11.835413
20:33:39,11.891983
20:33:40,12.0476761
20:33:41,11.9323273
20:33:42,11.97873
20:33:43,12.2342377
20:33:44,12.120389
20:33:45,11.874938
20:33:46,12.0784445
20:33:47,11.9311295
20:33:48,11.882884
20:33:49,11.7998638
20:33:50,12.0700035
20:33:51,11.81553
20:33:52,12.0471592
20:33:53,11.9197912
20:33:54,12.12019
20:33:55,11.9661531
20:33:56,12.0625534
20:33:57,11.9671993
20:33:58,11.9062557
20:33:59,12.1379976
20:34:00,12.0256443
20:34:01,11.8976307
20:34:02,11.8855457
20:34:03,11.8472157
20:34:04,11.9145412
20:34:05,11.9243174
20:34:06,12.1164751
20:34:07,12.0900955
20:34:08,12.054904
20:34:09,12.0121317
20:34:10,11.8851337
20:34:11,11.7987442
20:34:12,12.0651436
20:34:13,11.9579468
20:34:14,11.8295441
20:34:15,11.8692617
20:34:16,11.8034277
20:34:17,12.1416531
20:34:18,11.93838
20:34:19,11.739769
20:34:20,11.9907513
20:34:21,12.3194494
20:34:22,11.9317017
20:34:23,11.9140234
20:34:24,11.8515368
20:34:25,12.0515776
20:34:26,12.0637856
20:34:27,11.929307
20:34:28,12.1324205
20:34:29,11.8510962
20:34:30,11.805233
20:34:31,11.729105
20:34:32,12.0353365
20:34:33,11.9752083
20:34:34,11.9033422
20:34:35,11.7489567
20:34:36,12.2141361
20:34:37,11.6534414
20:34:38,12.2704449
20:34:39,11.71792
20:34:40,11.9945745
20:34:41,12.00522
20:34:42,11.7308273
20:34:43,12.29294
20:34:44,12.1164961
20:34:45,12.1047859
20:34:46,11.9966717
20:34:47,11.9397869
20:34:48,11.99251
20:34:49,12.00163
20:34:50,11.8979635
20:34:51,11.9774771
20:34:52,11.6839466
20:34:53,12.1482143
20:34:54,11.9627266
20:34:55,11.8757677
20:34:56,11.9392633
20:34:57,12.0652666
20:34:58,11.9457922
20:34:59,12.1932917
20:35:00,11.9328384
20:35:01,11.9310837
20:35:02,12.1264544
20:35:03,12.0176706
20:35:04,12.1285849
20:35:05,12.1800718
20:35:06,12.0543833
20:35:07,11.9540415
20:35:08,12.16918
20:35:09,11.7070208
20:35:10,11.9802513
20:35:11,11.8971825
20:35:12,12.019722
20:35:13,11.9398375
20:35:14,12.0123119
20:35:15,11.874958
20:35:16,11.7171288
20:35:17,12.260004
20:35:18,11.9563656
20:35:19,11.88495
20:35:20,11.81625
20:35:21,12.0093651
20:35:22,11.8808088
20:35:23,11.9890509
20:35:24,11.9817
20:35:25,12.0770674
20:35:26,11.9595
20:35:27,12.1939888
20:35:28,11.9862175
20:35:29,12.0144672
20:35:30,12.1071692
20:35:31,11.9660892
20:35:32,12.0639725
20:35:33,11.807229
20:35:34,12.1972561
20:35:35,11.8539543
20:35:36,11.8757257
20:35:37,12.0519476
20:35:38,11.7888136
20:35:39,12.06772
20:35:40,12.0586185
20:35:41,11.8985548
20:35:42,11.7895832
20:35:43,12.267499
20:35:44,12.03045
20:35:45,12.118475
20:35:46,11.8576012
20:35:47,11.8043671
20:35:48,11.8390608
20:35:49,11.9528627
20:35:50,11.9827442
20:35:51,12.0186338
20:35:52,12.030633
20:35:54,11.9137182
20:35:55,11.980113
20:35:56,11.8625736
20:35:57,11.825983
20:35:58,12.1334639
20:35:59,12.0664854
20:36:00,11.92856
20:36:01,12.0265923
20:36:02,12.0505457
20:36:03,11.9531593
20:36:04,12.0595989
20:36:05,12.17508
20:36:06,12.185977
20:36:07,12.1318254
20:36:08,11.9186182
20:36:10,11.9215117
20:36:11,12.1921711
20:36:13,12.0516415
20:36:14,11.9849253
20:36:15,11.822752
20:36:17,12.0164938
20:36:18,12.1006918
20:36:19,12.1351
20:36:20,11.7468643
20:36:21,11.8799095
20:36:22,12.06107
20:36:23,11.7874813
20:36:24,12.2339468
20:36:25,11.9607668
20:36:26,11.9630041
20:36:27,11.9096651
20:36:28,11.9528465
20:36:29,12.0422182
20:36:30,12.0812387
20:36:31,11.9678574
20:36:32,11.9929771
20:36:33,11.8484449
20:36:34,12.2251139
20:36:35,12.0108166
20:36:36,11.8908834
20:36:37,11.8704567
20:36:38,12.0154915
20:36:39,12.1890125
20:36:40,11.9710045
20:36:41,11.7665987
20:36:42,12.0837421
20:36:43,12.2164831
20:36:44,12.1243811
20:36:45,11.7902632
20:36:46,11.91349
20:36:47,11.93858
20:36:48,12.0119228
20:36:49,12.1220741
20:36:50,11.6279783
20:36:51,11.89124
20:36:52,12.1732235
20:36:53,12.3137751
20:36:54,12.09286
20:36:55,11.9393454
20:36:56,11.9405746
20:36:57,11.8556347
20:36:58,12.1116409
20:36:59,12.0281391
20:37:00,12.43375
20:37:01,12.3839912
20:37:02,11.9458313
20:37:03,11.9181471
20:37:04,12.1565371
20:37:05,11.92818
20:37:06,12.0513029
20:37:07,12.0218
20:37:08,12.1720285
20:37:09,12.0290241
20:37:10,12.0345049
20:37:11,12.0219049
20:37:12,12.0237646
20:37:13,12.039257
20:37:14,12.0385685
20:37:15,12.0414515
20:37:16,11.9981308
20:37:17,12.17721
20:37:18,11.8940277
20:37:19,12.1674585
20:37:20,12.0537348
20:37:21,12.0509815
20:37:22,12.0060568
20:37:23,11.9625072
20:37:24,12.0035553
20:37:25,12.0267305
20:37:26,11.97703
20:37:27,11.757761
20:37:28,11.7682762
20:37:29,12.3193
20:37:30,11.9879341
20:37:31,12.0792961
20:37:32,11.8677893
20:37:33,11.9573689
20:37:34,11.8805819
20:37:35,11.971612
20:37:36,12.1097488
20:37:37,12.0418768
20:37:38,12.3621788
20:37:39,11.7255211
20:37:40,11.9889708
20:37:41,11.809967
20:37:42,11.8423462
20:37:43,12.0573568
20:37:44,11.989152
20:37:45,12.0192327
20:37:46,11.862545
20:37:47,12.1906891
20:37:48,12.0157089
20:37:49,11.9603977
20:37:50,11.9936409
20:37:51,12.2294378
20:37:52,11.9586306
20:37:53,11.9975576
20:37:54,11.9975882
20:37:55,11.8379612
20:37:56,12.1318655
20:37:57,12.0499134
20:37:58,11.8594561
20:37:59,12.0080729
20:38:00,12.0821638
20:38:01,11.84198
20:38:02,11.8925734
20:38:03,11.9454813
20:38:04,12.1302586
20:38:05,12.0718651
20:38:06,11.8386993
20:38:07,12.1305885
20:38:08,11.8282461
20:38:09,11.9376421
20:38:10,11.9198246
20:38:11,11.9478693
20:38:12,11.982192
20:38:13,12.0320663
20:38:14,11.911747
20:38:15,12.2790794
20:38:16,12.1629305
20:38:17,11.8412409
20:38:18,12.2832966
20:38:19,11.9131346
20:38:20,12.1638432
20:38:21,12.1072836
20:38:22,12.0899477
20:38:23,11.7692738
20:38:24,11.8989639
20:38:25,11.9578934
20:38:26,12.0329132
20:38:27,11.9796343
20:38:28,12.2342033
20:38:29,11.843071
20:38:30,12.0399981
20:38:31,11.9850893
20:38:32,11.916605
20:38:33,12.1256819
20:38:34,12.2077608
20:38:35,11.8296185
20:38:36,12.0856314
20:38:37,12.117157
20:38:38,12.0925388
20:38:39,11.8300028
20:38:40,11.9174423
20:38:41,12.0486517
20:38:42,12.2315817
20:38:43,11.9868612
20:38:44,12.0006208
20:38:45,11.8647213
20:38:47,12.0128355
20:38:49,11.8866711
20:38:50,11.8328962
20:38:51,12.1359911
20:38:52,12.2126074
20:38:53,11.8287687
20:38:54,11.8576031
20:38:55,12.1760054
20:38:56,12.2685137
20:38:57,12.1213951
20:38:58,11.921608
20:38:59,11.9317722
20:39:00,12.1781178
20:39:01,11.9786921
20:39:02,11.7893219
20:39:03,11.9590063
20:39:04,11.8026924
20:39:05,12.0082645
20:39:06,11.5779381
20:39:07,11.9846191
20:39:08,11.773735
20:39:09,11.65024
20:39:10,12.1011505
20:39:11,11.808383
20:39:12,12.276763
20:39:13,12.2337646
20:39:14,12.0714655
20:39:15,11.9538651
20:39:16,11.9854584
20:39:17,12.4973125
20:39:18,12.0984335
20:39:19,11.9098291
20:39:20,12.0078917
20:39:21,11.782711
20:39:22,12.1527281
20:39:23,11.9955854
20:39:24,11.9005222
20:39:25,12.0057344
20:39:26,12.0638361
20:39:27,12.0294981
20:39:28,11.7467089
20:39:29,12.04327
20:39:30,11.9688148
20:39:31,11.8441839
20:39:32,11.9550838
20:39:33,12.4009628
20:39:34,11.8778744
20:39:35,11.8048182
20:39:36,12.300642
20:39:37,11.9107866
20:39:38,11.9142437
20:39:39,12.2537279
20:39:40,11.806941
20:39:41,11.7611275
20:39:42,11.991127
20:39:43,12.2585459
20:39:44,11.8702841
20:39:45,11.9479485
20:39:46,11.9602413
20:39:47,11.8820362
20:39:48,11.7045469
20:39:49,11.7808418
20:39:50,12.0519238
20:39:51,12.0448618
20:39:52,11.8871756
20:39:53,11.91953
20:39:54,12.1102867
20:39:55,12.1554718
20:39:56,11.866807
20:39:57,12.1391859
20:39:58,12.0324917
20:39:59,11.6816807
20:40:00,12.1578283
20:40:01,12.11087
20:40:02,12.0422792
20:40:03,11.83383
20:40:04,11.9495745
20:40:05,11.8390827
20:40:06,11.8407536
20:40:07,12.2039356
20:40:08,12.1107769
20:40:09,12.270318
20:40:10,12.2692547
20:40:11,12.2264414
20:40:12,12.2060728
20:40:13,11.7259178
20:40:14,11.8465624
20:40:15,11.9951639
20:40:16,11.9799929
20:40:17,12.0245485
20:40:18,11.7980289
20:40:19,11.83894
20:40:20,11.8176184
20:40:21,12.3253059
20:40:22,11.9646959
20:40:23,11.8907728
20:40:24,12.1138983
20:40:25,11.8743334
20:40:26,11.971427
20:40:27,12.1887026
20:40:28,11.8251467
20:40:29,11.8513451
20:40:30,12.058363
20:40:31,12.0607643
20:40:32,12.020647
20:40:33,12.0917711
20:40:34,11.99723
20:40:35,12.0117607
20:40:36,11.9109888
20:40:37,11.9567232
20:40:38,12.0177851
20:40:39,11.7752
20:40:40,11.8780632
20:40:41,12.10224
20:40:42,11.8283844
20:40:43,12.1247654
20:40:44,11.9982042
20:40:45,12.0795078
20:40:46,11.9477243
20:40:47,12.0138407
20:40:48,12.1353722
20:40:49,12.0138073
20:40:50,12.2443209
20:40:51,11.766983
20:40:52,11.8342514
20:40:53,11.9498758
20:40:54,12.2244205
20:40:55,12.0741348
20:40:56,11.8916636
20:40:57,11.96159
20:40:58,12.0112314
20:40:59,11.999774
20:41:00,12.0694551
20:41:01,11.92086
20:41:02,11.8324871
20:41:03,11.7877626
20:41:04,11.735445
20:41:05,11.6651869
20:41:06,12.12514
20:41:07,12.1988211
20:41:08,11.9013605
20:41:09,12.1536493
20:41:10,11.89734
20:41:11,11.829215
20:41:12,12.0240717
20:41:13,12.3230314
20:41:14,12.1673946
20:41:15,11.9406643
20:41:16,11.9632149
20:41:17,11.8773718
20:41:18,12.158637
20:41:19,11.9343443
20:41:20,12.0212793
20:41:21,11.6941385
20:41:22,12.1565361
20:41:23,12.04208
20:41:24,11.83271
20:41:25,12.3814745
20:41:26,11.7141943
20:41:28,11.8995667
20:41:29,12.0454941
20:41:31,12.1356907
20:41:32,12.4809332
20:41:33,11.88772
20:41:34,12.0995674
20:41:35,11.9218035
20:41:36,12.0617914
20:41:37,12.07368
20:41:38,11.9066048
20:41:39,11.9400854
20:41:40,12.20573
20:41:41,12.0281706
20:41:42,12.1016665
20:41:43,11.5381556
20:41:44,12.33592
20:41:45,12.0230045
20:41:46,11.68714
20:41:47,11.9157219
20:41:48,11.9724493
20:41:49,11.9086809
20:41:50,12.2361574
20:41:51,11.9441452
20:41:52,11.900239
20:41:53,12.1816835
20:41:54,11.9803839
20:41:55,11.756834
20:41:56,12.028614
20:41:57,11.6590233
20:41:58,11.941699
20:41:59,12.0730925
20:42:00,12.0409269
20:42:01,12.09353
20:42:02,11.9966831
20:42:03,12.050786
20:42:04,11.9162807
20:42:05,11.8781023
20:42:06,12.2560139
20:42:07,12.0781488
20:42:08,11.7549744
20:42:09,11.9594879
20:42:10,12.0095844
20:42:11,11.9451962
20:42:12,12.066925
20:42:13,11.8937721
20:42:14,12.2223978
20:42:15,11.95544
20:42:16,11.68769
20:42:17,11.8762617
20:42:18,11.83817
20:42:19,12.0652466
20:42:20,11.9553022
20:42:21,12.1138287
20:42:22,12.22137
20:42:23,12.0139923
20:42:24,12.01038
20:42:25,12.0413208
20:42:26,11.8997936
20:42:27,12.0048189
20:42:28,11.912159
20:42:29,12.215827
20:42:30,11.9540358
20:42:31,11.81637
20:42:32,12.2771778
20:42:33,12.1039181
20:42:34,11.9966536
20:42:35,11.9259768
20:42:36,12.1651688
20:42:37,12.12236
20:42:38,11.9962111
20:42:39,11.98501
20:42:40,12.1158524
20:42:41,11.9112272
20:42:42,11.7444229
20:42:43,12.0402184
20:42:44,12.0925512
20:42:45,11.8763113
20:42:46,11.82088
20:42:47,11.8936043
20:42:48,12.1030588
20:42:49,12.0849981
20:42:50,12.1323833
20:42:51,12.1787329
20:42:52,12.0947638
20:42:53,12.1875744
20:42:54,12.3311434
20:42:55,11.8363934
20:42:56,11.7785158
20:42:57,12.318799
20:42:58,11.9183025
20:42:59,11.7325659
20:43:00,12.0777817
20:43:01,12.11312
20:43:02,12.025466
20:43:03,12.0416307
20:43:04,12.2002783
20:43:05,11.84994
20:43:06,11.9642315
20:43:07,11.825922
20:43:08,12.017808
20:43:09,12.2091942
20:43:10,12.1201878
20:43:11,12.0322075
20:43:12,11.8818712
20:43:13,11.8568316
20:43:14,12.1320028
20:43:15,11.8659267
20:43:16,11.8862247
20:43:17,11.7563372
20:43:18,11.9617844
20:43:19,11.935688
20:43:20,11.8964338
20:43:21,11.9404325
20:43:22,11.9440622
20:43:23,11.8717766
20:43:24,11.8734407
20:43:25,11.7275257
20:43:26,11.749691
20:43:27,11.7584591
20:43:28,12.231782
20:43:29,12.1547012
20:43:30,11.8765354
20:43:31,12.0669022
20:43:32,12.0823545
20:43:33,12.3634319
20:43:34,12.1217527
20:43:35,11.695363
20:43:36,11.6306934
20:43:37,12.4203367
20:43:38,11.2609253
20:43:40,12.1032867
20:43:41,12.0725861
20:43:42,12.12765
20:43:43,12.0858574
20:43:44,11.9595718
20:43:45,11.8903255
20:43:46,11.8250179
20:43:47,11.990509
20:43:48,11.8627815
20:43:49,12.4158049
20:43:50,11.9207134
20:43:51,12.33519
20:43:52,11.9201984
20:43:53,12.0027761
20:43:54,11.712615
20:43:55,12.1622419
20:43:56,12.0711565
20:43:57,11.9462452
20:43:58,11.83972
20:43:59,11.9714575
20:44:00,12.0597315
20:44:01,12.1467857
20:44:02,12.1014214
20:44:03,11.7979012
20:44:04,11.8879213
20:44:05,12.1390076
20:44:06,11.888051
20:44:07,11.9429016
20:44:08,12.1753683
20:44:09,11.8363476
20:44:10,11.7525988
20:44:11,11.8001776
20:44:12,11.9020872
20:44:13,11.8654919
20:44:14,12.0352125
20:44:15,12.3909006
20:44:16,11.9554377
20:44:17,11.7763548
20:44:18,11.857933
20:44:19,12.0535555
20:44:20,11.8600435
20:44:21,11.9777584
20:44:22,12.0250854
20:44:23,12.1953449
20:44:24,11.8858223
20:44:25,11.9495316
20:44:26,11.8197775
20:44:27,12.1812334
20:44:28,11.9806108
20:44:29,12.2336378
20:44:30,11.9532681
20:44:31,12.0524635
20:44:32,11.9403944
20:44:33,11.7883158
20:44:34,12.2066469
20:44:35,12.1020288
20:44:36,12.0004578
20:44:37,12.0083828
20:44:38,11.759203
20:44:39,11.9634
20:44:40,11.9224548
20:44:41,11.8078165
20:44:42,11.923748
20:44:43,11.9904079
20:44:44,12.2456932
20:44:45,12.0212193
20:44:46,12.0145054
20:44:47,11.8454933
20:44:48,12.04033
20:44:49,11.9212685
20:44:50,11.9011431
20:44:51,12.029047
20:44:52,11.8695927
20:44:53,12.0236483
20:44:54,12.1180887
20:44:55,11.9563971
20:44:56,11.7314854
20:44:57,11.7789669
20:44:58,12.2472153
20:44:59,12.21929
20:45:00,12.1017637
20:45:01,12.190774
20:45:02,12.0169039
20:45:03,11.98938
20:45:04,12.1192617
20:45:05,11.9622908
20:45:06,11.7840395
20:45:07,12.00411
20:45:08,11.731411
20:45:09,12.1065388
20:45:10,11.88913
20:45:11,12.1109447
20:45:12,11.9770079
20:45:13,11.7540951
20:45:14,11.8427067
20:45:15,12.1935205
20:45:16,12.0334253
20:45:17,11.8655291
20:45:18,11.8553257
20:45:19,12.2214108
20:45:20,12.1015024
20:45:21,12.0243683
20:45:22,11.9964581
20:45:23,11.9775724
20:45:24,12.1370878
20:45:25,12.2550306
20:45:26,11.8880358
20:45:27,11.8635864
20:45:28,12.1301174
20:45:29,12.0197277
20:45:30,12.1365967
20:45:31,12.0035315
20:45:32,12.088871
20:45:33,11.8732443
20:45:34,11.9678249
20:45:35,12.1606617
20:45:36,12.3182049
20:45:37,12.2043676
20:45:38,12.0611725
20:45:39,12.0280514
20:45:40,12.0123129
20:45:41,11.9422369
20:45:42,12.024579
20:45:43,12.1672678
20:45:44,12.1434441
20:45:45,11.8875751
20:45:46,11.71481
20:45:47,11.8066568
20:45:48,12.0746956
20:45:49,12.0074005
20:45:50,11.8632431
20:45:51,12.2311287
20:45:52,12.2205954
20:45:53,12.0757494
20:45:54,11.9676323
20:45:56,11.80014
20:45:57,11.9435034
20:45:58,12.03699
20:45:59,11.7547407
20:46:00,12.0697212
20:46:01,11.7181578
20:46:02,11.76555
20:46:03,11.9383211
20:46:04,12.3106279
20:46:05,12.5442333
20:46:06,11.8501425
20:46:08,12.08125
20:46:09,11.9699326
20:46:10,11.8402586
20:46:11,12.2068319
20:46:12,11.8055658
20:46:13,12.0723352
20:46:14,11.9173632
20:46:15,11.7461338
20:46:16,12.2109451
20:46:17,11.712306
20:46:18,12.160965
20:46:19,11.9731493
20:46:20,11.729702
20:46:21,12.3931417
20:46:22,11.8225718
20:46:23,11.9047327
20:46:24,12.1863766
20:46:25,11.9644012
20:46:26,11.9455118
20:46:27,12.0029879
20:46:28,12.0355053
20:46:29,12.0096292
20:46:30,12.0433722
20:46:31,12.0747919
20:46:32,12.168807
20:46:33,11.9612722
20:46:34,11.8581228
20:46:35,12.102643
20:46:36,11.9245377
20:46:37,11.6727247
20:46:38,11.9159241
20:46:39,11.9769039
20:46:40,11.977788
20:46:41,12.0724821
20:46:42,12.0326471
20:46:43,12.036128
20:46:44,12.26728
20:46:45,11.9665985
20:46:46,11.848074
20:46:47,11.7935314
20:46:48,11.94003
20:46:49,12.2186871
20:46:50,12.17433
20:46:51,11.9099064
20:46:52,12.0494537
20:46:53,12.0122595
20:46:54,12.1315584
20:46:55,12.0217333
20:46:56,11.8227739
20:46:57,12.1014614
20:46:58,11.6026564
20:46:59,12.1873388
20:47:00,11.770545
20:47:01,11.8782911
20:47:02,12.1212692
20:47:03,11.8566122
20:47:04,11.906065
20:47:05,11.75338
20:47:06,12.0612583
20:47:07,12.1726475
20:47:08,11.9654808
20:47:09,12.1885767
20:47:10,11.7732229
20:47:11,12.089591
20:47:12,11.8705082
20:47:13,11.9013119
20:47:14,12.2919884
20:47:15,11.90576
20:47:16,11.9274521
20:47:17,11.9132576
20:47:18,12.2606888
20:47:19,11.9924221
20:47:20,12.0516586
20:47:21,12.0495434
20:47:22,11.9218378
20:47:23,11.8507633
20:47:24,12.14229
20:47:25,12.0408125
20:47:26,11.7894106
20:47:27,12.0580034
20:47:28,11.8504076
20:47:29,11.9445963
20:47:30,12.0287848
20:47:31,11.6567793
20:47:32,11.9040766
20:47:33,11.9984941
20:47:34,12.1342058
20:47:35,12.013938
20:47:36,11.9924726
20:47:37,12.1324072
20:47:38,12.1010466
20:47:39,11.5195665
20:47:40,11.896719
20:47:41,11.7178669
20:47:42,12.066781
20:47:43,12.2039032
20:47:44,12.1094408
20:47:45,12.0405846
20:47:46,12.0314445
20:47:47,11.9479418
20:47:48,11.977704
20:47:49,12.0279646
20:47:50,11.9056139
20:47:51,11.75503
20:47:52,12.2249565
20:47:53,11.9001427
20:47:54,12.023653
20:47:55,12.1352148
20:47:56,11.9532595
20:47:57,11.9568825
20:47:58,11.9558668
20:47:59,11.5736036
20:48:00,11.9986134
20:48:01,11.97507
20:48:02,12.053709
20:48:03,12.1905622
20:48:04,11.9348793
20:48:05,11.9882278
20:48:06,11.92472
20:48:07,12.0247068
20:48:08,11.94039
20:48:09,11.7979822
20:48:10,12.2552128
20:48:11,11.4864912
20:48:12,12.0692053
20:48:13,12.1345911
20:48:14,12.17969
20:48:15,12.3068275
20:48:16,12.27175
20:48:17,12.11784
20:48:18,12.398756
20:48:19,11.8070354
20:48:20,11.7789831
20:48:21,12.3543625
20:48:22,12.13263
20:48:23,11.8110876
20:48:24,11.8284359
20:48:25,12.0683937
20:48:26,11.9210691
20:48:27,12.1332159
20:48:28,12.0149984
20:48:29,12.0933208
20:48:30,11.9228754
20:48:31,11.9850149
20:48:32,11.91944
20:48:33,11.8416729
20:48:34,11.8672075
20:48:35,11.9225245
20:48:36,11.9014168
20:48:37,12.1374969
20:48:38,12.1290607
20:48:39,12.1221952
20:48:40,11.9290333
20:48:41,11.9734421
20:48:42,12.050971
20:48:43,12.2400827
20:48:44,11.9405689
20:48:45,11.7479239
20:48:46,12.0948181
20:48:47,12.0251236
20:48:48,12.0091286
20:48:49,11.8810787
20:48:50,12.0583611
20:48:51,12.1289577
20:48:52,11.8489161
20:48:53,11.9735518
20:48:55,12.1631975
20:48:56,11.7735977
20:48:57,11.9157667
20:48:58,12.2942057
20:48:59,12.0288353
20:49:00,12.0789652
20:49:01,12.3926687
20:49:02,12.1368561
20:49:03,12.212863
20:49:04,11.8544436
20:49:05,12.0600338
20:49:06,12.0312119
20:49:08,12.0189524
20:49:09,12.226944
20:49:10,11.9852533
20:49:11,11.943327
20:49:12,12.0000772
20:49:13,11.9442787
20:49:14,11.7910585
20:49:15,11.8389845
20:49:16,12.2652912
20:49:17,11.9911251
20:49:18,11.896697
20:49:19,12.0456228
20:49:20,12.1753254
20:49:21,11.96124
20:49:22,12.255887
20:49:23,11.9044886
20:49:24,11.8121481
20:49:25,12.1034184
20:49:26,11.9185419
20:49:27,12.0223217
20:49:28,11.886838
20:49:29,12.01442
20:49:30,12.0559444
20:49:31,11.8758135
20:49:32,11.9064522
20:49:33,12.0807133
20:49:34,11.9947462
20:49:35,12.1482763
20:49:36,12.0750885
20:49:37,11.958724
20:49:38,11.8360529
20:49:39,11.9011354
20:49:40,12.2272739
20:49:41,12.0042877
20:49:42,11.8580961
20:49:43,12.1870508
20:49:44,12.0112667
20:49:45,12.08874
20:49:46,12.113307
20:49:47,12.0340815
20:49:48,11.9891319
20:49:49,11.7248611
20:49:50,11.9347267
20:49:51,11.8886871
20:49:52,12.1187553
20:49:53,12.1032419
20:49:54,11.9189119
20:49:55,12.1167126
20:49:56,11.5530043
20:49:57,12.1170406
20:49:58,11.7822847
20:49:59,11.9517565
20:50:00,11.8179092
20:50:01,11.9799938
20:50:02,12.0388222
20:50:03,11.8373852
20:50:04,11.9422941
20:50:05,11.9078007
20:50:06,11.9486609
20:50:07,11.9386272
20:50:08,11.9451637
20:50:09,12.1327286
20:50:10,11.972558
20:50:11,11.9025087
20:50:12,12.0056829
20:50:13,11.8928127
20:50:14,11.8991442
20:50:15,12.1283312
20:50:16,12.0938549
20:50:17,12.2430658
20:50:18,12.1017485
20:50:19,11.6008854
20:50:20,11.9039717
20:50:21,11.828
20:50:22,11.9037857
20:50:23,11.74155
20:50:24,11.8647928
20:50:25,12.0282431
20:50:26,12.1857786
20:50:27,12.1810913
20:50:28,11.3152237
20:50:29,11.8186026
20:50:30,11.6757755
20:50:31,12.5567875
20:50:32,12.02962
20:50:33,11.8494635
20:50:34,12.1151991
20:50:35,11.7829256
20:50:36,11.8199282
20:50:37,12.3731194
20:50:38,12.4912834
20:50:39,12.1524458
20:50:40,11.70332
20:50:41,11.9352589
20:50:42,12.1334143
20:50:43,11.7292509
20:50:44,11.8727827
20:50:45,11.964653
20:50:46,12.0086946
20:50:47,11.9157066
20:50:48,12.044116
20:50:49,11.9644289
20:50:50,11.7572756
20:50:51,12.04738
20:50:52,11.8989
20:50:53,11.8792887
20:50:54,12.1490879
20:50:55,11.7822962
20:50:56,11.9225636
20:50:57,11.8479223
20:50:58,11.5517139
20:50:59,12.0679836
20:51:00,11.9500675
20:51:01,11.7437811
20:51:02,12.08008
20:51:03,12.0723972
20:51:04,12.1276484
20:51:05,11.810647
20:51:06,12.022294
20:51:07,11.8762131
20:51:08,12.0972872
20:51:09,11.8808136
20:51:10,11.9475069
20:51:11,12.315937
20:51:12,11.86589
20:51:13,12.0024815
20:51:14,11.9939175
20:51:15,11.9246178
20:51:16,12.0144062
20:51:17,11.9058924
20:51:18,11.9900055
20:51:19,11.757761
20:51:20,12.0643559
20:51:21,11.9016485
20:51:22,11.7775383
20:51:23,11.8366451
20:51:24,12.0274572
20:51:25,12.1930513
20:51:26,12.0719948
20:51:27,11.9088354
20:51:28,12.0844383
20:51:29,11.96507
20:51:30,11.996871
20:51:31,11.6524067
20:51:32,12.2521
20:51:33,12.0479746
20:51:34,11.8783655
20:51:35,11.93188
20:51:36,12.2773571
20:51:37,11.902173
20:51:38,12.1741467
20:51:39,11.824
20:51:40,12.0329523
20:51:41,12.1189127
20:51:42,12.1221361
20:51:43,11.9101591
20:51:44,11.9197044
20:51:45,12.248764
20:51:46,12.0218573
20:51:47,11.7550564
20:51:48,11.9391718
20:51:49,11.8974333
20:51:50,12.1244192
20:51:51,12.051074
20:51:52,12.27176
20:51:53,12.1334705
20:51:55,12.2608223
20:51:56,12.2964687
20:51:57,11.7877321
20:51:58,12.0739384
20:51:59,11.9813929
20:52:00,12.1272078
20:52:01,11.87827
20:52:02,12.0917215
20:52:03,12.2643156
20:52:04,11.8481789
20:52:05,11.8428564
20:52:06,12.0353527
20:52:07,11.9595814
20:52:08,12.2208481
20:52:09,11.9649305
20:52:10,12.2080069
20:52:11,11.80094
20:52:12,12.0089836
20:52:13,12.0107031
20:52:14,11.9979563
20:52:15,11.8252125
20:52:16,11.8323336
20:52:17,12.2010317
20:52:18,12.0541658
20:52:19,12.099865
20:52:20,11.9775095
20:52:21,11.7238512
20:52:22,11.8981628
20:52:23,11.8443432
20:52:24,12.36929
20:52:25,11.64561
20:52:26,12.3114843
20:52:27,11.8452063
20:52:28,11.935463
20:52:29,11.6101551
20:52:30,12.0200891
20:52:31,11.9222536
20:52:32,12.2633705
20:52:33,12.2291174
20:52:34,12.2041473
20:52:35,11.8650494
20:52:36,12.187067
20:52:37,11.79475
20:52:38,11.97667
20:52:39,12.0071144
20:52:40,12.0285339
20:52:41,12.1371012
20:52:42,11.96646
20:52:43,12.0155115
20:52:44,12.1688128
20:52:45,11.30284
20:52:46,12.1815844
20:52:47,12.3367863
20:52:48,12.0300817
20:52:49,11.5522556
20:52:50,11.8657455
20:52:52,11.9705639
20:52:53,12.1971378
20:52:55,11.9378815
20:52:57,12.9771566
20:52:58,12.0568781
20:52:59,12.1832237
20:53:00,12.1506891
20:53:01,11.9934177
20:53:02,11.929966
20:53:03,12.0642042
20:53:04,12.2445784
20:53:05,11.9654551
20:53:06,11.8574162
20:53:07,11.7711725
20:53:08,12.01106
20:53:09,11.8653822
20:53:10,11.92333
20:53:11,12.0563831
20:53:12,11.9157219
20:53:13,11.8254662
20:53:14,11.6314039
20:53:15,11.8989325
20:53:16,12.1683378
20:53:17,11.879138
20:53:18,12.2857628
20:53:19,11.91592
20:53:20,11.8745708
20:53:21,12.0142355
20:53:22,11.9110012
20:53:23,12.1431761
20:53:24,11.9648476
20:53:25,12.2605162
20:53:26,12.0029192
20:53:27,11.8129911
20:53:28,11.7805328
20:53:29,11.7573519
20:53:30,11.9047537
20:53:31,12.0190926
20:53:32,12.2410936
20:53:33,12.1001768
20:53:34,12.1468182
20:53:35,11.8648806
20:53:36,12.1505384
20:53:37,11.9486046
20:53:38,11.8665915
20:53:39,11.9560089
20:53:40,12.202363
20:53:41,11.92766
20:53:42,11.8514433
20:53:43,12.1437349
20:53:44,11.9624519
20:53:45,12.0053358
20:53:46,11.9310112
20:53:47,11.7968626
20:53:48,12.0380821
20:53:49,11.9147091
20:53:50,12.16659
20:53:51,11.9852953
20:53:52,12.1179867
20:53:53,11.9456167
20:53:54,11.9595852
20:53:55,12.25437
20:53:56,11.9780159
20:53:57,11.7817221
20:53:58,11.9091434
20:53:59,12.3744249
20:54:00,11.781971
20:54:01,11.9520664
20:54:02,12.0361671
20:54:03,11.9335852
20:54:04,11.7133045
20:54:05,12.1664886
20:54:06,11.9039268
20:54:07,11.8557138
20:54:08,11.9858494
20:54:09,12.0672636
20:54:10,12.03696
20:54:11,11.9307938
20:54:12,11.73282
20:54:13,12.3725328
20:54:14,11.7912331
20:54:15,11.9489117
20:54:16,12.1553078
20:54:17,12.1543846
20:54:18,11.9713287
20:54:19,11.9075165
20:54:20,11.9878273
20:54:21,11.6430407
20:54:22,11.9379358
20:54:23,12.0457134
20:54:24,11.9516306
20:54:25,11.7724342
20:54:26,11.9991169
20:54:27,11.75568
20:54:28,11.9318962
20:54:29,11.7451591
20:54:30,12.1782331
20:54:31,12.1675863
20:54:32,12.0876923
20:54:33,11.8773346
20:54:34,11.9617405
20:54:35,12.0192118
20:54:36,11.8331652
20:54:37,11.9459219
20:54:38,12.1077862
20:54:39,12.1095161
20:54:40,12.1636372
20:54:41,12.1292486
20:54:42,11.9206648
20:54:43,11.9697924
20:54:44,11.8941479
20:54:45,11.811574
20:54:46,11.9112358
20:54:47,11.9724264
20:54:48,12.1159458
20:54:49,11.8382759
20:54:50,12.24765
20:54:51,12.1029844
20:54:52,12.0101852
20:54:53,12.1262846
20:54:55,11.9841509
20:54:56,12.066596
20:54:57,11.938817
20:54:58,11.9589224
20:54:59,11.6367741
20:55:00,12.0381908
20:55:01,12.2693577
20:55:02,11.3922367
20:55:03,11.7089834
20:55:04,12.1786165
20:55:05,12.0211611
20:55:06,11.8420343
20:55:07,11.7464609
20:55:08,12.0767679
20:55:09,11.9705563
20:55:10,12.1219826
20:55:11,12.3888292
20:55:12,11.9905863
20:55:13,12.01231
20:55:14,11.8953724
20:55:16,12.2141685
20:55:17,12.1838474
20:55:18,12.156147
20:55:19,12.0009022
20:55:20,11.9578857
20:55:21,11.9861259
20:55:22,11.998085
20:55:23,12.1515064
20:55:24,12.1033649
20:55:25,11.8261623
20:55:26,11.9899368
20:55:27,12.1227436
20:55:28,11.8055983
20:55:29,11.94988
20:55:30,11.8789768
20:55:31,12.0122595
20:55:32,11.91782
20:55:33,11.5888195
20:55:34,11.9874306
20:55:35,11.9557953
20:55:36,12.1171227
20:55:37,12.1004782
20:55:38,11.9949417
20:55:39,11.993968
20:55:40,11.9137115
20:55:41,12.2023888
20:55:42,11.9319067
20:55:43,11.9324589
20:55:44,12.0429935
20:55:45,12.0382671
20:55:46,12.1790476
20:55:47,11.98217
20:55:48,12.0643282
20:55:49,11.7050343
20:55:50,12.1076326
20:55:51,12.19827
20:55:52,11.9500008
20:55:53,12.0170469
20:55:54,12.1094551
20:55:55,11.8484879
20:55:56,12.3962278
20:55:57,12.0472755
20:55:58,12.0868139
20:55:59,11.7700739
20:56:00,11.9961081
20:56:01,12.0897617
20:56:02,12.0443335
20:56:03,12.14513
20:56:04,12.1267281
20:56:05,11.9426212
20:56:06,12.320631
20:56:07,12.0982227
20:56:08,11.9356413
20:56:09,12.05065
20:56:10,12.21707
20:56:11,11.8088894
20:56:12,12.1853437
20:56:13,11.9844913
20:56:14,11.8573914
20:56:15,11.8552456
20:56:16,11.859561
20:56:17,12.0689144
20:56:18,12.0927515
20:56:19,11.8911524
20:56:20,11.9612894
20:56:21,11.8479271
20:56:22,12.172164
20:56:23,11.9599047
20:56:24,11.8491268
20:56:25,12.0979414
20:56:26,12.0670538
20:56:27,11.7357416
20:56:28,12.0364656
20:56:29,11.8370571
20:56:30,11.6823015
20:56:31,11.872426
20:56:32,11.8663855
20:56:33,11.791234
20:56:34,11.888464
20:56:35,11.9067078
20:56:36,12.06659
20:56:37,12.3437691
20:56:38,12.0267591
20:56:39,11.9032078
20:56:40,11.7701721
20:56:41,12.1323366
20:56:42,11.9060631
20:56:43,11.9363766
20:56:44,11.9409046
20:56:45,11.8571014
20:56:46,12.045989
20:56:47,12.0113125
20:56:48,12.0814657
20:56:49,11.9071817
20:56:50,11.8123388
20:56:51,11.7267914
20:56:52,12.0504189
20:56:53,12.105958
20:56:55,12.113677
20:56:56,11.74324
20:56:57,12.0647249
20:56:58,12.2905331
20:56:59,11.848279
20:57:00,12.0228834
20:57:01,11.8262253
20:57:02,11.7067747
20:57:03,11.8600082
20:57:04,11.7858238
20:57:05,12.2576351
20:57:06,11.9369478
20:57:07,11.6120205
20:57:08,11.98267
20:57:09,11.9894924
20:57:10,12.190341
20:57:11,11.9756651
20:57:12,12.1995487
20:57:13,12.1290693
20:57:14,12.0963621
20:57:15,11.9606848
20:57:16,11.88284
20:57:17,11.9906912
20:57:18,11.68181
20:57:19,12.0429831
20:57:20,12.1599607
20:57:21,11.95294
20:57:23,12.1006613
20:57:24,12.1906185
20:57:25,11.588357
20:57:26,12.1823339
20:57:28,11.9566765
20:57:29,12.083353
20:57:30,12.2161579
20:57:31,11.4780121
20:57:32,11.7039385
20:57:33,12.1084366
20:57:34,11.7840157
20:57:35,12.0874557
20:57:36,11.969059
20:57:37,11.6010075
20:57:38,12.1133394
20:57:39,11.9810419
20:57:40,11.901391
20:57:41,12.06052
20:57:42,12.1574306
20:57:43,11.8626394
20:57:44,12.4652843
20:57:45,11.9112949
20:57:46,12.08047
20:57:47,12.2065706
20:57:48,11.7065516
20:57:49,12.00175
20:57:50,10.4311228
20:57:51,10.9520359
20:57:52,14.3560028
20:57:53,13.620553
20:57:54,11.9326038
20:57:55,11.8188019
20:57:56,11.7035
20:57:57,11.9800673
20:57:58,11.9817476
20:57:59,12.113678
20:58:00,12.0028887
20:58:01,11.9690714
20:58:02,11.9257021
20:58:03,12.0788641
20:58:04,11.988
20:58:05,11.8273363
20:58:06,12.4245262
20:58:07,12.1029491
20:58:08,11.9532385
20:58:09,11.9879732
20:58:10,11.8485823
20:58:11,11.9643984
20:58:12,12.0324221
20:58:13,12.065443
20:58:14,11.8607359
20:58:15,11.8611975
20:58:16,11.9109755
20:58:17,12.0979033
20:58:18,11.9248161
20:58:19,12.0402794
20:58:20,11.8232145
20:58:21,12.0024729
20:58:22,11.8412485
20:58:23,12.0419207
20:58:24,11.8121538
20:58:25,11.89927
20:58:26,12.1703243
20:58:27,11.7023926
20:58:28,12.0874166
20:58:29,12.3376112
20:58:30,12.0034609
20:58:31,11.8443022
20:58:32,11.7998629
20:58:33,11.9686966
20:58:34,12.0764885
20:58:35,11.7633123
20:58:36,12.0715714
20:58:37,12.02669
20:58:38,11.9167309
20:58:39,11.9521914
20:58:40,11.9619055
20:58:41,12.1306314
20:58:42,12.05926
20:58:43,12.267765
20:58:44,11.9534168
20:58:45,12.1525774
20:58:46,12.0571489
20:58:47,12.38633
20:58:48,11.6286392
20:58:49,11.93565
20:58:50,11.9027662
20:58:51,11.6796074
20:58:52,12.019186
20:58:53,12.1609612
20:58:54,12.147131
20:58:55,11.7554626
20:58:56,11.8009682
20:58:57,11.9456167
20:58:58,11.77689
20:58:59,11.8751621
20:59:00,11.8836555
20:59:01,12.1372566
20:59:02,12.1405783
20:59:03,12.2308807
20:59:04,11.9012995
20:59:05,11.9127131
20:59:06,12.0889692
20:59:07,11.9726191
20:59:08,11.9175339
20:59:09,12.0198631
20:59:10,12.0869761
20:59:11,11.8655863
20:59:12,11.8571434
20:59:13,11.7594738
20:59:14,12.1013479
20:59:15,12.0166912
20:59:16,12.0830221
20:59:17,11.8798122
20:59:18,12.0360985
20:59:19,12.1536942
20:59:20,12.0356607
20:59:21,11.9879179
20:59:22,11.9837723
20:59:23,12.0426788
20:59:24,12.0174618
20:59:25,12.0343761
20:59:26,11.9355955
20:59:27,12.1316452
20:59:28,12.00325
20:59:29,12.0658
20:59:30,12.0084629
20:59:31,12.1594219
20:59:32,12.160924
20:59:33,11.9616833
20:59:34,12.0057974
20:59:35,11.8754816
20:59:36,11.7426777
20:59:37,11.8311977
20:59:38,11.8171835
20:59:39,11.9134407
20:59:40,12.4529276
20:59:41,11.8513689
20:59:42,11.9540558
20:59:43,11.7908058
20:59:44,12.0892715
20:59:45,11.8728418
20:59:46,11.848629
20:59:47,12.1321125
20:59:48,12.002923
20:59:49,12.2290154
20:59:50,11.7326231
20:59:51,12.1000223
20:59:52,12.1035433
20:59:53,11.90114
20:59:54,12.0384617
20:59:56,11.7758884
20:59:57,11.7860022
20:59:58,11.9168873
20:59:59,12.1606989
21:00:00,11.9536991
21:00:01,12.0239248
21:00:02,11.9778242
21:00:03,11.9022417
21:00:04,12.3027925
21:00:05,11.945096
21:00:06,12.3643923
21:00:07,11.9757147
21:00:08,12.06967
21:00:10,11.9252472
21:00:11,11.9041319
21:00:12,11.9005108
21:00:13,12.2485266
21:00:14,12.015317
21:00:15,11.8096037
21:00:16,11.6933384
21:00:17,12.0648241
21:00:18,12.0268335
21:00:19,11.8556643
21:00:20,12.3702
21:00:21,12.1176033
21:00:22,12.1219425
21:00:23,11.9584532
21:00:24,11.9097281
21:00:25,11.9141979
21:00:26,11.9805
21:00:27,12.0084467
21:00:28,12.1140709
21:00:29,12.0515528
21:00:30,11.7380085
21:00:31,11.8991
21:00:32,12.0379667
21:00:33,12.2260084
21:00:34,11.8116026
21:00:35,12.1409864
21:00:36,11.8169651
21:00:37,11.8677988
21:00:38,12.0401411
21:00:39,12.0038471
21:00:40,11.9650784
21:00:41,11.8724613
21:00:42,11.9614735
21:00:43,12.2989292
21:00:44,11.90717
21:00:45,11.7645874
21:00:46,11.8208923
21:00:47,12.1551247
21:00:48,11.830533
21:00:49,11.9389162
21:00:50,12.0595627
21:00:51,12.14626
21:00:52,11.9862843
21:00:53,11.9674129
21:00:54,11.9573212
21:00:55,12.5489254
21:00:56,11.8939495
21:00:57,11.9390459
21:00:58,12.051692
21:00:59,12.018959
21:01:00,12.081728
21:01:01,11.99725
21:01:02,12.1090384
21:01:03,12.1021938
21:01:04,12.0893574
21:01:05,11.780899
21:01:06,12.1517782
21:01:07,12.1000624
21:01:08,11.731802
21:01:09,11.9402237
21:01:10,11.93263
21:01:11,11.933197
21:01:12,12.1478281
21:01:13,11.8826094
21:01:14,12.0413885
21:01:15,11.8901939
21:01:16,11.8737373
21:01:17,12.3068008
21:01:18,12.0262251
21:01:19,11.7295723
21:01:20,11.9325628
21:01:21,12.0415878
21:01:22,11.9354811
21:01:23,12.1171055
21:01:24,12.0729294
21:01:25,12.38045
21:01:26,11.7011757
21:01:27,12.2829084
21:01:28,11.8843575
21:01:29,11.7392216
21:01:30,12.053277
21:01:31,12.0129
21:01:32,11.9115648
21:01:33,11.9789886
21:01:34,11.9218063
21:01:35,11.7678185
21:01:36,11.9412346
21:01:37,11.7954931
21:01:38,11.8544455
21:01:39,11.9333725
21:01:40,12.0629377
21:01:41,11.8228045
21:01:42,11.9376287
21:01:43,11.8859138
21:01:44,11.9992638
21:01:45,11.6167679
21:01:46,12.2456617
21:01:47,12.2151852
21:01:48,11.9910841
21:01:49,12.1067848
21:01:50,11.7386026
21:01:51,11.8626308
21:01:52,12.0803623
21:01:53,11.9662895
21:01:54,11.7778425
21:01:55,12.10259
21:01:56,12.0782137
21:01:57,11.8949528
21:01:58,11.9951057
21:01:59,12.2385416
21:02:00,11.9495287
21:02:01,12.1974707
21:02:02,11.9112949
21:02:03,12.1297274
21:02:04,11.91752
21:02:05,11.7574825
21:02:06,12.1470861
21:02:07,11.8147364
21:02:08,12.1535912
21:02:09,11.9666519
21:02:10,11.8816538
21:02:11,11.95324
21:02:12,11.8733139
21:02:13,12.1565285
21:02:14,11.368165
21:02:15,11.9149637
21:02:16,12.0721254
21:02:17,12.0499325
21:02:18,12.5276728
21:02:19,12.1448536
21:02:20,12.4114227
21:02:21,11.9099951
21:02:22,11.9492083
21:02:23,12.4172564
21:02:24,11.9361725
21:02:25,12.1535587
21:02:26,11.9534435
21:02:27,11.832283
21:02:28,12.0498981
21:02:29,11.9659672
21:02:30,12.0790176
21:02:31,12.0501852
21:02:32,12.0000067
21:02:33,11.7855835
21:02:34,11.9222021
21:02:35,12.0431309
21:02:36,12.0781527
21:02:37,11.7113037
21:02:38,11.8227015
21:02:39,12.0951338
21:02:40,11.9389944
21:02:41,12.0022173
21:02:42,12.019927
21:02:43,12.2260342
21:02:44,11.8522663
21:02:45,11.85266
21:02:46,11.7684679
21:02:47,11.972518
21:02:48,11.9435177
21:02:49,12.271246
21:02:50,11.8960857
21:02:51,11.9189415
21:02:52,11.8781691
21:02:53,11.79786
21:02:54,12.1038761
21:02:56,12.0353918
21:02:58,12.2565746
21:02:59,12.0753288
21:03:01,11.9340668
21:03:03,11.9677887
21:03:04,12.0537367
21:03:05,12.2834692
21:03:06,12.0299559
21:03:07,12.0658979
21:03:08,11.9415073
21:03:09,12.1360426
21:03:10,12.0963669
21:03:11,12.0429506
21:03:12,11.8556852
21:03:13,11.7835827
21:03:14,11.9931517
21:03:15,11.96452
21:03:16,11.9696407
21:03:17,12.0097218
21:03:18,12.0770855
21:03:19,12.2443676
21:03:20,11.98555
21:03:21,11.963398
21:03:22,11.9405394
21:03:23,12.021697
21:03:24,11.9815445
21:03:25,11.873167
21:03:26,12.1543026
21:03:27,11.6480808
21:03:28,12.1840572
21:03:29,11.9087248
21:03:30,12.0972948
21:03:31,12.103548
21:03:32,11.7942657
21:03:33,12.18519
21:03:34,11.9976377
21:03:35,11.8787212
21:03:36,11.9886732
21:03:37,12.055995
21:03:38,12.0741873
21:03:39,11.7182627
21:03:40,11.9161739
21:03:41,12.1384077
21:03:42,12.124485
21:03:43,12.0337582
21:03:44,12.0041523
21:03:45,11.9425316
21:03:46,12.0921345
21:03:47,11.9693155
21:03:48,11.932127
21:03:49,12.236701
21:03:50,12.0434628
21:03:51,11.9666233
21:03:52,11.9987946
21:03:53,12.2850962
21:03:54,11.7573929
21:03:55,12.0820189
21:03:56,11.7971668
21:03:57,11.8222094
21:03:58,12.0618124
21:03:59,11.9100542
21:04:00,11.9414949
21:04:01,11.8539562
21:04:02,12.4611893
21:04:03,11.81223
21:04:04,12.1905184
21:04:05,12.0605373
21:04:06,12.0352478
21:04:07,11.8324976
21:04:08,12.1395111
21:04:09,11.8148737
21:04:10,11.9675016
21:04:11,11.9832983
21:04:12,11.7966623
21:04:13,12.1679058
21:04:14,12.04941
21:04:15,12.1247969
21:04:16,11.9842978
21:04:17,11.74561
21:04:18,11.8147287
21:04:19,12.0006924
21:04:20,12.07464
21:04:21,12.0471554
21:04:22,11.970499
21:04:23,11.9868183
21:04:24,11.7750893
21:04:25,12.1701059
21:04:26,11.7688684
21:04:27,12.0913429
21:04:28,12.0760441
21:04:29,12.1206322
21:04:30,11.4626589
21:04:31,11.8222284
21:04:32,12.3610678
21:04:33,11.8818874
21:04:34,11.9035625
21:04:35,12.0317841
21:04:36,12.0705481
21:04:37,12.001544
21:04:38,11.9146185
21:04:39,11.88922
21:04:40,11.74678
21:04:41,12.7298088
21:04:42,11.8489227
21:04:43,12.0499992
21:04:44,12.0629187
21:04:45,11.87131
21:04:46,12.1944561
21:04:47,12.27147
21:04:48,12.2020016
21:04:49,11.89947
21:04:50,12.1582823
21:04:51,11.98746
21:04:52,11.8434467
21:04:53,12.070262
21:04:55,12.1135368
21:04:56,12.0424871
21:04:57,12.1966591
21:04:58,12.0317764
21:04:59,11.9581089
21:05:00,11.9809732
21:05:01,12.0546646
21:05:02,11.9088984
21:05:03,12.0946512
21:05:04,11.7038736
21:05:05,11.9923477
21:05:06,11.766777
21:05:07,11.9415379
21:05:08,11.7438688
21:05:09,11.8335142
21:05:10,11.6554976
21:05:11,11.8517771
21:05:12,11.8813667
21:05:13,12.0136089
21:05:14,12.1969719
21:05:15,12.07918
21:05:16,11.8485575
21:05:17,12.1027527
21:05:18,12.1618977
21:05:19,11.9645472
21:05:20,11.9790192
21:05:21,12.1660309
21:05:22,12.0016441
21:05:23,11.8073406
21:05:24,11.94994
21:05:25,12.0311766
21:05:26,12.1135387
21:05:27,12.2179976
21:05:28,11.8780174
21:05:30,11.9829988
21:05:31,12.0272036
21:05:32,12.3338451
21:05:34,11.8732548
21:05:35,11.9894714
21:05:36,11.8122463
21:05:37,11.9358044
21:05:38,11.8621721
21:05:39,11.9191713
21:05:40,12.0515594
21:05:41,12.2395153
21:05:42,11.5599346
21:05:43,12.0902853
21:05:44,11.9067354
21:05:45,11.7421064
21:05:46,12.1123171
21:05:47,11.9028358
21:05:48,12.1390924
21:05:49,11.8874083
21:05:50,12.0052958
21:05:51,12.1187181
21:05:52,11.9421167
21:05:53,12.2669973
21:05:54,12.025074
21:05:55,11.8895693
21:05:56,11.9927969
21:05:57,12.1006718
21:05:58,12.0372972
21:05:59,12.0591831
21:06:00,12.2694855
21:06:01,11.6332645
21:06:02,12.1496048
21:06:03,11.8877773
21:06:04,12.1126251
21:06:05,12.1455545
21:06:06,11.9328232
21:06:07,12.0594435
21:06:08,11.9353056
21:06:09,12.1212864
21:06:10,12.0581379
21:06:11,11.9414234
21:06:12,11.81938
21:06:13,11.9762754
21:06:14,11.9732189
21:06:15,11.8998508
21:06:16,12.0397215
21:06:17,11.7684994
21:06:18,11.8816833
21:06:19,12.0308771
21:06:20,12.2986937
21:06:21,11.7228384
21:06:22,11.9861526
21:06:23,11.956871
21:06:24,12.1012573
21:06:25,11.8565855
21:06:26,12.2507257
21:06:27,11.9474792
21:06:28,11.9665718
21:06:29,12.0242157
21:06:30,11.9491987
21:06:31,12.1883879
21:06:32,12.07002
21:06:33,11.9181614
21:06:34,12.0305929
21:06:35,11.9998274
21:06:36,12.1036415
21:06:37,11.888545
21:06:38,12.0330944
21:06:39,12.2524109
21:06:40,11.901329
21:06:41,11.6978416
21:06:42,11.9077282
21:06:43,12.0967684
21:06:44,12.0345879
21:06:45,11.9489813
21:06:46,11.7542439
21:06:47,12.0862122
21:06:48,11.7208881
21:06:49,11.61365
21:06:50,12.0268869
21:06:51,11.9517574
21:06:52,11.69591
21:06:53,11.927927
21:06:54,12.2236156
21:06:55,11.8393974
21:06:56,11.1322241
21:06:57,12.9290123
21:06:58,11.7771683
21:06:59,12.0734653
21:07:00,11.9367094
21:07:01,11.9361124
21:07:02,11.8637552
21:07:03,11.7970867
21:07:04,12.1097155
21:07:05,11.5722914
21:07:06,12.0853968
21:07:07,12.1651945
21:07:08,12.0170765
21:07:09,11.864007
21:07:10,11.87139
21:07:11,11.8340569
21:07:12,11.8185978
21:07:13,12.0835762
21:07:14,11.930232
21:07:15,12.2538033
21:07:16,12.03197
21:07:17,11.9231148
21:07:18,11.9603214
21:07:19,12.0846052
21:07:20,11.9752464
21:07:21,11.9490671
21:07:22,12.0662651
21:07:23,12.0567665
21:07:24,12.2575788
21:07:25,11.706893
21:07:26,11.8171368
21:07:27,11.8612566
21:07:28,12.0906525
21:07:29,12.4704018
21:07:30,11.71721
21:07:31,11.9687805
21:07:32,12.1349106
21:07:33,11.7104673
21:07:34,12.2470379
21:07:35,12.00416
21:07:36,12.0461912
21:07:37,11.9200087
21:07:38,12.0219746
21:07:39,12.0252657
21:07:40,11.7622128
21:07:41,11.8667021
21:07:42,11.7369061
21:07:43,11.9631166
21:07:44,11.8340168
21:07:45,12.1686373
21:07:46,11.9292164
21:07:47,11.7949953
21:07:48,12.1580448
21:07:49,12.0860653
21:07:50,11.8941441
21:07:51,11.6861486
21:07:52,11.9746428
21:07:53,11.9112082
21:07:54,12.1787672
21:07:56,11.7333078
21:07:57,11.8162374
21:07:58,11.80112
21:07:59,12.243495
21:08:00,11.8191929
21:08:01,12.0253143
21:08:02,12.1231956
21:08:03,12.0914965
21:08:04,11.7307024
21:08:06,12.1603832
21:08:07,11.9062719
21:08:08,11.8364916
21:08:09,11.8425846
21:08:10,12.1109476
21:08:11,11.7217894
21:08:12,12.0632029
21:08:13,11.8254766
21:08:14,12.0295353
21:08:15,12.0785875
21:08:16,11.9123669
21:08:17,11.8689651
21:08:18,12.0999355
21:08:19,12.1841764
21:08:20,11.981349
21:08:21,11.8831139
21:08:22,12.043829
21:08:23,12.0433016
21:08:24,12.0807486
21:08:25,11.9398088
21:08:26,12.0996695
21:08:27,12.02288
21:08:28,12.1066036
21:08:29,12.1316938
21:08:30,12.0672064
21:08:31,11.8498478
21:08:32,11.9863081
21:08:33,12.1353512
21:08:34,12.1456175
21:08:35,11.9607973
21:08:36,12.23639
21:08:37,12.0456581
21:08:38,12.0962715
21:08:39,12.163126
21:08:40,12.0282822
21:08:41,11.83326
21:08:42,11.9241838
21:08:43,12.123497
21:08:44,12.0977354
21:08:45,11.9230165
21:08:46,12.0323849
21:08:47,12.006876
21:08:48,12.0798569
21:08:49,11.967844
21:08:50,12.2199306
21:08:51,12.0106478
21:08:52,11.975708
21:08:53,12.1707487
21:08:54,11.987915
21:08:55,11.8814764
21:08:56,11.9121943
21:08:57,11.9922762
21:08:58,11.989521
21:08:59,12.1117992
21:09:00,12.0567322
21:09:01,11.7364216
21:09:02,11.91439
21:09:03,11.4059277
21:09:04,12.2168
21:09:05,12.1418724
21:09:06,12.0911627
21:09:07,12.0885458
21:09:08,12.1457853
21:09:09,11.9921265
21:09:10,12.2881918
21:09:11,11.8916683
21:09:12,11.8127337
21:09:13,12.1432457
21:09:14,12.0256329
21:09:15,12.0621452
21:09:16,11.6771145
21:09:17,12.0743914
21:09:18,11.7180567
21:09:19,12.2402611
21:09:20,12.0054159
21:09:21,11.9101849
21:09:22,12.0912685
21:09:23,11.8992329
21:09:24,11.8868093
21:09:25,11.7591515
21:09:26,11.8108339
21:09:27,11.7872925
21:09:28,11.9353685
21:09:29,11.9992533
21:09:30,12.0805645
21:09:31,11.8982306
21:09:32,11.8435907
21:09:33,11.9031725
21:09:34,11.9823723
21:09:35,11.8652525
21:09:36,11.98932
21:09:37,12.2033911
21:09:38,11.97706
21:09:39,11.9022512
21:09:40,12.1511879
21:09:41,12.13164
21:09:42,12.0314407
21:09:43,12.1051435
21:09:44,12.1781483
21:09:45,12.1959658
21:09:46,11.9385929
21:09:47,12.1282616
21:09:48,11.89457
21:09:49,11.9983845
21:09:50,12.0653048
21:09:51,12.0718775
21:09:52,12.0678263
21:09:53,12.0653591
21:09:54,11.8864794
21:09:55,12.18247
21:09:56,11.86467
21:09:57,11.9727278
21:09:58,11.9977589
21:09:59,12.20305
21:10:00,12.04027
21:10:01,12.0744858
21:10:02,12.0941181
21:10:03,11.9145422
21:10:04,11.9006414
21:10:05,11.83544
21:10:06,12.1929789
21:10:07,11.9914484
21:10:08,12.0872746
21:10:09,12.0835638
21:10:10,11.8582039
21:10:11,11.936285
21:10:12,12.0510235
21:10:13,11.7469149
21:10:14,12.1355286
21:10:15,11.7468853
21:10:16,11.9548073
21:10:17,12.1443062
21:10:18,11.7041388
21:10:19,11.8910885
21:10:20,11.9063959
21:10:21,11.9503107
21:10:22,12.2291212
21:10:23,12.0049791
21:10:24,12.1214314
21:10:25,12.1971312
21:10:26,11.952981
21:10:27,11.7029114
21:10:29,12.2036266
21:10:31,12.2196951
21:10:32,12.153245
21:10:33,11.9161749
21:10:35,12.0559483
21:10:36,11.9891109
21:10:37,12.1757
21:10:38,11.9628172
21:10:39,12.2505
21:10:40,11.8405638
21:10:41,11.8255939
21:10:42,11.9064074
21:10:43,11.8525667
21:10:44,12.0199175
21:10:45,11.6867867
21:10:46,12.0397778
21:10:47,12.1439161
21:10:48,11.9613161
21:10:49,11.8230629
21:10:50,11.8777409
21:10:51,11.7795811
21:10:52,12.4112539
21:10:53,11.4623289
21:10:54,12.1319427
21:10:55,12.0673628
21:10:56,12.021616
21:10:57,12.1748
21:10:58,11.8609838
21:10:59,11.9875441
21:11:00,11.8526993
21:11:01,12.0858974
21:11:02,12.1498156
21:11:03,12.175168
21:11:04,11.8004694
21:11:05,11.9000664
21:11:06,12.2499695
21:11:07,11.7809725
21:11:08,11.7989454
21:11:09,12.2203894
21:11:10,12.1134176
21:11:11,11.8710823
21:11:12,11.8634
21:11:13,11.9063339
21:11:14,11.9227905
21:11:15,11.9403143
21:11:16,11.7867355
21:11:17,12.0268488
21:11:18,12.0398874
21:11:19,11.8965244
21:11:20,12.1653709
21:11:21,12.033823
21:11:22,12.67606
21:11:23,11.9540844
21:11:24,12.2886391
21:11:25,11.8714218
21:11:26,12.2526493
21:11:27,11.7659607
21:11:28,11.8298721
21:11:29,12.1471624
21:11:30,12.2072287
21:11:31,11.9511957
21:11:32,12.0598431
21:11:33,12.0240965
21:11:34,11.7510242
21:11:35,12.0332766
21:11:36,12.197073
21:11:37,12.0288219
21:11:38,12.06061
21:11:39,12.2567205
21:11:40,12.1623831
21:11:41,11.8632813
21:11:42,12.1371422
21:11:43,12.0998535
21:11:44,12.0679846
21:11:45,12.0672426
21:11:46,12.1472149
21:11:47,11.9824038
21:11:48,12.11981
21:11:49,12.18115
21:11:50,11.781127
21:11:51,11.7206964
21:11:52,12.258894
21:11:53,12.0828981
21:11:54,12.3154917
21:11:55,11.9118071
21:11:56,12.0789089
21:11:57,11.84179
21:11:58,11.9423389
21:11:59,11.93699
21:12:00,11.6606674
21:12:01,11.99011
21:12:02,12.0245247
21:12:03,12.0022955
21:12:04,12.1787167
21:12:05,12.1852617
21:12:06,11.9405365
21:12:07,11.7850046
21:12:08,12.1249447
21:12:09,12.1471128
21:12:10,11.6692829
21:12:11,12.1088629
21:12:12,12.150569
21:12:13,12.5067043
21:12:14,12.0281143
21:12:15,11.8040209
21:12:16,12.2092323
21:12:17,11.8010731
21:12:18,11.9225912
21:12:19,11.7726345
21:12:20,12.203949
21:12:21,11.7040939
21:12:22,12.0820837
21:12:23,11.7989092
21:12:24,12.1960735
21:12:25,12.0872765
21:12:26,12.2007666
21:12:27,11.7713785
21:12:28,11.9247608
21:12:29,12.03008
21:12:30,12.0739975
21:12:31,12.2473335
21:12:32,11.6531391
21:12:33,11.8933105
21:12:34,11.903492
21:12:35,12.1450682
21:12:36,11.8950624
21:12:37,12.1775522
21:12:38,12.1071119
21:12:39,11.7119284
21:12:40,12.1069536
21:12:41,12.5506077
21:12:42,11.7569542
21:12:43,12.1183252
21:12:44,11.9444866
21:12:45,11.9242477
21:12:46,12.0360718
21:12:47,12.079071
21:12:48,11.8966942
21:12:49,11.8464136
21:12:50,12.156601
21:12:51,12.0104113
21:12:52,12.0707684
21:12:53,11.89152
21:12:54,12.0538912
21:12:56,12.254096
21:12:57,11.8870058
21:12:58,12.0534477
21:12:59,11.8696251
21:13:00,12.2389565
21:13:02,12.0365839
21:13:03,12.0247164
21:13:04,12.2709064
21:13:06,12.0516787
21:13:07,11.6819468
21:13:08,12.0052166
21:13:09,11.8452759
21:13:10,11.8166046
21:13:11,12.0699224
21:13:12,12.2080221
21:13:13,11.8921432
21:13:14,11.9004726
21:13:15,11.9672127
21:13:16,12.1811676
21:13:17,12.3215551
21:13:18,12.0178547
21:13:19,11.8413315
21:13:20,11.8286877
21:13:21,11.920023
21:13:22,12.109107
21:13:23,12.1225853
21:13:24,11.8088989
21:13:25,11.8272457
21:13:26,11.8107138
21:13:27,11.8862934
21:13:28,12.2531738
21:13:29,11.8641453
21:13:30,12.10025
21:13:31,12.028966
21:13:32,12.1753063
21:13:33,12.0826139
21:13:34,12.1474714
21:13:35,12.093379
21:13:36,11.3864574
21:13:37,11.8112278
21:13:38,12.2131643
21:13:39,12.0564137
21:13:40,12.2287321
21:13:41,11.8156157
21:13:42,12.2508545
21:13:43,12.1261511
21:13:44,12.0469885
21:13:45,12.2363615
21:13:46,12.4490709
21:13:47,11.9944849
21:13:48,11.9319868
21:13:49,11.9912548
21:13:50,12.0578613
21:13:51,12.06368
21:13:52,11.9757128
21:13:53,11.9174967
21:13:54,12.1907806
21:13:55,11.8720264
21:13:56,12.1569414
21:13:57,12.1373844
21:13:58,12.0311813
21:13:59,11.8234863
21:14:00,12.150135
21:14:01,11.8642483
21:14:02,12.0404758
21:14:03,11.9850359
21:14:04,12.0059452
21:14:05,12.280488
21:14:06,12.251935
21:14:07,11.9460306
21:14:08,11.9723988
21:14:09,11.9403572
21:14:10,11.9372625
21:14:11,12.1026249
21:14:12,12.009182
21:14:13,11.8782625
21:14:14,11.8597031
21:14:15,12.1104755
21:14:16,11.8694515
21:14:17,12.2239132
21:14:18,11.85389
21:14:19,11.9574375
21:14:20,11.9575109
21:14:21,12.0524721
21:14:22,12.0524168
21:14:23,12.1439419
21:14:24,12.1931028
21:14:25,12.0200863
21:14:26,11.977355
21:14:27,12.0989752
21:14:28,12.0195961
21:14:29,12.0678005
21:14:30,11.9196587
21:14:31,11.9333973
21:14:32,12.1400471
21:14:33,11.9737644
21:14:34,12.0237131
21:14:35,11.9360332
21:14:36,11.9011717
21:14:37,12.0163889
21:14:38,12.0272989
21:14:39,12.1604538
21:14:40,11.9493818
21:14:41,11.7879314
21:14:42,11.7791252
21:14:43,12.03501
21:14:44,12.0907593
21:14:45,12.1673565
21:14:46,12.1253481
21:14:47,11.9168835
21:14:48,11.8461847
21:14:49,12.0612545
21:14:50,11.8771124
21:14:51,12.4134531
21:14:52,12.14809
21:14:53,11.8876944
21:14:55,12.1935148
21:14:56,11.931119
21:14:57,11.9646759
21:14:58,11.9773788
21:14:59,12.1713467
21:15:00,11.6771193
21:15:01,11.774168
21:15:02,12.0751944
21:15:03,11.8350925
21:15:04,11.9281111
21:15:05,12.1209631
21:15:06,12.1521988
21:15:07,11.9413853
21:15:08,12.1799183
21:15:09,11.8232937
21:15:10,12.0769043
21:15:11,11.9276276
21:15:12,11.9393291
21:15:13,12.0574865
21:15:14,12.1539145
21:15:15,12.0862989
21:15:16,12.0866814
21:15:17,11.7956848
21:15:18,11.836134
21:15:19,12.0448666
21:15:20,11.8307877
21:15:21,12.103466
21:15:22,11.88547
21:15:23,12.2662125
21:15:24,11.8834972
21:15:25,12.0355034
21:15:26,11.9878645
21:15:27,11.8777294
21:15:28,11.957428
21:15:30,12.1317167
21:15:32,12.3209763
21:15:33,12.0024042
21:15:35,12.083149
21:15:36,12.006916
21:15:37,12.0942888
21:15:38,12.1870594
21:15:39,12.186883
21:15:40,11.9775753
21:15:41,12.0413609
21:15:43,12.1442108
21:15:44,11.9520559
21:15:45,12.268549
21:15:46,12.0106974
21:15:47,11.9808016
21:15:48,11.9719906
21:15:49,12.103075
21:15:50,11.7696981
21:15:51,12.0505934
21:15:52,11.536109
21:15:53,12.1326551
21:15:54,11.9541521
21:15:55,12.1809034
21:15:56,12.140214
21:15:57,12.0447741
21:15:58,12.1212454
21:15:59,11.7794895
21:16:00,11.6951342
21:16:01,11.9203615
21:16:02,12.0820446
21:16:03,12.3169756
21:16:04,11.9883823
21:16:05,11.9218712
21:16:06,11.7765856
21:16:07,12.1910877
21:16:08,11.8146248
21:16:09,11.8515015
21:16:10,11.8976068
21:16:11,12.18492
21:16:12,12.0700264
21:16:13,11.9800644
21:16:14,11.9725885
21:16:15,11.8921461
21:16:16,12.1793308
21:16:17,11.8179092
21:16:18,12.1020575
21:16:19,11.9819384
21:16:20,11.8897781
21:16:21,11.9596224
21:16:22,12.0288658
21:16:23,11.9903507
21:16:24,11.922966
21:16:25,11.9039488
21:16:26,12.1560907
21:16:27,12.1257038
21:16:28,12.0419312
21:16:29,11.8277407
21:16:30,11.9852314
21:16:31,12.0056925
21:16:32,12.3923244
21:16:33,11.8211718
21:16:34,12.133028
21:16:35,12.0814028
21:16:36,12.0428791
21:16:37,11.9843454
21:16:38,12.0932522
21:16:39,12.0591316
21:16:40,11.9533215
21:16:41,11.8370829
21:16:42,12.0430651
21:16:43,11.9400911
21:16:44,12.0783
21:16:45,12.0157013
21:16:46,11.8961048
21:16:47,11.9813566
21:16:48,12.1974592
21:16:49,12.1427364
21:16:50,12.069767
21:16:51,11.859766
21:16:52,12.0855122
21:16:53,12.1963282
21:16:54,12.2387381
21:16:55,12.5347691
21:16:56,12.0197439
21:16:57,11.7652187
21:16:58,12.0806427
21:16:59,11.9351645
21:17:00,12.1104136
21:17:01,11.9499884
21:17:02,11.7984381
21:17:03,11.9512482
21:17:04,11.9850435
21:17:05,12.0206575
21:17:06,12.0952225
21:17:07,12.02381
21:17:08,12.3006239
21:17:09,12.1498976
21:17:10,12.17119
21:17:11,12.0749216
21:17:12,12.1821833
21:17:13,12.0482874
21:17:14,12.0788155
21:17:15,11.9364872
21:17:16,11.918189
21:17:17,12.0141554
21:17:18,12.02919
21:17:19,11.9644346
21:17:20,12.0092592
21:17:21,12.0516233
21:17:22,11.9002237
21:17:23,12.009325
21:17:24,12.2873373
21:17:25,12.3123522
21:17:26,11.9287224
21:17:27,11.7393007
21:17:28,11.9870615
21:17:29,12.0265627
21:17:30,12.1687737
21:17:31,12.1310062
21:17:32,11.8986568
21:17:33,12.0027132
21:17:34,12.1363068
21:17:35,12.0146379
21:17:36,12.1017218
21:17:37,12.0711517
21:17:38,12.0403929
21:17:39,11.9979143
21:17:40,12.1936245
21:17:41,11.926918
21:17:42,11.9605141
21:17:43,12.1302977
21:17:44,12.0525236
21:17:45,11.7494707
21:17:46,12.1371584
21:17:47,12.154211
21:17:48,11.8169909
21:17:49,11.6662655
21:17:50,12.0347013
21:17:51,11.9946918
21:17:52,12.1982956
21:17:54,12.2062016
21:17:55,12.1723633
21:17:56,11.8189831
21:17:57,11.837265
21:17:58,11.8874664
21:17:59,11.6790447
21:18:00,12.0072842
21:18:01,12.2980194
21:18:02,12.1888676
21:18:03,12.0203724
21:18:04,12.2013817
21:18:05,12.14446
21:18:07,11.7518759
21:18:08,11.7998886
21:18:10,11.645299
21:18:11,12.1152906
21:18:12,12.154397
21:18:13,12.20447
21:18:14,12.02571
21:18:15,11.8193846
21:18:16,12.3174829
21:18:17,11.9855909
21:18:18,12.22964
21:18:19,12.3094788
21:18:20,12.0742388
21:18:21,11.7268677
21:18:22,11.8097773
21:18:23,11.977273
21:18:24,12.2065706
21:18:25,11.8805943
21:18:26,11.9873257
21:18:27,11.757638
21:18:28,11.8452454
21:18:29,11.9543085
21:18:30,11.9249706
21:18:31,12.0039549
21:18:32,12.0761471
21:18:33,12.0208864
21:18:34,12.2218523
21:18:35,11.9428778
21:18:36,11.9951725
21:18:37,12.146493
21:18:38,11.94507
21:18:39,11.81355
21:18:40,12.1646719
21:18:41,12.0896463
21:18:42,11.9575853
21:18:43,11.7872257
21:18:44,11.7599936
21:18:45,11.9084539
21:18:46,11.936429
21:18:47,12.0655289
21:18:48,12.1217585
21:18:49,11.931324
21:18:50,11.973731
21:18:51,11.9125681
21:18:52,12.1708546
21:18:53,11.953229
21:18:54,11.8750038
21:18:55,11.9698229
21:18:56,12.0614729
21:18:57,11.8645782
21:18:58,12.2680664
21:18:59,12.0468349
21:19:00,11.9433937
21:19:01,12.1445322
21:19:02,11.9503708
21:19:03,12.1172953
21:19:04,11.6916475
21:19:05,12.0497513
21:19:06,12.0308294
21:19:07,11.7476616
21:19:08,11.827424
21:19:09,11.8138666
21:19:10,12.0530882
21:19:11,11.8996935
21:19:12,12.0166149
21:19:13,11.9303141
21:19:14,11.994669
21:19:15,12.0487261
21:19:16,12.0479307
21:19:17,12.2909222
21:19:18,11.91109
21:19:19,11.82247
21:19:20,11.6502228
21:19:21,12.1073847
21:19:22,12.02118
21:19:23,12.0846767
21:19:24,11.7669764
21:19:25,11.8822451
21:19:26,12.2347383
21:19:27,12.0957994
21:19:28,12.1521053
21:19:29,11.8070107
21:19:30,11.5946054
21:19:31,12.0219641
21:19:32,11.8317
21:19:33,12.0413532
21:19:34,12.2907438
21:19:35,11.9119968
21:19:36,12.1328144
21:19:37,12.0890875
21:19:38,12.143877
21:19:39,11.9536295
21:19:40,11.9675846
21:19:41,12.233572
21:19:42,12.0396223
21:19:43,12.1662731
21:19:44,12.0191755
21:19:45,12.2407141
21:19:46,12.0537319
21:19:47,11.7364025
21:19:48,11.9755478
21:19:49,11.983182
21:19:50,11.964859
21:19:51,11.7886972
21:19:52,12.1196194
21:19:53,12.0800066
21:19:55,12.2780924
21:19:56,11.8607206
21:19:57,12.0546246
21:19:58,12.0746984
21:19:59,11.9882936
21:20:00,12.00251
21:20:01,12.0986767
21:20:02,11.9825449
21:20:03,11.9937344
21:20:04,11.840476
21:20:05,12.2772255
21:20:06,11.9501095
21:20:07,11.8549929
21:20:08,12.0458488
21:20:09,12.07953
21:20:10,11.9360075
21:20:11,11.9696474
21:20:12,12.03282
21:20:13,11.7337294
21:20:14,12.040081
21:20:15,11.8724241
21:20:16,12.0934725
21:20:17,12.0084429
21:20:19,12.1890993
21:20:20,12.0747814
21:20:21,12.1097269
21:20:22,12.0354195
21:20:23,12.1650009
21:20:24,11.7998056
21:20:25,11.700119
21:20:26,12.0238295
21:20:27,12.3248053
21:20:28,11.9089594
21:20:29,11.9935427
21:20:30,12.1701975
21:20:31,12.18465
21:20:32,11.9333725
21:20:33,12.1634521
21:20:34,12.0063839
21:20:35,11.8177128
21:20:36,12.1507425
21:20:37,12.0276346
21:20:38,11.790802
21:20:39,12.1781874
21:20:40,12.1936522
21:20:41,11.9751787
21:20:42,12.0161619
21:20:43,11.9485121
21:20:44,11.9436226
21:20:45,12.1949339
21:20:46,11.7384615
21:20:47,11.9380751
21:20:48,11.8382368
21:20:49,12.1008406
21:20:50,11.6375542
21:20:51,12.1016369
21:20:52,12.0045156
21:20:53,12.1230183
21:20:54,12.24492
21:20:55,11.9510088
21:20:56,11.8514614
21:20:57,12.2380581
21:20:58,11.8336639
21:20:59,12.0094442
21:21:00,12.0636606
21:21:01,11.96921
21:21:02,12.0786743
21:21:03,11.7659445
21:21:04,12.234602
21:21:05,11.8015461
21:21:06,12.077508
21:21:07,11.9099417
21:21:08,12.0801811
21:21:09,12.1560574
21:21:10,12.11297
21:21:11,12.097702
21:21:12,11.9906454
21:21:13,11.94903
21:21:14,11.980649
21:21:15,11.8965549
21:21:16,12.0696754
21:21:17,11.9279709
21:21:18,11.8001518
21:21:19,12.2184448
21:21:20,12.0128527
21:21:21,12.1084976
21:21:22,11.975049
21:21:23,12.0448055
21:21:24,11.959795
21:21:25,11.7246428
21:21:26,11.8921471
21:21:27,11.9585552
21:21:28,12.0879145
21:21:29,12.056591
21:21:30,12.1179419
21:21:31,11.7706547
21:21:32,12.0508375
21:21:33,11.8369579
21:21:34,12.0986214
21:21:35,11.6781654
21:21:36,11.8784685
21:21:37,11.8155489
21:21:38,12.0873489
21:21:39,11.8692036
21:21:40,11.7336159
21:21:41,12.0119333
21:21:42,11.9370594
21:21:43,11.9969187
21:21:44,12.0501814
21:21:45,11.6708689
21:21:46,11.9754438
21:21:47,12.1165876
21:21:48,11.8781376
21:21:49,12.0304565
21:21:50,12.3114672
21:21:51,12.050086
21:21:52,12.0949478
21:21:53,12.1065559
21:21:54,11.8982754
21:21:56,12.0297232
21:21:57,11.8638763
21:21:58,12.1109381
21:21:59,11.9989624
21:22:00,12.4083252
21:22:01,11.9818211
21:22:02,11.7685375
21:22:03,11.8054743
21:22:04,11.832777
21:22:05,12.0082169
21:22:06,11.976841
21:22:07,12.41149
21:22:08,12.2934217
21:22:09,12.2628288
21:22:10,12.0449591
21:22:11,11.9829235
21:22:12,11.8894138
21:22:13,11.9943295
21:22:14,11.7512274
21:22:15,11.9221849
21:22:16,11.9838324
21:22:17,12.15795
21:22:18,12.0824213
21:22:19,12.0214481
21:22:20,12.0433207
21:22:21,11.96125
21:22:22,11.9801178
21:22:23,12.1800823
21:22:24,12.0002871
21:22:25,12.0844822
21:22:27,11.6538248
21:22:28,11.9741259
21:22:30,11.9399691
21:22:31,11.88107
21:22:32,12.21151
21:22:33,12.0915813
21:22:34,11.9432955
21:22:35,12.0296955
21:22:36,12.019433
21:22:37,12.0149345
21:22:38,11.9917278
21:22:39,11.8148928
21:22:40,11.9819
21:22:41,11.409481
21:22:42,11.8938675
21:22:43,11.8763733
21:22:44,12.045577
21:22:45,12.13946
21:22:46,11.77285
21:22:47,12.15506
21:22:48,12.1663933
21:22:49,12.25149
21:22:50,12.180522
21:22:51,11.647974
21:22:52,12.4948683
21:22:53,12.3234921
21:22:54,12.0214291
21:22:55,12.06879
21:22:56,12.025588
21:22:57,12.0344343
21:22:58,12.0013494
21:22:59,12.0399513
21:23:00,11.9187431
21:23:01,12.03272
21:23:02,11.9142065
21:23:03,11.8811874
21:23:04,12.1067743
21:23:05,11.77973
21:23:06,12.1373558
21:23:07,12.00268
21:23:08,12.3363209
21:23:09,11.6304779
21:23:10,12.0242758
21:23:11,11.9772511
21:23:12,12.1533909
21:23:13,11.9405107
21:23:14,11.8391542
21:23:15,12.0106888
21:23:16,12.04295
21:23:17,12.016098
21:23:18,11.8613558
21:23:19,12.0554771
21:23:20,12.2719994
21:23:21,12.2101278
21:23:22,11.97473
21:23:23,12.0697746
21:23:24,12.1460619
21:23:25,12.1072807
21:23:26,12.01834
21:23:27,11.9104424
21:23:28,11.8737774
21:23:29,12.2091084
21:23:30,12.01784
21:23:31,12.2672338
21:23:32,11.9317484
21:23:33,11.7542114
21:23:34,12.2434072
21:23:35,11.9637823
21:23:36,12.0542765
21:23:37,11.8905087
21:23:38,11.9563713
21:23:39,11.8537092
21:23:40,11.9845848
21:23:41,11.8571
21:23:42,11.8018856
21:23:43,12.0543327
21:23:44,12.1675205
21:23:45,11.91447
21:23:46,12.0429173
21:23:47,11.6643209
21:23:48,11.9660816
21:23:49,12.0172272
21:23:50,12.1571074
21:23:51,11.9651756
21:23:52,11.9342241
21:23:53,12.0203533
21:23:54,12.3744926
21:23:55,11.6930532
21:23:56,12.5331478
21:23:57,11.8115282
21:23:58,11.797986
21:23:59,12.1953516
21:24:00,12.04257
21:24:01,12.3952131
21:24:02,11.9616032
21:24:03,11.8946667
21:24:04,12.0309687
21:24:05,11.8893509
21:24:06,11.7198315
21:24:07,12.0351458
21:24:08,11.9858809
21:24:09,11.99851
21:24:10,11.7741547
21:24:11,11.7860966
21:24:12,12.0459089
21:24:13,12.1375628
21:24:14,11.9575815
21:24:15,11.9821062
21:24:16,12.0888519
21:24:17,11.8443565
21:24:18,11.88486
21:24:19,11.691967
21:24:20,11.7351532
21:24:21,12.1391335
21:24:22,11.8924427
21:24:23,11.8667507
21:24:24,12.1913166
21:24:25,11.776988
21:24:26,12.2930212
21:24:27,11.942318
21:24:28,12.1506186
21:24:29,12.1214781
21:24:30,11.8186483
21:24:31,11.89739
21:24:32,12.00868
21:24:33,11.9922075
21:24:34,12.1384439
21:24:35,11.8819695
21:24:36,12.1898737
21:24:37,11.9753695
21:24:38,11.9226313
21:24:39,11.9539852
21:24:40,11.9765692
21:24:41,11.8060265
21:24:42,12.0272522
21:24:43,12.0993853
21:24:44,12.1650391
21:24:45,12.1181412
21:24:47,11.9631262
21:24:48,11.8240833
21:24:49,11.9149084
21:24:50,12.2368126
21:24:52,12.0381269
21:24:54,12.0721121
21:24:55,12.0574226
21:24:56,12.1429281
21:24:57,11.4552259
21:24:58,11.6719265
21:24:59,12.0871077
21:25:00,12.2216873
21:25:01,11.9662275
21:25:02,12.17327
21:25:03,11.8779869
21:25:04,11.9316883
21:25:05,11.9682646
21:25:06,12.1543989
21:25:07,11.6083622
21:25:08,12.9511042
21:25:09,12.0945024
21:25:10,12.1490679
21:25:11,12.064435
21:25:12,11.8876095
21:25:13,12.1538019
21:25:14,11.8237791
21:25:15,12.1000786
21:25:16,11.9056177
21:25:17,12.14081
21:25:18,12.0759354
21:25:19,12.0235538
21:25:20,11.9671249
21:25:21,11.9580269
21:25:22,11.980217
21:25:23,11.7641859
21:25:24,11.9464293
21:25:25,11.94829
21:25:26,12.2387838
21:25:27,12.129055
21:25:28,11.9753389
21:25:29,11.943696
21:25:30,12.0077305
21:25:31,11.9745216
21:25:32,12.0715685
21:25:33,11.99872
21:25:34,11.9129505
21:25:35,12.1508608
21:25:36,11.9093084
21:25:37,11.989398
21:25:38,11.7242393
21:25:39,11.5836515
21:25:40,11.8463669
21:25:41,11.8863573
21:25:42,12.2019005
21:25:43,11.7407532
21:25:44,12.2246857
21:25:45,12.064352
21:25:46,11.9939766
21:25:47,11.9752855
21:25:48,11.9689665
21:25:49,12.0156946
21:25:50,12.1360788
21:25:51,11.9668331
21:25:52,11.71052
21:25:53,12.0853262
21:25:54,12.031148
21:25:55,11.9039478
21:25:56,12.1284933
21:25:57,11.78415
21:25:58,12.06479
21:25:59,11.9002542
21:26:00,12.0397453
21:26:01,12.02268
21:26:02,12.1008415
21:26:03,11.8416414
21:26:04,12.1012182
21:26:05,12.2098722
21:26:06,12.3434849
21:26:07,11.3247252
21:26:08,12.1158009
21:26:09,12.0454121
21:26:10,12.2850647
21:26:11,11.8595276
21:26:12,11.9761877
21:26:13,12.0656013
21:26:14,11.7988739
21:26:15,12.1404333
21:26:16,12.0767441
21:26:17,12.2805738
21:26:18,12.2252531
21:26:19,12.0784969
21:26:20,11.8622322
21:26:21,12.2503862
21:26:22,12.1025229
21:26:23,11.7556925
21:26:24,12.1841469
21:26:25,12.0573931
21:26:26,11.8466558
21:26:27,12.1519175
21:26:28,12.2526054
21:26:29,12.1439915
21:26:30,12.2033672
21:26:31,11.8956661
21:26:32,11.9894295
21:26:33,12.0009136
21:26:34,12.3626986
21:26:35,12.2916317
21:26:36,12.0664806
21:26:37,12.1974688
21:26:38,11.8852482
21:26:39,12.0363474
21:26:40,11.930212
21:26:41,12.12946
21:26:42,11.9205055
21:26:43,11.6836138
21:26:44,11.87685
21:26:45,12.1373625
21:26:46,12.1639462
21:26:47,11.9574623
21:26:48,12.0959406
21:26:49,12.0404205
21:26:50,11.93866
21:26:51,11.8866234
21:26:52,11.6869411
21:26:54,12.1256
21:26:55,11.7428942
21:26:56,11.9156847
21:26:57,11.66444
21:26:58,12.1793861
21:26:59,11.9834433
21:27:00,11.9287233
21:27:01,11.94393
21:27:02,12.15458
21:27:03,11.8977013
21:27:05,12.1069994
21:27:06,11.7865372
21:27:07,11.8679848
21:27:08,11.8751965
21:27:09,12.1006813
21:27:10,12.1182852
21:27:11,12.1253395
21:27:12,11.9801989
21:27:13,11.6154881
21:27:14,11.3273964
21:27:15,12.11333
21:27:16,11.9992886
21:27:17,12.08447
21:27:18,12.4976139
21:27:19,11.7468634
21:27:20,11.9451752
21:27:21,11.7791758
21:27:22,11.9359341
21:27:23,12.0394106
21:27:24,12.0890255
21:27:25,12.3690414
21:27:26,12.009037
21:27:27,11.9504747
21:27:28,11.9865
21:27:29,11.9570122
21:27:30,11.8830481
21:27:31,12.0491657
21:27:32,11.843564
21:27:33,11.9026709
21:27:34,12.0910244
21:27:35,12.1151085
21:27:36,11.8611832
21:27:37,12.4417658
21:27:38,11.88698
21:27:39,11.9872856
21:27:40,12.26015
21:27:41,11.74201
21:27:42,11.9245663
21:27:43,12.1393633
21:27:44,10.8439665
21:27:45,9.89493
21:27:46,11.60607
21:27:47,14.7862444
21:27:48,12.1210413
21:27:49,11.9654884
21:27:50,11.8251381
21:27:51,11.82748
21:27:52,12.0636663
21:27:53,11.8628616
21:27:54,11.9612322
21:27:55,12.0040646
21:27:56,12.0570145
21:27:57,12.0538931
21:27:58,11.8298931
21:27:59,12.3190651
21:28:00,12.1783133
21:28:01,11.8536615
21:28:02,12.1498814
21:28:03,11.9381161
21:28:04,11.8605671
21:28:05,12.0935745
21:28:06,11.96898
21:28:07,11.7450781
21:28:08,12.1857367
21:28:09,11.9495029
21:28:10,11.6123877
21:28:11,12.2275076
21:28:12,12.0017357
21:28:13,12.11814
21:28:14,11.8714094
21:28:15,11.9185076
21:28:16,11.8083906
21:28:17,12.0270548
21:28:18,11.90266
21:28:19,11.8580971
21:28:20,11.8720589
21:28:21,11.79004
21:28:22,11.9630632
21:28:23,12.2417221
21:28:24,12.1689558
21:28:25,12.0279884
21:28:26,11.9726133
21:28:27,12.0701618
21:28:28,11.7061272
21:28:29,12.2542953
21:28:30,12.1241522
21:28:31,12.0098534
21:28:32,11.99242
21:28:33,11.823494
21:28:34,12.0540028
21:28:35,12.0949163
21:28:36,11.6466236
21:28:37,11.9438038
21:28:38,11.8810663
21:28:39,11.9475136
21:28:40,11.8853922
21:28:41,11.915493
21:28:42,12.1630249
21:28:43,11.8604059
21:28:44,12.0947161
21:28:45,11.82581
21:28:46,12.0296688
21:28:47,11.9183044
21:28:48,12.018774
21:28:49,11.5416555
21:28:50,11.9948788
21:28:51,12.0118208
21:28:52,11.9887114
21:28:53,11.75693
21:28:55,12.0807953
21:28:56,11.8881941
21:28:57,11.85277
21:28:58,11.9458933
21:28:59,11.7357464
21:29:00,11.9869537
21:29:01,12.0940714
21:29:02,12.3434238
21:29:03,11.9820852
21:29:04,11.78116
21:29:05,12.1601
21:29:06,12.31073
21:29:07,11.8577213
21:29:08,11.7532406
21:29:09,12.0655384
21:29:10,11.9530573
21:29:11,12.1823082
21:29:12,12.05289
21:29:13,11.88189
21:29:14,12.0865355
21:29:15,12.1736517
21:29:16,11.7951546
21:29:17,12.013999
21:29:18,12.3047228
21:29:19,11.7030773
21:29:20,11.79499
21:29:21,12.1601095
21:29:22,12.0532112
21:29:23,12.1263924
21:29:25,12.2064238
21:29:26,11.6544733
21:29:27,11.6114578
21:29:28,11.8453646
21:29:29,12.0642223
21:29:30,12.0746346
21:29:31,12.3035345
21:29:32,11.7625208
21:29:33,11.80726
21:29:34,11.6936235
21:29:35,12.0463095
21:29:36,12.2666273
21:29:37,11.8661575
21:29:38,11.9180861
21:29:39,12.237915
21:29:40,11.8034163
21:29:41,12.1529016
21:29:42,12.1647491
21:29:43,12.1603594
21:29:44,11.8301592
21:29:45,11.84461
21:29:46,11.8895788
21:29:47,12.0270567
21:29:48,12.0797691
21:29:49,12.1136122
21:29:50,11.9516182
21:29:51,11.8732433
21:29:52,12.2509651
21:29:53,11.3921785
21:29:54,12.5340023
21:29:55,11.9076633
21:29:56,12.1406593
21:29:57,12.1287432
21:29:58,11.9883995
21:29:59,12.0535622
21:30:00,11.8292713
21:30:01,12.15554
21:30:02,12.0093651
21:30:03,12.1330738
21:30:04,11.99895
21:30:05,11.6079159
21:30:06,11.9292135
21:30:07,11.7881012
21:30:08,11.9371376
21:30:09,12.0921011
21:30:10,12.0484314
21:30:11,12.0047426
21:30:12,11.96254
21:30:13,11.866127
21:30:14,11.7318468
21:30:15,12.2931967
21:30:16,12.1011457
21:30:17,12.1112576
21:30:18,12.1711292
21:30:19,11.8695269
21:30:20,11.8865719
21:30:21,12.074832
21:30:22,12.228446
21:30:23,11.913105
21:30:24,12.2703323
21:30:25,12.2994394
21:30:26,11.8730125
21:30:27,11.8997459
21:30:28,11.9082088
21:30:29,12.1104593
21:30:30,11.7765465
21:30:31,12.0020084
21:30:32,11.8651934
21:30:33,11.8836155
21:30:34,11.7857876
21:30:35,11.9282131
21:30:36,11.9238024
21:30:37,11.7814379
21:30:38,11.8536072
21:30:39,12.1023932
21:30:40,12.12614
21:30:41,12.0537519
21:30:42,11.9463711
21:30:43,11.8609
21:30:44,11.7618313
21:30:45,12.0384941
21:30:46,12.1046591
21:30:47,11.9943676
21:30:48,12.018857
21:30:49,12.147995
21:30:50,11.9555235
21:30:51,12.128665
21:30:52,12.07514
21:30:53,11.691514
21:30:54,11.8919373
21:30:55,11.992034
21:30:56,11.7935505
21:30:57,11.94273
21:30:58,11.9949865
21:30:59,12.2443972
21:31:00,11.9917259
21:31:01,12.1228685
21:31:02,11.958581
21:31:03,11.845953
21:31:04,12.0444107
21:31:05,11.8934278
21:31:06,12.1149969
21:31:07,11.6990976
21:31:08,11.9005756
21:31:09,12.1411905
21:31:10,12.0814981
21:31:11,12.0083275
21:31:12,11.904973
21:31:13,12.0676384
21:31:14,12.0498409
21:31:15,11.9868259
21:31:16,12.0337191
21:31:17,11.9094572
21:31:18,11.8841171
21:31:19,11.9349165
21:31:20,11.8830051
21:31:21,12.08708
21:31:22,12.0557337
21:31:23,11.6915092
21:31:24,11.7554283
21:31:25,12.11332
21:31:26,12.0039339
21:31:27,12.1482944
21:31:28,11.9091167
21:31:29,11.9954109
21:31:30,11.75794
21:31:31,11.9718609
21:31:32,11.9621925
21:31:33,11.9540367
21:31:34,11.72169
21:31:35,11.7930841
21:31:36,11.9523478
21:31:37,12.1484327
21:31:38,11.7877111
21:31:39,12.1399
21:31:40,12.15278
21:31:41,12.1634483
21:31:42,12.1092215
21:31:43,11.9748573
21:31:44,12.16981
21:31:45,12.041214
21:31:46,11.9048109
21:31:47,11.9548073
21:31:48,11.8689365
21:31:49,11.8698463
21:31:50,12.012332
21:31:51,11.9404163
21:31:52,11.9578962
21:31:53,12.007741
21:31:54,12.1768074
21:31:56,11.8938894
21:31:57,11.80261
21:31:58,11.7957487
21:31:59,11.8341551
21:32:00,12.0764675
21:32:01,12.304656
21:32:02,11.9655037
21:32:03,11.8949938
21:32:04,11.9195175
21:32:05,12.0919466
21:32:06,12.1640024
21:32:07,12.2913046
21:32:08,11.3108892
21:32:09,12.1541872
21:32:10,12.0314283
21:32:11,11.8708553
21:32:12,12.1330242
21:32:13,12.2313156
21:32:14,11.9460945
21:32:15,12.3091
21:32:16,11.8279915
21:32:17,11.8491182
21:32:18,12.6048174
21:32:19,11.6456261
21:32:20,12.007205
21:32:21,12.14386
21:32:22,11.9299746
21:32:23,12.1685247
21:32:24,12.2122421
21:32:25,11.8285265
21:32:26,12.1382313
21:32:27,11.8539276
21:32:28,11.8257532
21:32:29,11.9330416
21:32:30,11.9465847
21:32:31,12.0351868
21:32:32,12.233942
21:32:33,12.11408
21:32:35,11.9309778
21:32:36,12.1676683
21:32:37,11.9596376
21:32:38,11.8016548
21:32:39,11.8517
21:32:40,11.894496
21:32:41,11.9258728
21:32:42,12.0365944
21:32:43,11.9392691
21:32:44,12.1433277
21:32:45,11.9777775
21:32:46,11.73113
21:32:47,11.91318
21:32:48,12.0864048
21:32:49,11.8154306
21:32:50,11.9078217
21:32:51,12.0850391
21:32:52,12.0751457
21:32:53,12.0337238
21:32:54,11.94034
21:32:55,12.2250986
21:32:56,12.0619717
21:32:57,11.9572659
21:32:58,12.1908588
21:32:59,11.8623409
21:33:00,11.9487972
21:33:01,12.0561237
21:33:02,11.85873
21:33:03,12.0668831
21:33:04,12.1088133
21:33:05,12.1625137
21:33:06,11.9426651
21:33:07,12.2708607
21:33:08,11.953743
21:33:09,11.927475
21:33:10,11.9727545
21:33:11,12.43805
21:33:12,12.036334
21:33:13,11.9083862
21:33:14,11.9888325
21:33:15,11.9470825
21:33:16,12.0773945
21:33:17,11.9757338
21:33:18,11.8485041
21:33:19,11.9259758
21:33:20,11.926218
21:33:21,12.0363684
21:33:22,12.0611877
21:33:23,12.2521105
21:33:24,11.9790964
21:33:25,11.7837515
21:33:26,11.966217
21:33:27,12.0489531
21:33:28,11.9010639
21:33:29,12.00563
21:33:30,12.0531759
21:33:31,11.948431
21:33:32,11.8216524
21:33:33,12.2160883
21:33:34,11.9775677
21:33:35,11.9633675
21:33:36,11.8892822
21:33:37,11.9967394
21:33:38,11.8847427
21:33:39,12.0855312
21:33:40,11.7443485
21:33:41,12.0118389
21:33:42,11.9791555
21:33:43,11.8738146
21:33:44,12.173913
21:33:45,11.8812313
21:33:46,11.8781013
21:33:47,12.0730982
21:33:48,11.9230824
21:33:49,12.0994148
21:33:50,11.8541355
21:33:51,12.1632309
21:33:52,11.87288
21:33:53,12.0399351
21:33:54,11.9370775
21:33:55,11.9563236
21:33:56,12.1191883
21:33:57,12.0376463
21:33:58,11.9887934
21:33:59,12.0688639
21:34:00,11.9509764
21:34:01,11.8618364
21:34:02,11.9347448
21:34:03,12.1540165
21:34:04,11.83082
21:34:05,11.9679661
21:34:06,11.804328
21:34:07,12.0613146
21:34:08,12.1593132
21:34:09,12.0937042
21:34:10,11.8622923
21:34:11,12.0097179
21:34:12,12.0797291
21:34:13,11.9768286
21:34:14,11.9819441
21:34:15,12.0884066
21:34:16,12.0794344
21:34:17,11.9994659
21:34:18,11.8603668
21:34:19,11.9621181
21:34:20,12.1575842
21:34:21,12.2869806
21:34:22,12.1824427
21:34:23,11.5405779
21:34:24,11.8373718
21:34:25,11.6366739
21:34:26,11.90795
21:34:27,12.2376585
21:34:28,12.192009
21:34:29,11.8580875
21:34:30,11.9039211
21:34:31,11.8590155
21:34:32,11.7208462
21:34:33,11.9931374
21:34:34,12.1327391
21:34:35,11.7767315
21:34:36,12.7904453
21:34:37,11.9948826
21:34:38,11.7380409
21:34:39,12.030282
21:34:40,12.0302162
21:34:41,12.0195789
21:34:42,12.1684895
21:34:43,11.9528875
21:34:44,12.1992273
21:34:45,11.9016819
21:34:46,12.1298628
21:34:47,11.96983
21:34:48,11.9366446
21:34:49,12.0092621
21:34:50,11.9476719
21:34:51,11.8623323
21:34:52,12.1165648
21:34:53,11.7393723
21:34:54,11.9036942
21:34:55,12.3090248
21:34:56,11.9101715
21:34:57,11.9957485
21:34:58,11.6891661
21:34:59,12.0751162
21:35:00,11.8574142
21:35:01,11.9532166
21:35:02,12.0026045
21:35:03,11.9025822
21:35:04,11.94621
21:35:05,11.9189463
21:35:06,12.1613922
21:35:07,12.0253305
21:35:08,11.7138338
21:35:09,12.25279
21:35:10,12.0662851
21:35:11,12.1000328
21:35:12,11.83451
21:35:14,11.6864138
21:35:15,12.0537586
21:35:16,11.9785357
21:35:18,12.1619492
21:35:19,12.010149
21:35:20,12.0791864
21:35:21,11.8501072
21:35:22,12.1488533
21:35:23,12.1823845
21:35:24,12.0137529
21:35:25,11.92967
21:35:26,11.9088926
21:35:27,11.9186811
21:35:28,11.8223515
21:35:29,11.8996019
21:35:30,12.1063414
21:35:31,11.9392347
21:35:32,11.7885141
21:35:33,12.2717524
21:35:34,11.9507551
21:35:35,12.2538881
21:35:36,11.9063549
21:35:37,11.988987
21:35:38,12.1831636
21:35:39,11.9334574
21:35:40,11.7729511
21:35:41,12.177249
21:35:42,12.2320957
21:35:43,11.9523172
21:35:44,12.0974989
21:35:45,12.19094
21:35:46,12.1634254
21:35:47,11.8333759
21:35:48,11.9834719
21:35:49,11.9480047
21:35:50,12.0528851
21:35:51,12.3779755
21:35:52,12.2124891
21:35:53,11.80733
21:35:54,11.71882
21:35:55,12.1790152
21:35:56,11.4744358
21:35:57,12.169363
21:35:58,11.7725754
21:35:59,11.6888294
21:36:00,11.9689922
21:36:01,12.14664
21:36:02,12.0469122
21:36:03,12.192256
21:36:04,12.0313854
21:36:05,11.9957752
21:36:06,12.3075733
21:36:07,11.73095
21:36:08,12.0636673
21:36:09,11.89763
21:36:10,11.9149523
21:36:11,11.9975948
21:36:12,12.0494242
21:36:13,12.2618456
21:36:14,11.7259274
21:36:15,12.0613861
21:36:16,12.043911
21:36:17,12.1064634
21:36:18,11.9158335
21:36:19,12.0788164
21:36:20,12.2233553
21:36:21,11.9003754
21:36:22,12.1179256
21:36:23,11.8749428
21:36:24,12.0555058
21:36:25,12.0342007
21:36:26,12.3134165
21:36:27,12.4590969
21:36:28,12.1528988
21:36:29,12.0323009
21:36:30,11.8331938
21:36:31,11.9671021
21:36:32,12.0083618
21:36:33,12.3201466
21:36:34,12.0069656
21:36:35,11.7493248
21:36:36,12.0100851
21:36:37,12.0127325
21:36:38,11.7550259
21:36:39,12.2191811
21:36:40,12.2006645
21:36:41,11.4100828
21:36:42,12.0271931
21:36:43,12.2022552
21:36:44,12.2432365
21:36:45,12.0125561
21:36:46,11.8484936
21:36:47,11.9612637
21:36:48,11.7961454
21:36:49,12.0712671
21:36:50,12.2932682
21:36:51,12.3223486
21:36:52,12.5826406
21:36:53,12.2052279
21:36:54,11.9159355
21:36:55,12.024065
21:36:56,11.7190046
21:36:57,12.1273708
21:36:58,12.0688429
21:36:59,11.9801512
21:37:00,11.7392979
21:37:01,11.9547052
21:37:02,11.8168507
21:37:03,11.8310957
21:37:04,12.15306
21:37:05,12.0670729
21:37:06,12.187603
21:37:07,11.9358263
21:37:08,12.279891
21:37:09,11.8092833
21:37:10,11.9613152
21:37:11,11.86357
21:37:12,11.9956131
21:37:13,12.2179794
21:37:14,12.0285673
21:37:15,12.0883522
21:37:16,12.1767464
21:37:17,11.9201765
21:37:18,11.9670506
21:37:19,11.7325058
21:37:20,12.0568352
21:37:21,12.0698538
21:37:22,11.78724
21:37:23,11.7072372
21:37:24,12.03821
21:37:25,12.0425844
21:37:26,11.8543034
21:37:27,12.0370846
21:37:28,11.8197393
21:37:29,11.8378057
21:37:30,12.05529
21:37:31,12.103982
21:37:32,11.876296
21:37:33,12.0176353
21:37:34,12.2537489
21:37:35,12.1100836
21:37:36,11.7211885
21:37:37,11.9903145
21:37:38,11.9845734
21:37:39,11.9069872
21:37:40,12.2159243
21:37:41,12.0272636
21:37:42,12.0461082
21:37:43,12.2177582
21:37:44,11.978796
21:37:45,11.7763147
21:37:46,11.8820705
21:37:47,11.9205418
21:37:48,12.1646938
21:37:49,12.0144053
21:37:50,11.9712076
21:37:51,12.1358786
21:37:52,12.0312662
21:37:53,11.7996016
21:37:54,12.2582474
21:37:56,12.051981
21:37:57,12.0806837
21:37:58,12.1926479
21:37:59,12.1135159
21:38:00,12.0556631
21:38:01,12.1139116
21:38:02,11.7965822
21:38:03,12.0902176
21:38:04,11.7230768
21:38:05,12.093585
21:38:06,12.1852818
21:38:07,12.5375395
21:38:08,11.838419
21:38:09,11.8470287
21:38:11,11.9968367
21:38:12,12.2355909
21:38:13,11.9815063
21:38:15,11.8810225
21:38:16,11.9653759
21:38:17,12.1612968
21:38:18,12.0632277
21:38:19,12.0258646
21:38:20,12.1879339
21:38:21,12.1119242
21:38:22,11.9055586
21:38:23,12.0807047
21:38:24,11.5443048
21:38:25,11.7463436
21:38:26,11.9170027
21:38:27,12.2275124
21:38:28,11.8340187
21:38:29,11.7940884
21:38:30,11.8709679
21:38:31,11.9743872
21:38:32,12.1062307
21:38:33,12.0014286
21:38:34,11.9011841
21:38:35,11.8749466
21:38:36,11.9350929
21:38:37,11.9612961
21:38:38,11.98539
21:38:39,12.05167
21:38:40,12.1605444
21:38:41,12.0525255
21:38:42,12.1179991
21:38:43,11.9949732
21:38:44,11.8153553
21:38:45,11.8096428
21:38:46,11.8926764
21:38:47,11.9266224
21:38:48,11.9432507
21:38:49,12.0785656
21:38:50,12.0554447
21:38:51,12.138361
21:38:52,11.9047565
21:38:53,11.7880268
21:38:54,11.9324417
21:38:55,12.4613943
21:38:56,11.7601595
21:38:57,12.46033
21:38:58,11.65283
21:38:59,11.8627405
21:39:00,12.0224466
21:39:01,11.80903
21:39:02,11.9608431
21:39:03,11.730525
21:39:04,11.9857025
21:39:05,11.8516951
21:39:06,12.0041952
21:39:07,12.2382946
21:39:08,12.5749
21:39:09,12.18874
21:39:10,12.0578756
21:39:11,11.7997627
21:39:12,11.88067
21:39:13,11.893034
21:39:14,12.022294
21:39:15,12.0022106
21:39:16,12.1238241
21:39:17,11.9728928
21:39:18,11.5878468
21:39:19,11.9410887
21:39:20,11.9855757
21:39:21,12.4080133
21:39:22,11.6011877
21:39:23,12.0201683
21:39:24,12.2212267
21:39:25,12.0608778
21:39:26,12.1175661
21:39:27,11.8672915
21:39:28,11.8743544
21:39:29,11.8505907
21:39:30,12.1288939
21:39:31,12.1998434
21:39:32,11.9410324
21:39:33,12.19044
21:39:34,11.9159117
21:39:35,11.9822435
21:39:36,12.0045633
21:39:37,11.9364824
21:39:38,11.8245163
21:39:39,12.1102448
21:39:40,11.8152227
21:39:41,12.0116253
21:39:42,11.7948341
21:39:43,11.9285374
21:39:44,11.8975887
21:39:45,11.7657394
21:39:46,11.9883242
21:39:47,12.0322943
21:39:48,11.661252
21:39:49,12.16762
21:39:50,12.0610294
21:39:51,12.1166506
21:39:52,12.1565123
21:39:53,12.1038046
21:39:54,12.0558224
21:39:55,12.2033958
21:39:56,11.7863455
21:39:57,11.7555943
21:39:58,12.1937857
21:39:59,12.1121321
21:40:00,11.8153028
21:40:01,12.1010017
21:40:02,12.0834141
21:40:03,11.8740969
21:40:04,12.1047745
21:40:05,11.9776392
21:40:06,12.0832109
21:40:07,11.71117
21:40:08,11.6862116
21:40:09,12.0084553
21:40:10,11.8789959
21:40:11,11.9215555
21:40:12,12.0174189
21:40:13,12.1296053
21:40:14,11.7789536
21:40:15,11.9265137
21:40:16,11.8832006
21:40:17,12.11161
21:40:18,11.7534866
21:40:19,12.1036043
21:40:20,12.1707
21:40:21,11.9188061
21:40:22,12.34904
21:40:23,12.1003647
21:40:24,11.9720192
21:40:25,11.8452778
21:40:26,11.8346262
21:40:27,12.0609045
21:40:28,11.95922
21:40:29,11.928978
21:40:31,12.0704813
21:40:32,11.9315777
21:40:33,11.8433924
21:40:35,11.9581442
21:40:36,12.0736074
21:40:37,12.081933
21:40:38,12.0816669
21:40:39,11.907464
21:40:40,11.7074289
21:40:41,12.1112223
21:40:42,12.0836573
21:40:43,12.00967
21:40:44,11.8616037
21:40:45,12.1691694
21:40:46,12.1005878
21:40:47,12.1173124
21:40:48,11.9835739
21:40:49,12.1463852
21:40:50,12.10207
21:40:51,11.8944054
21:40:52,11.8172684
21:40:53,12.3133736
21:40:54,11.7511864
21:40:55,11.94818
21:40:56,11.952774
21:40:57,11.8274679
21:40:58,11.7832193
21:40:59,12.2407846
21:41:00,12.1327953
21:41:01,11.82288
21:41:02,11.98356
21:41:03,11.987443
21:41:04,12.0033751
21:41:05,12.1010256
21:41:06,11.9599333
21:41:07,11.8209381
21:41:08,11.7557592
21:41:09,12.1597319
21:41:10,12.0127611
21:41:11,12.0770206
21:41:12,11.9491215
21:41:13,12.1306467
21:41:14,11.4114237
21:41:15,11.8519878
21:41:16,11.9788008
21:41:17,12.0907717
21:41:18,12.1680422
21:41:19,11.7206135
21:41:20,11.7153959
21:41:21,12.2692041
21:41:22,12.5707769
21:41:23,11.8244057
21:41:24,12.1615791
21:41:25,12.3432293
21:41:26,11.99427
21:41:27,12.0259418
21:41:28,12.0080395
21:41:29,11.9933434
21:41:30,11.8839741
21:41:31,11.8480921
21:41:32,12.1011362
21:41:33,12.0908594
21:41:34,11.67422
21:41:35,11.9107752
21:41:36,11.873661
21:41:37,12.1712379
21:41:38,11.9936552
21:41:39,11.9586229
21:41:40,12.1376152
21:41:41,11.791873
21:41:42,12.1489773
21:41:43,11.8485527
21:41:44,11.8891439
21:41:45,12.1206112
21:41:46,12.0047817
21:41:47,11.9776573
21:41:48,11.8667612
21:41:49,12.0162783
21:41:50,12.0736542
21:41:51,11.8914661
21:41:52,12.0293961
21:41:53,11.9586039
21:41:54,12.0009365
21:41:55,12.0798922
21:41:56,11.7634249
21:41:57,12.1340866
21:41:58,11.903821
21:41:59,12.1262827
21:42:00,12.1698961
21:42:01,12.2242041
21:42:02,11.9108162
21:42:03,12.06123
21:42:04,11.8438768
21:42:05,11.8278093
21:42:06,11.8646336
21:42:07,12.1178112
21:42:08,11.97311
21:42:09,12.0134411
21:42:10,12.1705885
21:42:11,12.07078
21:42:12,11.9482079
21:42:13,11.94171
21:42:14,11.888258
21:42:15,11.7501135
21:42:16,11.7607784
21:42:17,11.7410669
21:42:18,12.0303688
21:42:19,12.1164417
21:42:20,12.0087709
21:42:21,12.1856117
21:42:22,11.9645786
21:42:23,12.0297556
21:42:24,12.1625023
21:42:25,11.957551
21:42:26,12.23426
21:42:27,12.0553236
21:42:28,12.2556047
21:42:29,12.0376635
21:42:30,12.157423
21:42:31,11.8955965
21:42:32,12.0665312
21:42:33,12.028018
21:42:34,12.0879183
21:42:35,11.9740448
21:42:36,12.1031361
21:42:37,12.0553408
21:42:38,12.00951
21:42:39,11.97961
21:42:40,12.25799
21:42:41,11.83199
21:42:42,11.7623024
21:42:43,12.033474
21:42:44,11.9645042
21:42:45,12.060503
21:42:46,12.0315409
21:42:47,11.7340384
21:42:48,12.1535683
21:42:49,12.0368786
21:42:50,11.72583
21:42:51,12.24277
21:42:52,11.845686
21:42:53,12.1580276
21:42:55,11.90715
21:42:56,12.1903048
21:42:57,11.8556738
21:42:58,11.95805
21:42:59,12.0815306
21:43:00,11.9600964
21:43:01,12.0543938
21:43:02,12.0736217
21:43:03,11.8200045
21:43:04,11.9806967
21:43:05,12.0431519
21:43:06,11.8912678
21:43:07,12.0245867
21:43:08,11.9757233
21:43:09,12.1394749
21:43:10,12.0935841
21:43:11,12.0287609
21:43:12,11.9406633
21:43:13,11.9596834
21:43:14,12.158247
21:43:15,12.07074
21:43:16,11.9112282
21:43:17,11.8719711
21:43:18,11.9862871
21:43:19,12.12698
21:43:20,12.2514572
21:43:21,12.2581434
21:43:22,11.8120832
21:43:23,12.01691
21:43:24,11.6888752
21:43:25,11.8292112
21:43:26,12.1296968
21:43:27,12.0075169
21:43:28,12.0532951
21:43:29,12.1206541
21:43:30,11.4194927
21:43:31,11.9669237
21:43:32,11.8441992
21:43:33,12.1066647
21:43:34,12.1387625
21:43:35,12.25601
21:43:36,11.8058338
21:43:37,12.0575562
21:43:38,11.7980967
21:43:39,11.7820978
21:43:40,12.2494488
21:43:41,11.9874821
21:43:42,12.133914
21:43:43,11.907217
21:43:44,12.1104212
21:43:45,12.067687
21:43:46,11.9373846
21:43:47,11.7506428
21:43:48,11.6242247
21:43:49,11.84902
21:43:50,11.9149027
21:43:51,12.1946974
21:43:52,12.0914745
21:43:53,11.8556347
21:43:55,12.3538427
21:43:56,12.17304
21:43:58,11.7514477
21:43:59,12.244956
21:44:00,11.9697208
21:44:01,12.394124
21:44:03,12.1491194
21:44:04,12.1892471
21:44:05,12.11415
21:44:06,11.7346125
21:44:07,11.9228067
21:44:09,11.9882259
21:44:10,12.0069942
21:44:11,11.76527
21:44:12,11.9275379
21:44:13,12.0341473
21:44:14,12.2214651
21:44:15,11.9927063
21:44:16,12.1042233
21:44:17,11.9018173
21:44:18,12.01977
21:44:19,12.077837
21:44:20,12.0672779
21:44:21,12.0969448
21:44:22,11.8320389
21:44:23,11.9951391
21:44:24,11.9054108
21:44:25,12.118886
21:44:26,11.9827309
21:44:27,12.0966415
21:44:28,11.9440746
21:44:29,11.9502773
21:44:30,12.1858969
21:44:31,12.00941
21:44:32,12.1409388
21:44:33,11.8585491
21:44:34,12.0142479
21:44:35,11.9395781
21:44:36,11.9426661
21:44:37,11.8534632
21:44:38,12.1192722
21:44:39,12.1643629
21:44:40,11.8953438
21:44:41,12.088172
21:44:42,12.0026073
21:44:43,12.253396
21:44:44,12.3128452
21:44:45,11.5042963
21:44:46,12.2729578
21:44:47,11.6135969
21:44:48,11.9601765
21:44:49,12.0537157
21:44:50,11.7238731
21:44:51,11.9589558
21:44:52,11.9271965
21:44:53,12.1123943
21:44:54,11.9534807
21:44:55,11.9936924
21:44:56,11.8636742
21:44:57,12.0483847
21:44:58,11.7634983
21:44:59,12.0026646
21:45:00,11.89228
21:45:01,12.0903025
21:45:02,11.856328
21:45:03,12.096036
21:45:04,12.2231131
21:45:05,11.9540386
21:45:06,11.88609
21:45:07,11.927145
21:45:08,12.1499338
21:45:09,11.9634581
21:45:10,12.02451
21:45:11,11.7378721
21:45:12,12.0147772
21:45:13,11.9198875
21:45:14,11.9315195
21:45:15,11.9028378
21:45:16,11.9148226
21:45:17,11.5566893
21:45:18,12.2335205
21:45:19,11.8492517
21:45:20,12.1641874
21:45:21,12.3222609
21:45:22,12.0716238
21:45:23,11.8099966
21:45:24,12.0011988
21:45:25,12.1303616
21:45:26,12.0038815
21:45:27,11.8354092
21:45:28,12.0743961
21:45:29,11.9871387
21:45:30,11.8741693
21:45:31,12.03233
21:45:32,11.9431086
21:45:33,11.9906473
21:45:34,11.9565382
21:45:35,11.9629164
21:45:36,12.0483074
21:45:37,11.8394442
21:45:38,12.3029823
21:45:39,11.97033
21:45:40,11.86118
21:45:41,11.7945518
21:45:42,11.9893608
21:45:43,12.1557951
21:45:44,11.9083586
21:45:45,12.019618
21:45:46,11.5061264
21:45:47,11.8505926
21:45:48,11.9301558
21:45:49,12.0250063
21:45:50,11.8816977
21:45:51,11.8480377
21:45:52,11.8072815
21:45:53,12.3881369
21:45:54,12.01352
21:45:55,12.3097143
21:45:56,11.5460882
21:45:57,12.1782656
21:45:58,12.0261583
21:45:59,11.9680319
21:46:00,12.0764427
21:46:01,11.9487448
21:46:02,12.0825644
21:46:03,11.8924961
21:46:04,11.9339075
21:46:05,12.1353874
21:46:06,12.1193113
21:46:07,11.9599028
21:46:08,11.8036194
21:46:09,12.04153
21:46:10,12.2999058
21:46:11,12.202076
21:46:12,11.9122458
21:46:13,11.9751291
21:46:14,11.99261
21:46:15,11.73318
21:46:16,12.23764
21:46:17,12.0632906
21:46:18,11.8669481
21:46:19,12.34567
21:46:20,11.8445759
21:46:21,11.881525
21:46:22,11.90254
21:46:23,12.084528
21:46:24,11.9996748
21:46:25,11.7802391
21:46:26,11.8683262
21:46:27,11.9836645
21:46:28,11.9048748
21:46:29,11.9303141
21:46:30,12.1209049
21:46:31,11.92824
21:46:32,12.0359182
21:46:33,12.0655928
21:46:34,11.9825659
21:46:35,12.0729055
21:46:36,11.9215374
21:46:37,12.0508
21:46:38,11.9347715
21:46:39,11.7509985
21:46:40,11.6945353
21:46:41,12.1189213
21:46:42,12.1843061
21:46:43,12.2050419
21:46:44,12.1528759
21:46:45,11.8373365
21:46:46,11.8327656
21:46:47,11.81417
21:46:48,12.0212679
21:46:49,12.1214323
21:46:50,12.0941086
21:46:51,12.0059509
21:46:52,12.0764256
21:46:53,11.997036
21:46:54,11.907074
21:46:55,12.2036982
21:46:56,12.0054264
21:46:57,11.8410454
21:46:58,12.0721817
21:46:59,11.7374468
21:47:00,12.0710535
21:47:01,11.9153347
21:47:02,12.1496763
21:47:03,11.8808823
21:47:04,11.9372063
21:47:05,12.0262413
21:47:06,12.0298643
21:47:07,11.7037811
21:47:08,12.0450859
21:47:09,11.9006319
21:47:10,12.0698318
21:47:11,12.01282
21:47:12,11.9907007
21:47:13,12.2050533
21:47:14,11.9483032
21:47:15,11.9000645
21:47:16,12.0449886
21:47:17,11.9722137
21:47:18,12.10136
21:47:19,12.2148027
21:47:20,11.821043
21:47:21,11.8043909
21:47:22,11.8618889
21:47:23,11.9362669
21:47:24,12.1278648
21:47:25,11.7889261
21:47:26,12.01916
21:47:27,12.0613518
21:47:28,11.9650736
21:47:29,11.9184952
21:47:30,12.1359463
21:47:31,12.2006273
21:47:32,11.965765
21:47:33,12.18811
21:47:34,12.1115074
21:47:35,11.9297085
21:47:36,12.0858517
21:47:37,12.0350132
21:47:38,12.042182
21:47:39,11.8306875
21:47:40,12.0854158
21:47:41,12.1255789
21:47:42,12.0211077
21:47:43,11.9958582
21:47:44,11.9903908
21:47:45,11.9165421
21:47:46,11.9299078
21:47:47,11.9786739
21:47:48,12.2500706
21:47:49,12.2526789
21:47:50,11.8757477
21:47:51,11.7337551
21:47:52,12.0244646
21:47:53,11.883873
21:47:55,12.0370035
21:47:56,12.0965023
21:47:57,11.9423475
21:47:58,12.0175085
21:47:59,11.8556328
21:48:00,12.10826
21:48:01,12.2982054
21:48:02,11.6171989
21:48:03,11.8234482
21:48:04,12.0246668
21:48:05,12.1781979
21:48:06,12.0138855
21:48:07,12.2909422
21:48:08,12.0513449
21:48:09,11.8554688
21:48:10,11.8722239
21:48:11,11.7575951
21:48:12,12.0982122
21:48:13,11.8450384
21:48:14,11.96918
21:48:15,12.05322
21:48:16,11.9172258
21:48:17,11.8697987
21:48:18,11.9145536
21:48:19,12.1284733
21:48:20,12.18633
21:48:21,11.9422741
21:48:22,11.715066
21:48:23,11.98874
21:48:24,12.0062876
21:48:26,12.1188641
21:48:27,11.9843884
21:48:28,11.8012524
21:48:30,12.03472
21:48:31,12.0193081
21:48:32,12.0533285
21:48:34,12.0384083
21:48:36,12.0288992
21:48:37,12.2122889
21:48:38,11.8806238
21:48:39,12.0176926
21:48:40,12.1498432
21:48:41,12.0986242
21:48:42,12.0318117
21:48:43,12.1425829
21:48:44,11.9894638
21:48:45,12.1818466
21:48:46,12.0484686
21:48:47,11.81473
21:48:48,11.8197222
21:48:49,11.9849463
21:48:50,12.2179537
21:48:51,12.0564413
21:48:52,12.0146465
21:48:53,11.86103
21:48:54,11.93765
21:48:55,12.3180065
21:48:56,11.9006023
21:48:57,11.9325981
21:48:58,12.1510477
21:48:59,11.9774418
21:49:00,12.0428381
21:49:01,11.9270353
21:49:02,11.8587723
21:49:03,11.9723511
21:49:04,12.0198174
21:49:05,11.8178654
21:49:06,11.8846283
21:49:07,12.0625467
21:49:08,12.0263453
21:49:09,12.0246677
21:49:10,11.8823719
21:49:11,11.8356714
21:49:12,12.1220074
21:49:13,12.0094891
21:49:14,12.073246
21:49:15,11.9622536
21:49:16,11.965477
21:49:17,11.7967958
21:49:18,12.2590275
21:49:19,11.9106483
21:49:20,12.2345657
21:49:21,12.1310053
21:49:22,11.8899336
21:49:23,11.74555
21:49:24,12.0911236
21:49:25,12.0335627
21:49:26,11.8594761
21:49:27,11.893734
21:49:28,12.16152
21:49:29,11.9011583
21:49:30,11.7714605
21:49:31,11.9986382
21:49:32,11.8714867
21:49:33,11.8867683
21:49:34,11.977663
21:49:35,11.9346285
21:49:36,11.836647
21:49:37,11.9711876
21:49:38,11.868144
21:49:39,12.1891937
21:49:40,12.2938242
21:49:41,12.0745907
21:49:42,12.2014809
21:49:43,11.9690466
21:49:44,12.1313763
21:49:45,11.8386326
21:49:46,11.7274
21:49:47,11.9256773
21:49:48,12.0731
21:49:49,11.7289524
21:49:50,12.3430729
21:49:51,11.9390621
21:49:52,11.9674854
21:49:53,11.9932127
21:49:54,12.0487
21:49:55,12.1474152
21:49:56,12.0392179
21:49:57,12.031146
21:49:58,11.92603
21:49:59,11.9488
21:50:00,11.9820862
21:50:01,12.12169
21:50:02,11.9349813
21:50:03,11.858284
21:50:04,11.8843594
21:50:05,11.8180294
21:50:06,12.0762854
21:50:07,11.7544851
21:50:08,11.9554367
21:50:09,11.8099756
21:50:10,12.0714788
21:50:11,12.0473747
21:50:12,12.0700836
21:50:13,12.068821
21:50:14,11.9234495
21:50:15,11.7548609
21:50:16,11.9278908
21:50:17,12.03179
21:50:18,11.5221319
21:50:19,11.7905989
21:50:20,12.0443678
21:50:21,11.9357252
21:50:22,11.8476686
21:50:23,11.937685
21:50:24,12.1807108
21:50:25,12.4327316
21:50:26,11.8495121
21:50:27,11.700716
21:50:28,12.7845087
21:50:29,12.1390047
21:50:30,12.0615282
21:50:31,11.9430084
21:50:32,11.9426155
21:50:33,12.1397171
21:50:34,12.1577969
21:50:35,11.8625641
21:50:36,11.99039
21:50:37,11.8972378
21:50:38,11.8917065
21:50:39,11.9626827
21:50:40,11.9328508
21:50:41,12.142128
21:50:42,11.932271
21:50:43,12.0950327
21:50:44,11.976347
21:50:45,11.8131037
21:50:46,11.7091179
21:50:47,12.1578751
21:50:48,11.9742823
21:50:49,12.0476151
21:50:50,12.098834
21:50:51,12.1577482
21:50:52,12.0511036
21:50:53,11.6288481
21:50:54,12.3763342
21:50:56,12.2064734
21:50:57,11.6079359
21:50:58,12.0661
21:50:59,12.0318832
21:51:00,12.0342655
21:51:01,11.904047
21:51:02,11.8535652
21:51:03,12.1017389
21:51:04,12.2930737
21:51:05,11.942234
21:51:06,11.755846
21:51:07,11.8988037
21:51:08,12.1026945
21:51:09,11.9345331
21:51:10,11.932312
21:51:11,11.9471579
21:51:12,12.0257015
21:51:13,11.8298435
21:51:14,12.0986862
21:51:15,11.8914785
21:51:16,11.9930191
21:51:17,12.2679482
21:51:18,11.8284159
21:51:19,11.8932676
21:51:21,11.93318
21:51:22,12.13123
21:51:23,11.92069
21:51:24,11.889576
21:51:26,12.083807
21:51:27,11.8710442
21:51:28,11.7869854
21:51:30,12.0126181
21:51:31,12.0037107
21:51:32,12.1456985
21:51:33,11.9991217
21:51:34,12.1209488
21:51:35,11.8236694
21:51:36,12.0831413
21:51:37,11.9518147
21:51:38,11.9522247
21:51:39,12.0139618
21:51:40,12.1916647
21:51:41,11.8968353
21:51:42,11.9763775
21:51:43,11.7767572
21:51:44,11.9833269
21:51:45,11.9323244
21:51:46,12.1609879
21:51:47,12.0522156
21:51:48,11.9449806
21:51:49,12.0764246
21:51:50,11.9407282
21:51:51,12.1255884
21:51:52,11.97441
21:51:53,12.1476278
21:51:54,12.2194328
21:51:55,11.8874607
21:51:56,11.9160633
21:51:57,12.0443964
21:51:58,11.9568424
21:51:59,11.859025
21:52:00,12.0602255
21:52:01,11.7229862
21:52:02,11.9190359
21:52:03,12.03673
21:52:04,12.0084915
21:52:05,12.0397539
21:52:06,11.9007559
21:52:07,11.7453909
21:52:08,12.01327
21:52:09,12.0658693
21:52:10,12.0704908
21:52:11,12.0187988
21:52:12,11.8862028
21:52:13,11.973382
21:52:14,12.2360582
21:52:15,11.788291
21:52:16,12.0572376
21:52:17,11.9031572
21:52:18,12.1156855
21:52:19,11.8449421
21:52:20,12.11112
21:52:21,12.0033607
21:52:22,11.9220037
21:52:23,11.9022236
21:52:24,11.9266224
21:52:25,12.0150576
21:52:26,12.0221653
21:52:27,12.09625
21:52:28,11.93786
21:52:29,11.9284515
21:52:30,11.958581
21:52:31,12.09454
21:52:32,11.9749651
21:52:33,12.1225147
21:52:34,12.0339727
21:52:35,11.91425
21:52:36,12.0106735
21:52:37,12.3434734
21:52:38,11.9446583
21:52:39,11.9166479
21:52:40,12.01096
21:52:41,12.139925
21:52:42,12.07444
21:52:43,12.0362749
21:52:44,12.0693741
21:52:45,12.3811264
21:52:46,12.0013952
21:52:47,11.7408695
21:52:48,12.0059566
21:52:49,11.9434719
21:52:50,12.1086874
21:52:51,12.007349
21:52:52,11.7944937
21:52:53,11.7576942
21:52:54,12.14037
21:52:55,12.0117941
21:52:56,12.0823994
21:52:57,11.9458494
21:52:58,11.9669094
21:52:59,12.0624542
21:53:00,11.9820032
21:53:01,11.8788223
21:53:02,11.9614048
21:53:03,11.95019
21:53:04,11.8582211
21:53:05,12.1593428
21:53:06,11.5979185
21:53:07,12.172493
21:53:08,11.9434252
21:53:09,12.0426168
21:53:10,12.1077766
21:53:11,12.1566153
21:53:12,12.1973705
21:53:13,12.1697607
21:53:14,11.9830866
21:53:15,11.9551945
21:53:16,12.0185518
21:53:17,11.9691916
21:53:18,11.9923677
21:53:19,12.0364609
21:53:20,11.7136126
21:53:21,12.03876
21:53:22,12.2354212
21:53:23,12.0128546
21:53:24,12.224514
21:53:25,12.2434235
21:53:26,11.7487526
21:53:27,12.0971861
21:53:28,11.9377155
21:53:29,11.7866068
21:53:30,11.8382492
21:53:31,12.0190115
21:53:32,12.1526165
21:53:33,12.0453529
21:53:34,11.9805593
21:53:35,12.0548706
21:53:36,12.1651859
21:53:37,11.843153
21:53:38,12.1302748
21:53:39,11.7453976
21:53:40,12.2364941
21:53:41,11.8363562
21:53:42,12.0964909
21:53:43,12.0322037
21:53:44,11.7115679
21:53:45,11.9716816
21:53:46,12.2799215
21:53:47,12.0672131
21:53:48,11.8653727
21:53:49,11.9417877
21:53:50,12.2433672
21:53:51,11.9919624
21:53:52,11.9154253
21:53:53,11.940608
21:53:54,11.9632816
21:53:55,11.9594154
21:53:56,11.9155
21:53:57,11.9169617
21:53:58,12.0151567
21:53:59,12.15946
21:54:00,11.9810085
21:54:01,12.0177221
21:54:02,11.7660227
21:54:03,11.91181
21:54:04,12.0170031
21:54:05,11.912818
21:54:06,11.9573812
21:54:07,11.9796848
21:54:08,12.065876
21:54:09,12.2349148
21:54:10,12.084589
21:54:11,11.9838095
21:54:12,11.7718086
21:54:13,12.0703716
21:54:14,12.1206188
21:54:15,12.1199369
21:54:16,11.9954233
21:54:17,11.91563
21:54:18,12.1026964
21:54:19,12.0817642
21:54:20,12.0162058
21:54:21,12.1325989
21:54:22,12.154295
21:54:24,11.9809237
21:54:25,12.1999006
21:54:27,11.8722448
21:54:28,11.9663658
21:54:29,12.0099125
21:54:30,12.14534
21:54:31,11.95087
21:54:32,11.85848
21:54:33,11.8277884
21:54:34,11.9855108
21:54:35,12.0628872
21:54:36,12.20416
21:54:37,12.3134308
21:54:38,12.186552
21:54:39,11.9862556
21:54:40,12.0587
21:54:41,11.9335041
21:54:42,11.71522
21:54:43,11.6436472
21:54:44,12.0572891
21:54:45,11.8788424
21:54:46,11.9393215
21:54:47,11.972147
21:54:48,12.0889874
21:54:49,11.9145193
21:54:50,11.8930655
21:54:51,11.4725056
21:54:52,11.6644325
21:54:53,12.2487144
21:54:54,12.0509253
21:54:55,11.8757162
21:54:56,12.10288
21:54:57,11.7562284
21:54:58,12.01542
21:54:59,11.9473438
21:55:00,12.04152
21:55:01,12.3457441
21:55:02,12.1734219
21:55:03,11.9519005
21:55:04,11.8360882
21:55:05,12.0145588
21:55:06,12.1757441
21:55:07,11.9212856
21:55:08,12.125514
21:55:09,11.9957981
21:55:10,11.9617243
21:55:11,11.9915857
21:55:12,11.86972
21:55:13,12.1976328
21:55:14,11.9362612
21:55:15,11.9903688
21:55:16,11.8830872
21:55:17,11.9352465
21:55:18,11.9257841
21:55:19,11.8535471
21:55:20,12.1598368
21:55:21,11.9937248
21:55:22,12.1786432
21:55:23,12.02992
21:55:24,12.060606
21:55:25,11.9272728
21:55:26,12.0370407
21:55:27,12.0261459
21:55:28,11.7750931
21:55:29,11.981369
21:55:30,12.2461882
21:55:31,12.1564856
21:55:32,11.9693136
21:55:33,11.7338018
21:55:34,11.8298445
21:55:35,11.8520231
21:55:36,11.9978428
21:55:37,12.0904779
21:55:38,12.0581856
21:55:39,12.1903906
21:55:40,11.82538
21:55:41,12.0980587
21:55:42,11.7080545
21:55:43,12.0207539
21:55:44,11.979764
21:55:45,12.06138
21:55:46,12.1601391
21:55:47,11.9708338
21:55:48,11.644599
21:55:49,11.71693
21:55:50,12.1677046
21:55:51,12.08358
21:55:52,12.1286154
21:55:53,11.7392454
21:55:54,11.9352846
21:55:55,12.0771208
21:55:56,11.8285885
21:55:57,11.8421469
21:55:58,11.8617611
21:55:59,12.0014057
21:56:00,11.6991978
21:56:01,12.0926151
21:56:02,12.368103
21:56:03,11.8927031
21:56:04,12.1007328
21:56:05,11.9762745
21:56:06,12.1257954
21:56:07,11.8599138
21:56:08,12.116292
21:56:09,12.04213
21:56:10,11.924243
21:56:11,12.0686369
21:56:12,12.1481028
21:56:13,11.9269705
21:56:14,12.034646
21:56:15,11.8312626
21:56:16,12.089653
21:56:17,12.0407963
21:56:18,11.8681364
21:56:19,11.923914
21:56:20,12.0424452
21:56:21,11.870903
21:56:22,11.8603315
21:56:23,12.1358967
21:56:24,11.9182892
21:56:25,11.9743681
21:56:26,11.8835468
21:56:27,11.8733177
21:56:28,12.0740433
21:56:29,12.1726475
21:56:30,12.1599035
21:56:31,11.8942747
21:56:32,11.8085146
21:56:33,12.1379652
21:56:34,12.0678368
21:56:35,12.1932125
21:56:36,11.8904352
21:56:37,12.0306835
21:56:38,12.0698805
21:56:39,12.2680531
21:56:40,11.8015556
21:56:41,12.1615162
21:56:42,11.7949438
21:56:43,11.9992456
21:56:44,12.0226231
21:56:45,11.8698139
21:56:46,12.1826963
21:56:47,12.0258045
21:56:48,11.8701677
21:56:49,11.8418608
21:56:50,12.1298
21:56:51,11.6355219
21:56:52,11.9518042
21:56:53,12.1703491
21:56:55,12.1460476
21:56:56,12.153573
21:56:57,11.9054775
21:56:58,11.9271755
21:56:59,11.8552475
21:57:00,12.0146685
21:57:01,11.7890091
21:57:02,11.8644152
21:57:03,12.10245
21:57:04,12.03669
21:57:05,12.27895
21:57:06,11.9858141
21:57:07,11.1906223
21:57:08,12.0731659
21:57:09,11.9144735
21:57:10,11.7973728
21:57:11,12.2175741
21:57:12,11.9806166
21:57:13,11.8717051
21:57:14,11.8597155
21:57:15,12.09744
21:57:16,11.9471331
21:57:17,12.0961237
21:57:18,12.1745138
21:57:19,11.8192654
21:57:20,12.2185965
21:57:21,12.1414385
21:57:22,12.1492414
21:57:23,11.8643675
21:57:24,11.917923
21:57:25,12.0601482
21:57:26,12.309103
21:57:27,11.9714413
21:57:28,11.9976339
21:57:29,12.1867323
21:57:30,11.9860859
21:57:31,12.078208
21:57:32,11.9682
21:57:33,12.2354116
21:57:34,12.0127964
21:57:35,11.98457
21:57:36,12.0429125
21:57:37,11.9582529
21:57:38,11.7939405
21:57:39,12.093894
21:57:40,12.12254
21:57:41,11.8921509
21:57:42,12.0351343
21:57:43,12.130064
21:57:44,11.6031208
21:57:45,11.8854218
21:57:46,11.9582253
21:57:47,12.04976
21:57:48,12.2065525
21:57:49,11.9468346
21:57:50,12.4904232
21:57:51,11.9524975
21:57:52,12.2238436
21:57:53,11.6784372
21:57:54,11.8444843
21:57:55,12.1742306
21:57:56,11.84808
21:57:57,12.2459478
21:57:58,11.7391319
21:57:59,11.8174639
21:58:00,12.0591412
21:58:01,11.7568521
21:58:02,11.8969641
21:58:03,12.0403833
21:58:04,12.0580292
21:58:05,12.1206837
21:58:06,12.2827187
21:58:07,12.12939
21:58:08,12.0684147
21:58:09,11.9433231
21:58:10,12.0901775
21:58:11,11.91944
21:58:12,11.939558
21:58:13,12.23216
21:58:14,12.0053806
21:58:15,11.9972229
21:58:16,11.9609308
21:58:17,12.0426807
21:58:18,11.9849253
21:58:19,12.0133286
21:58:20,11.7677965
21:58:21,12.07758
21:58:22,11.83095
21:58:23,11.8462019
21:58:24,11.918931
21:58:25,12.1360292
21:58:26,11.9497108
21:58:27,12.1362514
21:58:28,12.0647707
21:58:29,11.9834757
21:58:30,12.28912
21:58:31,12.1490908
21:58:32,12.0509291
21:58:33,11.9244871
21:58:34,12.1359959
21:58:35,12.0779428
21:58:36,11.96129
21:58:37,11.9639769
21:58:38,12.0751553
21:58:39,11.7334623
21:58:40,12.0219584
21:58:41,11.87445
21:58:42,11.8964748
21:58:43,12.0840034
21:58:44,12.0028992
21:58:45,12.2139149
21:58:46,11.8171759
21:58:47,11.9883327
21:58:48,12.054431
21:58:49,11.8314562
21:58:50,12.0075979
21:58:51,12.1044245
21:58:52,11.77834
21:58:53,12.1655312
21:58:55,12.14212
21:58:56,11.9795361
21:58:57,12.1548071
21:58:58,12.1575871
21:58:59,12.0874109
21:59:00,12.1274
21:59:01,11.805336
21:59:02,11.8772106
21:59:03,12.1224871
21:59:04,11.8379936
21:59:05,12.0391674
21:59:06,12.1832581
21:59:07,12.1137094
21:59:08,12.0408812
21:59:09,11.9344053
21:59:10,12.0585079
21:59:12,11.9067392
21:59:14,11.69838
21:59:15,11.8865786
21:59:16,11.72243
21:59:17,11.9045486
21:59:18,11.8641405
21:59:19,11.8144369
21:59:21,11.7173071
21:59:22,12.08547
21:59:23,12.0226488
21:59:24,11.6747379
21:59:25,11.82781
21:59:26,12.4081707
21:59:28,12.2543068
21:59:29,11.8875875
21:59:30,12.1932392
21:59:32,12.0668306
21:59:33,12.1091747
21:59:34,12.49652
21:59:35,11.942
21:59:36,12.058094
21:59:37,11.9255352
21:59:38,11.8052721
21:59:39,11.9667892
21:59:40,11.94683
21:59:41,11.7769852
21:59:42,11.9950609
21:59:43,12.1812639
21:59:44,11.5722675
21:59:45,12.0932808
21:59:46,11.8183613
21:59:47,11.8531609
21:59:48,11.8487253
21:59:49,11.9682264
21:59:50,12.03626
21:59:51,12.0080109
21:59:52,11.9941578
21:59:53,12.2254372
21:59:54,11.9653769
21:59:55,12.2161217
21:59:56,12.0950766
21:59:57,12.054925
21:59:58,12.059351
21:59:59,11.756506
22:00:00,12.15208
22:00:01,11.8924694
22:00:02,12.1136665
22:00:03,12.025178
22:00:04,12.2809343
22:00:05,12.3004618
22:00:06,11.8669338
22:00:07,11.7592745
22:00:08,11.9177237
22:00:09,12.1160564
22:00:10,11.9862976
22:00:11,12.2085123
22:00:12,12.144146
22:00:13,11.8178024
22:00:14,12.0538282
22:00:15,12.2703352
22:00:16,12.1712837
22:00:17,11.9684448
22:00:18,11.7312841
22:00:19,11.8064413
22:00:20,11.9764032
22:00:21,12.1342506
22:00:22,12.2134867
22:00:23,12.1032
22:00:24,12.02128
22:00:25,11.7878132
22:00:26,11.8761034
22:00:27,11.8774509
22:00:28,11.9689455
22:00:29,12.0216846
22:00:30,11.9303989
22:00:31,11.9185743
22:00:32,12.0240784
22:00:33,11.8554592
22:00:34,11.9700937
22:00:35,11.8687477
22:00:36,11.9385433
22:00:37,11.957777
22:00:38,12.0983772
22:00:39,12.267108
22:00:40,12.1010542
22:00:41,11.9744358
22:00:42,12.0023861
22:00:43,12.1896
22:00:44,12.2437248
22:00:45,11.9062548
22:00:46,12.065649
22:00:47,11.9653368
22:00:48,12.1355133
22:00:49,11.7276783
22:00:50,12.1461048
22:00:51,11.9623184
22:00:52,12.10898
22:00:53,12.06925
22:00:54,12.0688505
22:00:55,11.8483124
22:00:56,11.9470911
22:00:57,12.0672274
22:00:58,12.1939335
22:00:59,12.0158453
22:01:00,12.10698
22:01:01,11.95578
22:01:02,12.0120573
22:01:03,12.0516157
22:01:04,12.1829042
22:01:05,11.9011259
22:01:06,12.0076132
22:01:07,11.9746037
22:01:08,12.2238169
22:01:09,11.8869028
22:01:10,12.0018063
22:01:11,12.0773945
22:01:12,11.7643957
22:01:13,11.9659777
22:01:14,11.91357
22:01:15,11.8599758
22:01:16,12.1413374
22:01:17,11.7754583
22:01:18,12.42758
22:01:19,11.6947556
22:01:20,11.8533478
22:01:21,12.0101233
22:01:22,11.9497585
22:01:23,12.0498095
22:01:24,12.1336117
22:01:25,11.8215322
22:01:26,12.1048384
22:01:27,11.91557
22:01:28,12.0345774
22:01:29,12.073451
22:01:30,12.0474625
22:01:31,11.6918325
22:01:32,11.9299374
22:01:33,12.203968
22:01:34,12.0612555
22:01:35,12.0842381
22:01:36,11.9507475
22:01:37,12.5547638
22:01:38,11.2980995
22:01:39,11.99462
22:01:40,12.2477512
22:01:41,11.9513092
22:01:42,12.0816813
22:01:43,12.1608734
22:01:45,11.8075314
22:01:46,12.1446533
22:01:48,12.131011
22:01:49,12.0931444
22:01:50,12.5686808
22:01:51,11.6527319
22:01:52,11.6889143
22:01:53,12.10118
22:01:54,11.9996033
22:01:55,11.7210293
22:01:56,12.00269
22:01:57,11.73874
22:01:58,12.1167831
22:01:59,11.780324
22:02:00,12.3159237
22:02:01,12.050395
22:02:02,11.753933
22:02:03,11.9596233
22:02:04,11.8576107
22:02:05,11.8330078
22:02:06,12.1547384
22:02:07,12.1093225
22:02:08,12.2310257
22:02:09,12.0864077
22:02:10,9.719474
22:02:11,11.800209
22:02:12,12.9226484
22:02:13,10.7538815
22:02:14,11.9212761
22:02:15,11.4363317
22:02:16,12.4565639
22:02:17,11.1675415
22:02:18,12.8326635
22:02:19,11.020813
22:02:20,11.5670567
22:02:21,11.9441881
22:02:22,12.0496874
22:02:23,12.1314325
22:02:24,11.5686979
22:02:25,7.79622841
22:02:26,6.27462626
22:02:27,6.012403
22:02:28,5.417221
22:02:29,4.84037638
22:02:30,5.07414
22:02:31,4.995055
22:02:32,4.98218155
22:02:33,4.98185062
22:02:34,5.09420347
22:02:35,4.98056269
22:02:36,4.88681126
22:02:37,5.09377337
22:02:38,5.06221437
22:02:39,4.984588
22:02:40,5.05187368
22:02:41,4.806838
22:02:42,4.98775625
22:02:43,4.11401224
22:02:44,4.53964567
22:02:45,4.87285662
22:02:46,4.767979
22:02:47,4.790715
22:02:48,4.974125
22:02:49,4.87271643
22:02:50,4.75248766
22:02:51,4.71212673
22:02:52,4.02441645
22:02:53,4.68746328
22:02:54,5.133551
22:02:55,5.145504
22:02:56,5.127943
22:02:57,4.87691545
22:02:58,4.984615
22:02:59,4.95718575
22:03:00,5.06513
22:03:01,5.23058271
22:03:02,9.075396
22:03:03,24.2603283
22:03:04,22.5246868
22:03:05,18.7627716
22:03:06,7.4778614
22:03:07,13.9303646
22:03:08,18.3161449
22:03:09,10.6719007
22:03:10,9.17256451
22:03:11,13.9182673
22:03:12,9.308353
22:03:13,10.0762339
22:03:14,13.1759424
22:03:15,15.0688229
22:03:16,14.7823267
22:03:17,9.814388
22:03:18,8.842059
22:03:19,9.444456
22:03:20,9.308688
22:03:21,9.243529
22:03:22,6.48951
22:03:23,7.07413054
22:03:24,5.91287327
22:03:25,6.690726
22:03:26,8.050421
22:03:27,8.233085
22:03:28,6.144299
22:03:29,10.942668
22:03:30,7.188246
22:03:31,7.7019453
22:03:32,13.1214113
22:03:33,7.50748348
22:03:34,6.80713034
22:03:35,7.9992857
22:03:36,7.4190917
22:03:37,6.67337036
22:03:38,8.371343
22:03:39,7.23182535
22:03:40,6.3095274
22:03:41,13.89194
22:03:42,17.628437
22:03:43,14.3168344
22:03:44,8.041332
22:03:45,16.0715866
22:03:46,17.4083939
22:03:47,16.18866
22:03:48,18.0329876
22:03:49,17.0884476
22:03:50,18.0732
22:03:51,16.9898319
22:03:52,18.3354836
22:03:53,16.9945812
22:03:54,16.2760162
22:03:55,18.2872524
22:03:56,16.701767
22:03:57,11.9381657
22:03:58,12.4355164
22:03:59,12.53234
22:04:00,11.7818718
22:04:01,11.6288061
22:04:02,13.2975826
22:04:03,9.001679
22:04:04,11.7571611
22:04:05,12.1531868
22:04:06,11.7159367
22:04:07,11.4428186
22:04:08,12.0431271
22:04:09,11.2404976
22:04:10,11.64454
22:04:11,12.128787
22:04:12,12.1466293
22:04:13,11.8419609
22:04:14,12.33188
22:04:15,12.4659824
22:04:16,11.2959118
22:04:17,11.5588436
22:04:18,13.2377253
22:04:19,12.2924671
22:04:20,12.3759937
22:04:21,11.8791037
22:04:22,12.2191
22:04:23,12.1762133
22:04:24,12.6846972
22:04:25,11.2016077
22:04:26,12.722147
22:04:27,11.9296579
22:04:28,12.499053
22:04:29,10.2465343
22:04:30,12.8831158
22:04:31,11.7490549
22:04:32,4.638714
22:04:33,4.63335943
22:04:34,4.892892
22:04:35,4.82795429
22:04:36,4.820558
22:04:37,4.53596354
22:04:38,5.147075
22:04:39,20.0007381
22:04:40,22.6659088
22:04:41,20.50309
22:04:42,19.4855347
22:04:43,19.4626846
22:04:44,17.27189
22:04:45,13.3062057
22:04:46,11.4589977
22:04:47,10.9104691
22:04:48,11.7869339
22:04:49,11.9907
22:04:50,11.4737329
22:04:51,11.4556046
22:04:52,11.8819571
22:04:53,12.01756
22:04:54,11.7720861
22:04:55,12.2383022
22:04:56,11.6460285
22:04:57,12.1347971
22:04:58,11.854291
22:04:59,11.8794432
22:05:00,12.6425838
22:05:01,12.1084795
22:05:02,12.3814974
22:05:03,12.0883255
22:05:04,11.6531658
22:05:05,12.5415
22:05:06,11.5898008
22:05:07,11.8031435
22:05:08,11.5595694
22:05:09,11.8670588
22:05:10,11.4225931
22:05:11,12.3125486
22:05:12,11.0395594
22:05:13,12.0641928
22:05:14,12.2324762
22:05:15,11.8767242
22:05:16,12.789856
22:05:17,12.9551516
22:05:18,11.9054441
22:05:19,12.6819172
22:05:20,12.84776
22:05:21,11.6511793
22:05:22,12.0794392
22:05:23,12.765789
22:05:24,12.1587143
22:05:25,12.0812092
22:05:27,11.6279955
22:05:28,12.2582541
22:05:30,11.9339552
22:05:31,11.8162432
22:05:32,12.0263634
22:05:33,11.6587248
22:05:34,12.5271044
22:05:35,11.7473145
22:05:36,12.5574875
22:05:37,7.40947628
22:05:39,5.82954168
22:05:40,5.59011
22:05:41,4.91936874
22:05:42,4.810726
22:05:43,4.481437
22:05:44,4.96000576
22:05:45,5.588476
22:05:46,4.73417664
22:05:47,5.13811445
22:05:48,5.018533
22:05:49,14.3015289
22:05:50,11.3007936
22:05:51,4.4143
22:05:52,3.8701334
22:05:53,5.948275
22:05:54,5.783246
22:05:55,5.15469551
22:05:56,7.0765667
22:05:57,20.006691
22:05:58,22.561655
22:05:59,21.5948353
22:06:00,18.8307743
22:06:01,20.1079979
22:06:02,19.6575069
22:06:03,18.15474
22:06:04,20.245472
22:06:05,19.921217
22:06:06,14.6872263
22:06:07,12.4340572
22:06:08,10.540555
22:06:09,14.217412
22:06:10,11.2207785
22:06:11,11.4316826
22:06:12,11.91369
22:06:13,11.7397985
22:06:14,11.8372555
22:06:15,11.3753481
22:06:16,11.3877525
22:06:17,12.05085
22:06:18,12.1415615
22:06:19,12.1310539
22:06:20,11.1240549
22:06:21,11.8852234
22:06:22,12.2182455
22:06:23,12.3410263
22:06:24,12.3478413
22:06:25,11.7440567
22:06:26,11.6218357
22:06:27,12.2101622
22:06:28,11.25251
22:06:29,12.2359848
22:06:30,12.1715918
22:06:31,11.5226049
22:06:32,12.415678
22:06:33,12.2765884
22:06:34,11.8893661
22:06:35,11.0062
22:06:36,11.3160076
22:06:37,12.2730389
22:06:38,11.861083
22:06:39,12.3953676
22:06:40,12.3163624
22:06:41,12.4877367
22:06:42,11.6076317
22:06:43,11.7906723
22:06:44,12.3780556
22:06:45,12.1342545
22:06:46,11.5199318
22:06:47,11.6699715
22:06:48,12.5461607
22:06:49,12.0523205
22:06:50,11.3954687
22:06:51,12.3267193
22:06:52,11.5091486
22:06:53,12.0750713
22:06:54,12.0766716
22:06:55,12.5875931
22:06:56,10.9503365
22:06:57,12.1705923
22:06:58,12.115922
22:06:59,12.0342417
22:07:00,11.154542
22:07:01,11.3314571
22:07:02,12.16663
22:07:03,12.08239
22:07:04,11.9418211
22:07:05,11.679369
22:07:06,12.2238255
22:07:07,12.1725941
22:07:08,12.3108568
22:07:09,11.3109388
22:07:10,12.718483
22:07:11,12.4177275
22:07:12,12.245059
22:07:13,12.6796274
22:07:14,8.516963
22:07:15,7.306801
22:07:16,10.1494389
22:07:17,21.1244984
22:07:18,13.53387
22:07:19,12.745018
22:07:20,12.22466
22:07:21,11.3000755
22:07:22,12.6167183
22:07:23,12.0872269
22:07:24,11.7275505
22:07:25,11.49429
22:07:26,10.9301882
22:07:27,11.8772478
22:07:28,11.5784655
22:07:29,11.9739609
22:07:30,11.605114
22:07:31,11.7638969
22:07:32,11.7645836
22:07:33,11.0623646
22:07:34,11.7536345
22:07:35,11.4447241
22:07:36,12.3661852
22:07:37,11.7013187
22:07:38,12.6874151
22:07:39,12.281889
22:07:40,11.9039688
22:07:41,11.8205519
22:07:42,12.2958422
22:07:43,12.6182671
22:07:44,11.9598265
22:07:45,12.4705162
22:07:46,12.747632
22:07:47,12.2615767
22:07:48,11.5691242
22:07:49,12.54707
22:07:50,12.1375227
22:07:51,12.1709871
22:07:52,11.58561
22:07:53,11.8470755
22:07:54,12.4471979
22:07:55,12.5427027
22:07:56,11.3060007
22:07:57,12.9375916
22:07:58,12.8151932
22:07:59,12.21515
22:08:00,12.5181284
22:08:01,12.1618853
22:08:02,12.0282545
22:08:03,11.984622
22:08:04,12.5469522
22:08:05,11.8450575
22:08:06,11.9878016
22:08:07,11.7866306
22:08:08,11.5842247
22:08:09,12.241497
22:08:10,11.67838
22:08:11,12.7029037
22:08:12,11.9437408
22:08:13,11.503006
22:08:14,12.0330915
22:08:15,11.9112225
22:08:16,11.7083778
22:08:17,12.5329771
22:08:18,11.8845587
22:08:19,12.4738464
22:08:20,11.4533434
22:08:21,10.898962
22:08:22,11.8486462
22:08:23,12.3137741
22:08:24,11.52104
22:08:25,11.9616022
22:08:26,11.7526569
22:08:27,11.9612579
22:08:28,11.6157055
22:08:29,11.663413
22:08:30,12.6272955
22:08:31,12.806118
22:08:32,10.4812765
22:08:33,9.347657
22:08:34,8.16787
22:08:35,7.884392
22:08:36,8.936642
22:08:37,8.79618
22:08:38,7.75876
22:08:39,8.744168
22:08:40,10.410305
22:08:41,9.99841
22:08:42,8.378984
22:08:43,8.935571
22:08:44,9.165303
22:08:45,7.9142375
22:08:46,9.204672
22:08:48,13.4955349
22:08:49,16.4909382
22:08:50,17.24071
22:08:52,17.3191681
22:08:53,14.7978535
22:08:54,15.36232
22:08:55,17.7732735
22:08:56,15.3506966
22:08:57,11.6875229
22:08:58,11.5673866
22:08:59,11.4083624
22:09:00,11.635232
22:09:01,12.0698729
22:09:02,12.0165176
22:09:03,11.0088453
22:09:04,11.5531788
22:09:05,11.21783
22:09:06,12.3255129
22:09:07,11.7959566
22:09:08,12.2328825
22:09:09,12.021451
22:09:10,11.5725832
22:09:11,12.2185326
22:09:12,11.976078
22:09:13,11.6562653
22:09:14,11.9434052
22:09:15,12.5360842
22:09:16,10.908432
22:09:17,12.0867491
22:09:18,12.3847179
22:09:19,9.130404
22:09:20,15.33909
22:09:21,11.6792555
22:09:22,12.1995878
22:09:23,12.1958055
22:09:24,12.15218
22:09:25,12.2819071
22:09:26,12.3356695
22:09:27,11.560462
22:09:28,11.919795
22:09:29,11.8853645
22:09:30,11.9609985
22:09:31,11.9768639
22:09:32,12.0760384
22:09:33,11.8284044
22:09:34,12.4021273
22:09:35,12.3739233
22:09:36,11.4954014
22:09:37,12.0954657
22:09:38,12.304575
22:09:39,11.393177
22:09:40,12.4129944
22:09:41,10.927146
22:09:42,11.8880091
22:09:43,11.6299629
22:09:44,10.1026573
22:09:45,6.22331953
22:09:46,19.79382
22:09:47,12.8820028
22:09:48,12.0712347
22:09:49,11.682991
22:09:50,11.6709127
22:09:51,12.580307
22:09:52,12.3347263
22:09:53,12.1786194
22:09:54,11.5348825
22:09:55,12.3627176
22:09:56,12.3315411
22:09:57,8.274659
22:09:58,6.16759539
22:09:59,13.0146742
22:10:00,14.6790018
22:10:01,13.969306
22:10:02,14.92891
22:10:03,12.7684526
22:10:04,10.2044573
22:10:05,11.4162283
22:10:06,11.0601606
22:10:07,11.2448978
22:10:08,11.9622755
22:10:09,11.4362574
22:10:10,10.6850529
22:10:11,12.7853355
22:10:12,12.8603468
22:10:13,16.05085
22:10:14,4.810593
22:10:15,4.34308243
22:10:16,4.692823
22:10:17,4.183904
22:10:18,4.160743
22:10:19,4.11175
22:10:20,4.722933
22:10:21,4.891434
22:10:22,4.054734
22:10:23,7.93470049
22:10:24,6.941069
22:10:25,4.374746
22:10:26,4.1345
22:10:27,2.21240449
22:10:28,3.2291553
22:10:29,4.329425
22:10:30,4.27802467
22:10:31,4.10154438
22:10:32,3.86205363
22:10:33,3.78771377
22:10:34,3.9224937
22:10:35,3.86427355
22:10:36,4.201376
22:10:37,3.881808
22:10:38,4.04131651
22:10:39,4.129913
22:10:40,4.110347
22:10:41,4.052309
22:10:42,3.73943567
22:10:43,4.00362158
22:10:44,3.91378117
22:10:45,4.23013449
22:10:46,3.90797615
22:10:47,3.77867079
22:10:48,4.65491152
22:10:49,5.43412447
22:10:50,4.406641
22:10:51,4.06362963
22:10:52,3.73875046
22:10:53,4.070439
22:10:54,4.024339
22:10:55,4.58142948
22:10:56,4.683934
22:10:57,2.5806396
22:10:58,3.71825218
22:10:59,4.01227665
22:11:00,4.37467861
22:11:01,4.14134073
22:11:02,4.074029
22:11:03,4.17644358
22:11:04,3.96067023
22:11:05,4.22681475
22:11:06,4.25445938
22:11:07,4.16452074
22:11:08,4.057381
22:11:09,4.08425045
22:11:10,3.99963331
22:11:11,4.089792
22:11:12,3.839306
22:11:13,4.11741352
22:11:14,3.90896153
22:11:15,3.94442129
22:11:16,4.167554
22:11:17,4.02428627
22:11:18,2.725393
22:11:19,4.02576542
22:11:20,3.9163394
22:11:21,4.18803453
22:11:22,4.44546461
22:11:23,4.169562
22:11:24,3.38431025
22:11:25,3.914029
22:11:27,4.139135
22:11:28,4.06325
22:11:29,3.31213069
22:11:30,4.224141
22:11:32,2.56763983
22:11:33,4.10035372
22:11:34,2.36558151
22:11:36,4.130587
22:11:37,4.101882
22:11:38,5.844219
22:11:40,5.05989933
22:11:41,4.514283
22:11:42,4.007388
22:11:43,4.169224
22:11:44,3.88583946
22:11:45,4.0615344
22:11:46,4.15986824
22:11:47,4.160913
22:11:48,4.194447
22:11:49,4.281748
22:11:50,3.883562
22:11:51,4.620015
22:11:52,4.19920063
22:11:53,4.03493834
22:11:54,3.88975859
22:11:55,4.227257
22:11:56,8.95279
22:11:57,4.112108
22:11:58,3.936989
22:11:59,4.061
22:12:00,4.00718069
22:12:01,2.79524755
22:12:02,3.69897437
22:12:03,4.321506
22:12:04,3.77474356
22:12:05,4.116486
22:12:06,3.95300579
22:12:07,4.18971825
22:12:08,4.201536
22:12:09,3.98662782
22:12:10,3.84970164
22:12:11,3.79151225
22:12:12,4.053756
22:12:13,3.96971488
22:12:14,4.10702848
22:12:15,5.12787056
22:12:16,3.98349357
22:12:17,3.92271638
22:12:18,3.811319
22:12:19,4.03436661
22:12:20,4.53046846
22:12:21,3.9826653
22:12:22,5.167772
22:12:23,5.31271
22:12:24,3.93296266
22:12:25,4.092992
22:12:26,4.1348896
22:12:27,4.41763163
22:12:28,3.97251439
22:12:29,4.31327868
22:12:30,4.039041
22:12:31,2.60835576
22:12:32,3.79080439
22:12:33,3.9003253
22:12:34,3.88046479
22:12:35,3.97805738
22:12:36,4.0368824
22:12:37,4.27234364
22:12:38,4.11539125
22:12:39,4.082267
22:12:40,3.97922754
22:12:41,4.044567
22:12:42,5.646898
22:12:43,4.34470367
22:12:44,4.178908
22:12:45,4.09304762
22:12:46,4.090883
22:12:47,4.30268431
22:12:48,4.09468651
22:12:49,3.9468205
22:12:50,4.013532
22:12:51,4.02964
22:12:52,4.59981346
22:12:53,4.0271287
22:12:54,4.15435171
22:12:55,4.36220455
22:12:56,4.267027
22:12:57,4.408081
22:12:58,4.263166
22:12:59,4.042723
22:13:00,4.152789
22:13:01,3.95305467
22:13:02,5.994206
22:13:03,4.007624
22:13:04,4.47061872
22:13:05,4.34272528
22:13:06,4.09336329
22:13:07,4.354181
22:13:08,4.16604757
22:13:09,4.02413225
22:13:10,3.823654
22:13:11,3.91756916
22:13:12,4.23644972
22:13:13,4.327673
22:13:14,4.13314438
22:13:15,3.88547325
22:13:16,4.035937
22:13:17,4.18019438
22:13:18,4.033331
22:13:19,4.07362938
22:13:20,4.13081026
22:13:21,5.202287
22:13:22,5.192637
22:13:23,4.78636026
22:13:24,4.061911
22:13:25,4.07938
22:13:26,4.021224
22:13:27,4.0668664
22:13:28,4.038157
22:13:29,4.10867834
22:13:30,3.82908082
22:13:31,3.0830946
22:13:32,4.046475
22:13:33,3.97221184
22:13:34,4.34549236
22:13:35,4.197599
22:13:36,4.221332
22:13:37,4.1174407
22:13:38,4.474415
22:13:39,4.094683
22:13:40,3.986071
22:13:41,3.977309
22:13:42,4.272104
22:13:43,4.063929
22:13:44,4.29542828
22:13:46,4.042005
22:13:47,3.93447781
22:13:48,4.086709
22:13:49,3.94431758
22:13:50,4.263317
22:13:51,3.93939614
22:13:52,3.99719238
22:13:53,4.0104804
22:13:54,4.18533468
22:13:55,4.204666
22:13:56,4.403819
22:13:57,4.28394
22:13:58,4.06623268
22:13:59,4.06383371
22:14:00,4.006283
22:14:01,4.097692
22:14:02,3.864812
22:14:03,2.85991716
22:14:04,4.00029039
22:14:05,4.05913067
22:14:06,4.116261
22:14:07,4.075269
22:14:08,4.63724566
22:14:09,4.07766962
22:14:10,4.05374241
22:14:11,3.9948566
22:14:12,4.18741465
22:14:13,4.54773045
22:14:14,3.849597
22:14:15,4.020246
22:14:16,3.94010615
22:14:17,3.842922
22:14:18,4.24458838
22:14:19,3.849557
22:14:20,3.99195242
22:14:21,4.367683
22:14:22,3.82015252
22:14:23,7.764896
22:14:24,4.223033
22:14:25,4.3320837
22:14:26,4.183197
22:14:27,4.139487
22:14:28,4.06803751
22:14:29,4.03353548
22:14:30,4.003438
22:14:31,4.26087952
22:14:32,4.305891
22:14:33,2.49061775
22:14:34,3.87898421
22:14:35,4.148601
22:14:36,3.99294448
22:14:37,3.951489
22:14:38,5.09481049
22:14:39,5.19191933
22:14:40,5.25545073
22:14:41,5.20639
22:14:42,4.60348272
22:14:43,4.97502375
22:14:44,4.87539864
22:14:45,3.63716674
22:14:46,6.100662
22:14:47,3.86228371
22:14:48,2.654893
22:14:49,4.078864
22:14:50,4.23981047
22:14:51,4.158017
22:14:52,3.88233185
22:14:53,4.267361
22:14:54,3.93298745
22:14:55,4.439228
22:14:56,4.512542
22:14:57,3.907888
22:14:58,4.11470461
22:14:59,4.076368
22:15:00,4.41257763
22:15:01,4.18519068
22:15:02,3.88139319
22:15:03,4.245757
22:15:04,4.252666
22:15:05,2.43646812
22:15:06,3.86918116
22:15:07,4.19231272
22:15:08,4.2356925
22:15:09,4.26073265
22:15:10,4.25383663
22:15:11,3.97056818
22:15:12,4.00489235
22:15:13,4.426306
22:15:14,4.33401775
22:15:15,4.14096737
22:15:16,4.252386
22:15:17,4.038343
22:15:18,3.99016118
22:15:19,4.06526136
22:15:20,4.467909
22:15:21,4.15170574
22:15:22,3.854327
22:15:23,4.27898741
22:15:24,4.0982604
22:15:25,4.098969
22:15:26,3.932173
22:15:27,4.103544
22:15:28,3.9371
22:15:29,4.13723
22:15:30,3.95859671
22:15:31,4.008681
22:15:32,4.075397
22:15:33,4.273253
22:15:34,4.25044775
22:15:35,2.34795
22:15:36,3.66569018
22:15:37,3.89993882
22:15:38,4.156119
22:15:39,4.10936975
22:15:40,4.094351
22:15:41,3.93229866
22:15:42,3.98565984
22:15:43,4.29304647
22:15:44,4.23546743
22:15:45,4.24274349
22:15:46,3.95689535
22:15:47,4.33523226
22:15:48,4.5834384
22:15:49,3.9278717
22:15:50,3.880675
22:15:51,3.97630835
22:15:52,4.056978
22:15:53,4.09105968
22:15:54,4.30235672
22:15:55,4.368746
22:15:56,4.449777
22:15:57,4.20419645
22:15:58,4.4173727
22:15:59,4.63065624
22:16:00,4.1923666
22:16:01,4.341356
22:16:02,4.31035376
22:16:03,3.88379264
22:16:04,4.38630342
22:16:05,2.24572349
22:16:06,4.01443052
22:16:07,4.057003
22:16:08,3.97262573
22:16:09,4.14131737
22:16:10,3.992543
22:16:11,3.891962
22:16:12,4.02607
22:16:13,4.235006
22:16:14,4.403654
22:16:15,4.23979139
22:16:16,4.16650534
22:16:17,4.057264
22:16:18,4.26649475
22:16:19,4.16272354
22:16:20,3.99669766
22:16:21,3.9454248
22:16:22,4.02979469
22:16:23,4.267043
22:16:24,4.30079031
22:16:25,4.318936
22:16:26,4.15025568
22:16:27,4.397148
22:16:28,4.37478733
22:16:29,4.052536
22:16:30,3.92348
22:16:31,4.10124969
22:16:32,4.146013
22:16:33,4.37763166
22:16:34,4.095987
22:16:35,2.32093763
22:16:36,3.94879413
22:16:37,3.99298143
22:16:38,4.35982656
22:16:39,4.248996
22:16:40,3.9173038
22:16:41,4.141263
22:16:42,3.83199763
22:16:43,4.28961468
22:16:44,4.48885965
22:16:45,4.177049
22:16:46,4.08930063
22:16:47,3.96524382
22:16:48,4.15058041
22:16:49,3.98807144
22:16:50,4.016518
22:16:51,3.88623333
22:16:52,4.22781324
22:16:54,4.38509274
22:16:55,4.172018
22:16:56,4.38577
22:16:57,4.47096539
22:16:58,4.280181
22:16:59,4.255248
22:17:00,3.99293947
22:17:01,4.13862228
22:17:02,4.1765
22:17:03,4.12264156
22:17:04,4.31016541
22:17:05,4.404943
22:17:06,2.1297183
22:17:07,4.0680213
22:17:08,3.95287371
22:17:09,4.56380653
22:17:10,4.02343464
22:17:11,4.096053
22:17:12,4.02727842
22:17:13,4.17302752
22:17:14,4.195529
22:17:15,4.069219
22:17:16,4.09290075
22:17:17,3.77065754
22:17:18,4.10845375
22:17:19,4.03166151
22:17:20,3.73244214
22:17:21,3.95624137
22:17:22,4.179316
22:17:23,3.89708471
22:17:24,4.281649
22:17:25,4.15343952
22:17:26,3.98480773
22:17:27,3.940141
22:17:28,4.33883953
22:17:29,4.178983
22:17:30,4.07379
22:17:31,4.04010057
22:17:32,3.92742682
22:17:33,4.090467
22:17:34,4.15801668
22:17:35,3.98924184
22:17:36,2.08024383
22:17:37,4.041118
22:17:38,3.95678926
22:17:39,4.143615
22:17:40,7.246516
22:17:41,4.04568243
22:17:42,4.10692024
22:17:43,4.03796864
22:17:44,4.199799
22:17:45,4.09826136
22:17:46,4.086817
22:17:47,3.94514823
22:17:48,3.880918
22:17:49,4.419565
22:17:50,4.05144739
22:17:51,4.04716825
22:17:52,3.93174887
22:17:53,4.213155
22:17:54,4.17364645
22:17:55,4.489012
22:17:56,4.34068537
22:17:57,4.134223
22:17:58,4.19493341
22:17:59,4.469543
22:18:00,4.00632954
22:18:01,3.95134258
22:18:02,3.99726176
22:18:03,4.10495949
22:18:04,5.329502
22:18:05,4.18272
22:18:06,2.50258946
22:18:07,3.72014928
22:18:08,4.104509
22:18:09,4.09374666
22:18:10,4.2251215
22:18:11,3.96457553
22:18:12,4.079448
22:18:13,4.12511253
22:18:14,4.3441205
22:18:15,4.01475143
22:18:16,4.29388428
22:18:17,4.095757
22:18:18,4.080737
22:18:19,4.18046474
22:18:20,4.129548
22:18:21,4.16372156
22:18:22,4.337197
22:18:23,4.26856327
22:18:24,4.28664255
22:18:25,4.08372259
22:18:26,4.076239
22:18:27,3.830384
22:18:28,4.26861763
22:18:29,4.40892649
22:18:30,4.15459347
22:18:31,3.97861028
22:18:32,4.01285
22:18:33,3.97277713
22:18:34,4.31304169
22:18:35,4.28074837
22:18:36,2.0396328
22:18:37,4.382881
22:18:38,3.96173263
22:18:39,4.233424
22:18:40,4.138728
22:18:41,4.131116
22:18:42,4.165567
22:18:43,3.92094946
22:18:44,4.27548456
22:18:45,4.0278635
22:18:46,2.16166162
22:18:47,4.107427
22:18:48,4.17110872
22:18:49,4.27934265
22:18:50,4.048595
22:18:51,4.17744875
22:18:52,4.18804455
22:18:53,4.124727
22:18:54,4.95047665
22:18:55,4.39485168
22:18:56,2.554686
22:18:57,3.943025
22:18:58,4.32289839
22:18:59,4.232313
22:19:00,4.347056
22:19:01,2.398943
22:19:02,4.02629232
22:19:03,4.07718849
22:19:04,2.54331136
22:19:05,3.82662916
22:19:06,3.80477428
22:19:08,4.14558125
22:19:09,3.97714663
22:19:10,4.36083746
22:19:11,2.12998915
22:19:12,3.82546973
22:19:13,3.86372542
22:19:15,4.41264439
22:19:16,4.26239538
22:19:17,2.3479526
22:19:18,4.14079571
22:19:19,4.3990736
22:19:20,4.24560547
22:19:21,4.15129757
22:19:22,4.103004
22:19:23,4.17730236
22:19:24,4.11474037
22:19:25,4.127153
22:19:26,4.21030855
22:19:27,3.97332883
22:19:28,4.46305943
22:19:29,4.14634
22:19:30,4.29699469
22:19:31,4.18257761
22:19:32,4.047124
22:19:33,4.13491726
22:19:34,3.98119688
22:19:35,4.221231
22:19:36,7.43612051
22:19:37,4.02892065
22:19:38,4.07091475
22:19:39,4.032118
22:19:40,4.327985
22:19:41,5.95718956
22:19:42,2.71810412
22:19:43,4.91629553
22:19:44,4.661473
22:19:45,4.76301146
22:19:46,4.529605
22:19:47,4.58111763
22:19:48,4.49674
22:19:49,3.99687028
22:19:50,4.387298
22:19:51,4.93791246
22:19:52,5.400093
22:19:53,3.99413586
22:19:54,4.340382
22:19:55,4.488471
22:19:56,4.557728
22:19:57,4.15252161
22:19:58,4.020531
22:19:59,4.1083436
22:20:00,4.139442
22:20:01,4.196358
22:20:02,4.150114
22:20:03,3.92669058
22:20:04,3.98908448
22:20:05,3.965559
22:20:06,4.131405
22:20:07,3.88511467
22:20:08,4.254943
22:20:09,4.14216042
22:20:10,4.18643427
22:20:11,4.31435537
22:20:12,2.28283477
22:20:13,3.73986745
22:20:14,4.3937254
22:20:15,4.24382
22:20:16,4.08928537
22:20:17,4.18028355
22:20:18,3.97316
22:20:19,4.17538548
22:20:20,4.13088942
22:20:21,4.37050152
22:20:22,3.88700628
22:20:23,4.13254166
22:20:24,4.235453
22:20:25,4.17646837
22:20:26,3.96476221
22:20:27,4.221203
22:20:28,4.23586369
22:20:29,4.50088739
22:20:30,4.010293
22:20:31,4.365371
22:20:32,3.99417567
22:20:33,4.13162947
22:20:34,5.120959
22:20:35,4.260753
22:20:36,4.37603951
22:20:37,4.077211
22:20:38,4.078515
22:20:39,4.083485
22:20:40,3.96358418
22:20:41,4.29274464
22:20:42,2.39712048
22:20:43,4.02516747
22:20:44,4.18565655
22:20:45,4.109951
22:20:46,3.99637
22:20:47,4.080366
22:20:48,4.058056
22:20:49,4.94339275
22:20:50,4.2064023
22:20:51,4.091342
22:20:52,3.980087
22:20:53,3.95277143
22:20:54,4.05387163
22:20:55,4.421859
22:20:56,4.654752
22:20:57,4.072996
22:20:58,3.83044624
22:20:59,4.26548767
22:21:00,4.0237875
22:21:01,4.212585
22:21:02,4.514003
22:21:03,4.02563524
22:21:04,4.17985535
22:21:05,4.093032
22:21:06,4.036733
22:21:07,4.03767633
22:21:08,3.786613
22:21:09,3.98367286
22:21:10,4.08749533
22:21:11,3.83899832
22:21:12,2.73727942
22:21:13,3.82060575
22:21:14,4.2565546
22:21:15,4.10426
22:21:16,4.3130703
22:21:17,4.054423
22:21:18,4.04805756
22:21:19,4.1179285
22:21:20,3.96930313
22:21:21,4.30746126
22:21:22,4.27535629
22:21:23,4.06499052
22:21:24,4.06385231
22:21:25,4.36414957
22:21:26,6.468855
22:21:27,5.744264
22:21:28,4.237702
22:21:29,3.912627
22:21:30,4.112005
22:21:31,3.99936223
22:21:32,4.232567
22:21:33,4.13840961
22:21:34,4.237664
22:21:35,3.95889926
22:21:36,3.98839617
22:21:37,4.06920767
22:21:38,3.94258547
22:21:39,4.084064
22:21:40,3.85703826
22:21:41,4.32289171
22:21:42,2.51749063
22:21:43,4.175459
22:21:44,4.25454569
22:21:45,4.04118872
22:21:46,4.16419363
22:21:47,4.01228476
22:21:48,4.1694746
22:21:49,4.21454573
22:21:50,3.96180558
22:21:51,4.12947941
22:21:52,4.183117
22:21:53,4.01295757
22:21:54,4.1457696
22:21:56,4.67660856
22:21:57,4.226682
22:21:58,3.95165944
22:21:59,4.140697
22:22:00,4.32268
22:22:01,4.01549053
22:22:02,3.99451447
22:22:04,4.119862
22:22:06,4.20435953
22:22:07,4.13026333
22:22:08,4.19070244
22:22:09,4.121228
22:22:10,4.036883
22:22:11,4.091525
22:22:12,4.13123226
22:22:13,2.89882922
22:22:14,3.795731
22:22:15,4.28048038
22:22:16,4.01823425
22:22:17,4.09591866
22:22:18,4.20769644
22:22:19,3.986028
22:22:20,4.054599
22:22:21,4.148942
22:22:22,4.150543
22:22:23,4.203668
22:22:24,4.33124542
22:22:25,4.237472
22:22:26,3.845388
22:22:27,4.071759
22:22:28,3.80210614
22:22:29,4.31295347
22:22:30,4.06505346
22:22:31,3.915275
22:22:32,4.152881
22:22:33,3.913109
22:22:34,4.280913
22:22:35,4.21462536
22:22:36,4.103729
22:22:37,4.314968
22:22:38,4.189586
22:22:39,4.30389071
22:22:40,3.96755576
22:22:41,4.0433836
22:22:42,3.9894526
22:22:43,2.63511634
22:22:44,3.96113
22:22:45,4.15785074
22:22:46,4.13639069
22:22:47,2.16152716
22:22:48,4.018168
22:22:49,4.027395
22:22:50,4.209725
22:22:51,2.27422476
22:22:52,4.00226355
22:22:53,3.95944667
22:22:54,4.07638025
22:22:55,4.138921
22:22:56,4.562689
22:22:57,4.11446428
22:22:58,4.222768
22:22:59,4.35750055
22:23:00,4.097945
22:23:01,4.075596
22:23:02,4.483244
22:23:03,4.2504344
22:23:04,4.37588835
22:23:05,4.110939
22:23:06,4.20469332
22:23:07,5.211562
22:23:08,4.472981
22:23:09,4.25403547
22:23:10,4.21524954
22:23:11,4.07610369
22:23:12,3.92071819
22:23:13,4.248445
22:23:14,4.36499548
22:23:15,2.57231665
22:23:16,3.783196
22:23:17,3.95908141
22:23:18,4.08231354
22:23:19,3.880991
22:23:20,3.85152531
22:23:21,4.101841
22:23:22,4.25199842
22:23:23,4.22259
22:23:24,4.254705
22:23:25,4.31172848
22:23:26,4.17337561
22:23:27,4.079028
22:23:28,4.144391
22:23:29,4.334845
22:23:30,4.13191748
22:23:31,4.089885
22:23:32,4.18020153
22:23:33,4.130537
22:23:34,4.17617
22:23:35,4.40284252
22:23:36,3.9372685
22:23:37,4.15961933
22:23:38,4.2012043
22:23:39,3.96319366
22:23:40,4.173092
22:23:41,4.03722048
22:23:42,4.26694632
22:23:43,4.07289171
22:23:44,4.446909
22:23:45,2.228875
22:23:46,4.00926542
22:23:47,4.30120945
22:23:48,3.994555
22:23:49,4.13693142
22:23:50,4.11813259
22:23:51,4.18536949
22:23:52,4.383124
22:23:53,4.01068068
22:23:54,4.162978
22:23:56,4.224812
22:23:57,4.1887145
22:23:58,4.13391733
22:23:59,4.191136
22:24:00,4.173231
22:24:01,4.01142025
22:24:02,4.127256
22:24:03,4.08937073
22:24:04,4.095934
22:24:05,4.302571
22:24:06,3.97846437
22:24:07,4.204717
22:24:08,4.33629227
22:24:09,4.262603
22:24:10,4.27629
22:24:11,4.12192345
22:24:12,4.152537
22:24:13,4.1394
22:24:14,4.129066
22:24:15,2.1017158
22:24:16,4.141187
22:24:17,4.130937
22:24:18,4.01625538
22:24:19,4.208155
22:24:20,4.28753376
22:24:21,4.306578
22:24:22,4.142384
22:24:23,4.19240332
22:24:24,4.07931566
22:24:25,4.22972441
22:24:26,4.06585026
22:24:27,4.08425
22:24:28,3.8768518
22:24:29,4.13621473
22:24:30,4.031898
22:24:31,4.22134972
22:24:32,4.344832
22:24:34,4.17484
22:24:35,4.205929
22:24:37,3.927225
22:24:38,4.43007469
22:24:39,4.335989
22:24:40,4.207489
22:24:41,4.213312
22:24:42,3.97037244
22:24:43,4.318616
22:24:44,4.16828156
22:24:45,4.12642431
22:24:46,2.06115913
22:24:47,3.84061742
22:24:48,4.06492949
22:24:49,4.05642128
22:24:50,4.07495
22:24:51,4.26473427
22:24:52,4.047411
22:24:53,4.13516045
22:24:54,4.22627544
22:24:55,4.474966
22:24:56,4.861997
22:24:57,4.12173033
22:24:58,4.275339
22:24:59,4.157574
22:25:00,4.523572
22:25:01,6.783425
22:25:02,4.06776476
22:25:03,4.09484243
22:25:04,4.19483
22:25:05,4.098006
22:25:06,4.079102
22:25:07,4.08054924
22:25:08,4.113935
22:25:09,4.20238924
22:25:10,4.10849476
22:25:11,3.84000421
22:25:12,3.84123063
22:25:13,4.17959547
22:25:14,4.203381
22:25:15,3.86892414
22:25:16,2.52516341
22:25:17,4.141804
22:25:18,4.014723
22:25:19,4.26587725
22:25:20,4.22012043
22:25:21,4.154652
22:25:22,4.157656
22:25:23,4.23560333
22:25:24,4.347914
22:25:25,4.122618
22:25:26,3.999753
22:25:27,4.158995
22:25:28,4.4070034
22:25:29,4.03317356
22:25:30,4.007333
22:25:31,4.087647
22:25:32,3.91195464
22:25:33,4.128277
22:25:34,4.10795736
22:25:35,4.230952
22:25:36,4.1019187
22:25:37,4.07980537
22:25:38,4.292426
22:25:39,4.392102
22:25:40,4.40987825
22:25:41,4.19884443
22:25:42,4.1867137
22:25:43,4.235451
22:25:44,2.46089649
22:25:45,4.085537
22:25:46,4.16873169
22:25:47,4.17372227
22:25:48,2.33445621
22:25:49,4.597262
22:25:50,4.19136
22:25:51,2.17563033
22:25:52,3.813779
22:25:53,3.99381232
22:25:54,4.39523458
22:25:55,4.526391
22:25:56,4.441386
22:25:57,4.1762886
22:25:58,4.209394
22:25:59,4.124007
22:26:00,4.21236229
22:26:01,4.19895458
22:26:02,3.90093756
22:26:03,4.010644
22:26:04,4.182919
22:26:05,4.26316261
22:26:06,4.11863375
22:26:07,4.3661294
22:26:08,4.27418375
22:26:09,4.18586254
22:26:10,4.09149027
22:26:11,3.94396639
22:26:12,4.05076838
22:26:13,3.94772863
22:26:14,4.38505554
22:26:15,4.25988054
22:26:16,4.12594843
22:26:17,4.188849
22:26:18,2.114526
22:26:19,3.98710179
22:26:20,4.003
22:26:21,4.08759832
22:26:22,3.90216851
22:26:23,3.986863
22:26:24,4.55100346
22:26:25,4.290773
22:26:26,4.14385176
22:26:27,4.07983828
22:26:28,4.106068
22:26:29,4.1009593
22:26:30,4.32391644
22:26:31,4.300144
22:26:32,4.201608
22:26:33,4.096462
22:26:34,4.278711
22:26:35,4.311926
22:26:36,4.009828
22:26:37,5.66608143
22:26:38,4.480398
22:26:39,5.159464
22:26:40,4.410464
22:26:41,4.00128031
22:26:42,4.107707
22:26:43,4.07780266
22:26:44,4.153147
22:26:45,4.215528
22:26:46,4.136848
22:26:47,4.23767757
22:26:49,2.23416233
22:26:51,4.32063437
22:26:53,3.99462557
22:26:55,4.338963
22:26:56,5.96095753
22:26:58,4.06436825
22:26:59,4.172218
22:27:00,4.146677
22:27:01,4.259147
22:27:02,3.98278952
22:27:03,3.97905278
22:27:04,4.326753
22:27:05,4.1134243
22:27:06,4.10055637
22:27:07,3.9794805
22:27:08,4.24634743
22:27:09,4.132062
22:27:10,4.264621
22:27:11,3.96233869
22:27:12,4.002417
22:27:13,4.18339062
22:27:14,4.165944
22:27:15,4.082907
22:27:16,4.07687664
22:27:17,4.13370275
22:27:18,4.060274
22:27:19,2.59858131
22:27:20,4.081233
22:27:21,4.09114647
22:27:22,4.35383224
22:27:23,4.6066103
22:27:24,4.476067
22:27:25,4.076283
22:27:26,4.125679
22:27:27,4.00323153
22:27:28,4.315848
22:27:29,3.99804115
22:27:30,4.25308943
22:27:31,4.27194071
22:27:32,4.07276535
22:27:33,4.0266366
22:27:34,4.19211149
22:27:35,4.21433544
22:27:36,4.17443657
22:27:37,3.96905947
22:27:38,4.311829
22:27:39,4.16317844
22:27:40,4.32608938
22:27:41,4.046519
22:27:42,4.07034874
22:27:43,4.40025043
22:27:44,4.186886
22:27:45,4.350467
22:27:46,4.099077
22:27:47,4.102056
22:27:48,4.118975
22:27:49,2.409769
22:27:50,4.49808168
22:27:51,4.19986248
22:27:52,4.09007835
22:27:53,4.12179661
22:27:54,4.07755041
22:27:55,4.35223532
22:27:56,4.81795835
22:27:57,4.114675
22:27:58,4.131547
22:27:59,4.18503666
22:28:00,4.34963369
22:28:01,4.087849
22:28:02,4.16391945
22:28:03,4.115671
22:28:04,4.21931076
22:28:05,4.42507648
22:28:06,4.364083
22:28:07,4.203114
22:28:08,4.3406105
22:28:09,4.06570959
22:28:10,4.239355
22:28:11,4.25395632
22:28:12,4.121934
22:28:13,4.056514
22:28:14,4.24272776
22:28:15,4.08020449
22:28:16,4.481531
22:28:17,4.258789
22:28:18,4.3512516
22:28:19,2.65621948
22:28:20,4.07937765
22:28:21,4.296242
22:28:22,4.49971867
22:28:23,4.28070354
22:28:24,4.24938536
22:28:25,4.15176058
22:28:26,4.418727
22:28:27,4.060824
22:28:28,4.03842449
22:28:29,4.25749445
22:28:30,4.10546541
22:28:31,4.06648636
22:28:32,4.147741
22:28:33,4.20132828
22:28:34,4.231338
22:28:35,4.244421
22:28:36,4.130294
22:28:37,4.13992167
22:28:38,4.1218586
22:28:39,4.15601826
22:28:40,4.021217
22:28:41,4.0356493
22:28:42,4.10580873
22:28:43,4.30836773
22:28:44,4.15619326
22:28:45,4.25269032
22:28:46,4.163799
22:28:47,3.90251
22:28:48,4.246664
22:28:49,2.202046
22:28:50,4.203563
22:28:51,4.13703
22:28:52,3.96183753
22:28:53,4.15144873
22:28:54,4.058595
22:28:55,4.621926
22:28:56,4.288088
22:28:57,4.14119959
22:28:58,4.009694
22:28:59,4.132123
22:29:00,4.363668
22:29:01,4.286819
22:29:02,4.171014
22:29:03,4.04021168
22:29:04,2.348749
22:29:05,3.77315974
22:29:06,3.99129152
22:29:07,3.92011333
22:29:08,4.145618
22:29:09,4.08199
22:29:10,4.064903
22:29:11,3.99090075
22:29:12,4.167614
22:29:13,4.27972555
22:29:14,4.262516
22:29:15,4.19421959
22:29:16,4.231112
22:29:17,4.375614
22:29:18,4.482428
22:29:19,4.116418
22:29:21,4.11683273
22:29:22,2.108492
22:29:23,3.94593859
22:29:24,7.238311
22:29:25,4.112847
22:29:26,4.17471027
22:29:27,4.03796959
22:29:28,4.009246
22:29:29,3.83111548
22:29:30,4.039494
22:29:31,4.361395
22:29:32,4.161381
22:29:33,4.129277
22:29:34,4.23238039
22:29:35,3.9358077
22:29:36,4.14466763
22:29:37,4.1035347
22:29:38,4.176418
22:29:39,4.114896
22:29:40,3.94151139
22:29:41,4.13273335
22:29:42,4.15260649
22:29:43,4.154856
22:29:44,4.140585
22:29:45,4.264752
22:29:46,6.59610558
22:29:47,5.20479774
22:29:48,5.39236259
22:29:49,4.90916
22:29:50,4.82450247
22:29:51,4.81989
22:29:52,2.80305147
22:29:53,4.07684374
22:29:54,4.12338257
22:29:55,4.51194239
22:29:56,4.564112
22:29:57,5.01972628
22:29:58,4.309402
22:29:59,4.110445
22:30:00,4.06793642
22:30:01,4.16121674
22:30:02,4.39205933
22:30:03,4.039573
22:30:04,4.151809
22:30:05,4.16958
22:30:06,4.243776
22:30:07,4.07095957
22:30:08,4.092074
22:30:09,3.93305874
22:30:10,3.810396
22:30:11,4.11228943
22:30:12,4.01704741
22:30:13,3.999425
22:30:14,4.06514835
22:30:15,4.27706337
22:30:16,4.20429373
22:30:17,4.16125965
22:30:18,4.038537
22:30:19,3.85172653
22:30:20,4.13374853
22:30:21,4.40203333
22:30:22,2.0556314
22:30:23,3.927465
22:30:24,4.42807865
22:30:25,4.126763
22:30:26,4.03887939
22:30:27,4.01560974
22:30:28,4.03641939
22:30:29,4.357781
22:30:30,4.08021259
22:30:31,4.177545
22:30:32,4.16132
22:30:33,3.86127758
22:30:34,4.33856344
22:30:35,6.14039946
22:30:36,4.427117
22:30:37,4.00009155
22:30:38,4.3056736
22:30:39,4.21662045
22:30:40,4.36667061
22:30:41,4.12233829
22:30:42,4.06192064
22:30:43,3.89674258
22:30:44,4.46808
22:30:45,3.890046
22:30:46,4.16747141
22:30:47,4.079989
22:30:48,3.90304923
22:30:49,4.672943
22:30:50,3.87301445
22:30:51,4.030027
22:30:52,2.0974896
22:30:53,3.93524981
22:30:54,4.261785
22:30:55,4.31816339
22:30:56,4.728698
22:30:57,4.105045
22:30:58,3.95315623
22:30:59,3.98802018
22:31:00,4.03053045
22:31:01,4.379072
22:31:02,3.9839344
22:31:03,4.087436
22:31:04,4.23504925
22:31:05,3.95137215
22:31:06,4.507503
22:31:07,4.06643
22:31:08,4.08064
22:31:09,3.852445
22:31:10,3.93952751
22:31:11,4.681917
22:31:12,4.0224843
22:31:13,4.28146172
22:31:14,4.06192
22:31:15,3.89274788
22:31:16,4.38248
22:31:17,4.176874
22:31:18,4.07725048
22:31:19,4.03734827
22:31:20,4.0583334
22:31:21,4.45721436
22:31:22,2.069152
22:31:23,3.844779
22:31:24,4.233532
22:31:25,3.9372828
22:31:26,4.18050575
22:31:27,3.86856818
22:31:28,4.05562639
22:31:29,3.99001813
22:31:30,4.14182949
22:31:31,4.17499638
22:31:32,3.91667128
22:31:33,4.306604
22:31:34,4.25484371
22:31:35,4.230779
22:31:36,4.306778
22:31:37,4.22856
22:31:38,4.46624756
22:31:39,4.12194
22:31:40,4.08047342
22:31:41,4.13766432
22:31:42,4.126687
22:31:43,4.185157
22:31:44,4.25903463
22:31:45,3.92170715
22:31:46,4.102605
22:31:47,4.171543
22:31:48,4.177858
22:31:50,4.21025038
22:31:51,4.136855
22:31:52,4.26098251
22:31:53,2.087497
22:31:54,3.81842375
22:31:55,4.16415358
22:31:56,4.514252
22:31:57,4.546795
22:31:58,4.358509
22:31:59,4.09947634
22:32:00,3.92300224
22:32:01,3.98209763
22:32:02,6.227594
22:32:03,4.075642
22:32:04,3.24066758
22:32:05,4.241144
22:32:06,4.449217
22:32:07,4.52003431
22:32:08,4.12806463
22:32:09,4.02623653
22:32:10,4.058642
22:32:11,3.9499445
22:32:12,4.224698
22:32:13,3.99157
22:32:14,3.941032
22:32:15,4.02016258
22:32:16,4.187204
22:32:17,4.34735
22:32:18,4.114439
22:32:19,4.17542
22:32:20,3.99528742
22:32:21,3.82710743
22:32:22,4.03235769
22:32:23,2.13588357
22:32:24,3.77177167
22:32:25,4.084518
22:32:26,4.22553253
22:32:27,4.215692
22:32:28,4.20880461
22:32:29,4.64959049
22:32:30,7.25371
22:32:31,4.510735
22:32:32,4.461904
22:32:33,4.23510361
22:32:34,4.20898962
22:32:35,4.163398
22:32:36,4.074299
22:32:37,4.30482
22:32:38,3.98668051
22:32:39,4.405307
22:32:40,4.02324343
22:32:41,4.11404133
22:32:42,4.08568954
22:32:43,4.15236
22:32:44,4.255399
22:32:45,3.994337
22:32:46,3.88837624
22:32:47,4.14653349
22:32:48,3.83670473
22:32:49,4.303174
22:32:50,4.15875435
22:32:51,4.322612
22:32:52,4.271907
22:32:53,2.2844758
22:32:54,3.96925044
22:32:55,4.51799
22:32:56,4.50448751
22:32:57,4.15007639
22:32:58,4.086621
22:32:59,4.087621
22:33:00,4.304275
22:33:01,4.096135
22:33:02,4.18566561
22:33:03,3.91408467
22:33:04,4.202113
22:33:05,4.17058372
22:33:06,4.05698
22:33:07,4.236054
22:33:08,4.322329
22:33:09,4.06655073
22:33:10,4.295275
22:33:11,3.957681
22:33:12,4.11388636
22:33:13,4.16179752
22:33:14,4.32462168
22:33:15,4.248078
22:33:16,4.24235439
22:33:17,4.5039587
22:33:18,4.08742571
22:33:19,4.32354546
22:33:20,4.16111755
22:33:21,4.043367
22:33:22,4.186548
22:33:23,2.462038
22:33:24,4.060683
22:33:25,3.87585831
22:33:26,3.967389
22:33:27,4.34587336
22:33:28,4.03142548
22:33:29,4.114254
22:33:30,4.357583
22:33:31,4.282506
22:33:32,4.2924
22:33:33,4.237435
22:33:34,4.13758469
22:33:35,4.04472637
22:33:36,4.22472429
22:33:37,4.130234
22:33:38,4.04350471
22:33:39,4.39916658
22:33:40,4.08299446
22:33:41,4.01379
22:33:42,4.50241661
22:33:43,4.00478745
22:33:44,4.176498
22:33:45,4.158484
22:33:46,4.10763073
22:33:47,4.18847942
22:33:48,4.054729
22:33:49,4.03624344
22:33:50,4.31943846
22:33:51,3.92861176
22:33:52,3.99618268
22:33:53,2.08685565
22:33:54,3.994985
22:33:55,4.54298544
22:33:56,4.308567
22:33:57,4.20511246
22:33:58,3.9633162
22:33:59,4.325552
22:34:00,4.07783651
22:34:01,4.08550167
22:34:02,4.34827232
22:34:03,4.25414038
22:34:04,4.20400333
22:34:05,4.201074
22:34:06,4.132258
22:34:07,4.14402533
22:34:08,4.092727
22:34:09,3.91909766
22:34:10,4.334653
22:34:11,4.28938627
22:34:12,4.060122
22:34:13,4.095698
22:34:15,4.175004
22:34:16,4.3094945
22:34:17,4.32626724
22:34:18,4.247862
22:34:19,4.222892
22:34:20,4.083813
22:34:21,4.13353252
22:34:22,3.99403524
22:34:23,4.080224
22:34:24,2.934894
22:34:25,3.85006952
22:34:26,4.18587971
22:34:27,4.032098
22:34:28,4.21407175
22:34:29,4.26149845
22:34:30,4.21733665
22:34:31,4.102204
22:34:32,3.93999481
22:34:33,4.22372
22:34:34,4.31267643
22:34:35,4.07772875
22:34:36,3.93007231
22:34:37,4.181321
22:34:38,4.28894472
22:34:39,4.103838
22:34:40,4.10429764
22:34:41,4.20099449
22:34:42,3.6917882
22:34:43,4.338684
22:34:44,3.86577535
22:34:45,4.06190872
22:34:46,4.19077253
22:34:47,4.13582039
22:34:48,4.260705
22:34:49,4.108305
22:34:50,4.111609
22:34:51,4.28336668
22:34:52,4.34446239
22:34:53,4.264562
22:34:54,2.3391
22:34:55,3.943974
22:34:56,4.549021
22:34:57,4.26111555
22:34:58,4.11819267
22:34:59,4.137136
22:35:00,7.70668459
22:35:01,4.453108
22:35:02,4.824419
22:35:03,4.104088
22:35:04,4.482216
22:35:05,4.023778
22:35:06,4.04864264
22:35:07,3.94978881
22:35:08,4.14632
22:35:09,4.12846851
22:35:10,4.39098167
22:35:11,4.13013935
22:35:12,3.84296632
22:35:13,4.163313
22:35:14,3.98216772
22:35:15,4.275951
22:35:16,4.082852
22:35:17,3.91617
22:35:18,4.04195166
22:35:19,3.98004484
22:35:20,3.8795917
22:35:21,3.918214
22:35:22,4.12300634
22:35:23,4.164085
22:35:24,2.75846171
22:35:25,4.018922
22:35:26,3.96274471
22:35:27,3.95055175
22:35:28,4.008799
22:35:29,4.176411
22:35:30,4.05957174
22:35:31,4.087451
22:35:32,4.149186
22:35:33,3.87843657
22:35:34,4.14433765
22:35:35,4.03045
22:35:36,4.241214
22:35:37,4.12281561
22:35:38,4.038335
22:35:39,3.968518
22:35:40,4.15398
22:35:41,4.07733
22:35:42,3.844582
22:35:43,4.08942127
22:35:44,4.25385332
22:35:45,4.04580069
22:35:46,4.2809844
22:35:47,4.08234262
22:35:48,4.045234
22:35:49,4.495619
22:35:50,3.97851419
22:35:51,4.01937962
22:35:52,4.23451471
22:35:53,4.35439
22:35:54,2.46410966
22:35:55,4.34818268
22:35:56,4.306548
22:35:57,4.01463556
22:35:58,4.43363333
22:35:59,3.9872005
22:36:00,4.264462
22:36:01,4.273117
22:36:02,4.156183
22:36:03,4.170196
22:36:04,4.111265
22:36:05,3.99537539
22:36:06,3.959204
22:36:07,4.239415
22:36:08,4.17509842
22:36:09,3.87048459
22:36:10,4.4796114
22:36:11,3.91305542
22:36:12,2.19079781
22:36:13,3.90388322
22:36:14,4.39535666
22:36:15,3.9362185
22:36:16,4.326346
22:36:17,2.286655
22:36:18,4.173409
22:36:19,4.209383
22:36:20,3.97808433
22:36:21,2.36936522
22:36:22,4.08022261
22:36:23,4.192586
22:36:24,4.21128368
22:36:25,4.26675749
22:36:26,4.24121
22:36:27,3.76584244
22:36:28,2.31362224
22:36:29,2.94409013
22:36:30,3.747286
22:36:31,3.94363356
22:36:32,3.976059
22:36:33,4.21843863
22:36:34,3.98539758
22:36:35,3.97334623
22:36:36,4.387911
22:36:37,4.18365431
22:36:38,4.331207
22:36:39,4.30203056
22:36:40,3.927357
22:36:41,4.14946127
22:36:42,4.069772
22:36:43,4.16152048
22:36:44,3.8720758
22:36:45,3.88185024
22:36:46,4.281642
22:36:47,4.125943
22:36:48,4.397984
22:36:49,4.005878
22:36:50,3.953697
22:36:51,4.083259
22:36:52,7.170082
22:36:53,4.27940273
22:36:54,4.67775345
22:36:55,4.4584856
22:36:56,4.458717
22:36:57,4.909232
22:36:58,4.97190571
22:36:59,2.19611526
22:37:00,4.070154
22:37:01,3.98530674
22:37:02,4.200558
22:37:03,4.00679636
22:37:04,4.207854
22:37:05,3.942305
22:37:06,3.893651
22:37:07,4.19556427
22:37:08,5.68844175
22:37:09,4.123585
22:37:10,4.16991472
22:37:11,4.102699
22:37:12,4.003606
22:37:14,4.560824
22:37:15,4.2159605
22:37:16,4.16546965
22:37:17,3.99624562
22:37:18,4.41459751
22:37:19,3.97143149
22:37:20,4.11505651
22:37:21,4.17170763
22:37:22,4.095004
22:37:23,4.17821026
22:37:24,4.23659134
22:37:25,3.93560386
22:37:26,3.96485138
22:37:27,4.01934576
22:37:28,3.94226837
22:37:29,3.9700067
22:37:30,2.33339882
22:37:31,3.74207425
22:37:32,3.97243643
22:37:33,4.16274
22:37:34,4.60295
22:37:35,3.89788985
22:37:36,4.0740757
22:37:37,4.192684
22:37:38,3.84575176
22:37:39,4.40249968
22:37:40,4.20825148
22:37:41,3.998892
22:37:42,4.06014729
22:37:43,4.008771
22:37:44,4.215045
22:37:45,4.1316247
22:37:46,4.00521946
22:37:47,3.99530244
22:37:48,3.96935
22:37:49,4.212643
22:37:50,4.122971
22:37:51,4.066459
22:37:52,4.029073
22:37:53,4.07831049
22:37:54,3.98895621
22:37:55,4.057175
22:37:56,4.54388142
22:37:57,4.060492
22:37:58,4.00455761
22:37:59,4.10066128
22:38:00,2.45974779
22:38:01,3.90964532
22:38:02,4.113908
22:38:03,4.19432354
22:38:04,4.32932329
22:38:05,4.051163
22:38:06,4.43892145
22:38:07,4.59537125
22:38:08,4.320096
22:38:09,4.33273458
22:38:10,4.037818
22:38:11,4.028726
22:38:12,4.318442
22:38:13,3.934447
22:38:14,4.36467648
22:38:15,4.17717457
22:38:16,4.111851
22:38:17,4.0697484
22:38:18,4.04411173
22:38:19,4.05930662
22:38:20,3.88820052
22:38:21,3.93598
22:38:22,4.136405
22:38:23,4.077139
22:38:24,4.17653942
22:38:25,3.97216964
22:38:26,3.82475519
22:38:27,4.098907
22:38:28,3.92205739
22:38:29,4.10289764
22:38:30,2.42083859
22:38:31,3.906984
22:38:32,3.89549279
22:38:33,4.022261
22:38:34,4.43109465
22:38:35,3.97724485
22:38:36,3.8316462
22:38:37,4.05754137
22:38:38,4.29628468
22:38:39,4.243715
22:38:40,4.122618
22:38:41,4.133718
22:38:42,4.117098
22:38:43,4.10895
22:38:44,4.386315
22:38:45,3.93446922
22:38:46,3.88978982
22:38:47,4.160062
22:38:48,3.97574472
22:38:49,4.23103952
22:38:50,4.478676
22:38:51,3.99931288
22:38:52,3.87361336
22:38:53,3.95496845
22:38:54,4.346097
22:38:55,4.279187
22:38:56,4.590581
22:38:57,4.35842848
22:38:58,4.153012
22:38:59,4.27610254
22:39:00,2.16912532
22:39:01,3.973001
22:39:02,4.075319
22:39:03,4.10307741
22:39:04,4.02066
22:39:05,3.79636621
22:39:06,4.22407866
22:39:07,4.17355728
22:39:08,4.173844
22:39:09,4.23113775
22:39:10,3.91151166
22:39:11,3.852912
22:39:12,4.280129
22:39:13,4.14849043
22:39:14,4.170054
22:39:15,3.945697
22:39:16,3.794536
22:39:17,4.15019751
22:39:18,3.894078
22:39:19,4.128964
22:39:20,4.03595352
22:39:21,3.85962129
22:39:22,3.89351749
22:39:23,4.1038084
22:39:24,4.36473
22:39:25,4.090979
22:39:26,4.01385355
22:39:27,4.14550829
22:39:28,4.22462034
22:39:29,4.15396166
22:39:30,2.30677247
22:39:31,3.85833931
22:39:32,4.102653
22:39:33,4.26953745
22:39:34,4.262679
22:39:35,4.10111856
22:39:36,4.177378
22:39:37,3.88314128
22:39:38,4.506607
22:39:39,4.61457729
22:39:41,4.83975554
22:39:42,4.039389
22:39:43,4.12599754
22:39:44,3.88858652
22:39:45,4.407528
22:39:46,4.21556139
22:39:47,4.296087
22:39:48,4.13749743
22:39:49,3.98501563
22:39:50,3.984764
22:39:51,3.849641
22:39:52,4.11166763
22:39:53,3.93159175
22:39:54,4.12331963
22:39:55,4.00345945
22:39:56,4.59750366
22:39:57,4.141285
22:39:58,3.96783543
22:39:59,4.339883
22:40:00,4.59496164
22:40:01,2.240809
22:40:02,3.83136344
22:40:03,4.100391
22:40:04,4.1296854
22:40:05,4.25148439
22:40:06,3.97418833
22:40:07,4.00260162
22:40:08,4.294016
22:40:09,4.01096249
22:40:10,3.98328662
22:40:11,4.03614569
22:40:12,4.03199339
22:40:13,4.216812
22:40:14,4.02425575
22:40:15,4.20656443
22:40:16,3.86947942
22:40:17,4.117264
22:40:18,4.040537
22:40:19,4.24057627
22:40:20,4.145949
22:40:21,4.010626
22:40:22,4.08675146
22:40:23,4.139992
22:40:24,4.09784746
22:40:25,4.092546
22:40:26,3.96451855
22:40:27,3.994448
22:40:28,4.03011
22:40:29,3.856716
22:40:30,4.42604351
22:40:31,1.94605052
22:40:32,3.97117448
22:40:33,4.18752432
22:40:34,4.22453642
22:40:35,4.415838
22:40:36,4.239958
22:40:37,3.91890073
22:40:38,4.107059
22:40:39,4.228654
22:40:40,4.212955
22:40:41,4.253548
22:40:42,4.11131954
22:40:43,4.13854837
22:40:44,4.13571358
22:40:45,3.90084267
22:40:46,4.230873
22:40:47,4.16716671
22:40:48,4.252401
22:40:49,4.262007
22:40:50,4.65292454
22:40:51,4.134619
22:40:52,4.151421
22:40:53,4.05663157
22:40:54,4.30230761
22:40:55,4.49227476
22:40:56,4.56067371
22:40:57,4.038046
22:40:58,4.30290556
22:40:59,3.981118
22:41:00,4.1311574
22:41:01,2.408374
22:41:02,3.93678784
22:41:03,4.215263
22:41:04,4.37055969
22:41:05,4.117197
22:41:06,4.159928
22:41:07,4.23546648
22:41:08,3.827732
22:41:09,4.30186
22:41:10,3.935454
22:41:11,3.93663526
22:41:12,4.05261755
22:41:13,4.25562525
22:41:14,4.044479
22:41:15,3.835318
22:41:16,3.936609
22:41:17,4.14029837
22:41:18,4.051508
22:41:19,4.286979
22:41:20,4.14055824
22:41:21,4.07884264
22:41:22,4.552681
22:41:23,3.89462113
22:41:24,4.16332054
22:41:25,4.13635731
22:41:26,3.9928298
22:41:27,4.38677454
22:41:28,3.9090333
22:41:29,4.12849665
22:41:30,3.9325614
22:41:31,2.15605354
22:41:32,3.68142
22:41:33,4.004168
22:41:34,4.06930161
22:41:35,3.71509838
22:41:36,4.27057
22:41:37,5.23982668
22:41:38,4.174982
22:41:39,4.63856125
22:41:40,4.089903
22:41:41,5.239831
22:41:42,4.022509
22:41:43,5.41091633
22:41:44,4.33038855
22:41:45,4.162214
22:41:46,3.99860525
22:41:47,4.1773715
22:41:48,3.99607587
22:41:49,4.03680658
22:41:50,4.198331
22:41:51,4.26423264
22:41:52,4.018597
22:41:53,3.990433
22:41:54,3.92600417
22:41:55,4.375389
22:41:56,9.053128
22:41:57,4.2266264
22:41:58,3.98839474
22:41:59,3.86799216
22:42:00,3.79143524
22:42:01,2.31658554
22:42:02,4.047479
22:42:03,4.13991165
22:42:04,4.086194
22:42:05,4.195618
22:42:06,4.16893625
22:42:07,4.05588865
22:42:08,4.01496553
22:42:09,4.033484
22:42:10,4.08610725
22:42:11,4.0539217
22:42:12,4.315021
22:42:13,4.09663868
22:42:14,4.221135
22:42:15,3.96172
22:42:16,3.95482135
22:42:17,4.21577644
22:42:18,4.129775
22:42:19,3.97440839
22:42:20,4.649206
22:42:21,3.986259
22:42:23,4.81539869
22:42:25,4.322257
22:42:26,4.10928154
22:42:27,3.95678854
22:42:28,4.02306271
22:42:29,3.90971637
22:42:30,3.93116331
22:42:31,4.822663
22:42:32,4.9233427
22:42:33,5.228825
22:42:34,4.18656731
22:42:35,4.46253443
22:42:36,4.04457235
22:42:37,4.34303
22:42:38,4.043397
22:42:39,4.22500229
22:42:40,3.986079
22:42:41,4.262236
22:42:42,4.0880537
22:42:43,4.43055058
22:42:44,4.025342
22:42:45,4.46291637
22:42:46,3.99573135
22:42:47,4.33144951
22:42:48,4.15097857
22:42:49,4.16282272
22:42:50,3.974833
22:42:51,4.065121
22:42:52,4.01830959
22:42:53,4.186548
22:42:54,4.50835037
22:42:55,4.07179928
22:42:56,4.49086666
22:42:57,4.37054062
22:42:58,4.143474
22:42:59,4.22911549
22:43:00,3.97836757
22:43:01,4.2140317
22:43:02,2.389953
22:43:03,3.90824032
22:43:04,4.22404337
22:43:05,4.019263
22:43:06,3.92138076
22:43:07,4.1384387
22:43:08,3.99350572
22:43:09,4.05766726
22:43:10,4.18767738
22:43:11,4.02373743
22:43:12,4.346712
22:43:13,3.99092627
22:43:14,4.200721
22:43:15,4.239513
22:43:16,3.96427941
22:43:17,4.10592365
22:43:18,4.014981
22:43:19,4.244117
22:43:20,4.31342173
22:43:21,4.0010457
22:43:22,4.167538
22:43:23,4.311484
22:43:24,4.19344234
22:43:25,4.052622
22:43:26,4.227723
22:43:27,4.096189
22:43:28,4.008892
22:43:29,4.153053
22:43:30,4.33597231
22:43:31,4.019295
22:43:32,6.12804651
22:43:33,7.53834343
22:43:34,4.28326273
22:43:35,4.22142649
22:43:36,4.17032051
22:43:37,4.11784744
22:43:38,4.060936
22:43:39,4.284732
22:43:40,4.09370136
22:43:41,4.25586843
22:43:42,4.521781
22:43:43,4.31923151
22:43:44,4.280378
22:43:45,4.36397362
22:43:46,3.9656117
22:43:47,4.09849739
22:43:48,4.05708027
22:43:49,4.36946535
22:43:50,4.12732363
22:43:51,4.068464
22:43:52,4.09757662
22:43:53,4.37527561
22:43:54,4.22707129
22:43:55,4.23272943
22:43:56,4.69528341
22:43:57,4.32756948
22:43:58,4.18379164
22:43:59,4.142197
22:44:00,4.20687056
22:44:01,4.39097738
22:44:02,2.27035356
22:44:03,3.91379881
22:44:04,4.263154
22:44:05,4.12569761
22:44:06,4.034167
22:44:07,4.222805
22:44:08,4.19688463
22:44:09,4.215922
22:44:10,4.017892
22:44:11,4.179304
22:44:12,4.35958
22:44:13,4.55627728
22:44:14,4.313086
22:44:15,3.92770863
22:44:16,4.220035
22:44:17,4.2593956
22:44:18,4.372061
22:44:19,4.008262
22:44:20,3.994303
22:44:21,3.98976183
22:44:22,4.075386
22:44:23,4.74906731
22:44:24,6.112686
22:44:25,4.08856153
22:44:26,3.92918849
22:44:27,4.06424761
22:44:28,4.025396
22:44:29,4.230241
22:44:30,4.17632532
22:44:31,3.96958852
22:44:32,2.37049174
22:44:33,4.069839
22:44:34,4.2616663
22:44:35,4.144243
22:44:36,4.16149664
22:44:37,4.08808565
22:44:38,4.11237574
22:44:39,4.180881
22:44:40,4.17072964
22:44:41,4.15623474
22:44:42,4.414718
22:44:43,4.03634739
22:44:44,4.387876
22:44:45,4.15919542
22:44:46,4.853699
22:44:47,4.204892
22:44:48,4.18317747
22:44:49,4.199828
22:44:50,4.10170126
22:44:51,4.927366
22:44:52,5.39626455
22:44:53,5.269496
22:44:54,5.654969
22:44:56,5.17891073
22:44:57,4.18883467
22:44:59,4.22786
22:45:00,4.42737532
22:45:01,4.498311
22:45:02,5.050183
22:45:03,2.40322328
22:45:04,4.4606843
22:45:05,4.32570171
22:45:06,4.064027
22:45:07,4.04576159
22:45:08,4.25493526
22:45:09,4.35449171
22:45:10,4.23569727
22:45:11,4.21686125
22:45:12,4.34624958
22:45:13,4.272385
22:45:14,4.165725
22:45:15,4.15787268
22:45:16,4.180058
22:45:17,4.18829155
22:45:18,3.88541317
22:45:19,3.993651
22:45:20,3.91065717
22:45:21,4.090473
22:45:22,3.94744587
22:45:23,4.02972746
22:45:24,4.180015
22:45:25,4.313909
22:45:26,4.01675367
22:45:27,3.955522
22:45:28,4.194172
22:45:29,3.78771114
22:45:30,3.87495661
22:45:31,4.019353
22:45:32,4.05040932
22:45:33,2.154496
22:45:34,4.049757
22:45:35,4.276649
22:45:36,4.15061
22:45:37,4.137793
22:45:38,4.05456
22:45:39,4.12228346
22:45:40,3.92112374
22:45:41,3.92033315
22:45:42,4.04408455
22:45:43,4.092666
22:45:44,4.16094255
22:45:45,4.213304
22:45:46,4.0220046
22:45:47,4.183519
22:45:48,3.77052712
22:45:49,4.123423
22:45:50,4.45850945
22:45:51,4.15615559
22:45:52,3.99898672
22:45:53,4.28205538
22:45:54,4.12423134
22:45:55,4.17964649
22:45:56,4.39576
22:45:57,4.0165906
22:45:58,3.97588921
22:45:59,4.0131135
22:46:00,4.3140583
22:46:01,4.07698727
22:46:02,4.14220572
22:46:03,2.17778063
22:46:04,4.039412
22:46:05,4.075966
22:46:06,3.92565084
22:46:07,4.01585865
22:46:08,4.00655174
22:46:09,4.2606616
22:46:10,4.116658
22:46:11,4.0490036
22:46:12,4.144707
22:46:13,4.050259
22:46:14,4.17124557
22:46:15,4.30568027
22:46:16,4.13406563
22:46:17,4.03573465
22:46:18,3.84748244
22:46:19,4.2066555
22:46:20,3.977761
22:46:21,3.93260264
22:46:22,3.84772849
22:46:23,4.282538
22:46:24,4.158818
22:46:25,4.24138737
22:46:26,4.03581953
22:46:27,3.98151326
22:46:28,4.0633626
22:46:29,4.010973
22:46:30,4.05061
22:46:31,3.98944426
22:46:32,3.90587115
22:46:33,2.21721244
22:46:34,4.33704662
22:46:35,4.09537125
22:46:36,4.12266636
22:46:37,4.061466
22:46:38,4.208507
22:46:39,4.25382328
22:46:40,3.95484114
22:46:41,4.02746868
22:46:42,4.42525339
22:46:43,4.2771883
22:46:44,4.298481
22:46:45,3.97298622
22:46:46,4.096651
22:46:47,4.320423
22:46:48,4.16547632
22:46:49,4.198696
22:46:50,3.95467663
22:46:51,4.001645
22:46:52,3.8129456
22:46:53,4.21269655
22:46:54,4.26617765
22:46:55,4.30266237
22:46:56,4.719329
22:46:57,3.92480445
22:46:58,4.577632
22:46:59,4.47939444
22:47:00,4.474777
22:47:01,4.266727
22:47:02,3.92501974
22:47:03,2.31015229
22:47:04,4.06639
22:47:05,4.131534
22:47:06,4.115682
22:47:07,3.9741466
22:47:08,4.20102167
22:47:09,4.379966
22:47:10,3.97842026
22:47:11,3.955695
22:47:12,4.082351
22:47:13,4.16296244
22:47:14,4.2568
22:47:15,3.984756
22:47:16,4.00046825
22:47:17,4.047772
22:47:18,4.178015
22:47:19,4.18711472
22:47:20,4.26151228
22:47:21,4.120378
22:47:22,3.90225244
22:47:23,3.83732557
22:47:24,4.4051795
22:47:25,3.97538
22:47:26,3.84997845
22:47:27,3.90718865
22:47:28,3.92505383
22:47:29,4.20102739
22:47:30,4.01926
22:47:31,4.20726538
22:47:32,4.07659435
22:47:33,2.25455475
22:47:34,3.95397544
22:47:35,3.96396971
22:47:36,3.98957539
22:47:37,4.021087
22:47:38,4.19498348
22:47:39,4.003636
22:47:40,4.318967
22:47:41,4.10508633
22:47:42,4.12914133
22:47:43,4.121109
22:47:44,4.22272539
22:47:45,4.06898
22:47:46,4.33757544
22:47:47,4.02961874
22:47:48,4.03706264
22:47:49,4.34410763
22:47:50,3.989101
22:47:51,4.29349756
22:47:52,3.98890328
22:47:53,4.00827169
22:47:54,4.315727
22:47:56,4.57629442
22:47:57,3.94200778
22:47:59,4.13803768
22:48:01,4.33082247
22:48:02,3.960937
22:48:03,4.435315
22:48:04,4.177577
22:48:05,2.27913523
22:48:06,4.006662
22:48:07,3.90953159
22:48:09,16.160902
22:48:10,7.853298
22:48:11,8.445401
22:48:12,9.380077
22:48:13,8.955431
22:48:14,7.656966
22:48:15,6.03477955
22:48:16,6.00721359
22:48:17,5.82514048
22:48:18,9.187114
22:48:19,6.347134
22:48:20,5.65194559
22:48:21,4.906235
22:48:22,4.18343925
22:48:23,4.04663467
22:48:24,4.299721
22:48:25,4.14139271
22:48:26,4.125141
22:48:27,4.106909
22:48:28,4.152406
22:48:29,3.90655279
22:48:30,4.11622858
22:48:31,4.192579
22:48:32,4.232951
22:48:33,3.97890329
22:48:34,4.11522436
22:48:35,2.78951836
22:48:36,3.94058013
22:48:37,4.13652372
22:48:38,4.062889
22:48:39,4.133966
22:48:40,4.13927031
22:48:41,4.03636169
22:48:42,4.00437069
22:48:43,5.218762
22:48:44,3.932976
22:48:45,4.769777
22:48:46,4.292872
22:48:47,4.06104374
22:48:48,4.1592927
22:48:49,4.04927635
22:48:50,4.95086527
22:48:51,11.2168522
22:48:52,8.853956
22:48:53,7.328585
22:48:54,7.508371
22:48:55,5.79662752
22:48:56,5.41704035
22:48:57,4.38749933
22:48:58,3.91298
22:48:59,4.431449
22:49:00,4.5471673
22:49:01,4.24506855
22:49:02,4.006536
22:49:03,4.273169
22:49:04,4.178284
22:49:05,2.24821877
22:49:06,4.063368
22:49:07,4.21601
22:49:08,4.22515059
22:49:09,4.36938238
22:49:10,4.428459
22:49:11,4.111588
22:49:12,4.016241
22:49:13,3.95601153
22:49:14,3.95347452
22:49:15,4.1166234
22:49:16,4.05044556
22:49:17,4.204162
22:49:18,4.09633636
22:49:19,4.08509445
22:49:20,4.22627068
22:49:21,4.055879
22:49:22,4.23049068
22:49:23,4.099809
22:49:24,3.92077732
22:49:25,4.33884764
22:49:26,4.121994
22:49:27,4.23639059
22:49:28,4.15241957
22:49:29,4.080558
22:49:30,4.084153
22:49:31,3.99001455
22:49:32,3.88501835
22:49:33,4.037763
22:49:34,3.98252249
22:49:35,2.97317266
22:49:36,4.09277534
22:49:37,3.99986076
22:49:38,4.29445553
22:49:39,4.166163
22:49:40,4.06503963
22:49:41,4.13196325
22:49:42,3.94253469
22:49:43,3.856733
22:49:44,4.00228643
22:49:45,3.95790935
22:49:46,3.9775486
22:49:47,4.08389044
22:49:48,4.060759
22:49:49,4.24235439
22:49:50,4.4895916
22:49:51,4.11597061
22:49:52,3.76894975
22:49:53,4.168766
22:49:54,4.09643555
22:49:55,4.48682928
22:49:56,4.600891
22:49:57,4.30112267
22:49:58,3.96368027
22:49:59,4.093211
22:50:00,4.25542068
22:50:01,4.27987146
22:50:02,3.94624615
22:50:03,4.00003052
22:50:04,4.123275
22:50:05,2.32331729
22:50:06,3.914438
22:50:07,3.876948
22:50:08,3.959767
22:50:09,4.228399
22:50:10,4.05752468
22:50:11,4.20035267
22:50:12,3.92471218
22:50:13,4.15240335
22:50:14,4.30405
22:50:15,4.0931797
22:50:16,4.05331326
22:50:17,4.08409357
22:50:18,4.12570143
22:50:19,4.05200529
22:50:20,4.238223
22:50:21,4.007496
22:50:22,4.18189669
22:50:23,4.015577
22:50:24,4.274096
22:50:25,4.35994959
22:50:26,3.996048
22:50:27,4.082238
22:50:28,3.96621275
22:50:29,4.440296
22:50:30,4.17958355
22:50:31,3.99034882
22:50:32,4.02850771
22:50:33,3.976494
22:50:34,4.23242044
22:50:35,2.49161983
22:50:36,4.13009453
22:50:37,4.262174
22:50:38,4.00198841
22:50:39,4.121167
22:50:40,4.266157
22:50:41,3.97414446
22:50:42,3.91410232
22:50:43,3.99169779
22:50:44,4.20631933
22:50:45,4.361387
22:50:46,4.00688171
22:50:47,3.946734
22:50:48,4.035096
22:50:49,4.123325
22:50:50,4.84502268
22:50:51,4.20565462
22:50:52,4.30172825
22:50:53,4.1012187
22:50:54,4.12388
22:50:55,4.46907568
22:50:56,4.29415655
22:50:57,4.074625
22:50:58,4.21511745
22:50:59,4.26124
22:51:00,4.248218
22:51:01,4.21093655
22:51:02,4.075031
22:51:03,3.96699429
22:51:04,4.19283772
22:51:05,4.24687862
22:51:06,2.18608737
22:51:07,3.92829061
22:51:09,4.01761246
22:51:10,4.318375
22:51:12,4.155187
22:51:13,4.18885851
22:51:14,4.125618
22:51:15,4.16498566
22:51:16,4.33709955
22:51:17,4.15283966
22:51:18,4.09550428
22:51:19,4.222456
22:51:20,4.133977
22:51:21,4.30052042
22:51:22,3.921333
22:51:23,4.042135
22:51:24,4.04815674
22:51:25,4.13340759
22:51:26,4.359481
22:51:27,4.17734432
22:51:28,3.795872
22:51:29,4.34732342
22:51:30,4.07471228
22:51:31,4.21155262
22:51:32,4.35304832
22:51:33,3.98147917
22:51:34,4.15019
22:51:35,4.128721
22:51:36,4.50222
22:51:37,2.198442
22:51:38,3.88908768
22:51:39,4.154424
22:51:40,4.2847414
22:51:41,4.008725
22:51:42,3.84292269
22:51:43,4.208707
22:51:44,3.91839814
22:51:45,4.344604
22:51:46,4.095045
22:51:47,3.999482
22:51:48,4.016662
22:51:49,4.286411
22:51:50,3.97600245
22:51:51,4.42780924
22:51:52,4.117313
22:51:53,4.01732635
22:51:54,4.118432
22:51:55,4.1200676
22:51:56,4.73988
22:51:57,4.40085173
22:51:58,4.12309742
22:51:59,4.232737
22:52:00,4.098373
22:52:01,4.10676765
22:52:02,3.97151852
22:52:03,4.10811
22:52:04,4.306218
22:52:05,4.03713751
22:52:06,4.40158129
22:52:07,2.244761
22:52:08,3.99874282
22:52:09,4.41482973
22:52:10,3.95901251
22:52:11,4.188624
22:52:12,2.10022378
22:52:13,3.76485968
22:52:14,3.848755
22:52:15,2.20260859
22:52:16,3.91678286
22:52:17,3.919979
22:52:18,4.20281935
22:52:19,3.91106915
22:52:20,4.126153
22:52:21,4.06110954
22:52:22,3.79467869
22:52:23,4.23004246
22:52:24,4.13707924
22:52:25,4.306661
22:52:26,4.103681
22:52:27,4.1551
22:52:28,4.02502966
22:52:29,4.16025543
22:52:30,4.11635542
22:52:31,2.3989327
22:52:32,3.77627182
22:52:33,4.02016926
22:52:34,4.11892653
22:52:35,4.00003529
22:52:36,2.480677
22:52:37,3.91332936
22:52:38,4.02792645
22:52:39,2.31577826
22:52:40,3.89109135
22:52:41,4.01897669
22:52:42,2.15413523
22:52:43,2.11352277
22:52:44,3.93787861
22:52:45,4.033458
22:52:46,4.166176
22:52:47,1.96265888
22:52:48,3.905595
22:52:49,3.95473123
22:52:50,4.1335
22:52:51,2.6238687
22:52:52,4.22361469
22:52:53,7.39548874
22:52:54,10.493763
22:52:55,5.85585737
22:52:56,5.90547657
22:52:57,8.432807
22:52:58,12.0563955
22:52:59,4.77651548
22:53:00,3.826648
22:53:01,4.059709
22:53:02,3.83859539
22:53:03,3.63121176
22:53:04,3.735154
22:53:05,3.93313646
22:53:06,3.8196547
22:53:07,4.85731649
22:53:08,3.925264
22:53:09,4.221369
22:53:10,3.81072235
22:53:11,4.051856
22:53:12,3.99438238
22:53:13,3.925042
22:53:14,3.987293
22:53:15,3.935329
22:53:16,3.89347219
22:53:17,4.176303
22:53:18,3.85512424
22:53:19,3.98821449
22:53:20,4.0243063
22:53:21,2.092793
22:53:22,3.70458317
22:53:23,4.13567638
22:53:24,4.124204
22:53:25,4.274555
22:53:26,3.93824053
22:53:27,3.77195048
22:53:28,7.39857674
22:53:29,9.068044
22:53:30,3.90025735
22:53:31,4.159164
22:53:32,4.01365948
22:53:33,4.172093
22:53:34,3.9966774
22:53:35,3.97465134
22:53:36,4.07258654
22:53:37,4.05378
22:53:38,4.14619827
22:53:39,3.98389363
22:53:40,4.155962
22:53:41,4.10726357
22:53:42,3.83458853
22:53:43,3.83307838
22:53:44,4.19911766
22:53:45,4.1414547
22:53:46,4.12833071
22:53:47,4.07629728
22:53:48,4.06824732
22:53:49,3.88199139
22:53:50,4.134054
22:53:51,2.526494
22:53:52,3.86481643
22:53:53,4.16547728
22:53:54,4.178828
22:53:55,4.27471828
22:53:56,3.06921959
22:53:57,4.059351
22:53:58,4.103056
22:53:59,2.37927079
22:54:00,3.874141
22:54:01,4.09849358
22:54:02,3.89657831
22:54:03,3.97275424
22:54:04,4.119103
22:54:05,3.94355726
22:54:06,4.32207
22:54:07,3.99738884
22:54:08,4.1168
22:54:09,4.520695
22:54:10,4.187222
22:54:11,3.95151067
22:54:12,4.117648
22:54:13,4.062634
22:54:14,3.93641257
22:54:16,4.083697
22:54:17,4.19392729
22:54:19,3.87700152
22:54:20,4.22992849
22:54:21,3.89901042
22:54:22,3.95409727
22:54:23,2.70064449
22:54:24,3.60183215
22:54:25,4.00490761
22:54:26,4.183687
22:54:27,3.81041
22:54:28,4.013492
22:54:29,3.99806976
22:54:30,4.02342463
22:54:31,4.1319046
22:54:32,4.106878
22:54:33,3.98139834
22:54:34,2.10869622
22:54:35,3.80451
22:54:36,4.144996
22:54:37,2.82568383
22:54:38,3.9897716
22:54:39,8.438368
22:54:40,6.61995125
22:54:41,2.41752052
22:54:42,3.85620546
22:54:43,4.0342
22:54:44,4.69723272
22:54:45,3.574045
22:54:46,4.03868675
22:54:47,4.49740171
22:54:48,3.7889502
22:54:49,3.21827745
22:54:50,5.276597
22:54:51,4.116156
22:54:52,3.62217641
22:54:53,2.57739186
22:54:54,3.9873395
22:54:55,3.18058968
22:54:56,5.258169
22:54:57,4.10362148
22:54:58,3.20776463
22:54:59,4.958536
22:55:00,4.113894
22:55:01,3.58385229
22:55:02,4.92514944
22:55:03,2.7050662
22:55:04,4.80391026
22:55:05,4.41464853
22:55:06,3.92646384
22:55:07,4.626129
22:55:08,3.16021729
22:55:09,4.807456
22:55:10,4.63033056
22:55:11,4.74063969
22:55:12,2.84348631
22:55:13,4.77600765
22:55:14,3.600787
22:55:15,5.47461462
22:55:16,2.70683551
22:55:17,5.478731
22:55:18,4.46559572
22:55:19,3.226268
22:55:20,5.19629335
22:55:21,3.97931242
22:55:22,3.004024
22:55:23,4.85996962
22:55:24,4.86818552
22:55:25,2.93716359
22:55:26,5.47696972
22:55:27,2.9143343
22:55:28,5.80403233
22:55:29,4.44157076
22:55:30,3.65601158
22:55:31,4.725726
22:55:32,8.293799
22:55:33,3.47542715
22:55:34,3.11038375
22:55:35,3.06286788
22:55:36,2.882488
22:55:37,2.78362155
22:55:38,3.39454746
22:55:39,3.10857153
22:55:40,3.15104151
22:55:41,3.17449713
22:55:42,3.44506741
22:55:43,2.96694732
22:55:44,3.054709
22:55:45,3.25021648
22:55:46,3.08016038
22:55:47,3.611519
22:55:48,2.31229734
22:55:49,3.10072255
22:55:50,4.43198347
22:55:51,4.146839
22:55:52,6.380926
22:55:53,6.34211
22:55:54,4.75769
22:55:55,3.979527
22:55:56,4.56561852
22:55:57,4.24123764
22:55:58,4.08351231
22:55:59,4.23714542
22:56:00,4.344412
22:56:01,4.64504766
22:56:02,4.0089426
22:56:03,4.321922
22:56:04,4.084955
22:56:05,4.17329454
22:56:06,4.073671
22:56:07,4.198527
22:56:08,4.287389
22:56:09,4.27582455
22:56:10,4.09659338
22:56:11,4.24832344
22:56:12,4.076115
22:56:13,4.01428938
22:56:14,4.278868
22:56:15,4.213906
22:56:16,4.196716
22:56:17,4.21896839
22:56:18,4.29011
22:56:19,2.201535
22:56:20,4.041116
22:56:21,4.31086159
22:56:22,4.186616
22:56:23,4.16096449
22:56:24,4.41513
22:56:25,4.042125
22:56:26,4.101474
22:56:27,4.081716
22:56:28,4.091807
22:56:29,4.38943434
22:56:30,3.94194818
22:56:31,4.20008755
22:56:32,4.751439
22:56:33,5.64128065
22:56:34,4.75114346
22:56:35,5.04477167
22:56:36,4.9334507
22:56:37,6.58756876
22:56:38,5.12254333
22:56:39,6.53110266
22:56:40,5.926673
22:56:41,4.4125104
22:56:42,4.1675787
22:56:43,4.03254128
22:56:44,4.041714
22:56:45,4.027812
22:56:46,4.023652
22:56:47,4.158237
22:56:48,4.25605154
22:56:49,2.4746182
22:56:50,4.00049067
22:56:51,4.50365829
22:56:52,4.036272
22:56:53,4.13043833
22:56:54,3.8924408
22:56:55,4.200762
22:56:56,6.360986
22:56:57,5.34992456
22:56:58,4.09265852
22:56:59,4.0603056
22:57:00,3.93008471
22:57:01,4.03303432
22:57:02,4.194017
22:57:04,4.16886
22:57:05,4.34733868
22:57:06,3.789583
22:57:07,3.919378
22:57:08,4.127167
22:57:09,4.16862726
22:57:10,4.242917
22:57:11,4.15049362
22:57:12,4.19751167
22:57:13,3.960377
22:57:14,4.20522738
22:57:15,4.556948
22:57:16,3.80906987
22:57:17,4.1835
22:57:18,4.382599
22:57:19,4.059519
22:57:20,2.38150668
22:57:21,3.9822607
22:57:22,4.01316
22:57:23,4.079852
22:57:24,4.4954114
22:57:25,4.25722075
22:57:26,4.40925
22:57:27,4.31316
22:57:28,4.044597
22:57:29,4.344517
22:57:30,4.028565
22:57:31,3.92079687
22:57:32,3.888607
22:57:33,4.17184448
22:57:34,4.13264656
22:57:35,4.088922
22:57:36,3.83989763
22:57:37,3.90062857
22:57:38,3.89984035
22:57:39,4.139738
22:57:40,4.005251
22:57:41,3.89589334
22:57:42,3.86948657
22:57:43,4.08681965
22:57:44,4.136148
22:57:45,4.28331137
22:57:46,4.013325
22:57:47,4.042667
22:57:48,1.98984611
22:57:49,3.933542
22:57:50,4.0635643
22:57:51,2.79544735
22:57:52,3.80162215
22:57:53,4.187333
22:57:54,4.15727043
22:57:55,4.075079
22:57:56,4.47870064
22:57:57,4.397709
22:57:58,3.99524283
22:57:59,4.17023325
22:58:00,4.378671
22:58:01,3.86031723
22:58:02,4.013811
22:58:03,4.062281
22:58:04,4.36664963
22:58:05,4.28666162
22:58:06,3.94249988
22:58:07,4.05879
22:58:08,4.157167
22:58:09,4.30585051
22:58:10,4.086122
22:58:11,3.99393559
22:58:12,4.13427544
22:58:13,4.22596359
22:58:14,4.45138836
22:58:15,4.145821
22:58:16,3.80061173
22:58:17,3.9088316
22:58:18,3.91505075
22:58:19,4.14905357
22:58:20,4.10854769
22:58:21,2.612673
22:58:22,3.72093
22:58:23,4.19965124
22:58:24,4.420741
22:58:25,4.06422329
22:58:26,3.97817421
22:58:27,4.22786331
22:58:28,4.012347
22:58:29,4.060168
22:58:30,4.21048737
22:58:31,4.166812
22:58:32,4.11529827
22:58:33,4.13192368
22:58:34,4.35585928
22:58:35,4.06792831
22:58:36,3.965499
22:58:37,4.09146547
22:58:38,3.94546413
22:58:39,4.22276258
22:58:40,4.364928
22:58:41,4.128473
22:58:42,3.89280462
22:58:43,4.18722439
22:58:44,4.64732075
22:58:45,4.0648694
22:58:46,4.051594
22:58:47,4.10515547
22:58:48,3.90956521
22:58:49,4.180738
22:58:50,3.81907749
22:58:51,2.73884416
22:58:52,3.80340815
22:58:53,4.16177464
22:58:54,4.41716766
22:58:55,4.272533
22:58:56,4.73743343
22:58:57,4.08821726
22:58:58,4.147792
22:58:59,4.23411226
22:59:00,3.86514521
22:59:01,4.00293064
22:59:02,3.920101
22:59:03,3.98571181
22:59:04,4.030687
22:59:05,3.858549
22:59:06,3.84101367
22:59:07,3.84254146
22:59:08,3.92968035
22:59:09,4.14436531
22:59:10,4.03913832
22:59:11,4.025155
22:59:12,4.24572229
22:59:13,3.94663882
22:59:14,4.13988972
22:59:15,4.322013
22:59:16,4.004943
22:59:17,4.00622225
22:59:18,4.05583525
22:59:19,4.179592
22:59:20,3.93977261
22:59:21,2.83792877
22:59:22,3.73513365
22:59:23,3.91748476
22:59:24,7.81036139
22:59:25,4.00010061
22:59:26,4.28075266
22:59:27,4.148616
22:59:28,3.94501257
22:59:29,4.141899
22:59:30,3.8974247
22:59:31,4.039308
22:59:32,3.93501854
22:59:33,4.0986867
22:59:34,4.38585663
22:59:35,4.06796455
22:59:36,4.001433
22:59:37,4.222302
22:59:38,3.95517325
22:59:40,4.15271568
22:59:42,3.99231958
22:59:43,3.930645
22:59:44,4.12362146
22:59:45,4.311051
22:59:46,3.89481163
22:59:47,6.32031727
22:59:48,4.06752729
22:59:49,3.954051
22:59:50,4.190221
22:59:51,3.96539712
22:59:52,2.74458766
22:59:53,3.630607
22:59:54,4.005204
22:59:55,4.335916
22:59:56,4.317462
22:59:57,4.28831
22:59:58,4.68050861
22:59:59,5.36169958
23:00:00,5.58813763
23:00:01,5.14734125
23:00:02,4.73353958
23:00:03,4.96153164
23:00:04,4.53178167
23:00:05,4.28869343
23:00:06,3.86449862
23:00:07,3.964669
23:00:08,4.136402
23:00:09,3.924592
23:00:10,4.129238
23:00:11,4.157522
23:00:12,4.10883474
23:00:13,4.01786041
23:00:14,4.1119113
23:00:15,6.032407
23:00:16,22.8365479
23:00:17,28.5999317
23:00:18,21.5542946
23:00:19,18.8839588
23:00:20,14.6883469
23:00:21,16.686327
23:00:22,5.125088
23:00:23,10.6348076
23:00:24,14.2122154
23:00:25,9.542321
23:00:26,5.23810673
23:00:27,4.608418
23:00:28,4.60828924
23:00:29,6.09476948
23:00:30,5.252645
23:00:31,6.188934
23:00:32,4.160564
23:00:33,8.893622
23:00:34,5.38929844
23:00:35,5.168779
23:00:36,4.055798
23:00:37,4.235253
23:00:38,2.90091515
23:00:39,3.21908474
23:00:40,3.16095376
23:00:41,3.0511055
23:00:42,4.0734663
23:00:43,5.354913
23:00:44,5.44876
23:00:45,4.33864641
23:00:46,8.262313
23:00:47,6.11467743
23:00:48,5.548155
23:00:49,7.210698
23:00:50,6.05503654
23:00:51,7.33674765
23:00:52,5.15650272
23:00:53,4.841483
23:00:54,4.26536036
23:00:55,4.32435942
23:00:56,3.93530679
23:00:57,4.10916138
23:00:58,9.32409
23:00:59,6.473927
23:01:00,7.52716064
23:01:01,3.58658743
23:01:02,3.44973016
23:01:03,5.161758
23:01:04,4.44529247
23:01:05,3.59312558
23:01:06,3.7369585
23:01:07,3.22646379
,
,
,
,
,
,
,
,
,
,
,
,
,
,
,
,
,
,
,
,
,
,
,
,
,
,
,
,
,
,
,
,
,
,
,
,
,
,
,
,
,
,
,
,
,
,
,
,
,
,
,
,
,
,
,
,
,
,
,
,
,
,
,
,
,
,
,
,
,
,
,
,
,
,
,
,
,
,
,
,
,
,
,
,
,
,
,
,
,
,
,
,
,
,
,
,
,
,
,
,
,
,
,
,
,
,
,
,
,
,
,
,
,
,
,
,
,
,
,
,
,
,
,
,
,
,
,
,
,
,
,
,
,
,
,
,
,
,
,
,
,
,
,
,
,
,
,
,
,
,
,
,
,
,
,
,
,
,
,
,
,
,
,
,
,
,
,
,
,
,
,
,
,
,
,
,
,
,
,
,
,
,
,
,
,
,
,
,
,
,
,
,
,
,
,
,
,
,
,
,
,
,
,
,
,
,
,
,
,
,
,
,
,
,
,
,
,
,
,
,
,
,
,
,
,
,
,
,
,
,
,
,
,
,
,
,
,
,
,
,
,
,
,
,
,
,
,
,
,
,
,
,
,
,
,
,
,
,
,
,
,
,
,
,
,
,
,
,
,
,
