,/gpu-intel/0xA7A1/power/0
Time,GPU Package
14:58:53,4.838784
14:58:54,9.706609
14:58:55,6.62171364
14:58:56,4.106128
14:58:57,3.89884949
14:58:58,5.15796947
14:58:59,4.526949
14:59:00,2.76362062
14:59:01,3.45743537
14:59:02,3.892073
14:59:03,4.670679
14:59:04,3.859409
14:59:05,6.869311
14:59:06,1.67093825
14:59:07,2.54312086
14:59:08,5.439791
14:59:09,6.962226
14:59:10,9.562254
14:59:11,1.82896817
14:59:12,1.51254773
14:59:13,1.98186088
14:59:14,5.24762154
14:59:15,7.152823
14:59:16,3.66326642
14:59:17,3.7326684
14:59:18,3.82610154
14:59:19,6.87578058
14:59:20,2.64155912
14:59:21,1.542783
14:59:22,1.74288654
14:59:23,1.63747466
14:59:24,1.79987025
14:59:25,1.85563314
14:59:26,1.69878209
14:59:27,1.51967108
14:59:29,1.70896351
14:59:30,4.13181353
14:59:31,6.038541
14:59:32,1.62772977
14:59:33,1.55360079
14:59:34,2.48890471
14:59:35,8.518299
14:59:37,12.7199373
14:59:39,4.483128
14:59:40,1.87721837
14:59:41,9.30079
14:59:42,4.508686
14:59:43,5.87988138
14:59:44,10.3566532
14:59:45,2.69818044
14:59:46,7.8239646
14:59:47,4.188514
14:59:48,7.88615561
14:59:49,11.9421692
14:59:50,19.199152
14:59:51,3.27584934
14:59:52,3.077712
14:59:53,2.43753576
14:59:54,2.73794436
14:59:55,2.63453031
14:59:56,1.87272966
14:59:57,1.91565144
14:59:58,1.51165581
14:59:59,1.46954417
15:00:00,3.07732081
15:00:01,5.92734241
15:00:02,2.81698823
15:00:03,3.19673753
15:00:04,3.13181448
15:00:05,3.00985169
15:00:06,2.93948126
15:00:07,2.62675023
15:00:08,2.37968063
15:00:09,1.52364063
15:00:10,1.45170093
15:00:11,1.52824533
15:00:12,1.47092474
15:00:13,1.25131416
15:00:14,2.21054935
15:00:15,3.40343642
15:00:16,1.296652
15:00:17,1.43945134
15:00:18,1.23533762
15:00:19,1.61253667
15:00:20,3.64246154
15:00:21,15.3173809
15:00:22,5.902606
15:00:23,1.74959338
15:00:24,2.51118731
15:00:25,5.246404
15:00:26,4.288385
15:00:27,2.944437
15:00:28,2.579132
15:00:29,1.95165324
15:00:30,3.1231842
15:00:31,5.885165
15:00:32,7.20783329
15:00:33,1.67505276
15:00:34,2.34610486
15:00:35,1.75046372
15:00:36,1.93224132
15:00:37,2.06632328
15:00:38,9.250814
15:00:39,5.54007244
15:00:40,6.72207975
15:00:41,13.286685
15:00:42,11.20965
15:00:43,14.3327742
15:00:44,7.528223
15:00:45,12.3152046
15:00:46,14.7645788
15:00:47,16.2073345
15:00:48,15.7468653
15:00:49,16.0033989
15:00:50,15.3856363
15:00:51,17.56864
15:00:52,16.7137012
15:00:53,17.0137386
15:00:54,16.86421
15:00:55,16.7199364
15:00:56,16.60709
15:00:57,16.5522671
15:00:58,16.3044281
15:00:59,16.77415
15:01:00,16.4109764
15:01:01,16.4411011
15:01:02,16.37869
15:01:03,17.0697
15:01:04,16.3981934
15:01:05,17.5628834
15:01:06,16.8649387
15:01:07,17.2371082
15:01:08,17.1921787
15:01:09,16.90991
15:01:10,17.4104214
15:01:11,17.4261742
15:01:12,17.0216961
15:01:13,17.4405136
15:01:14,17.7295132
15:01:15,17.9628258
15:01:16,17.48672
15:01:17,17.5458775
15:01:18,17.3336411
15:01:19,17.60271
15:01:20,17.586195
15:01:21,17.1264038
15:01:22,16.6467953
15:01:23,16.8322849
15:01:24,16.8524742
15:01:25,16.6925869
15:01:26,16.29451
15:01:27,17.7989483
15:01:28,17.2589512
15:01:29,17.5177536
15:01:30,17.3993168
15:01:31,17.3958416
15:01:32,17.9922657
15:01:33,17.86105
15:01:34,18.0652733
15:01:35,17.8652344
15:01:36,17.7884388
15:01:37,17.65737
15:01:38,17.4756088
15:01:39,17.46615
15:01:40,17.4599648
15:01:41,17.8637581
15:01:42,17.4279251
15:01:43,17.42696
15:01:44,17.8928165
15:01:45,17.5548439
15:01:46,17.4493828
15:01:47,17.2233753
15:01:48,17.6726685
15:01:49,17.0178413
15:01:50,17.0546665
15:01:51,17.3286781
15:01:52,17.9165878
15:01:53,17.7032623
15:01:54,17.5856
15:01:55,17.7006111
15:01:56,17.9288635
15:01:57,17.0889359
15:01:58,17.45798
15:01:59,16.7302914
15:02:00,17.5508728
15:02:01,17.6639442
15:02:02,17.4746513
15:02:03,17.2052212
15:02:05,17.3696384
15:02:06,17.75283
15:02:08,17.1861763
15:02:10,17.47837
15:02:12,17.5842648
15:02:13,17.9293118
15:02:14,17.374136
15:02:15,17.89878
15:02:16,17.3182354
15:02:17,17.0355377
15:02:18,17.0248241
15:02:19,17.5233231
15:02:20,17.24575
15:02:21,17.4489956
15:02:22,17.6949787
15:02:23,18.0522823
15:02:24,17.7852173
15:02:25,17.5781765
15:02:26,17.2366962
15:02:27,17.8334637
15:02:28,17.6688
15:02:29,17.5196857
15:02:30,17.7332726
15:02:31,17.8827972
15:02:32,18.417345
15:02:33,17.8640232
15:02:34,17.7647724
15:02:35,17.897047
15:02:36,18.1934319
15:02:37,18.0748482
15:02:38,18.0984077
15:02:39,17.6090527
15:02:40,16.3423882
15:02:41,16.6978836
15:02:42,15.4216614
15:02:43,16.0653
15:02:44,15.6577711
15:02:45,15.5180979
15:02:46,16.0989952
15:02:47,15.250329
15:02:48,16.0351944
15:02:49,16.4087849
15:02:50,16.6454
15:02:51,17.54286
15:02:52,17.59792
15:02:53,17.6952667
15:02:54,17.6175022
15:02:55,17.5544071
15:02:56,17.04051
15:02:57,17.5743923
15:02:58,18.0692425
15:02:59,17.2421875
15:03:00,17.80037
15:03:01,17.4125633
15:03:02,17.7830963
15:03:03,17.4503632
15:03:04,18.6226254
15:03:05,18.1977482
15:03:06,18.3187618
15:03:07,18.13164
15:03:08,18.1585064
15:03:09,17.77201
15:03:10,17.691988
15:03:11,17.4450169
15:03:12,17.9278145
15:03:13,17.7625885
15:03:14,17.60216
15:03:15,18.1695728
15:03:16,18.182518
15:03:17,17.6240349
15:03:18,17.6272659
15:03:19,17.9474068
15:03:20,17.6871452
15:03:21,18.0676651
15:03:22,18.3245449
15:03:23,18.0567913
15:03:24,18.31656
15:03:25,18.4060116
15:03:26,17.356451
15:03:27,17.56544
15:03:28,17.9902039
15:03:29,17.5963383
15:03:30,18.2376347
15:03:31,17.8732967
15:03:32,18.0464935
15:03:33,17.6360683
15:03:34,17.7655525
15:03:35,17.7080956
15:03:36,17.2367935
15:03:37,17.9860935
15:03:38,18.17742
15:03:39,18.67848
15:03:40,19.0933723
15:03:41,17.4661427
15:03:42,17.9270878
15:03:43,17.7283535
15:03:44,17.3750648
15:03:45,17.6515789
15:03:46,18.0461521
15:03:47,17.4251671
15:03:48,17.8194752
15:03:49,17.7290134
15:03:50,17.8497429
15:03:51,17.537714
15:03:52,17.6513634
15:03:53,17.1577511
15:03:54,17.96063
15:03:55,17.7163887
15:03:56,17.4557838
15:03:57,17.6349182
15:03:58,18.0180073
15:03:59,17.6580982
15:04:00,17.8504944
15:04:01,17.4645233
15:04:02,17.9834862
15:04:03,17.905859
15:04:04,17.82404
15:04:05,17.7464161
15:04:06,17.4771481
15:04:07,17.2422943
15:04:08,17.772
15:04:09,17.97139
15:04:10,17.6583538
15:04:11,17.856739
15:04:12,17.6400185
15:04:13,17.2591457
15:04:14,17.8063622
15:04:15,18.1920872
15:04:16,16.98545
15:04:17,17.5016041
15:04:18,17.684248
15:04:19,17.7470245
15:04:20,17.80119
15:04:21,17.7600937
15:04:22,17.65179
15:04:23,17.8434658
15:04:24,17.9593048
15:04:25,17.7717915
15:04:26,17.599947
15:04:27,17.6847553
15:04:28,17.30923
15:04:29,17.4669533
15:04:30,17.7920418
15:04:31,17.93412
15:04:32,17.736927
15:04:33,17.7590084
15:04:34,17.67171
15:04:35,17.7893353
15:04:36,18.2214718
15:04:37,15.9699879
15:04:38,15.5620365
15:04:39,15.6854343
15:04:40,16.1950684
15:04:41,16.5887756
15:04:42,16.4792976
15:04:43,15.5385876
15:04:44,16.1297245
15:04:45,15.7554178
15:04:46,17.576252
15:04:47,17.6527157
15:04:48,17.55291
15:04:49,17.2854862
15:04:50,17.9192829
15:04:51,17.9152374
15:04:52,17.4388561
15:04:53,17.415163
15:04:54,17.3726349
15:04:55,17.0205727
15:04:56,17.2541428
15:04:58,17.5220737
15:04:59,17.3578987
15:05:00,17.0065479
15:05:01,17.618969
15:05:02,16.9729767
15:05:03,17.28874
15:05:04,17.5768948
15:05:05,17.71812
15:05:06,17.0432587
15:05:07,18.3969212
15:05:08,17.4819813
15:05:09,17.305069
15:05:10,17.78322
15:05:11,17.5991344
15:05:12,17.5023
15:05:13,17.4335213
15:05:14,17.7753525
15:05:15,17.5331459
15:05:16,17.47395
15:05:17,16.7812557
15:05:18,17.0596523
15:05:19,17.8406467
15:05:20,17.4692326
15:05:21,17.31419
15:05:22,17.77882
15:05:23,17.59449
15:05:24,17.3516426
15:05:25,17.6454086
15:05:26,17.1931686
15:05:27,17.9775944
15:05:28,18.4663
15:05:29,17.62886
15:05:30,18.3952637
15:05:31,17.8118362
15:05:33,17.8943958
15:05:35,17.866972
15:05:36,18.2939148
15:05:37,17.4509048
15:05:38,17.50407
15:05:39,18.2404976
15:05:40,17.428793
15:05:41,18.3593731
15:05:42,17.7616959
15:05:43,18.3559647
15:05:44,17.6647167
15:05:45,17.5888958
15:05:46,18.3927174
15:05:47,17.5078754
15:05:48,17.8526134
15:05:49,18.0385284
15:05:50,17.89942
15:05:51,19.3402023
15:05:52,19.2593346
15:05:53,19.2175789
15:05:54,18.862278
15:05:55,18.952652
15:05:56,19.2197
15:05:57,19.438118
15:05:58,19.3894024
15:05:59,19.5825462
15:06:00,18.6606979
15:06:01,18.8029518
15:06:02,20.0312634
15:06:03,20.114212
15:06:04,18.7402267
15:06:05,18.9548855
15:06:06,18.9150925
15:06:07,19.4818916
15:06:08,19.4110889
15:06:09,19.0482445
15:06:10,19.4115772
15:06:11,18.7567844
15:06:12,19.974823
15:06:13,19.71141
15:06:14,19.3285275
15:06:15,19.3592777
15:06:16,19.0750561
15:06:17,19.2746029
15:06:18,19.0265179
15:06:19,19.31344
15:06:20,19.1464024
15:06:21,20.0215683
15:06:22,18.8464146
15:06:23,19.2590561
15:06:24,19.1213131
15:06:25,19.2511063
15:06:26,19.3890171
15:06:27,19.30458
15:06:28,19.2390041
15:06:29,19.676775
15:06:30,19.2520485
15:06:31,18.78218
15:06:32,19.7631226
15:06:33,19.3334465
15:06:34,18.9820271
15:06:35,18.6845131
15:06:36,19.320097
15:06:37,18.49297
15:06:38,18.33987
15:06:39,18.2118855
15:06:40,17.9264622
15:06:41,17.7460518
15:06:42,18.4122524
15:06:43,17.99494
15:06:44,18.301569
15:06:45,18.1845646
15:06:46,19.4238148
15:06:47,18.4263668
15:06:48,19.2872066
15:06:49,18.88313
15:06:50,19.1297073
15:06:51,19.0807762
15:06:52,18.5508671
15:06:53,18.5734921
15:06:54,18.7171745
15:06:55,19.417944
15:06:56,18.5080814
15:06:57,18.7259712
15:06:58,19.1760216
15:06:59,19.33413
15:07:00,18.4227085
15:07:01,19.1652756
15:07:02,19.1917553
15:07:03,18.8336773
15:07:04,19.416048
15:07:05,18.96602
15:07:06,18.7568359
15:07:07,18.5531864
15:07:08,18.588522
15:07:09,18.8392963
15:07:10,19.2301064
15:07:11,18.4288216
15:07:12,18.8165855
15:07:13,18.801569
15:07:14,19.7317944
15:07:15,19.24289
15:07:16,19.76275
15:07:17,19.4035931
15:07:18,18.98714
15:07:19,20.17061
15:07:20,19.1630211
15:07:21,19.6858387
15:07:22,19.22087
15:07:23,19.8612385
15:07:24,19.4933643
15:07:25,19.0363483
15:07:26,18.7540379
15:07:27,18.9923267
15:07:28,18.7513542
15:07:29,19.0113564
15:07:30,19.0298347
15:07:31,18.8031521
15:07:32,18.8758869
15:07:33,19.6264019
15:07:34,19.71151
15:07:35,19.3601475
15:07:36,18.9877052
15:07:37,19.2373829
15:07:38,19.5899315
15:07:39,18.845932
15:07:40,18.9712
15:07:41,18.6984711
15:07:42,19.9228039
15:07:43,19.3321037
15:07:44,19.46108
15:07:45,19.1171341
15:07:46,19.25426
15:07:47,19.46607
15:07:48,18.2464485
15:07:49,19.2902184
15:07:50,19.8747845
15:07:51,18.7256489
15:07:52,19.57806
15:07:53,18.7314339
15:07:54,19.4195442
15:07:55,19.0941963
15:07:56,18.9555969
15:07:57,18.710371
15:07:58,19.4144115
15:07:59,19.16718
15:08:00,18.6164646
15:08:01,19.5227242
15:08:02,18.8017445
15:08:03,19.225769
15:08:04,18.6163063
15:08:05,19.0118389
15:08:06,19.34672
15:08:07,19.4572773
15:08:08,19.5112343
15:08:09,19.4589252
15:08:10,18.8042965
15:08:11,18.9614868
15:08:12,18.4429283
15:08:13,19.7696075
15:08:14,18.6550426
15:08:15,18.1976547
15:08:16,19.0299263
15:08:17,19.8608112
15:08:18,19.4124851
15:08:20,19.9172935
15:08:22,19.8884087
15:08:23,19.1628017
15:08:24,19.6908474
15:08:25,19.0634537
15:08:26,19.0604248
15:08:27,19.0716343
15:08:28,18.935154
15:08:29,19.65648
15:08:30,18.7363472
15:08:31,19.1733131
15:08:32,19.47622
15:08:33,19.3614655
15:08:34,18.8767586
15:08:35,18.900816
15:08:36,18.834959
15:08:37,18.72562
15:08:38,18.8102741
15:08:39,19.8912163
15:08:40,19.1705284
15:08:41,18.8210545
15:08:42,18.71624
15:08:43,17.8316021
15:08:44,17.6877537
15:08:45,18.38616
15:08:46,18.8699474
15:08:47,17.9006653
15:08:48,17.7877388
15:08:49,17.6728287
15:08:50,17.2721767
15:08:51,18.4271946
15:08:52,18.8966084
15:08:53,19.150528
15:08:54,19.92078
15:08:55,19.7680759
15:08:56,19.4181747
15:08:57,18.79479
15:08:58,19.0092373
15:08:59,19.3597527
15:09:00,19.1197433
15:09:01,19.44477
15:09:02,19.4718266
15:09:03,19.43007
15:09:04,18.9962311
15:09:05,19.12403
15:09:06,18.5381622
15:09:07,18.3504276
15:09:08,18.8558
15:09:09,18.25057
15:09:10,17.9763165
15:09:11,17.1391239
15:09:12,17.31083
15:09:13,17.7783546
15:09:14,17.4672775
15:09:15,17.5338879
15:09:16,17.7484188
15:09:17,17.3195038
15:09:18,17.3643761
15:09:19,17.6690826
15:09:20,17.4379444
15:09:21,17.29265
15:09:22,18.1118526
15:09:23,17.225935
15:09:24,17.6275921
15:09:25,17.5521755
15:09:26,18.1619244
15:09:27,17.5833778
15:09:28,17.8345737
15:09:29,17.4014359
15:09:30,17.7908573
15:09:31,17.3494568
15:09:32,17.6324234
15:09:33,17.4654579
15:09:34,17.4927444
15:09:35,17.3950748
15:09:36,17.4896564
15:09:37,17.6557331
15:09:38,17.9065075
15:09:39,17.6777744
15:09:40,18.3164749
15:09:41,17.5749168
15:09:42,18.8662281
15:09:43,18.5036087
15:09:44,18.1232166
15:09:45,18.8093033
15:09:46,17.888895
15:09:47,19.1145954
15:09:48,18.148735
15:09:49,18.698946
15:09:50,18.0902424
15:09:51,18.9235764
15:09:52,18.254282
15:09:53,19.0184116
15:09:54,18.3174267
15:09:55,18.8676739
15:09:56,18.3364239
15:09:57,18.5634384
15:09:58,18.4632759
15:09:59,19.097435
15:10:00,18.2025585
15:10:01,17.5816536
15:10:02,17.3536625
15:10:03,17.2725563
15:10:04,17.8461075
15:10:05,17.3979168
15:10:06,17.6123428
15:10:07,17.91869
15:10:08,17.8581238
15:10:09,17.6403446
15:10:10,18.9766674
15:10:11,18.3400269
15:10:12,18.4287357
15:10:13,17.5060253
15:10:14,18.0920429
15:10:15,18.1234989
15:10:16,18.39606
15:10:17,17.58456
15:10:18,17.8896828
15:10:19,18.3344574
15:10:20,18.2090549
15:10:21,18.209116
15:10:22,17.8504925
15:10:23,18.7034626
15:10:24,18.7327175
15:10:25,18.8118153
15:10:26,18.88523
15:10:27,18.2298927
15:10:28,19.0909615
15:10:29,17.629158
15:10:30,18.4486771
15:10:31,18.3445377
15:10:32,18.1554737
15:10:33,17.9674454
15:10:34,18.0166874
15:10:35,18.007782
15:10:36,18.4028664
15:10:37,18.2998562
15:10:38,17.7416534
15:10:39,17.1426334
15:10:40,16.6007042
15:10:41,16.479454
15:10:42,16.6540432
15:10:43,17.0523434
15:10:44,17.48467
15:10:45,17.01049
15:10:46,16.8740654
15:10:47,17.0163841
15:10:48,17.5613422
15:10:49,18.84466
15:10:50,17.9376087
15:10:51,17.8487453
15:10:52,17.6538849
15:10:53,18.2417412
15:10:54,17.66006
15:10:55,18.1897469
15:10:56,18.01909
15:10:58,17.191843
15:10:59,18.0594559
15:11:00,17.40177
15:11:01,18.2307014
15:11:03,18.2915726
15:11:04,17.9942646
15:11:05,17.7708855
15:11:06,17.969202
15:11:07,17.2779675
15:11:08,18.2025146
15:11:09,17.782486
15:11:10,17.9477139
15:11:11,17.6620617
15:11:12,17.3434181
15:11:13,17.6748772
15:11:14,18.0906563
15:11:15,18.0938835
15:11:16,17.8758526
15:11:17,17.919035
15:11:18,18.0493069
15:11:19,17.8161125
15:11:20,18.3906918
15:11:21,17.82817
15:11:22,17.6504517
15:11:23,17.3032532
15:11:24,17.85331
15:11:25,17.7327042
15:11:26,17.56501
15:11:27,18.542923
15:11:28,18.24378
15:11:29,18.37266
15:11:30,17.4284363
15:11:31,17.8728943
15:11:32,17.73655
15:11:33,17.8354855
15:11:34,18.1386471
15:11:35,17.8238964
15:11:36,18.4444637
15:11:37,17.9592838
15:11:38,17.9907589
15:11:39,18.0700531
15:11:40,18.2013836
15:11:41,18.27892
15:11:42,17.7835674
15:11:43,17.9461269
15:11:44,17.3533382
15:11:45,17.638689
15:11:46,17.6066875
15:11:47,18.19231
15:11:48,17.77915
15:11:49,17.2547932
15:11:50,17.9941559
15:11:51,18.5626564
15:11:52,17.8272
15:11:53,17.5809288
15:11:54,18.0341644
15:11:55,18.15212
15:11:56,18.0014458
15:11:57,18.0434818
15:11:58,17.6189556
15:11:59,18.3898563
15:12:00,17.93896
15:12:01,17.9899521
15:12:02,18.028265
15:12:03,18.1432514
15:12:04,18.3803368
15:12:05,18.1789989
15:12:06,18.481432
15:12:07,18.1855965
15:12:08,18.8425522
15:12:09,17.7506046
15:12:10,18.8558865
15:12:11,18.6856041
15:12:12,18.120182
15:12:13,18.7455177
15:12:14,18.2392464
15:12:15,18.086174
15:12:16,17.2282143
15:12:17,18.2261944
15:12:18,17.5165653
15:12:19,18.1624928
15:12:20,17.71225
15:12:21,17.3480682
15:12:22,17.8294983
15:12:23,17.77563
15:12:24,18.034359
15:12:25,17.7905865
15:12:26,18.1071281
15:12:27,17.6549358
15:12:28,18.2537155
15:12:29,17.7680225
15:12:30,18.0433
15:12:31,17.9407978
15:12:32,18.02225
15:12:33,17.7624283
15:12:34,17.4685249
15:12:35,18.2272682
15:12:36,17.4095364
15:12:37,17.9324474
15:12:38,18.037508
15:12:39,18.0035515
15:12:40,17.7158985
15:12:41,16.7499733
15:12:42,16.8569489
15:12:43,16.789959
15:12:44,16.37263
15:12:45,16.85305
15:12:46,16.30955
15:12:47,16.0944672
15:12:48,15.7202606
15:12:49,17.0455952
15:12:50,18.271059
15:12:51,18.05913
15:12:52,17.8968124
15:12:53,18.1499653
15:12:54,18.0573025
15:12:55,17.60485
15:12:56,18.4499474
15:12:57,17.8238487
15:12:58,18.3406658
15:12:59,17.4901676
15:13:00,18.2408638
15:13:01,17.920866
15:13:02,18.0135384
15:13:03,17.6217079
15:13:04,18.0248241
15:13:05,17.6325436
15:13:06,17.7213459
15:13:07,17.8537483
15:13:08,18.413784
15:13:09,18.3260422
15:13:10,17.9896049
15:13:11,17.9235935
15:13:12,17.809269
15:13:13,18.0162983
15:13:14,17.4047222
15:13:15,17.68057
15:13:16,17.37058
15:13:17,17.3957825
15:13:18,17.330883
15:13:19,17.65437
15:13:20,18.0062866
15:13:21,17.6753578
15:13:22,18.4353142
15:13:23,17.6273975
15:13:24,17.927166
15:13:25,17.59571
15:13:26,17.3797817
15:13:27,18.1396923
15:13:28,17.90054
15:13:29,17.9171143
15:13:30,17.5350075
15:13:31,17.9918327
15:13:32,18.0940876
15:13:33,17.2889156
15:13:34,18.0344944
15:13:35,17.7256546
15:13:36,18.6361237
15:13:37,18.2634277
15:13:38,18.3219
15:13:39,18.1319847
15:13:40,17.80288
15:13:41,17.4479389
15:13:42,17.78273
15:13:43,17.6256237
15:13:44,17.6834583
15:13:45,17.7893848
15:13:46,17.4981728
15:13:47,17.76637
15:13:48,18.1119747
15:13:49,17.85192
15:13:50,17.5171776
15:13:51,17.4296513
15:13:52,17.7031155
15:13:53,17.5930023
15:13:55,17.5038128
15:13:56,17.2674122
15:13:57,17.5674
15:13:59,17.8047428
15:14:01,17.5712166
15:14:02,18.0688229
15:14:03,17.6771374
15:14:04,18.1031284
15:14:05,18.0575981
15:14:06,17.46847
15:14:07,17.7720032
15:14:08,17.6980743
15:14:09,17.76309
15:14:10,18.0255146
15:14:11,17.2563419
15:14:12,17.52867
15:14:13,17.6967163
15:14:14,17.465435
15:14:15,18.3161526
15:14:16,17.7884254
15:14:17,17.46548
15:14:18,17.6202354
15:14:19,17.9356861
15:14:20,17.5086823
15:14:21,17.7158451
15:14:22,17.73063
15:14:23,17.52001
15:14:24,17.8684158
15:14:25,17.9782219
15:14:26,17.4880428
15:14:27,17.1907253
15:14:28,17.593586
15:14:29,16.9865532
15:14:30,17.4593468
15:14:31,17.18242
15:14:32,17.68773
15:14:33,17.9667988
15:14:34,17.86868
15:14:35,17.8695946
15:14:36,17.5127659
15:14:37,17.8036251
15:14:38,17.390501
15:14:39,15.85319
15:14:40,16.3253174
15:14:41,16.2740231
15:14:42,15.7596149
15:14:43,15.8161478
15:14:44,15.9820862
15:14:45,15.8215036
15:14:46,15.9775114
15:14:47,17.0804138
15:14:48,17.655859
15:14:49,18.0237522
15:14:50,18.4061928
15:14:51,18.1766033
15:14:52,17.92583
15:14:53,18.4817657
15:14:54,18.16108
15:14:55,17.60924
15:14:56,17.29268
15:14:57,17.8989468
15:14:58,17.9976311
15:14:59,17.7803574
15:15:00,18.19214
15:15:01,18.60193
15:15:02,17.5429287
15:15:03,17.5420437
15:15:04,17.9385948
15:15:05,17.7658424
15:15:06,18.34103
15:15:07,17.9548283
15:15:08,17.7637653
15:15:09,17.54147
15:15:10,18.1519871
15:15:11,17.8355064
15:15:12,18.0266285
15:15:13,18.6469574
15:15:14,17.7661362
15:15:15,17.5984879
15:15:16,18.130249
15:15:17,17.6331425
15:15:18,17.74131
15:15:19,18.2444572
15:15:20,18.313364
15:15:21,18.216095
15:15:22,18.0228519
15:15:23,18.0766315
15:15:24,18.0654182
15:15:25,17.7883072
15:15:26,18.0452061
15:15:27,17.82913
15:15:28,18.6932716
15:15:29,17.8045273
15:15:30,17.8664837
15:15:31,17.0752583
15:15:32,17.5675716
15:15:33,17.6823425
15:15:34,17.6279755
15:15:35,17.6951084
15:15:36,18.0207253
15:15:37,17.2798233
15:15:38,17.0501118
15:15:39,18.0447159
15:15:40,17.47044
15:15:41,17.2886086
15:15:42,17.50178
15:15:43,17.8350315
15:15:44,17.34737
15:15:45,17.6763058
15:15:46,17.4486771
15:15:47,17.6835346
15:15:48,17.91501
15:15:49,17.74121
15:15:50,18.2297249
15:15:51,18.1507912
15:15:52,18.3323727
15:15:53,18.01382
15:15:54,17.9267673
15:15:55,19.08412
15:15:56,18.315649
15:15:57,18.2030315
15:15:58,18.6048565
15:15:59,18.5308685
15:16:00,18.33476
15:16:01,19.20362
15:16:02,18.5343838
15:16:03,18.76116
15:16:04,17.848547
15:16:05,18.9995346
15:16:06,18.5136185
15:16:07,19.127243
15:16:08,19.0733185
15:16:09,18.74875
15:16:10,18.4568748
15:16:11,19.1075649
15:16:12,19.1352062
15:16:13,18.34898
15:16:14,18.4478531
15:16:15,18.8455963
15:16:16,19.0001984
15:16:17,18.79657
15:16:18,18.35486
15:16:19,18.4818344
15:16:20,19.280901
15:16:21,18.4192619
15:16:22,18.5308113
15:16:23,17.4391823
15:16:24,18.5568523
15:16:25,18.5366764
15:16:26,17.0002
15:16:27,17.8710213
15:16:28,17.1243343
15:16:29,17.56888
15:16:30,17.8294468
15:16:31,17.8546371
15:16:32,17.4163036
15:16:33,17.4510365
15:16:34,18.4207153
15:16:35,17.61052
15:16:36,15.8016987
15:16:37,16.4508781
15:16:38,15.9355679
15:16:39,16.1864662
15:16:40,16.0499382
15:16:41,15.8607244
15:16:42,16.21475
15:16:43,16.1357365
15:16:44,15.9760122
15:16:45,16.8152561
15:16:46,16.9511833
15:16:47,17.7804947
15:16:48,17.7539444
15:16:49,17.5722561
15:16:50,17.6747341
15:16:51,17.4135685
15:16:52,17.1672039
15:16:53,17.74202
15:16:54,17.69096
15:16:55,17.4322968
15:16:56,17.6067028
15:16:57,17.8620281
15:16:58,17.5435638
15:16:59,17.5430489
15:17:01,18.1739063
15:17:02,17.1946163
15:17:04,18.2893124
15:17:05,17.9622517
15:17:06,17.4816284
15:17:07,17.7488689
15:17:08,17.52568
15:17:09,17.3534946
15:17:10,17.3852768
15:17:11,17.9594746
15:17:12,17.850153
15:17:13,18.0696087
15:17:14,17.77651
15:17:15,17.972702
15:17:16,18.1700344
15:17:17,18.40485
15:17:18,18.7146587
15:17:19,18.3086185
15:17:20,18.8155384
15:17:21,18.2333126
15:17:22,18.5469112
15:17:23,18.164093
15:17:24,18.0031071
15:17:25,18.36348
15:17:26,18.3681183
15:17:27,18.66604
15:17:28,18.1436749
15:17:29,18.8521538
15:17:30,18.2935524
15:17:31,18.0487919
15:17:32,17.68722
15:17:33,17.98355
15:17:34,17.8525124
15:17:35,17.0265083
15:17:36,17.2023525
15:17:37,17.7786674
15:17:38,17.8534889
15:17:39,17.67594
15:17:40,18.129303
15:17:41,17.39045
15:17:42,18.1064014
15:17:43,17.757082
15:17:44,17.0868931
15:17:45,17.5873871
15:17:46,18.0834618
15:17:47,17.4325142
15:17:48,17.3743267
15:17:49,17.8972473
15:17:50,17.6608562
15:17:51,17.7605457
15:17:52,17.6946259
15:17:53,17.4166355
15:17:54,17.6746483
15:17:55,17.470705
15:17:56,17.76542
15:17:57,17.9278965
15:17:58,17.7192764
15:17:59,17.27764
15:18:00,17.5345669
15:18:01,17.1312981
15:18:02,17.67244
15:18:03,17.4597359
15:18:04,18.6321125
15:18:05,18.3501987
15:18:06,19.2848549
15:18:07,17.6956081
15:18:08,17.9047375
15:18:09,17.4937153
15:18:10,18.0275879
15:18:11,17.62345
15:18:12,17.8066559
15:18:13,17.3839283
15:18:14,18.1907959
15:18:15,18.6209755
15:18:16,18.324358
15:18:17,18.4012375
15:18:18,18.7047176
15:18:19,18.7713718
15:18:20,18.3577576
15:18:21,18.9420013
15:18:22,18.8730659
15:18:23,17.85944
15:18:24,18.2031574
15:18:25,18.74431
15:18:26,18.5852966
15:18:27,18.4943676
15:18:28,18.5444584
15:18:29,18.3082619
15:18:30,18.4775772
15:18:31,19.1670647
15:18:32,18.3955383
15:18:33,18.4646854
15:18:34,18.50722
15:18:35,17.0061665
15:18:36,16.71336
15:18:37,17.3230934
15:18:38,17.609621
15:18:39,17.9077969
15:18:40,17.1686363
15:18:41,17.6045265
15:18:42,17.3327541
15:18:43,17.13641
15:18:44,18.8638649
15:18:45,18.4971867
15:18:46,18.2397442
15:18:47,18.7546959
15:18:48,18.9947433
15:18:49,18.3760414
15:18:50,18.6679974
15:18:51,18.9311485
15:18:52,17.907835
15:18:53,17.982111
15:18:54,18.047905
15:18:55,18.4523964
15:18:56,17.8078518
15:18:57,18.1205559
15:18:58,18.8914413
15:18:59,17.8759079
15:19:00,18.155901
15:19:01,17.7789288
15:19:02,18.1410942
15:19:03,18.3973866
15:19:04,17.4482784
15:19:05,17.36404
15:19:06,17.13212
15:19:07,16.8995667
15:19:08,18.10344
15:19:09,18.0181828
15:19:10,18.3024158
15:19:11,17.7900925
15:19:12,18.4893475
15:19:13,18.3547211
15:19:14,17.8035069
15:19:15,17.8008957
15:19:16,17.6671658
15:19:17,19.2495117
15:19:18,19.171608
15:19:19,17.07371
15:19:20,17.7432842
15:19:21,17.51409
15:19:22,17.4309254
15:19:23,17.9916172
15:19:24,18.8233814
15:19:25,17.5735016
15:19:26,17.7777824
15:19:27,16.94205
15:19:28,16.8694687
15:19:29,17.8901443
15:19:30,17.6395855
15:19:31,17.893034
15:19:32,17.8832512
15:19:33,17.6148262
15:19:34,17.67853
15:19:35,16.8918247
15:19:36,17.756073
15:19:37,17.5287228
15:19:38,17.2829342
15:19:39,19.4684086
15:19:40,18.5171967
15:19:42,17.7307816
15:19:44,18.3053017
15:19:45,18.0087433
15:19:46,17.561161
15:19:47,18.0327549
15:19:48,16.72457
15:19:49,17.7756462
15:19:50,17.22108
15:19:51,16.6358757
15:19:52,17.6304436
15:19:53,17.713789
15:19:54,17.0762119
15:19:55,16.591032
15:19:56,16.8645229
15:19:57,17.5826473
15:19:58,17.0978184
15:19:59,17.7473221
15:20:00,17.3372822
15:20:01,17.405323
15:20:02,17.2960587
15:20:03,16.9260979
15:20:04,17.1635571
15:20:05,18.009428
15:20:06,17.9189663
15:20:07,17.3980465
15:20:08,17.8671074
15:20:09,17.4662743
15:20:10,17.592062
15:20:11,18.5892544
15:20:12,18.9269829
15:20:13,18.1219845
15:20:14,17.9418774
15:20:15,18.56306
15:20:16,18.5230618
15:20:17,18.43798
15:20:18,18.05448
15:20:19,17.9737911
15:20:20,17.4979267
15:20:21,17.9677658
15:20:22,17.6247272
15:20:23,17.822197
15:20:24,16.8515911
15:20:25,17.94889
15:20:26,18.0828743
15:20:27,17.3417
15:20:28,18.314333
15:20:29,17.4131374
15:20:30,17.5514183
15:20:31,17.1706829
15:20:32,17.8340015
15:20:33,18.2932911
15:20:34,18.09077
15:20:35,18.1223049
15:20:36,17.0429344
15:20:37,18.2359619
15:20:38,17.4553185
15:20:39,17.847023
15:20:40,17.01552
15:20:41,16.67665
15:20:42,16.2548313
15:20:43,16.327343
15:20:44,15.9957018
15:20:45,16.8942738
15:20:46,16.4753017
15:20:47,16.8252182
15:20:48,16.6221523
15:20:49,17.35001
15:20:50,17.6268635
15:20:51,17.8620434
15:20:52,17.7661533
15:20:53,17.5003624
15:20:54,17.9650669
15:20:55,18.3085461
15:20:56,17.6176052
15:20:57,17.79276
15:20:58,17.9961929
15:20:59,17.6281147
15:21:00,17.3206177
15:21:01,18.1971474
15:21:02,17.93513
15:21:03,17.9748173
15:21:04,18.082943
15:21:05,17.4767742
15:21:06,17.9836979
15:21:07,17.4008827
15:21:08,17.8031712
15:21:09,17.81948
15:21:10,17.1346951
15:21:11,17.3430138
15:21:12,17.7313213
15:21:13,17.1826763
15:21:14,17.6071873
15:21:15,17.4302635
15:21:16,17.6311321
15:21:17,18.27776
15:21:18,17.2128086
15:21:19,18.1464424
15:21:20,17.0043468
15:21:21,17.8965931
15:21:22,17.8665123
15:21:23,18.148674
15:21:24,17.1219959
15:21:25,17.8953362
15:21:26,17.87929
15:21:27,18.0554848
15:21:28,17.8191586
15:21:29,17.3718033
15:21:30,17.973793
15:21:31,17.78963
15:21:32,17.7452087
15:21:33,17.759716
15:21:34,17.73691
15:21:35,18.10342
15:21:36,17.5879326
15:21:37,17.3039818
15:21:38,17.674757
15:21:39,17.4981785
15:21:40,17.6692
15:21:41,18.1276
15:21:42,17.3934574
15:21:43,17.8202839
15:21:44,17.9717712
15:21:45,17.3753242
15:21:46,18.2029343
15:21:47,17.3565464
15:21:48,18.0974789
15:21:49,17.299118
15:21:50,17.6569462
15:21:51,17.5285759
15:21:52,17.6102276
15:21:53,18.1218948
15:21:54,17.8307514
15:21:55,18.0108223
15:21:56,17.9037285
15:21:57,17.8265419
15:21:58,17.8041248
15:21:59,17.4816132
15:22:00,17.7452869
15:22:01,17.33356
15:22:02,17.6838341
15:22:03,17.898447
15:22:04,17.7625351
15:22:05,17.5391216
15:22:06,18.09561
15:22:07,17.8419075
15:22:08,17.841795
15:22:09,17.5550747
15:22:10,17.7686958
15:22:11,17.24612
15:22:12,17.8109512
15:22:13,17.788641
15:22:15,17.6300583
15:22:16,17.381422
15:22:17,17.7580643
15:22:18,17.5762138
15:22:19,17.4684143
15:22:20,17.3817749
15:22:21,18.1587658
15:22:22,17.9261627
15:22:23,17.8118267
15:22:24,18.2205315
15:22:25,17.51062
15:22:26,17.6807575
15:22:27,17.74151
15:22:28,17.9318237
15:22:30,16.9471169
15:22:32,18.24298
15:22:34,18.415926
15:22:35,17.84472
15:22:36,17.8454151
15:22:37,18.1186352
15:22:39,17.27902
15:22:40,16.5667229
15:22:41,16.4438934
15:22:42,15.58172
15:22:43,16.0016136
15:22:44,15.7020607
15:22:45,15.8141022
15:22:46,15.770031
15:22:47,16.2337017
15:22:48,15.3990889
15:22:49,16.1564655
15:22:50,16.27809
15:22:51,15.8454885
15:22:52,17.4909458
15:22:53,16.4181938
15:22:54,15.9467087
15:22:55,16.7981319
15:22:56,16.9871883
15:22:57,15.96495
15:22:58,17.0774689
15:22:59,17.1010151
15:23:00,16.0346127
15:23:01,16.3258839
15:23:02,16.71078
15:23:03,15.9683838
15:23:04,16.3765926
15:23:05,16.2532177
15:23:06,17.60302
15:23:07,18.20381
15:23:08,17.2179661
15:23:09,17.5354748
15:23:10,18.1474762
15:23:11,17.5101852
15:23:12,17.6582355
15:23:13,17.9753571
15:23:14,17.5794086
15:23:15,18.3732338
15:23:16,18.1490116
15:23:17,18.5936089
15:23:18,17.8933258
15:23:19,18.18971
15:23:20,18.5198746
15:23:21,17.4581852
15:23:22,18.031662
15:23:23,17.93931
15:23:24,18.3896656
15:23:25,18.19262
15:23:26,17.4170265
15:23:27,18.3264942
15:23:28,17.4027348
15:23:29,17.9553013
15:23:30,17.92902
15:23:31,17.6949158
15:23:32,17.86667
15:23:33,18.917696
15:23:34,18.2768364
15:23:35,18.1686783
15:23:36,18.52316
15:23:37,17.9138317
15:23:38,18.87621
15:23:39,19.1515388
15:23:40,18.4559555
15:23:41,18.651638
15:23:42,17.7074661
15:23:43,17.8954086
15:23:44,18.1702785
15:23:45,17.5790215
15:23:46,18.1546135
15:23:47,18.19784
15:23:48,18.139185
15:23:49,17.9432945
15:23:50,18.4832687
15:23:51,17.7122421
15:23:52,17.8580418
15:23:53,17.5756016
15:23:54,18.0321064
15:23:55,18.5466442
15:23:56,17.7529545
15:23:57,18.3354282
15:23:58,18.7144451
15:23:59,18.5600986
15:24:00,18.0780716
15:24:01,18.2379379
15:24:02,18.34458
15:24:03,18.7881145
15:24:04,18.78965
15:24:05,18.0668678
15:24:06,18.7617226
15:24:07,18.7331333
15:24:08,18.89723
15:24:09,17.9349174
15:24:10,18.8346233
15:24:11,18.3549633
15:24:12,18.6650276
15:24:13,18.1162739
15:24:14,18.2242622
15:24:15,17.628046
15:24:16,18.3232212
15:24:17,18.7215366
15:24:18,19.1229248
15:24:19,18.4957542
15:24:20,18.67864
15:24:21,17.3546352
15:24:22,17.6338654
15:24:23,17.68074
15:24:24,17.6487522
15:24:25,18.19597
15:24:26,17.633337
15:24:27,17.5720882
15:24:28,18.30937
15:24:29,17.8891811
15:24:30,18.5556
15:24:31,18.1498241
15:24:32,18.0183544
15:24:33,18.0252171
15:24:34,18.34758
15:24:35,17.68494
15:24:36,18.0932827
15:24:37,17.7708378
15:24:38,17.435503
15:24:39,18.55662
15:24:40,18.11538
15:24:41,17.7167244
15:24:42,17.9636116
15:24:43,17.9905052
15:24:44,17.583477
15:24:45,17.78079
15:24:46,17.80586
15:24:47,18.3753223
15:24:48,17.4229488
15:24:49,18.4680176
15:24:50,18.8418674
15:24:51,18.6899414
15:24:52,18.872509
15:24:53,17.62596
15:24:54,18.0292416
15:24:55,18.23075
15:24:56,18.3224316
15:24:57,17.1410465
15:24:58,17.27695
15:24:59,16.9371662
15:25:00,16.275095
15:25:01,15.615346
15:25:02,16.027626
15:25:03,16.2794952
15:25:04,15.9440641
15:25:05,16.3418465
15:25:06,16.125021
15:25:07,15.9536572
15:25:08,16.855917
15:25:09,17.5344925
15:25:10,17.6018963
15:25:11,17.42855
15:25:12,17.7862
15:25:13,17.7694378
15:25:15,17.6745739
15:25:16,17.4111366
15:25:17,17.6427765
15:25:18,17.4282074
15:25:20,17.42239
15:25:21,17.3388653
15:25:23,17.4774513
15:25:24,17.8043442
15:25:25,17.533474
15:25:26,17.6035061
15:25:27,17.5921
15:25:28,17.4035664
15:25:29,17.8384438
15:25:30,18.1313229
15:25:31,18.14385
15:25:32,17.5446129
15:25:33,17.5219936
15:25:34,18.3839226
15:25:35,17.56642
15:25:36,17.7791767
15:25:37,17.281044
15:25:38,17.3024788
15:25:39,17.74122
15:25:40,17.276062
15:25:41,17.1109581
15:25:42,18.022419
15:25:43,17.9423275
15:25:44,17.3533554
15:25:45,17.958889
15:25:46,17.68165
15:25:47,17.66155
15:25:48,17.52703
15:25:49,17.9493656
15:25:50,17.5374718
15:25:51,17.5347023
15:25:52,17.8484077
15:25:53,17.7090282
15:25:54,17.15602
15:25:55,17.3756428
15:25:56,18.13158
15:25:57,17.2694664
15:25:58,17.5177441
15:25:59,17.9753742
15:26:00,17.9177818
15:26:01,17.5148029
15:26:02,17.9249229
15:26:03,17.7026958
15:26:04,17.1705742
15:26:05,17.7969055
15:26:06,17.1585636
15:26:07,17.9151726
15:26:08,17.795126
15:26:09,17.8329
15:26:10,17.3181725
15:26:11,17.548914
15:26:12,17.8510914
15:26:13,17.7145119
15:26:14,17.2141819
15:26:15,18.05425
15:26:16,17.3012829
15:26:17,17.65535
15:26:18,17.355341
15:26:19,17.5722637
15:26:20,17.5177689
15:26:21,17.7458019
15:26:22,17.49624
15:26:23,17.9496288
15:26:24,18.1018143
15:26:25,17.6919136
15:26:26,18.2511063
15:26:27,18.10263
15:26:28,18.38548
15:26:29,17.8212357
15:26:30,17.3785362
15:26:31,18.2016277
15:26:32,17.7819214
15:26:33,17.8572311
15:26:34,18.2270584
15:26:35,18.21537
15:26:36,17.2017174
15:26:37,17.913599
15:26:38,17.89974
15:26:39,18.4530373
15:26:40,17.7052631
15:26:41,17.7227077
15:26:42,18.3936443
15:26:43,17.4860554
15:26:44,18.3836269
15:26:45,18.0658321
15:26:46,17.75185
15:26:47,17.8125668
15:26:48,17.788517
15:26:49,17.6792641
15:26:50,18.0669823
15:26:51,18.06825
15:26:52,18.6548843
15:26:53,17.795969
15:26:54,18.0740662
15:26:55,18.18556
15:26:56,17.2262783
15:26:57,16.2883816
15:26:58,17.0364361
15:26:59,16.50539
15:27:00,16.7759838
15:27:01,16.6530628
15:27:02,16.34718
15:27:03,17.2561378
15:27:04,16.2481232
15:27:05,15.92249
15:27:06,18.0212746
15:27:07,17.1851311
15:27:08,18.09282
15:27:09,17.4419518
15:27:10,17.80539
15:27:11,18.2876072
15:27:12,18.20173
15:27:13,17.89896
15:27:14,18.05305
15:27:15,18.2789936
15:27:16,17.7489147
15:27:17,18.3959942
15:27:18,18.7621517
15:27:19,18.51754
15:27:20,17.7597523
15:27:21,18.0982838
15:27:22,18.0525455
15:27:23,17.3810425
15:27:24,18.538414
15:27:25,17.4772282
15:27:26,18.1671314
15:27:27,18.4091415
15:27:28,17.64732
15:27:29,17.6491852
15:27:30,17.8093357
15:27:31,18.2960224
15:27:32,18.304266
15:27:33,17.6717529
15:27:34,18.1801357
15:27:35,17.8228226
15:27:37,18.14
15:27:38,18.001646
15:27:39,17.5512066
15:27:41,18.568716
15:27:42,18.08071
15:27:44,17.848175
15:27:45,18.0262852
15:27:46,18.6709633
15:27:47,17.1688766
15:27:48,18.3710213
15:27:49,17.90366
15:27:50,17.9050865
15:27:51,18.0612316
15:27:52,17.7835445
15:27:53,17.6729584
15:27:54,18.0230446
15:27:55,18.14698
15:27:56,17.5869083
15:27:57,17.14961
15:27:58,18.1018353
15:27:59,17.82412
15:28:00,17.2170467
15:28:01,18.0423374
15:28:02,17.6076317
15:28:03,17.6465378
15:28:04,17.7085247
15:28:05,18.1220551
15:28:06,18.3995056
15:28:07,18.11753
15:28:08,18.0887737
15:28:09,18.0829945
15:28:10,18.2420616
15:28:11,17.5145187
15:28:12,17.5738525
15:28:13,17.8688335
15:28:14,17.9307518
15:28:15,17.5817
15:28:16,17.65814
15:28:17,17.5818367
15:28:18,17.5289
15:28:19,18.1079636
15:28:20,17.28672
15:28:21,17.6620579
15:28:22,18.32988
15:28:23,18.19127
15:28:24,18.1201687
15:28:25,18.7236233
15:28:26,17.9923763
15:28:27,17.7275581
15:28:28,17.6063042
15:28:29,17.71738
15:28:30,18.9500313
15:28:31,18.3117332
15:28:32,18.7384472
15:28:33,18.2113724
15:28:34,18.27905
15:28:35,18.1404552
15:28:36,18.1494484
15:28:37,18.1948814
15:28:38,18.11368
15:28:39,17.4229221
15:28:40,18.336071
15:28:41,18.1897449
15:28:42,17.66241
15:28:43,17.58718
15:28:44,17.6949711
15:28:45,17.5234585
15:28:46,18.0531826
15:28:47,17.9600487
15:28:48,17.7100239
15:28:49,17.6942825
15:28:50,18.2050285
15:28:51,17.6459846
15:28:52,17.7011433
15:28:53,18.3475323
15:28:54,17.80903
15:28:55,17.774107
15:28:56,16.5451412
15:28:57,16.9411678
15:28:58,16.8829823
15:28:59,16.4350128
15:29:00,16.0338364
15:29:01,16.7703362
15:29:02,16.54138
15:29:03,16.20716
15:29:04,16.3909073
15:29:05,18.1442356
15:29:06,17.7667217
15:29:07,18.1844616
15:29:08,17.6979618
15:29:09,17.698595
15:29:10,17.3381
15:29:11,17.7814083
15:29:12,17.7879562
15:29:13,17.9862537
15:29:14,18.3148518
15:29:15,18.09341
15:29:16,17.1537457
15:29:17,17.5980053
15:29:18,17.7945633
15:29:19,17.340168
15:29:20,17.6123657
15:29:21,17.5443859
15:29:22,17.12944
15:29:23,17.96841
15:29:24,17.7136822
15:29:25,17.9338264
15:29:26,18.05841
15:29:27,17.82978
15:29:28,18.4257679
15:29:29,18.2412682
15:29:30,17.79826
15:29:31,18.2806549
15:29:32,17.7490978
15:29:33,17.9558868
15:29:34,17.9793053
15:29:35,17.7496414
15:29:36,17.6793575
15:29:37,17.6944828
15:29:38,17.9029217
15:29:39,18.1908016
15:29:40,18.5005016
15:29:41,17.8143
15:29:42,17.9985
15:29:43,18.63648
15:29:44,18.14627
15:29:45,17.8815956
15:29:46,17.428051
15:29:47,17.5094318
15:29:48,17.7813644
15:29:49,17.71771
15:29:50,17.6438274
15:29:51,17.7782612
15:29:52,17.4751225
15:29:53,17.488121
15:29:54,17.3465271
15:29:55,17.806097
15:29:56,17.66332
15:29:57,17.9017372
15:29:58,17.9639168
15:29:59,17.75509
15:30:00,18.1052876
15:30:01,17.8618965
15:30:02,17.2737541
15:30:03,17.2411289
15:30:04,17.5183
15:30:05,17.5892
15:30:06,17.0977478
15:30:08,19.024107
15:30:09,17.83655
15:30:10,17.3372784
15:30:11,17.6744728
15:30:12,17.2967873
15:30:13,17.4341717
15:30:14,18.102747
15:30:16,17.62161
15:30:17,17.5675
15:30:19,17.625946
15:30:21,17.87098
15:30:22,18.01767
15:30:23,17.5932026
15:30:24,18.4044037
15:30:25,18.172184
15:30:26,18.2837276
15:30:27,18.2089787
15:30:28,17.5612984
15:30:29,17.9544945
15:30:30,17.8909359
15:30:31,17.6143169
15:30:32,18.2228165
15:30:33,17.8380623
15:30:34,17.6197777
15:30:35,18.5330925
15:30:36,18.0724087
15:30:37,17.21914
15:30:38,18.8041286
15:30:39,17.9705715
15:30:40,18.10205
15:30:41,18.4857159
15:30:42,18.512476
15:30:43,18.9507351
15:30:44,18.0696754
15:30:45,18.444603
15:30:46,17.9189034
15:30:47,18.7235928
15:30:48,18.6046028
15:30:49,19.12504
15:30:50,18.11613
15:30:51,18.1413555
15:30:52,17.528986
15:30:53,16.8302631
15:30:54,17.2932587
15:30:55,17.4844437
15:30:56,17.2372932
15:30:57,17.9369755
15:30:58,17.8833923
15:30:59,17.4796925
15:31:00,16.5453911
15:31:01,16.64725
15:31:02,17.2982845
15:31:03,18.2504387
15:31:04,17.9246426
15:31:05,18.6576061
15:31:06,18.1752148
15:31:07,17.95623
15:31:08,18.1494389
15:31:09,19.1050034
15:31:10,18.373642
15:31:11,18.4681187
15:31:12,18.0437374
15:31:13,18.2355976
15:31:14,17.9532928
15:31:15,17.7881641
15:31:16,18.1598072
15:31:17,17.7487411
15:31:18,17.5706825
15:31:19,17.6476116
15:31:20,18.1143742
15:31:21,17.3044853
15:31:22,17.92304
15:31:23,17.5292168
15:31:24,17.4780884
15:31:25,17.7256241
15:31:26,17.9047413
15:31:27,17.647646
15:31:28,17.33942
15:31:29,17.9590015
15:31:30,17.4477024
15:31:31,17.6629047
15:31:32,17.4737034
15:31:33,17.4709015
15:31:34,17.6979427
15:31:35,17.7667942
15:31:36,18.2652836
15:31:37,17.67631
15:31:38,17.5458126
15:31:39,17.9169788
15:31:40,17.4181156
15:31:41,17.5492249
15:31:42,17.5570259
15:31:43,17.405695
15:31:44,17.7851772
15:31:45,17.8404617
15:31:46,17.4225235
15:31:47,17.63189
15:31:48,18.0945663
15:31:49,17.8588886
15:31:50,18.6670456
15:31:51,17.9376831
15:31:52,17.9560318
15:31:53,17.9154472
15:31:54,16.958025
15:31:55,17.5040932
15:31:56,17.5708961
15:31:57,17.324091
15:31:58,17.658865
15:31:59,17.7420673
15:32:00,17.4136181
15:32:01,17.8461952
15:32:02,18.141325
15:32:03,17.3999043
15:32:04,17.8478775
15:32:05,17.6815453
15:32:06,17.44616
15:32:07,17.6541862
15:32:08,17.82825
15:32:09,17.278595
15:32:10,17.5400448
15:32:11,17.7784157
15:32:12,17.421524
15:32:13,17.479969
15:32:14,17.2340775
15:32:15,17.85694
15:32:16,17.8871136
15:32:17,17.4213734
15:32:18,17.8189888
15:32:19,17.26443
15:32:20,17.9129
15:32:21,17.5671959
15:32:22,17.6553669
15:32:23,17.557869
15:32:24,17.6666946
15:32:25,17.3338127
15:32:26,17.4951916
15:32:27,17.7923622
15:32:28,17.56142
15:32:29,17.81874
15:32:30,16.9946346
15:32:31,17.4243221
15:32:32,17.61836
15:32:33,17.7183857
15:32:34,17.2752457
15:32:35,17.4049759
15:32:36,17.3587875
15:32:37,17.8020382
15:32:38,18.2259235
15:32:39,17.9202824
15:32:40,17.2957115
15:32:41,17.90905
15:32:42,17.8669529
15:32:43,17.8395443
15:32:44,17.9295349
15:32:45,18.7956486
15:32:46,18.2232246
15:32:47,18.048666
15:32:48,17.658987
15:32:49,16.65352
15:32:50,16.7073669
15:32:51,17.3833332
15:32:52,17.20806
15:32:53,16.03582
15:32:54,15.8576021
15:32:55,15.9895735
15:32:56,16.4225254
15:32:57,17.14831
15:32:59,17.8691578
15:33:00,17.59001
15:33:02,17.1086
15:33:03,17.9652271
15:33:04,17.6819839
15:33:05,18.5388622
15:33:07,18.1999187
15:33:08,17.5460682
15:33:09,17.9699574
15:33:10,17.6489964
15:33:11,17.70089
15:33:12,17.60439
15:33:13,17.9203
15:33:14,17.779892
15:33:15,17.8450451
15:33:16,17.8458252
15:33:17,17.4110489
15:33:18,17.5937366
15:33:19,17.8546925
15:33:20,17.5709324
15:33:21,17.52922
15:33:22,18.1687775
15:33:23,17.8198071
15:33:24,17.74549
15:33:25,17.6677113
15:33:26,17.94038
15:33:27,17.8091
15:33:28,18.64234
15:33:29,18.1477985
15:33:30,18.8334522
15:33:31,18.7683945
15:33:32,18.1625252
15:33:33,18.6412163
15:33:34,18.32372
15:33:35,18.76378
15:33:36,17.7395916
15:33:37,18.8864288
15:33:38,19.0087032
15:33:39,18.5781269
15:33:40,19.26964
15:33:41,18.5918579
15:33:42,18.1709576
15:33:43,19.1796913
15:33:44,18.9643822
15:33:45,19.2705612
15:33:46,19.7107639
15:33:47,19.2203236
15:33:48,18.1376572
15:33:49,18.2373486
15:33:50,19.0443573
15:33:51,18.5382843
15:33:52,18.3381
15:33:53,18.9444656
15:33:54,18.4934959
15:33:55,18.307272
15:33:56,18.0754
15:33:57,18.8904762
15:33:58,18.7939777
15:33:59,18.6461983
15:34:00,18.7825623
15:34:01,19.5643826
15:34:02,18.5480824
15:34:03,18.6300488
15:34:04,18.06265
15:34:05,18.35081
15:34:06,17.9932079
15:34:07,18.6099625
15:34:08,18.91264
15:34:09,18.49131
15:34:10,19.0278282
15:34:11,18.70144
15:34:12,18.53669
15:34:13,18.5224571
15:34:14,18.6518135
15:34:15,18.2440033
15:34:16,19.2627
15:34:17,18.8588142
15:34:18,18.7404442
15:34:19,18.6948071
15:34:20,18.7476826
15:34:21,18.39323
15:34:22,17.7357368
15:34:23,17.6125965
15:34:24,17.7708321
15:34:25,17.15225
15:34:26,17.64189
15:34:27,17.5342579
15:34:28,17.5200157
15:34:29,17.6010036
15:34:30,17.7596474
15:34:31,17.94746
15:34:32,17.8087921
15:34:33,18.2785263
15:34:34,18.5010471
15:34:35,17.9259167
15:34:36,18.0778027
15:34:37,17.76951
15:34:38,17.2618389
15:34:39,17.46895
15:34:40,17.63425
15:34:41,17.6105957
15:34:42,17.4235229
15:34:43,17.979744
15:34:44,17.86995
15:34:45,17.6218033
15:34:46,16.8736172
15:34:47,15.8283234
15:34:48,16.3689346
15:34:49,16.0614586
15:34:50,16.1574059
15:34:51,16.0304184
15:34:52,15.8753223
15:34:53,16.2378368
15:34:54,15.4815912
15:34:55,16.7208729
15:34:56,18.0493851
15:34:57,18.0287628
15:34:58,18.15466
15:34:59,17.1420841
15:35:00,17.9508686
15:35:01,18.30216
15:35:02,17.2987347
15:35:03,17.6746864
15:35:04,18.27939
15:35:05,17.25947
15:35:06,17.1051884
15:35:07,17.4150829
15:35:08,17.8646526
15:35:09,17.505724
15:35:10,17.3104858
15:35:11,17.5575485
15:35:12,17.7734547
15:35:13,17.2808666
15:35:14,17.7141762
15:35:15,18.1932049
15:35:16,17.5357819
15:35:17,17.5464325
15:35:18,17.4046345
15:35:19,17.732275
15:35:20,17.2717667
15:35:21,17.7863674
15:35:22,17.84488
15:35:23,17.39423
15:35:24,17.3955173
15:35:25,17.5768623
15:35:26,17.4615364
15:35:27,17.4645863
15:35:28,18.2582912
15:35:29,17.51544
15:35:30,18.0324764
15:35:31,18.1359234
15:35:32,18.65768
15:35:33,17.6512032
15:35:34,17.3749447
15:35:35,18.0416889
15:35:36,18.0318451
15:35:37,17.3649788
15:35:38,17.6138821
15:35:39,17.8152256
15:35:40,17.8798466
15:35:41,17.6630878
15:35:42,17.7280655
15:35:43,17.3678474
15:35:44,17.7183228
15:35:45,17.95749
15:35:46,17.5471573
15:35:47,17.59507
15:35:48,17.7654171
15:35:49,17.8911915
15:35:50,17.9038353
15:35:51,17.9801178
15:35:52,17.3738937
15:35:53,18.4844761
15:35:54,18.4018383
15:35:56,18.5849628
15:35:57,17.904026
15:35:59,17.3167782
15:36:00,17.594017
15:36:01,17.6514645
15:36:02,17.68149
15:36:03,17.6556454
15:36:04,17.7757435
15:36:05,17.6299973
15:36:06,17.3947411
15:36:07,17.8196411
15:36:08,17.7678356
15:36:09,17.8511925
15:36:10,17.9784336
15:36:11,17.6373253
15:36:12,17.612381
15:36:13,17.8152714
15:36:14,17.7050571
15:36:15,17.4259968
15:36:16,17.7275772
15:36:17,17.8215675
15:36:18,17.2039318
15:36:19,17.5014267
15:36:20,17.7977886
15:36:21,17.8485012
15:36:22,17.6952
15:36:23,17.667923
15:36:24,17.6375961
15:36:25,17.5504761
15:36:26,17.4419327
15:36:27,17.2078323
15:36:28,17.6741161
15:36:29,17.7396145
15:36:30,17.24072
15:36:31,17.5199547
15:36:32,17.8291168
15:36:33,17.49482
15:36:34,17.5511665
15:36:35,17.9996
15:36:36,17.3950081
15:36:37,17.48435
15:36:38,17.71677
15:36:39,17.9320831
15:36:40,17.1499557
15:36:41,17.3469372
15:36:42,17.6629925
15:36:43,16.77123
15:36:44,15.8966141
15:36:45,15.5954084
15:36:46,16.112339
15:36:47,15.9824657
15:36:48,16.1640186
15:36:49,16.1318855
15:36:50,15.568512
15:36:51,16.2643471
15:36:52,18.0939827
15:36:53,18.4042034
15:36:54,18.2745838
15:36:55,18.1769447
15:36:56,18.4675674
15:36:57,18.2977123
15:36:58,17.7779369
15:36:59,18.02366
15:37:00,18.1052856
15:37:01,17.86212
15:37:02,18.65418
15:37:03,17.913002
15:37:04,18.8135452
15:37:05,17.79357
15:37:06,18.00576
15:37:07,18.3933849
15:37:08,18.3852749
15:37:09,17.9737244
15:37:10,17.892765
15:37:11,17.80212
15:37:12,17.6668968
15:37:13,17.5440521
15:37:14,17.9812
15:37:15,18.121954
15:37:16,17.8358574
15:37:17,17.8783245
15:37:18,17.618042
15:37:19,17.12513
15:37:20,17.92607
15:37:21,17.3883438
15:37:22,17.3408489
15:37:23,17.3569183
15:37:24,18.2404957
15:37:25,17.99108
15:37:26,18.162117
15:37:27,18.1829758
15:37:28,18.27719
15:37:29,17.74521
15:37:30,18.1831322
15:37:31,18.3157082
15:37:32,18.1519
15:37:33,17.6524849
15:37:34,17.6661358
15:37:35,17.9363918
15:37:36,17.98799
15:37:37,18.0292835
15:37:38,17.57789
15:37:39,17.7402267
15:37:40,18.3604221
15:37:41,19.119215
15:37:42,18.955452
15:37:43,18.42796
15:37:44,18.8641777
15:37:45,18.40408
15:37:46,18.61285
15:37:47,18.826046
15:37:48,18.3191
15:37:49,18.932888
15:37:50,18.5299835
15:37:51,18.8551445
15:37:52,18.3474121
15:37:53,19.3893318
15:37:54,19.1766586
15:37:55,18.55138
15:37:56,17.9481354
15:37:57,18.365591
15:37:58,19.0117741
15:37:59,19.1711788
15:38:00,18.70311
15:38:01,18.3230667
15:38:02,18.8960762
15:38:03,17.9091415
15:38:04,18.7380886
15:38:05,18.16586
15:38:06,18.687664
15:38:07,18.8749657
15:38:08,18.7646866
15:38:09,18.754385
15:38:10,18.662199
15:38:11,18.1819038
15:38:12,18.7321053
15:38:13,18.6708622
15:38:14,18.65235
15:38:15,18.3716125
15:38:16,18.40655
15:38:17,18.899601
15:38:18,18.6456337
15:38:19,18.351141
15:38:20,18.75281
15:38:21,18.1361427
15:38:22,17.89491
15:38:23,18.6596355
15:38:24,18.85119
15:38:25,18.422493
15:38:26,18.32468
15:38:27,18.7348251
15:38:28,18.89204
15:38:29,18.7857285
15:38:30,19.2682171
15:38:31,18.8161888
15:38:32,19.705492
15:38:33,19.09509
15:38:34,19.5644531
15:38:35,19.4127121
15:38:36,18.55872
15:38:37,18.8821278
15:38:38,18.4669037
15:38:39,18.9112549
15:38:40,18.974493
15:38:41,17.6285076
15:38:42,17.9842415
15:38:44,17.2014751
15:38:45,16.9169464
15:38:46,17.13343
15:38:47,16.9336166
15:38:48,17.3698978
15:38:49,17.8887253
15:38:50,17.5256042
15:38:51,18.3559475
15:38:52,18.5295963
15:38:53,18.529726
15:38:54,18.6644325
15:38:55,17.9919529
15:38:56,18.515955
15:38:57,18.6937485
15:38:58,18.3597965
15:38:59,19.1576252
15:39:00,18.2952614
15:39:01,18.9811039
15:39:02,18.6575222
15:39:03,18.4261761
15:39:04,17.8385181
15:39:05,18.7363415
15:39:06,18.1749573
15:39:07,18.54656
15:39:08,18.7016468
15:39:09,18.7382774
15:39:10,18.8840218
15:39:11,18.94261
15:39:12,17.7624264
15:39:13,18.4338188
15:39:14,18.6017075
15:39:15,18.5728283
15:39:16,18.3717632
15:39:17,19.172493
15:39:18,17.5791454
15:39:19,18.482378
15:39:20,18.1390133
15:39:21,18.5879841
15:39:22,18.54366
15:39:23,18.40743
15:39:24,18.2389774
15:39:25,18.1319885
15:39:26,18.2162781
15:39:27,18.8734837
15:39:28,18.8084774
15:39:29,18.3574238
15:39:30,19.1803741
15:39:31,18.8011589
15:39:32,19.6364861
15:39:33,19.081356
15:39:34,18.1583557
15:39:35,17.7403
15:39:36,17.0598621
15:39:37,17.9614677
15:39:38,17.8767834
15:39:39,16.78505
15:39:40,18.0209389
15:39:41,17.4574051
15:39:42,17.4305534
15:39:43,17.7678776
15:39:44,17.6029186
15:39:45,17.6852665
15:39:46,18.6435566
15:39:47,17.9107037
15:39:48,17.6883335
15:39:49,17.5575848
15:39:50,17.6864033
15:39:51,17.9124126
15:39:52,18.0073242
15:39:53,18.05498
15:39:54,18.3297653
15:39:55,17.819252
15:39:56,18.4784775
15:39:57,17.9509239
15:39:58,18.7053452
15:39:59,17.8204842
15:40:00,17.81714
15:40:01,18.1034
15:40:02,18.4824734
15:40:03,18.1417866
15:40:04,18.200943
15:40:05,18.8786736
15:40:06,19.4885826
15:40:07,18.5567188
15:40:08,18.52609
15:40:09,19.4809055
15:40:10,18.7264633
15:40:11,19.0392933
15:40:12,18.5818863
15:40:13,19.08431
15:40:14,19.048193
15:40:15,18.9596119
15:40:16,17.6972485
15:40:17,18.057333
15:40:18,18.510458
15:40:19,18.536459
15:40:20,18.1570625
15:40:21,17.888792
15:40:22,17.5425148
15:40:23,18.3534622
15:40:24,18.5152225
15:40:25,18.0717583
15:40:26,18.26373
15:40:27,18.3691521
15:40:28,18.9813156
15:40:29,18.1252575
15:40:30,19.0538082
15:40:31,18.438839
15:40:32,18.54233
15:40:33,18.39837
15:40:34,18.62781
15:40:35,18.302412
15:40:36,18.9350014
15:40:37,18.5229816
15:40:38,18.1259022
15:40:39,18.8823586
15:40:40,18.26394
15:40:41,18.0922318
15:40:42,17.2783413
15:40:43,17.2298031
15:40:44,17.72864
15:40:45,17.5782738
15:40:46,17.5674019
15:40:47,17.2172
15:40:48,17.3183327
15:40:49,17.2115841
15:40:50,18.387949
15:40:51,17.9808464
15:40:52,18.7982044
15:40:53,18.8932514
15:40:54,18.8933029
15:40:55,18.5477638
15:40:56,19.4001217
15:40:57,18.61275
15:40:58,18.0989513
15:40:59,18.7479725
15:41:00,18.8170128
15:41:01,18.4253826
15:41:02,17.6687412
15:41:03,17.4636173
15:41:04,17.3614464
15:41:05,17.1276283
15:41:06,17.4345589
15:41:07,17.5998287
15:41:08,16.92941
15:41:09,17.3388481
15:41:10,17.3660259
15:41:11,17.2390862
15:41:12,17.7181759
15:41:13,18.2350769
15:41:14,17.660965
15:41:15,17.5075817
15:41:16,17.4280052
15:41:17,17.0360374
15:41:18,17.2954369
15:41:19,17.2477245
15:41:20,17.1318741
15:41:21,16.9741859
15:41:22,17.2543545
15:41:23,17.7486076
15:41:24,17.213129
15:41:25,17.2092724
15:41:26,17.8596134
15:41:27,16.9123459
15:41:28,16.9170532
15:41:29,17.6137581
15:41:30,17.1823311
15:41:31,17.2514114
15:41:32,17.43948
15:41:33,17.5477428
15:41:34,17.2746449
15:41:35,17.6308136
15:41:36,17.7145557
15:41:37,17.0887413
15:41:38,17.4920464
15:41:39,17.5019665
15:41:40,17.17423
15:41:41,17.4948349
15:41:42,17.2355213
15:41:43,17.7397556
15:41:44,17.8946133
15:41:45,17.3922958
15:41:46,18.4166927
15:41:47,17.8034649
15:41:48,18.4249554
15:41:49,17.7394371
15:41:50,17.880352
15:41:51,17.34785
15:41:52,18.2899532
15:41:53,18.0057678
15:41:54,17.3751221
15:41:55,18.2053432
15:41:56,17.7899914
15:41:57,17.949152
15:41:58,18.830246
15:41:59,17.8026524
15:42:00,17.78027
15:42:01,18.26039
15:42:02,18.1731453
15:42:03,17.9892082
15:42:04,17.7574024
15:42:05,17.555233
15:42:06,17.9355965
15:42:07,17.9352226
15:42:08,17.791275
15:42:09,17.66229
15:42:10,17.2232246
15:42:11,16.7843113
15:42:12,17.83086
15:42:13,18.4092617
15:42:14,18.60861
15:42:15,18.4665871
15:42:16,17.6956348
15:42:17,18.6425934
15:42:18,18.7568245
15:42:19,19.2102013
15:42:20,18.6014786
15:42:21,18.13679
15:42:22,17.9567013
15:42:23,17.9477882
15:42:24,18.3900623
15:42:25,18.9274273
15:42:26,18.7618923
15:42:27,18.0880928
15:42:28,17.017704
15:42:29,18.041584
15:42:30,17.88863
15:42:31,17.4490318
15:42:32,18.1640873
15:42:33,17.0832939
15:42:34,17.4686413
15:42:35,17.20974
15:42:36,18.1676044
15:42:37,17.0812511
15:42:38,17.8819675
15:42:39,16.8706226
15:42:40,16.6716957
15:42:41,16.22342
15:42:42,16.5650082
15:42:43,16.47526
15:42:44,15.8838367
15:42:45,16.5207844
15:42:46,16.3671513
15:42:47,16.4297962
15:42:48,18.3947182
15:42:49,17.7186642
15:42:50,18.5456467
15:42:51,18.644392
15:42:52,18.0427761
15:42:53,18.44134
15:42:54,18.13051
15:42:55,18.3006325
15:42:56,18.28608
15:42:57,18.680294
15:42:58,18.1927032
15:42:59,19.0061321
15:43:00,17.6657372
15:43:01,17.4822712
15:43:02,18.0631523
15:43:03,17.8133717
15:43:04,17.8429947
15:43:05,17.5499439
15:43:06,18.2547989
15:43:07,18.9609
15:43:08,18.773695
15:43:09,19.0493736
15:43:10,18.4608974
15:43:11,19.1132755
15:43:12,18.378334
15:43:13,18.778389
15:43:14,18.2380142
15:43:15,19.0806675
15:43:16,18.798872
15:43:17,19.2902546
15:43:18,19.04026
15:43:19,18.7422123
15:43:20,18.79243
15:43:21,18.6091156
15:43:22,18.8066635
15:43:23,18.6281929
15:43:24,18.0231724
15:43:25,18.6768951
15:43:26,18.1523075
15:43:27,19.2389336
15:43:28,18.9070854
15:43:29,19.0930252
15:43:30,18.8365479
15:43:31,19.21549
15:43:32,19.0048523
15:43:33,19.216074
15:43:34,19.3324242
15:43:35,18.3001156
15:43:36,19.17177
15:43:37,18.10295
15:43:38,18.5404243
15:43:39,17.2872448
15:43:40,17.72477
15:43:41,16.8767586
15:43:42,17.6270161
15:43:43,17.7884636
15:43:44,17.7285938
15:43:45,17.96918
15:43:46,17.61553
15:43:47,17.6707935
15:43:48,17.662117
15:43:49,18.05403
15:43:51,17.5787163
15:43:52,17.5746346
15:43:53,17.6930389
15:43:54,17.8175926
15:43:55,17.78173
15:43:56,17.4042683
15:43:57,17.3293686
15:43:58,17.4269867
15:44:00,17.21049
15:44:01,18.06311
15:44:02,16.7866859
15:44:03,17.8385067
15:44:04,17.6920738
15:44:05,17.5663872
15:44:06,17.5780926
15:44:07,17.3317451
15:44:08,17.8006725
15:44:09,17.7839642
15:44:10,17.8362713
15:44:11,17.6451359
15:44:12,17.03056
15:44:13,16.9147358
15:44:14,18.2424717
15:44:15,17.5906582
15:44:16,17.5374928
15:44:17,17.43464
15:44:18,17.6682549
15:44:19,18.0217857
15:44:20,17.5355072
15:44:21,18.1384735
15:44:22,17.6332111
15:44:23,18.1442089
15:44:24,17.441618
15:44:25,17.9947071
15:44:26,17.5140572
15:44:27,17.111227
15:44:28,17.900013
15:44:29,17.2733212
15:44:30,17.9820976
15:44:31,17.8005047
15:44:32,17.8348885
15:44:33,18.0356522
15:44:34,17.3416672
15:44:35,17.5429916
15:44:36,17.5717945
15:44:37,17.6326389
15:44:38,16.2304554
15:44:39,16.4903927
15:44:40,16.2130318
15:44:41,16.2156181
15:44:42,15.9644938
15:44:43,16.3144932
15:44:44,16.384798
15:44:45,16.2428837
15:44:46,16.6871223
15:44:47,15.3729353
15:44:48,15.9351416
15:44:49,16.57106
15:44:50,16.5093746
15:44:51,17.0529156
15:44:52,16.1143436
15:44:53,16.6369286
15:44:54,16.0477638
15:44:55,16.05015
15:44:56,16.7954636
15:44:57,16.7982826
15:44:58,16.8359318
15:44:59,16.3581619
15:45:00,15.5659189
15:45:01,16.0891819
15:45:02,16.9007912
15:45:03,16.5520134
15:45:04,16.5990925
15:45:05,17.7744827
15:45:06,19.2949886
15:45:07,17.6848888
15:45:08,18.0367374
15:45:09,17.4570923
15:45:10,18.3440228
15:45:11,18.0113945
15:45:12,18.031456
15:45:13,17.5561562
15:45:14,18.1794834
15:45:15,17.80029
15:45:16,17.2566757
15:45:17,17.3603077
15:45:18,17.7101421
15:45:19,17.4812622
15:45:20,17.4456577
15:45:21,17.6125965
15:45:22,17.68192
15:45:23,18.35823
15:45:24,17.6153946
15:45:25,17.951519
15:45:26,17.4519882
15:45:27,18.2704468
15:45:28,17.6180286
15:45:29,17.924118
15:45:30,18.135088
15:45:31,17.6407967
15:45:32,18.1893368
15:45:33,17.6026764
15:45:34,18.7296
15:45:35,17.5533447
15:45:36,17.89643
15:45:37,17.95533
15:45:38,17.8500557
15:45:39,17.457777
15:45:40,18.2433338
15:45:41,18.21037
15:45:42,18.5624275
15:45:43,18.29697
15:45:44,18.0121727
15:45:45,17.8315411
15:45:46,17.5026836
15:45:47,17.77394
15:45:48,17.81684
15:45:49,17.6584454
15:45:50,18.0039654
15:45:51,17.7348461
15:45:52,18.0650768
15:45:53,17.8260059
15:45:54,18.0994415
15:45:55,18.7341671
15:45:56,18.4662724
15:45:57,18.0800114
15:45:58,18.71808
15:45:59,18.7395535
15:46:00,19.01898
15:46:01,18.4909534
15:46:02,18.7919159
15:46:03,18.5628548
15:46:04,19.0826511
15:46:05,18.9036846
15:46:06,19.2607822
15:46:07,18.1963673
15:46:08,18.6563663
15:46:09,18.5868015
15:46:10,17.577776
15:46:11,18.34722
15:46:12,17.976532
15:46:13,18.0530853
15:46:15,18.9709225
15:46:16,19.3806534
15:46:17,18.7787514
15:46:18,19.1549168
15:46:19,19.1539879
15:46:20,18.3623753
15:46:21,17.9219646
15:46:22,17.4220333
15:46:23,17.85842
15:46:24,18.28589
15:46:25,18.3027325
15:46:26,18.2089348
15:46:27,18.0607147
15:46:28,18.2999363
15:46:29,17.9420776
15:46:30,17.5561428
15:46:31,17.9538231
15:46:32,18.1574478
15:46:33,18.26814
15:46:34,18.35953
15:46:35,18.1003571
15:46:36,17.6061859
15:46:37,18.2335052
15:46:38,17.7482128
15:46:40,17.7030487
15:46:41,17.4922943
15:46:42,17.90731
15:46:43,18.2671776
15:46:44,18.6561661
15:46:46,18.6873245
15:46:47,18.8183041
15:46:48,18.7698765
15:46:49,18.49531
15:46:50,17.6436443
15:46:51,18.2641716
15:46:52,18.5296688
15:46:53,18.3063145
15:46:54,18.2279339
15:46:55,18.2590656
15:46:56,18.5817871
15:46:57,17.1237373
15:46:58,16.46131
15:46:59,17.1046677
15:47:00,17.22171
15:47:01,16.929285
15:47:02,17.48962
15:47:03,17.4665756
15:47:04,16.5922718
15:47:05,16.6182766
15:47:06,17.6475563
15:47:07,17.8032589
15:47:08,17.2777729
15:47:09,17.4275
15:47:10,17.5203648
15:47:11,17.7843475
15:47:12,17.76131
15:47:13,18.0552559
15:47:14,18.1449833
15:47:15,18.11734
15:47:16,18.0605087
15:47:17,18.3896313
15:47:18,18.31182
15:47:19,18.72269
15:47:20,17.4197826
15:47:21,18.4015579
15:47:22,18.3194141
15:47:23,18.3432026
15:47:24,18.3150578
15:47:25,18.7639618
15:47:26,18.299921
15:47:27,17.7849617
15:47:28,17.992981
15:47:29,18.6438866
15:47:30,18.1302433
15:47:31,18.80093
15:47:32,17.8308525
15:47:33,18.1501331
15:47:34,18.2186031
15:47:35,18.4260426
15:47:36,18.5228081
15:47:37,18.1145725
15:47:38,17.6100941
15:47:39,18.0165329
15:47:40,17.8512363
15:47:41,17.26683
15:47:42,17.4956741
15:47:43,18.2490425
15:47:44,17.9899673
15:47:45,17.54007
15:47:46,17.2720928
15:47:47,17.5985813
15:47:48,17.0767937
15:47:49,18.0158844
15:47:50,18.6443367
15:47:51,17.9719868
15:47:52,18.9537487
15:47:53,18.3167439
15:47:54,18.1029968
15:47:55,18.2652512
15:47:56,18.3190651
15:47:57,18.4735451
15:47:58,18.0755749
15:47:59,18.1487217
15:48:00,18.1025352
15:48:01,18.8540535
15:48:02,18.0923424
15:48:03,18.644331
15:48:04,18.5353775
15:48:05,17.7647533
15:48:06,18.5434513
15:48:07,19.1295128
15:48:08,19.0814915
15:48:09,18.9716187
15:48:10,17.75596
15:48:11,17.9852982
15:48:12,18.3596554
15:48:13,17.203886
15:48:14,18.4492073
15:48:15,18.2047729
15:48:16,18.55472
15:48:17,18.44172
15:48:18,18.4558125
15:48:19,17.9086018
15:48:20,18.0052567
15:48:21,18.2870884
15:48:22,17.9037132
15:48:23,17.08133
15:48:24,17.5175056
15:48:25,18.26195
15:48:26,18.1351776
15:48:27,17.909544
15:48:28,17.7229843
15:48:29,18.40723
15:48:30,17.6926422
15:48:31,18.0776539
15:48:32,17.9552288
15:48:33,17.639389
15:48:34,17.93954
15:48:35,17.9836826
15:48:36,17.299408
15:48:37,18.0268841
15:48:38,17.5512314
15:48:39,18.2217216
15:48:40,17.8148956
15:48:41,17.57636
15:48:42,17.5380249
15:48:43,17.68588
15:48:44,18.2867336
15:48:45,18.2110023
15:48:46,17.8864746
15:48:47,18.04278
15:48:48,17.37811
15:48:49,18.02172
15:48:50,16.8472347
15:48:51,17.1788712
15:48:52,17.6441536
15:48:53,17.6411018
15:48:54,17.7499523
15:48:55,17.5660515
15:48:56,18.4203053
15:48:57,16.1882973
15:48:58,16.1043873
15:48:59,15.8883762
15:49:00,16.7658577
15:49:01,16.3271141
15:49:02,16.8436356
15:49:03,17.016695
15:49:04,15.9184456
15:49:05,16.63132
15:49:06,17.17566
15:49:07,17.4895649
15:49:08,17.6655674
15:49:09,17.6059723
15:49:10,18.80953
15:49:11,17.5539341
15:49:12,17.9029846
15:49:13,17.6691456
15:49:15,17.4210052
15:49:17,18.0712986
15:49:18,17.8032742
15:49:20,17.31317
15:49:21,17.3860168
15:49:22,18.45268
15:49:24,18.5740089
15:49:25,17.30031
15:49:26,17.4849148
15:49:27,18.0839577
15:49:28,17.3002415
15:49:29,17.5463142
15:49:30,17.7822742
15:49:31,17.4849167
15:49:32,17.3074036
15:49:33,17.5409184
15:49:34,17.57795
15:49:35,17.8530846
15:49:36,17.3331051
15:49:37,17.5653629
15:49:38,17.322401
15:49:39,17.4052258
15:49:40,17.7889576
15:49:41,17.5608578
15:49:42,17.527195
15:49:43,17.9873524
15:49:44,17.7482014
15:49:45,17.5594978
15:49:46,17.97342
15:49:47,18.1578388
15:49:48,17.4787369
15:49:49,17.7141075
15:49:50,17.4512939
15:49:51,17.3655319
15:49:52,17.9584026
15:49:53,17.8119
15:49:54,17.06489
15:49:55,17.4396
15:49:56,18.0034046
15:49:57,18.2881126
15:49:58,17.79318
15:49:59,18.128418
15:50:00,17.910862
15:50:01,17.2720032
15:50:02,17.7825851
15:50:03,17.2261276
15:50:04,17.34705
15:50:05,17.6912975
15:50:06,17.4787579
15:50:07,17.7095585
15:50:08,17.6704121
15:50:09,17.41885
15:50:10,17.044054
15:50:11,17.69682
15:50:12,17.454134
15:50:13,17.7123642
15:50:14,17.8097439
15:50:15,18.0003586
15:50:16,18.15906
15:50:17,17.8969212
15:50:18,17.2325687
15:50:19,17.3275146
15:50:20,17.8457928
15:50:21,17.5608253
15:50:22,17.7911949
15:50:23,17.7098446
15:50:24,18.0138149
15:50:25,16.9908066
15:50:26,17.9946
15:50:27,17.7119923
15:50:28,17.9772968
15:50:29,17.83262
15:50:30,18.1188469
15:50:31,17.45298
15:50:32,17.6866016
15:50:33,17.8557549
15:50:34,17.2477131
15:50:35,17.4435425
15:50:36,17.9476948
15:50:37,17.49581
15:50:38,18.4372845
15:50:39,17.41979
15:50:40,17.4511223
15:50:41,17.2687283
15:50:42,17.1376858
15:50:43,17.90688
15:50:44,17.8061047
15:50:45,17.773325
15:50:46,18.277092
15:50:47,18.2290535
15:50:48,18.1547775
15:50:49,17.7370052
15:50:50,18.3961449
15:50:51,17.18172
15:50:52,17.5713615
15:50:53,17.8944511
15:50:54,17.0991783
15:50:55,15.7531948
15:50:56,15.8248243
15:50:57,16.0935249
15:50:58,15.7683964
15:50:59,16.1868248
15:51:00,16.96267
15:51:01,16.6773529
15:51:02,15.75641
15:51:03,17.2934437
15:51:04,18.3467751
15:51:05,17.7225266
15:51:06,17.9785385
15:51:07,17.5208549
15:51:08,17.498415
15:51:09,18.5916
15:51:10,18.0863285
15:51:11,18.3817959
15:51:12,18.1133156
15:51:13,17.31259
15:51:14,17.4185219
15:51:15,17.853672
15:51:16,17.175684
15:51:17,18.1892948
15:51:18,17.01574
15:51:19,17.1402359
15:51:20,17.50757
15:51:21,17.2419834
15:51:22,17.15906
15:51:23,17.52057
15:51:24,17.3172073
15:51:25,17.8173542
15:51:26,18.23227
15:51:27,17.9903851
15:51:28,17.2452049
15:51:29,17.81356
15:51:30,17.5613613
15:51:31,17.4044743
15:51:32,17.1927
15:51:33,17.4341965
15:51:34,16.8270454
15:51:35,17.3974972
15:51:36,17.8417358
15:51:37,17.7414112
15:51:38,16.9785137
15:51:39,18.37105
15:51:40,16.95002
15:51:41,17.87467
15:51:42,17.13416
15:51:43,16.8177319
15:51:44,17.57751
15:51:45,17.3978214
15:51:46,17.46025
15:51:48,17.2136612
15:51:49,16.9253311
15:51:51,17.3157463
15:51:52,16.9219418
15:51:53,17.5444565
15:51:54,17.1399479
15:51:55,17.304327
15:51:56,17.5436974
15:51:57,17.1339054
15:51:58,17.4740467
15:51:59,17.4917
15:52:00,17.9433517
15:52:01,17.7885933
15:52:02,17.5091248
15:52:03,17.6557961
15:52:04,17.7236862
15:52:05,17.7356644
15:52:06,17.5442715
15:52:07,17.5056553
15:52:08,17.2234669
15:52:09,17.3658142
15:52:10,17.2802353
15:52:11,17.2479668
15:52:12,17.1366138
15:52:13,17.4632759
15:52:14,17.3948917
15:52:15,17.7518654
15:52:16,18.17626
15:52:17,17.9685555
15:52:18,17.7843018
15:52:19,17.3098621
15:52:20,17.4637756
15:52:21,17.2132988
15:52:22,17.2897377
15:52:23,17.4823914
15:52:24,17.561882
15:52:25,17.3865623
15:52:26,17.33429
15:52:27,17.0340824
15:52:28,17.4035282
15:52:29,17.7056465
15:52:30,17.5072269
15:52:31,17.18254
15:52:32,17.8325729
15:52:33,17.7372723
15:52:34,17.4435081
15:52:35,18.1669617
15:52:36,17.720705
15:52:37,16.9909611
15:52:38,17.4714088
15:52:39,17.5278473
15:52:40,17.0420532
15:52:41,17.208416
15:52:42,18.0479813
15:52:43,17.6474075
15:52:44,17.9829082
15:52:45,17.0033665
15:52:46,17.9271126
15:52:47,17.6185188
15:52:48,17.2652931
15:52:49,17.3299732
15:52:50,17.3592777
15:52:51,16.31381
15:52:52,16.5067062
15:52:53,15.74394
15:52:54,15.780014
15:52:55,15.1759815
15:52:56,15.9941664
15:52:57,15.3722239
15:52:58,15.937088
15:52:59,17.391592
15:53:00,18.6953754
15:53:01,17.1473274
15:53:02,17.24638
15:53:03,17.2449722
15:53:04,17.2309628
15:53:05,17.3027611
15:53:06,17.3262482
15:53:07,17.6391754
15:53:08,17.35754
15:53:09,17.1398144
15:53:10,17.69119
15:53:11,16.9570045
15:53:12,16.9543438
15:53:13,17.4493446
15:53:14,17.032608
15:53:15,17.6408634
15:53:16,17.2605019
15:53:17,17.7832127
15:53:18,17.5447464
15:53:19,17.62623
15:53:20,17.42188
15:53:21,17.5444
15:53:22,17.7567043
15:53:23,17.6484985
15:53:24,17.513237
15:53:25,18.1053314
15:53:26,17.5268822
15:53:27,17.7081738
15:53:28,17.3369217
15:53:29,17.1195564
15:53:30,17.06116
15:53:31,17.323782
15:53:32,17.4941177
15:53:33,17.598196
15:53:34,17.2509747
15:53:35,17.111887
15:53:36,17.45627
15:53:37,16.8291721
15:53:38,17.3126736
15:53:39,17.6648922
15:53:40,17.5958023
15:53:41,17.4752579
15:53:42,17.683672
15:53:43,17.4552021
15:53:44,18.2922764
15:53:45,17.8761635
15:53:46,17.3830757
15:53:47,17.7331734
15:53:48,17.3953075
15:53:49,17.31448
15:53:50,17.05887
15:53:51,17.5681477
15:53:52,17.40773
15:53:53,17.35494
15:53:54,17.4698524
15:53:55,17.6656513
15:53:56,17.88992
15:53:57,17.4204979
15:53:58,17.0305519
15:53:59,17.2286816
15:54:00,17.12099
15:54:01,17.4369888
15:54:02,17.8927
15:54:03,17.63756
15:54:04,17.41923
15:54:05,17.4313526
15:54:06,17.0829258
15:54:07,17.4083614
15:54:08,17.47633
15:54:09,17.8237019
15:54:10,17.42625
15:54:11,17.1310253
15:54:12,17.3398914
15:54:13,16.80312
15:54:14,17.7516251
15:54:15,17.8431969
15:54:17,17.4206619
15:54:18,17.2758064
15:54:19,17.54814
15:54:20,17.7384224
15:54:21,17.3275146
15:54:22,17.1325569
15:54:23,17.44879
15:54:24,17.0042019
15:54:25,17.16788
15:54:26,17.58306
15:54:27,17.3124828
15:54:28,17.3377361
15:54:29,17.46926
15:54:30,17.37071
15:54:31,17.0165634
15:54:32,17.5509815
15:54:33,17.04216
15:54:34,17.5624943
15:54:35,16.8549576
15:54:37,17.2507915
15:54:39,17.0141315
15:54:40,17.1122532
15:54:41,17.28403
15:54:42,17.232254
15:54:43,17.4045849
15:54:44,17.2400856
15:54:45,17.3695755
15:54:46,16.98095
15:54:47,15.8415155
15:54:48,17.2657261
15:54:49,16.7214565
15:54:50,16.26322
15:54:51,16.52852
15:54:52,15.9724045
15:54:53,15.4587612
15:54:54,15.2326069
15:54:55,16.6776485
15:54:56,17.3084774
15:54:57,17.6644669
15:54:58,17.8302441
15:54:59,17.1605549
15:55:00,17.0817566
15:55:01,17.0648289
15:55:02,17.5487957
15:55:03,17.223259
15:55:04,17.62205
15:55:05,17.0732384
15:55:06,17.3153782
15:55:07,18.4506168
15:55:08,17.6513634
15:55:09,17.5442829
15:55:10,17.8349934
15:55:11,17.4060364
15:55:12,17.341732
15:55:13,18.2126274
15:55:14,17.36111
15:55:15,17.41853
15:55:16,17.8020267
15:55:17,18.142025
15:55:18,17.586237
15:55:19,17.0611267
15:55:20,17.6365757
15:55:21,17.5765343
15:55:22,17.2005787
15:55:23,17.9478283
15:55:24,17.6597672
15:55:25,17.3211441
15:55:26,17.81771
15:55:27,17.279726
15:55:28,16.7535915
15:55:29,17.3718948
15:55:30,17.5973339
15:55:31,17.1160736
15:55:32,18.0405216
15:55:33,17.43582
15:55:34,17.0639782
15:55:35,17.2210979
15:55:36,17.5171776
15:55:37,17.8836212
15:55:38,17.367197
15:55:39,17.2751732
15:55:40,17.52008
15:55:41,17.43261
15:55:42,17.6857643
15:55:43,17.3605824
15:55:44,17.5730114
15:55:45,17.3169785
15:55:46,17.0654964
15:55:47,16.90866
15:55:48,17.9173069
15:55:49,17.31138
15:55:50,17.0949955
15:55:51,17.5650387
15:55:52,18.0910263
15:55:53,17.6163349
15:55:54,17.21997
15:55:55,17.22028
15:55:56,17.4927616
15:55:57,17.1606064
15:55:58,17.1563263
15:55:59,17.289587
15:56:00,17.4878864
15:56:01,17.0188122
15:56:02,17.5741386
15:56:03,17.4539146
15:56:04,17.839201
15:56:05,17.480999
15:56:06,17.245985
15:56:07,16.8035641
15:56:08,17.1605453
15:56:09,18.1738186
15:56:10,17.36913
15:56:11,17.060791
15:56:12,17.4283562
15:56:13,17.1887341
15:56:14,17.26494
15:56:15,17.6914883
15:56:16,17.8727417
15:56:17,17.34927
15:56:18,17.7136517
15:56:19,17.1751575
15:56:20,17.1591587
15:56:21,17.495306
15:56:22,17.5147343
15:56:23,17.8818035
15:56:24,17.9468136
15:56:25,17.81797
15:56:26,17.33751
15:56:27,18.2329941
15:56:28,17.1413574
15:56:29,17.9234753
15:56:30,17.5156384
15:56:31,17.4100075
15:56:32,17.25466
15:56:33,17.9644623
15:56:34,17.95184
15:56:35,17.7010059
15:56:36,18.1257114
15:56:37,18.104187
15:56:38,17.7839451
15:56:39,17.6602421
15:56:40,17.5620918
15:56:41,18.1484261
15:56:42,17.2092438
15:56:43,15.8910465
15:56:44,16.022274
15:56:45,16.046545
15:56:46,16.2839336
15:56:47,16.2007561
15:56:48,15.9928331
15:56:49,16.1987724
15:56:50,17.0055218
15:56:51,16.31445
15:56:52,17.5673332
15:56:53,17.5829144
15:56:54,17.85764
15:56:55,17.4420719
15:56:56,17.64366
15:56:57,17.2130833
15:56:58,17.5242672
15:56:59,17.81266
15:57:00,17.8898449
15:57:01,17.4139729
15:57:02,17.8587322
15:57:03,17.7856865
15:57:04,17.80661
15:57:05,17.7333813
15:57:06,18.0354652
15:57:07,17.5071335
15:57:08,17.8770676
15:57:09,18.3642712
15:57:10,17.699543
15:57:11,17.8907986
15:57:12,18.6393757
15:57:13,17.8507462
15:57:15,18.047718
15:57:16,17.9312763
15:57:17,17.6059284
15:57:18,18.0464611
15:57:19,17.32603
15:57:21,17.20793
15:57:22,16.801836
15:57:23,17.6051083
15:57:24,17.5919228
15:57:26,17.5655823
15:57:28,17.8945236
15:57:29,18.2427959
15:57:31,17.6968575
15:57:32,17.86524
15:57:33,17.480444
15:57:34,17.6444817
15:57:35,17.1887627
15:57:36,17.6187611
15:57:37,17.5244713
15:57:38,17.1397343
15:57:39,18.1473064
15:57:40,17.2960377
15:57:41,17.7210636
15:57:42,17.4096546
15:57:43,17.3214569
15:57:44,17.7668915
15:57:45,17.619133
15:57:46,17.9620571
15:57:47,17.9315853
15:57:48,16.8893547
15:57:49,17.3849583
15:57:50,17.6934719
15:57:51,17.8290882
15:57:52,17.5499363
15:57:53,18.0018272
15:57:54,17.28341
15:57:55,17.15735
15:57:56,17.3918457
15:57:57,17.1481838
15:57:58,17.1866264
15:57:59,17.673399
15:58:00,17.2138367
15:58:01,17.7681236
15:58:02,17.51711
15:58:03,17.4338741
15:58:04,17.81048
15:58:05,17.42215
15:58:06,17.5012989
15:58:07,17.3781
15:58:08,16.9613
15:58:09,17.7545681
15:58:10,17.5426788
15:58:11,18.1306782
15:58:12,18.1844749
15:58:13,17.6406059
15:58:14,17.9059486
15:58:15,17.2638187
15:58:16,17.10442
15:58:17,17.89715
15:58:18,17.8895855
15:58:19,17.6133614
15:58:20,17.6080742
15:58:21,17.5030479
15:58:22,17.765089
15:58:23,17.3900452
15:58:24,18.484869
15:58:25,17.2549229
15:58:26,17.9748154
15:58:27,17.9930973
15:58:28,17.0343571
15:58:29,18.174881
15:58:30,17.501997
15:58:31,18.1012077
15:58:32,17.0474682
15:58:33,17.7876244
15:58:34,18.2520046
15:58:35,17.5813942
15:58:36,18.17239
15:58:37,17.5375023
15:58:38,17.6830788
15:58:39,17.5669613
15:58:40,17.95264
15:58:41,17.932518
15:58:42,16.2046051
15:58:43,16.7268314
15:58:44,16.8015766
15:58:45,16.0430546
15:58:46,16.96055
15:58:47,16.96073
15:58:48,16.3479843
15:58:49,16.2135944
15:58:50,16.83632
15:58:51,17.770174
15:58:52,17.9172421
15:58:53,18.0654545
15:58:54,18.36573
15:58:55,17.77549
15:58:56,16.9868832
15:58:57,17.6900654
15:58:58,17.75751
15:58:59,17.565134
15:59:00,18.2302227
15:59:01,17.99506
15:59:02,17.5716686
15:59:03,18.3441486
15:59:04,17.4930325
15:59:05,17.98118
15:59:06,17.92724
15:59:07,17.4931126
15:59:08,17.81348
15:59:09,17.57575
15:59:10,17.7910538
15:59:11,17.6794643
15:59:12,17.7987442
15:59:13,17.93541
15:59:14,17.6235981
15:59:15,17.8642
15:59:16,17.2169552
15:59:17,17.492178
15:59:18,17.36271
15:59:19,17.6718674
15:59:20,17.3612976
15:59:21,18.0617714
15:59:22,18.1546535
15:59:23,17.4461613
15:59:24,17.5558
15:59:25,18.1424942
15:59:26,17.7416573
15:59:28,18.38211
15:59:29,18.5760021
15:59:30,17.6877556
15:59:31,18.7897587
15:59:32,19.2302113
15:59:33,18.933754
15:59:34,19.14595
15:59:35,18.277668
15:59:36,18.548048
15:59:37,18.8392773
15:59:38,18.8087559
15:59:39,18.9876728
15:59:40,18.17194
15:59:41,19.0237465
15:59:42,18.7315826
15:59:43,19.1066971
15:59:44,18.87441
15:59:45,18.16906
15:59:46,18.514637
15:59:47,18.676363
15:59:48,19.3299046
15:59:49,18.6142311
15:59:50,18.361454
15:59:51,18.6794662
15:59:52,18.2536926
15:59:53,18.086237
15:59:54,18.1800346
15:59:55,18.51733
15:59:56,17.9302521
15:59:57,18.3542042
15:59:58,17.7884121
15:59:59,18.739748
16:00:00,18.5498142
16:00:01,17.8813763
16:00:02,18.2373066
16:00:03,18.7737484
16:00:04,18.192791
16:00:05,18.43863
16:00:06,18.8257275
16:00:07,18.44926
16:00:08,18.7931538
16:00:09,18.34241
16:00:10,18.1488781
16:00:11,18.2495213
16:00:12,18.4630241
16:00:13,18.7500782
16:00:15,18.697546
16:00:16,18.0009861
16:00:17,18.1672325
16:00:19,18.4617729
16:00:21,18.5686321
16:00:22,18.8111153
16:00:23,18.8143368
16:00:24,18.2131557
16:00:25,18.4751053
16:00:26,18.2648087
16:00:27,18.6391964
16:00:28,18.60714
16:00:29,18.867918
16:00:30,18.4438457
16:00:31,18.7953053
16:00:32,19.751255
16:00:33,18.8120766
16:00:34,18.6409245
16:00:35,18.494606
16:00:36,18.6276665
16:00:37,18.8632755
16:00:38,17.9489536
16:00:39,19.4636974
16:00:40,18.6965389
16:00:41,17.41424
16:00:42,17.3953133
16:00:43,17.7952461
16:00:44,17.7968445
16:00:45,17.9312878
16:00:46,16.8644428
16:00:47,16.9365845
16:00:48,17.102108
16:00:49,16.3773041
16:00:50,17.78315
16:00:51,18.4605656
16:00:52,18.5006676
16:00:53,18.1416569
16:00:54,17.9526863
16:00:55,17.5238667
16:00:56,17.7780075
16:00:57,18.4271526
16:00:58,17.6545372
16:00:59,18.2062473
16:01:00,17.8953457
16:01:01,17.96134
16:01:02,18.16566
16:01:03,17.6970081
16:01:04,17.7011852
16:01:05,17.9431248
16:01:06,17.6773777
16:01:07,17.6590137
16:01:08,17.9336
16:01:09,17.8875427
16:01:10,18.0991154
16:01:11,18.2924862
16:01:12,18.2535934
16:01:13,17.9271431
16:01:14,17.9734764
16:01:15,17.6892128
16:01:16,17.3769226
16:01:17,18.2334023
16:01:18,17.7240276
16:01:19,18.37584
16:01:20,18.1933384
16:01:21,18.1891
16:01:22,17.968235
16:01:23,17.949873
16:01:24,17.9815521
16:01:25,18.5388374
16:01:26,18.0459061
16:01:27,17.802845
16:01:28,18.3275757
16:01:29,18.6909027
16:01:30,17.785881
16:01:31,17.71036
16:01:32,17.8475246
16:01:33,18.11718
16:01:34,18.2731361
16:01:35,17.9112854
16:01:36,18.34713
16:01:37,18.12173
16:01:38,18.5919933
16:01:39,18.70855
16:01:40,18.2876015
16:01:41,18.0952
16:01:42,17.8627243
16:01:43,18.4238548
16:01:44,18.1144352
16:01:45,17.9081821
16:01:46,18.3746948
16:01:47,18.02535
16:01:48,18.3450146
16:01:49,18.3593464
16:01:50,18.2043381
16:01:51,18.2183189
16:01:52,18.555048
16:01:53,17.5964088
16:01:54,17.6476517
16:01:55,18.1720753
16:01:56,18.3238659
16:01:57,19.15895
16:01:58,17.8936234
16:01:59,18.2205925
16:02:00,18.7550182
16:02:01,17.95108
16:02:02,18.52523
16:02:03,17.890873
16:02:04,18.4647713
16:02:05,18.2614441
16:02:06,18.0190239
16:02:07,17.8690987
16:02:08,18.3955612
16:02:09,18.1531067
16:02:10,18.1623955
16:02:11,17.7685165
16:02:12,17.93445
16:02:13,18.1984348
16:02:14,17.4338474
16:02:15,18.3326225
16:02:16,18.336153
16:02:17,18.62913
16:02:18,18.211731
16:02:19,18.0595436
16:02:20,18.3471661
16:02:21,17.9827652
16:02:22,18.2819862
16:02:23,17.59579
16:02:24,18.26919
16:02:25,17.6543026
16:02:26,18.23646
16:02:27,17.6980114
16:02:28,17.8548431
16:02:29,18.9115944
16:02:30,18.010397
16:02:31,17.9279289
16:02:32,18.35965
16:02:33,18.3634624
16:02:34,18.4141788
16:02:35,18.2556381
16:02:36,18.69318
16:02:37,18.1021576
16:02:38,18.7561684
16:02:39,16.9776821
16:02:40,17.0288258
16:02:41,16.7916
16:02:42,17.8435135
16:02:43,18.0587654
16:02:44,18.0290165
16:02:45,18.0419827
16:02:46,17.3836861
16:02:47,17.1777287
16:02:48,16.4630585
16:02:49,18.0516644
16:02:50,18.081
16:02:51,18.2208443
16:02:52,18.3519936
16:02:53,18.016983
16:02:54,18.7797375
16:02:55,17.74664
16:02:56,18.1315823
16:02:57,18.0299377
16:02:58,18.14662
16:02:59,18.3088551
16:03:00,18.28502
16:03:01,18.0345058
16:03:02,17.9177742
16:03:03,18.4078388
16:03:04,17.9409275
16:03:05,17.9233036
16:03:06,18.0887413
16:03:07,18.22753
16:03:08,18.1228733
16:03:09,18.0491
16:03:10,17.9101467
16:03:11,18.2176
16:03:12,17.66694
16:03:13,17.7537518
16:03:15,18.3143253
16:03:16,17.837307
16:03:17,17.7527981
16:03:18,17.6811066
16:03:19,17.6910248
16:03:21,17.6847534
16:03:23,18.2283516
16:03:25,17.759346
16:03:26,18.584198
16:03:27,17.5728951
16:03:28,18.20786
16:03:29,17.7566967
16:03:30,18.2331886
16:03:31,18.415102
16:03:32,17.4330521
16:03:33,18.1855049
16:03:34,17.8354874
16:03:35,18.0666
16:03:36,18.2076473
16:03:37,17.5844288
16:03:38,18.2172489
16:03:39,17.6598186
16:03:40,18.3135757
16:03:41,18.1526623
16:03:42,17.6972733
16:03:43,18.6441212
16:03:44,17.79569
16:03:45,18.0954285
16:03:46,17.95879
16:03:47,17.8787117
16:03:48,18.2277241
16:03:49,17.871376
16:03:50,17.8130169
16:03:51,17.850853
16:03:52,18.1002579
16:03:53,18.7443714
16:03:54,17.9959373
16:03:55,18.5868816
16:03:56,17.8310776
16:03:57,18.2146
16:03:58,18.2187366
16:03:59,18.2546787
16:04:00,18.0944176
16:04:01,17.8780956
16:04:02,18.3433933
16:04:03,17.3602562
16:04:04,18.6817513
16:04:05,18.1541977
16:04:06,18.4621639
16:04:07,18.7466736
16:04:08,18.8702831
16:04:09,19.2858982
16:04:10,19.0220871
16:04:11,18.9112816
16:04:12,17.994585
16:04:13,18.3737488
16:04:14,17.8074188
16:04:15,18.39007
16:04:16,18.0980721
16:04:17,17.8038044
16:04:18,17.9738884
16:04:19,17.7892933
16:04:20,17.700922
16:04:21,18.2677174
16:04:22,18.2191429
16:04:23,17.6471062
16:04:24,18.4336872
16:04:25,17.8703518
16:04:26,17.9367142
16:04:27,17.68025
16:04:28,18.1880112
16:04:29,17.93897
16:04:30,18.27475
16:04:31,18.0728035
16:04:32,18.1269436
16:04:33,17.20238
16:04:34,17.9105167
16:04:35,17.3821049
16:04:36,17.9199924
16:04:37,18.1446133
16:04:38,17.9618
16:04:39,17.1831417
16:04:40,17.4331131
16:04:41,16.9446411
16:04:42,17.4183216
16:04:43,16.9157925
16:04:44,17.0383568
16:04:45,17.17209
16:04:46,16.71647
16:04:47,17.00408
16:04:48,19.06839
16:04:49,17.5956612
16:04:50,18.3697033
16:04:51,18.3826389
16:04:52,18.77115
16:04:53,17.9063683
16:04:54,18.2769718
16:04:55,18.46065
16:04:56,17.9712887
16:04:57,18.5393276
16:04:58,17.3663578
16:04:59,18.0461063
16:05:00,18.52739
16:05:01,17.74491
16:05:02,18.499239
16:05:03,18.54761
16:05:04,19.2978516
16:05:05,18.7043552
16:05:06,18.3957272
16:05:07,18.9826813
16:05:08,18.327879
16:05:09,18.7194824
16:05:10,18.2687283
16:05:11,19.0577145
16:05:12,18.6592121
16:05:13,18.14776
16:05:14,17.734972
16:05:15,18.0252533
16:05:16,17.6602859
16:05:17,17.8830681
16:05:18,18.0803928
16:05:19,18.6120567
16:05:20,18.6074047
16:05:21,18.39012
16:05:22,18.9216518
16:05:23,18.34097
16:05:24,18.9110031
16:05:25,18.7768326
16:05:26,18.0300121
16:05:27,18.4237976
16:05:28,18.4675579
16:05:29,18.485672
16:05:30,18.4508324
16:05:31,18.8241081
16:05:32,18.2944889
16:05:33,18.6970844
16:05:34,18.8373528
16:05:35,18.6503944
16:05:36,18.4279442
16:05:37,19.0785637
16:05:38,18.9290085
16:05:39,18.5387516
16:05:40,18.8018742
16:05:41,19.1860485
16:05:42,18.4296
16:05:43,18.4071274
16:05:44,18.5747852
16:05:45,18.8559532
16:05:46,19.0210743
16:05:47,18.0640926
16:05:48,18.6314011
16:05:49,18.5413361
16:05:50,19.0130863
16:05:51,18.3095188
16:05:52,18.850481
16:05:53,19.0431519
16:05:54,18.44947
16:05:55,18.2916126
16:05:56,18.2207432
16:05:57,18.7530537
16:05:58,18.7593155
16:05:59,18.1903362
16:06:00,17.9937477
16:06:01,18.5223331
16:06:02,18.04344
16:06:03,18.4110165
16:06:04,17.378788
16:06:05,18.1848183
16:06:06,18.5916233
16:06:07,17.973774
16:06:08,18.612896
16:06:09,17.3795528
16:06:10,18.62764
16:06:11,18.0100021
16:06:12,17.8671951
16:06:13,18.1536
16:06:14,17.6426926
16:06:15,18.6782589
16:06:16,18.3922749
16:06:17,17.7229233
16:06:18,18.3967514
16:06:19,17.8457241
16:06:20,18.0135841
16:06:21,18.1606178
16:06:22,17.7585888
16:06:23,17.7908154
16:06:24,18.0668182
16:06:25,17.9655037
16:06:26,17.8828812
16:06:27,18.56282
16:06:28,18.3605
16:06:29,18.0332241
16:06:30,18.50553
16:06:31,18.61157
16:06:32,18.5521545
16:06:33,18.3881283
16:06:34,18.4041138
16:06:35,18.5126534
16:06:36,17.66328
16:06:37,17.7583389
16:06:38,16.77885
16:06:39,17.8389378
16:06:40,17.72656
16:06:42,17.7551441
16:06:43,16.8869572
16:06:44,16.6273
16:06:45,17.12484
16:06:46,17.02141
16:06:47,16.8270245
16:06:48,17.8788319
16:06:49,18.4793949
16:06:50,18.3517246
16:06:51,17.9835
16:06:52,17.59353
16:06:53,17.6808224
16:06:54,18.0529156
16:06:55,17.4456882
16:06:56,18.16166
16:06:57,17.5055885
16:06:58,18.50901
16:06:59,18.2448254
16:07:00,17.8655567
16:07:01,18.0085258
16:07:02,17.7524376
16:07:03,18.5893478
16:07:04,17.80497
16:07:05,18.44776
16:07:06,17.7007084
16:07:07,18.037859
16:07:08,18.3170719
16:07:09,17.5284939
16:07:10,18.1439018
16:07:11,18.12612
16:07:12,17.8373833
16:07:13,17.4325352
16:07:14,17.8716621
16:07:15,17.63137
16:07:16,18.0829277
16:07:17,17.7292
16:07:18,18.0580158
16:07:19,17.97263
16:07:20,18.0149517
16:07:21,18.0475712
16:07:22,18.143343
16:07:23,18.0410042
16:07:24,17.7157135
16:07:25,18.217556
16:07:26,18.6338768
16:07:27,18.5130672
16:07:28,17.9003925
16:07:29,18.46435
16:07:30,18.4143143
16:07:31,17.8370018
16:07:32,17.6053085
16:07:33,18.3313179
16:07:34,18.336113
16:07:35,17.9565983
16:07:36,17.8108673
16:07:37,17.90951
16:07:38,17.8859119
16:07:39,18.4214687
16:07:40,17.5882225
16:07:41,18.0414753
16:07:42,18.1439342
16:07:43,17.873539
16:07:44,18.3763771
16:07:45,18.3848953
16:07:46,17.5183372
16:07:47,18.0861416
16:07:48,18.6816559
16:07:49,17.6653385
16:07:50,18.4322987
16:07:51,18.46183
16:07:52,17.6468887
16:07:53,18.50939
16:07:54,18.4889565
16:07:55,18.1760082
16:07:56,17.8721981
16:07:57,17.6229744
16:07:58,18.8582878
16:07:59,17.36216
16:08:00,17.8822746
16:08:01,18.2232285
16:08:02,17.9780369
16:08:03,17.9383678
16:08:04,17.83992
16:08:05,17.9008274
16:08:06,17.92838
16:08:07,18.49367
16:08:08,18.2220383
16:08:09,18.3780231
16:08:10,18.5602627
16:08:11,18.037735
16:08:12,18.2533989
16:08:13,18.2015076
16:08:14,17.5995674
16:08:15,18.6919155
16:08:16,18.081459
16:08:17,18.52492
16:08:18,18.02329
16:08:19,17.7597942
16:08:20,17.6817455
16:08:21,17.7530441
16:08:22,18.2358932
16:08:23,18.2534618
16:08:24,17.5061531
16:08:25,18.2648849
16:08:26,18.6529274
16:08:27,17.8487129
16:08:28,18.3180332
16:08:29,18.2153015
16:08:30,18.2635021
16:08:31,18.2703686
16:08:32,17.5482941
16:08:33,17.663517
16:08:34,18.06974
16:08:35,18.1056519
16:08:36,17.7561588
16:08:37,16.8408947
16:08:38,17.1659527
16:08:39,17.1687756
16:08:40,16.2198849
16:08:41,17.4879131
16:08:42,17.0827332
16:08:43,17.17611
16:08:44,17.3234348
16:08:45,16.8447227
16:08:46,16.8706932
16:08:47,17.4662762
16:08:48,17.0883846
16:08:49,16.53843
16:08:50,16.4301147
16:08:51,16.3877621
16:08:52,16.9656734
16:08:53,16.2512188
16:08:54,16.7118053
16:08:55,16.2014675
16:08:56,16.8202133
16:08:57,17.0188026
16:08:58,16.791378
16:08:59,16.7080326
16:09:00,16.9639778
16:09:01,17.21584
16:09:02,16.8916054
16:09:03,18.6969318
16:09:04,19.7358932
16:09:05,19.23137
16:09:06,18.9221382
16:09:07,18.3544464
16:09:08,18.570467
16:09:09,18.71235
16:09:10,18.45695
16:09:11,18.9505768
16:09:12,18.8504639
16:09:13,18.6216259
16:09:14,17.734314
16:09:16,18.5641766
16:09:17,18.47815
16:09:18,18.1631775
16:09:19,18.1209812
16:09:20,18.6722145
16:09:21,18.2211361
16:09:22,18.6754723
16:09:23,18.7807579
16:09:24,18.57424
16:09:25,18.4711647
16:09:26,18.75755
16:09:27,18.6975117
16:09:28,18.34459
16:09:29,18.5616875
16:09:30,17.9991188
16:09:31,18.5529633
16:09:32,18.4125385
16:09:33,18.5432377
16:09:34,18.959034
16:09:35,18.0675716
16:09:36,18.490242
16:09:37,18.2590084
16:09:38,19.07198
16:09:39,19.4274731
16:09:40,18.7047882
16:09:41,19.2430077
16:09:42,18.6527576
16:09:43,18.6173553
16:09:44,19.1069946
16:09:45,18.8023586
16:09:46,18.81625
16:09:47,18.9031448
16:09:49,19.1222363
16:09:50,19.5968342
16:09:52,18.3452473
16:09:53,18.72719
16:09:55,18.2727566
16:09:56,18.3073139
16:09:57,18.5172749
16:09:58,18.8120861
16:09:59,18.47949
16:10:00,18.5697575
16:10:01,18.2984257
16:10:02,18.10706
16:10:03,19.0751438
16:10:04,17.9682045
16:10:05,18.7193279
16:10:06,17.9896774
16:10:07,18.48015
16:10:08,18.9765224
16:10:09,18.3325272
16:10:10,18.50528
16:10:11,18.2933159
16:10:12,18.7386131
16:10:13,18.6193047
16:10:14,17.8860073
16:10:15,18.0535431
16:10:16,18.629425
16:10:17,18.5255241
16:10:18,18.3827553
16:10:19,18.5944538
16:10:20,18.5395241
16:10:21,18.4300079
16:10:22,18.56971
16:10:23,18.09456
16:10:24,18.2626324
16:10:25,18.5137463
16:10:26,18.2617283
16:10:27,18.6332588
16:10:28,18.7992363
16:10:29,18.7085743
16:10:30,18.2683659
16:10:31,18.5426712
16:10:32,18.3988857
16:10:33,18.9642963
16:10:34,19.04099
16:10:35,19.0366135
16:10:36,18.798542
16:10:37,18.2848549
16:10:38,18.522646
16:10:39,18.4907722
16:10:40,18.9044647
16:10:41,18.5812969
16:10:42,19.0337582
16:10:43,18.6639442
16:10:44,19.4199581
16:10:45,18.6937733
16:10:46,19.5952663
16:10:47,19.61134
16:10:48,19.1231117
16:10:49,19.6876984
16:10:50,19.3402348
16:10:51,18.9262066
16:10:52,18.8124371
16:10:53,18.7643528
16:10:54,17.9913177
16:10:55,17.7046146
16:10:56,17.1009712
16:10:57,17.4020576
16:10:58,16.72454
16:10:59,17.1000748
16:11:00,17.5035038
16:11:01,17.2353344
16:11:02,17.0011139
16:11:03,16.9362621
16:11:04,17.90951
16:11:05,17.9460526
16:11:06,18.754797
16:11:07,18.2009354
16:11:08,18.02737
16:11:09,18.3569622
16:11:10,18.2882786
16:11:11,19.16691
16:11:12,18.64354
16:11:13,18.3974
16:11:14,18.8234844
16:11:15,18.6096382
16:11:16,18.9676971
16:11:17,18.3160877
16:11:18,18.3756161
16:11:19,19.0336914
16:11:20,18.33183
16:11:21,18.8904552
16:11:22,18.21647
16:11:23,18.59388
16:11:24,18.9981346
16:11:25,17.8872375
16:11:26,19.0945835
16:11:27,18.8732052
16:11:28,18.5850735
16:11:29,18.4586143
16:11:30,18.6487732
16:11:31,18.6075115
16:11:32,18.6591053
16:11:33,18.8959751
16:11:34,19.0288372
16:11:35,19.0493011
16:11:36,18.8119144
16:11:37,19.1979389
16:11:38,18.9098
16:11:39,18.7902336
16:11:40,19.1460228
16:11:41,18.5924969
16:11:42,19.5168781
16:11:43,18.9808559
16:11:44,19.1422176
16:11:45,18.83473
16:11:46,18.887722
16:11:47,18.6692619
16:11:48,19.1861973
16:11:49,18.3863087
16:11:50,19.02777
16:11:51,18.6194839
16:11:52,18.8993053
16:11:53,18.752655
16:11:54,18.4853
16:11:55,19.1724644
16:11:56,18.42855
16:11:57,18.9697647
16:11:58,18.5765438
16:11:59,19.0940781
16:12:00,19.2161884
16:12:01,18.2462158
16:12:02,18.3652763
16:12:03,18.6388779
16:12:04,19.1048489
16:12:05,18.18021
16:12:06,18.5269814
16:12:07,18.6792736
16:12:08,18.09163
16:12:09,18.7579079
16:12:10,18.4845524
16:12:11,18.9416561
16:12:12,19.07997
16:12:13,18.5291214
16:12:15,19.3847542
16:12:16,19.00161
16:12:17,18.3042011
16:12:18,18.6347656
16:12:19,18.4813824
16:12:20,18.6401348
16:12:21,18.71749
16:12:22,19.13042
16:12:23,18.93342
16:12:24,18.2808189
16:12:25,18.7403889
16:12:26,18.4488411
16:12:27,18.3918324
16:12:28,18.062891
16:12:29,18.8225956
16:12:30,18.1368732
16:12:31,18.4686565
16:12:32,18.5854015
16:12:34,19.1182861
16:12:35,18.71033
16:12:36,18.2944565
16:12:37,18.9057446
16:12:38,17.8696556
16:12:39,18.5073967
16:12:40,19.0580769
16:12:41,18.1393185
16:12:42,18.5346966
16:12:43,18.5357685
16:12:44,18.4617214
16:12:45,19.01883
16:12:46,18.1457424
16:12:47,18.5787239
16:12:48,18.503561
16:12:49,18.671484
16:12:50,19.1349258
16:12:51,18.69644
16:12:52,18.9345531
16:12:53,18.3268738
16:12:54,17.7715855
16:12:55,17.5799484
16:12:56,16.9618168
16:12:57,16.9945965
16:12:58,17.5524578
16:12:59,16.777359
16:13:00,17.4939289
16:13:01,17.0487881
16:13:02,17.4065151
16:13:03,18.0391674
16:13:04,18.7380924
16:13:05,18.8693542
16:13:06,18.9617672
16:13:07,18.1959667
16:13:08,18.6939735
16:13:09,18.0637856
16:13:10,18.81745
16:13:11,18.650404
16:13:12,18.2157383
16:13:13,18.8339043
16:13:14,18.5906887
16:13:15,18.57547
16:13:16,18.6738663
16:13:17,18.5108948
16:13:18,18.5055275
16:13:19,18.2143078
16:13:20,19.23804
16:13:21,18.3785229
16:13:22,19.0116787
16:13:23,18.634594
16:13:24,18.28225
16:13:25,18.8957424
16:13:26,17.9721737
16:13:27,18.9392052
16:13:28,17.9823742
16:13:29,18.5533867
16:13:30,18.8917389
16:13:31,18.5693932
16:13:32,19.0484123
16:13:33,18.4594364
16:13:34,18.5359821
16:13:35,19.0200138
16:13:36,18.6722832
16:13:37,18.2584763
16:13:38,18.6465816
16:13:39,18.31098
16:13:40,18.1069813
16:13:41,18.5251751
16:13:42,17.8850479
16:13:43,18.4451637
16:13:44,18.60921
16:13:45,18.3945789
16:13:46,18.1933365
16:13:47,18.2557964
16:13:48,18.51715
16:13:49,19.27781
16:13:50,18.5384274
16:13:51,18.97382
16:13:52,18.6452065
16:13:53,18.3235817
16:13:54,18.9421844
16:13:55,18.9614277
16:13:56,18.92141
16:13:57,18.6925144
16:13:58,18.45732
16:13:59,18.1063862
16:14:00,18.210474
16:14:01,18.6192551
16:14:02,18.6611156
16:14:03,18.3110828
16:14:04,18.4580059
16:14:05,17.8417645
16:14:06,18.3528214
16:14:07,17.5739212
16:14:08,17.7794762
16:14:09,18.80539
16:14:10,18.3537617
16:14:11,17.9999847
16:14:12,18.6218948
16:14:13,18.5008183
16:14:14,18.5028343
16:14:15,18.0405045
16:14:16,18.1262112
16:14:17,18.1278839
16:14:18,19.10627
16:14:19,19.4953136
16:14:20,18.8038921
16:14:21,18.5515232
16:14:22,19.4195385
16:14:23,18.6137772
16:14:24,18.80703
16:14:25,18.0675259
16:14:26,17.8322868
16:14:27,18.5463219
16:14:28,18.0286236
16:14:29,18.8783855
16:14:30,18.4769878
16:14:31,18.5423641
16:14:32,18.2152882
16:14:33,18.4413433
16:14:34,18.7184029
16:14:35,17.8687534
16:14:36,18.9193134
16:14:37,18.7144928
16:14:38,18.2525539
16:14:39,18.49871
16:14:40,18.3650665
16:14:41,18.8468056
16:14:42,18.62647
16:14:43,18.7043266
16:14:44,18.1718655
16:14:45,18.3212
16:14:46,18.6130047
16:14:47,18.0099545
16:14:48,18.1674461
16:14:49,18.7957134
16:14:50,18.47238
16:14:51,18.4115
16:14:52,17.2496719
16:14:53,16.4997635
16:14:54,17.1876869
16:14:55,16.7240143
16:14:56,17.3812523
16:14:57,17.07128
16:14:58,17.0221844
16:14:59,17.17586
16:15:00,17.5460663
16:15:01,18.4754429
16:15:02,18.1545067
16:15:03,18.6495228
16:15:04,18.5813885
16:15:05,18.0240459
16:15:06,18.4027462
16:15:07,18.4818344
16:15:08,18.392395
16:15:09,18.6735039
16:15:10,18.3122063
16:15:11,18.9529648
16:15:12,18.0932484
16:15:14,18.2999954
16:15:15,19.0680962
16:15:16,18.422802
16:15:17,18.305727
16:15:18,18.4923973
16:15:19,18.5822887
16:15:20,19.1093922
16:15:21,18.07418
16:15:22,19.1541042
16:15:23,18.4035339
16:15:24,19.123003
16:15:25,19.3915844
16:15:26,18.8039131
16:15:27,19.649601
16:15:28,19.82761
16:15:29,19.1984978
16:15:30,18.9263878
16:15:31,18.7225628
16:15:32,18.857687
16:15:33,18.5154018
16:15:34,18.8906
16:15:35,18.8742142
16:15:36,18.4643822
16:15:37,19.1314583
16:15:38,18.1469421
16:15:39,19.3052559
16:15:40,18.7427025
16:15:41,18.790451
16:15:42,19.4434013
16:15:43,18.66705
16:15:44,18.33135
16:15:45,18.8254776
16:15:46,18.6042328
16:15:47,19.2679043
16:15:48,18.5317154
16:15:49,19.09972
16:15:50,18.8932686
16:15:51,18.4251575
16:15:52,18.9843063
16:15:53,18.709919
16:15:54,18.0591335
16:15:55,18.764677
16:15:56,18.6687717
16:15:57,18.956377
16:15:58,18.2954082
16:15:59,18.3760433
16:16:00,18.43085
16:16:01,18.7891617
16:16:02,19.1638737
16:16:03,18.69437
16:16:04,18.3873
16:16:05,18.42676
16:16:06,18.556118
16:16:07,18.2854748
16:16:08,18.4920464
16:16:09,18.7005253
16:16:10,18.370657
16:16:11,19.2596054
16:16:12,18.4106522
16:16:13,18.9995422
16:16:14,18.5723171
16:16:15,18.9320488
16:16:16,18.9268188
16:16:17,18.0634251
16:16:18,18.8720932
16:16:19,18.5534935
16:16:20,18.9048347
16:16:21,18.2186623
16:16:22,18.6941757
16:16:23,18.8454475
16:16:24,18.7310486
16:16:25,18.7685585
16:16:26,18.4460468
16:16:27,19.05327
16:16:28,18.3501263
16:16:29,18.2456627
16:16:30,18.690443
16:16:31,18.4564
16:16:32,18.8693867
16:16:33,18.84888
16:16:34,19.1799259
16:16:35,18.5617085
16:16:36,17.9312057
16:16:37,18.59352
16:16:38,18.7744579
16:16:39,18.8945751
16:16:40,18.702486
16:16:41,18.7871056
16:16:42,18.54594
16:16:43,18.9823341
16:16:44,17.9681721
16:16:45,18.665823
16:16:46,18.9665585
16:16:47,18.3671455
16:16:48,18.664278
16:16:49,17.8432522
16:16:50,18.8309956
16:16:51,17.6312981
16:16:52,17.0395374
16:16:53,17.6826859
16:16:54,16.8174076
16:16:55,17.26334
16:16:56,17.5838089
16:16:57,16.5064335
16:16:58,17.1236572
16:16:59,17.5246677
16:17:00,18.3622017
16:17:01,18.801178
16:17:02,18.4583549
16:17:03,18.7744446
16:17:04,18.5293846
16:17:05,18.7848244
16:17:06,19.02436
16:17:07,18.7143822
16:17:08,19.1159687
16:17:09,18.3793163
16:17:10,18.9645653
16:17:11,18.3193417
16:17:12,18.7343864
16:17:13,18.2036686
16:17:14,18.8037567
16:17:15,19.218792
16:17:16,18.8474846
16:17:17,18.68365
16:17:18,18.7813053
16:17:19,18.7834167
16:17:20,18.7791214
16:17:21,18.9211216
16:17:22,18.8593445
16:17:23,18.40463
16:17:24,19.2418079
16:17:25,18.666256
16:17:26,18.9975128
16:17:27,18.027153
16:17:28,19.1477165
16:17:29,18.1257229
16:17:30,18.9065666
16:17:31,18.58179
16:17:32,18.7976265
16:17:33,18.7355671
16:17:34,17.9783077
16:17:35,18.786932
16:17:36,18.6686478
16:17:37,18.6900463
16:17:38,18.1716957
16:17:39,18.8707848
16:17:40,18.4464855
16:17:41,18.3511
16:17:42,18.8818512
16:17:43,18.6760769
16:17:44,19.5598011
16:17:45,18.8581
16:17:46,18.7843
16:17:47,18.5935688
16:17:48,18.9425468
16:17:49,18.52507
16:17:50,18.4310551
16:17:51,18.8396645
16:17:52,18.759388
16:17:53,18.59958
16:17:54,18.8599529
16:17:55,18.8082561
16:17:56,18.8312874
16:17:57,18.4059982
16:17:58,19.2800274
16:17:59,18.6755829
16:18:00,18.8089046
16:18:01,18.34986
16:18:02,18.8605728
16:18:03,18.8028374
16:18:04,18.29257
16:18:05,18.4897423
16:18:06,18.8759346
16:18:07,19.0043049
16:18:08,19.7076454
16:18:09,19.176693
16:18:10,18.6664677
16:18:11,19.14208
16:18:12,19.5065842
16:18:13,18.404892
16:18:15,19.5151577
16:18:16,19.1667671
16:18:17,18.4343662
16:18:19,18.7653313
16:18:20,18.6654053
16:18:21,18.784996
16:18:22,19.0639515
16:18:23,18.3043537
16:18:24,18.4474812
16:18:25,18.873188
16:18:26,18.5156155
16:18:27,18.94346
16:18:28,18.4777527
16:18:29,18.7198963
16:18:30,18.6383743
16:18:31,19.0647755
16:18:32,19.3133163
16:18:33,19.2941971
16:18:34,19.13779
16:18:35,19.4225235
16:18:36,18.83585
16:18:37,18.8294849
16:18:38,18.6780815
16:18:39,19.2423744
16:18:40,18.9542217
16:18:41,18.753828
16:18:42,19.1492481
16:18:43,18.3923111
16:18:44,18.5265865
16:18:45,18.80664
16:18:46,18.7934837
16:18:47,18.5698757
16:18:48,18.081953
16:18:49,18.4537468
16:18:50,18.1025314
16:18:51,17.2266026
16:18:52,17.1176968
16:18:53,17.6122265
16:18:54,17.6114
16:18:55,17.1743641
16:18:56,18.0860043
16:18:57,17.0698128
16:18:58,17.7652416
16:18:59,17.5314827
16:19:00,18.8148727
16:19:01,18.8087368
16:19:02,18.7479382
16:19:03,18.6777477
16:19:04,18.508707
16:19:05,18.34577
16:19:06,18.8693676
16:19:07,18.4241867
16:19:08,18.6593685
16:19:09,18.5572414
16:19:10,18.92422
16:19:11,18.6321945
16:19:12,18.0779247
16:19:13,18.9417019
16:19:14,17.936882
16:19:15,18.84445
16:19:16,19.1531143
16:19:17,18.81149
16:19:18,18.3552265
16:19:19,18.663208
16:19:20,18.39324
16:19:21,18.8771935
16:19:22,19.3305779
16:19:23,18.5256443
16:19:24,18.7686539
16:19:25,18.5575485
16:19:26,19.03699
16:19:27,18.5664654
16:19:28,18.453289
16:19:29,19.3802967
16:19:30,18.9192467
16:19:31,18.8068981
16:19:32,19.5064716
16:19:33,18.9932823
16:19:34,19.7939358
16:19:35,18.6776581
16:19:36,19.1786327
16:19:37,18.9275227
16:19:38,19.1682224
16:19:39,19.8051834
16:19:40,18.8413982
16:19:41,19.0777416
16:19:42,18.401453
16:19:43,18.889904
16:19:44,18.9556446
16:19:45,18.48332
16:19:46,18.9280643
16:19:47,18.0920944
16:19:48,18.88501
16:19:49,18.4820423
16:19:50,19.12587
16:19:51,18.400034
16:19:52,18.60046
16:19:53,18.0919075
16:19:54,18.7956314
16:19:55,18.4989586
16:19:56,18.331171
16:19:57,18.9640884
16:19:58,18.06461
16:19:59,18.4212742
16:20:00,18.2161255
16:20:01,18.1377411
16:20:02,18.55755
16:20:03,18.3914986
16:20:04,18.3548374
16:20:05,19.1017761
16:20:06,18.3241882
16:20:07,18.2704849
16:20:08,18.3592834
16:20:09,18.4814
16:20:10,18.1711922
16:20:11,18.26154
16:20:12,18.4796867
16:20:13,18.2821732
16:20:14,18.6762638
16:20:15,18.1735687
16:20:16,18.7104683
16:20:17,18.49515
16:20:18,17.8361855
16:20:19,19.1246433
16:20:20,18.1516018
16:20:21,18.6624413
16:20:22,18.4912758
16:20:23,18.038208
16:20:24,18.533
16:20:25,18.2811089
16:20:26,17.8177433
16:20:27,18.2575951
16:20:28,18.7069588
16:20:29,18.4199886
16:20:30,18.635437
16:20:31,18.902607
16:20:32,18.40868
16:20:33,18.6252861
16:20:34,18.678091
16:20:35,18.423893
16:20:36,18.6139755
16:20:37,18.1950512
16:20:38,18.72364
16:20:39,18.4352856
16:20:40,18.2123146
16:20:41,18.3713264
16:20:42,18.0780411
16:20:43,18.34063
16:20:44,18.960928
16:20:45,18.6952629
16:20:46,18.5084553
16:20:47,18.4104137
16:20:48,18.4627972
16:20:49,16.7474136
16:20:50,17.04694
16:20:52,17.5283279
16:20:54,17.0708332
16:20:55,17.6032867
16:20:56,16.94073
16:20:57,17.2903061
16:20:59,19.1811333
16:21:00,18.1756325
16:21:01,18.1643887
16:21:02,18.6498337
16:21:03,18.57738
16:21:04,18.7247162
16:21:05,18.744442
16:21:06,18.7389755
16:21:07,18.3453884
16:21:08,18.752636
16:21:09,18.1135674
16:21:10,18.4179764
16:21:11,18.9373722
16:21:12,18.0780678
16:21:13,19.0968342
16:21:14,19.0209541
16:21:15,18.6235733
16:21:16,18.8050175
16:21:17,19.1911869
16:21:18,18.47387
16:21:19,18.2379456
16:21:20,18.7054
16:21:21,18.3964024
16:21:22,19.2218914
16:21:23,18.42744
16:21:24,18.9809151
16:21:25,18.72973
16:21:26,18.4777222
16:21:27,18.3430519
16:21:28,18.4682751
16:21:29,18.3967113
16:21:30,18.4641781
16:21:31,18.9276371
16:21:32,17.8699417
16:21:33,18.8422413
16:21:34,17.9720879
16:21:35,18.4486675
16:21:36,18.8154945
16:21:37,18.1580276
16:21:38,18.3841267
16:21:39,18.55194
16:21:40,18.6409931
16:21:41,18.9941387
16:21:42,18.17668
16:21:43,19.4743938
16:21:44,18.3085079
16:21:45,18.85587
16:21:46,19.2181969
16:21:47,18.4059277
16:21:48,18.4392052
16:21:49,18.21514
16:21:50,18.583271
16:21:51,18.0351353
16:21:52,18.1344528
16:21:53,18.5604
16:21:54,18.3417377
16:21:55,17.924963
16:21:56,18.30641
16:21:57,18.7616386
16:21:58,18.301897
16:21:59,18.5538425
16:22:00,18.22187
16:22:01,18.7310734
16:22:02,19.0143814
16:22:03,18.6706333
16:22:04,19.1747761
16:22:05,18.9111843
16:22:06,18.9432
16:22:07,18.8081245
16:22:08,18.4722939
16:22:09,18.6541386
16:22:10,18.2100811
16:22:11,18.12715
16:22:12,19.12905
16:22:13,17.9687958
16:22:14,18.67726
16:22:15,18.1655846
16:22:16,18.3934822
16:22:17,18.799017
16:22:18,18.61367
16:22:19,18.65047
16:22:20,18.1461983
16:22:21,18.6768436
16:22:22,18.1053429
16:22:23,18.6675587
16:22:24,18.873209
16:22:25,18.3423
16:22:26,18.30054
16:22:27,18.4992371
16:22:28,18.7413
16:22:29,18.833046
16:22:30,18.214
16:22:31,18.8298321
16:22:32,18.1675224
16:22:33,18.2799683
16:22:34,18.7062283
16:22:35,18.6250019
16:22:36,19.17664
16:22:37,18.6447773
16:22:38,18.5673122
16:22:39,19.002676
16:22:40,18.3570461
16:22:41,18.7596645
16:22:42,18.5488548
16:22:43,18.4030323
16:22:44,18.9882774
16:22:45,18.4137249
16:22:46,18.61739
16:22:47,18.4007587
16:22:48,17.6441841
16:22:49,17.32584
16:22:50,17.7225971
16:22:51,17.4926224
16:22:52,16.8383
16:22:53,16.9712677
16:22:54,16.7322578
16:22:55,16.98247
16:22:56,17.45942
16:22:57,18.0281219
16:22:58,18.6591511
16:22:59,19.4575634
16:23:00,18.911993
16:23:01,18.6564827
16:23:02,18.8888111
16:23:03,19.4529476
16:23:04,18.8738651
16:23:05,19.4701881
16:23:06,18.8518639
16:23:07,18.5247669
16:23:08,18.7807655
16:23:09,18.1038265
16:23:10,18.4814568
16:23:11,18.490387
16:23:12,18.5626812
16:23:13,18.8312244
16:23:14,18.4198074
16:23:16,18.5299435
16:23:17,18.0583611
16:23:18,18.7095547
16:23:19,18.3578243
16:23:20,18.7719326
16:23:21,18.5209675
16:23:22,18.7197552
16:23:23,18.5978165
16:23:24,18.68366
16:23:25,18.8522987
16:23:26,18.46673
16:23:27,18.6884212
16:23:28,18.2022781
16:23:29,18.0690842
16:23:31,19.19871
16:23:33,18.5271778
16:23:34,17.9518051
16:23:35,18.3060055
16:23:36,19.1843
16:23:38,20.2795372
16:23:39,18.4279823
16:23:41,19.12452
16:23:43,19.3006783
16:23:44,19.44433
16:23:45,19.1706066
16:23:46,18.51959
16:23:47,19.1149216
16:23:48,18.7119522
16:23:49,18.439003
16:23:50,18.649641
16:23:51,19.317255
16:23:52,18.3826675
16:23:53,18.7858982
16:23:54,18.4709835
16:23:55,18.73088
16:23:56,18.449892
16:23:57,18.0146065
16:23:58,19.1347313
16:23:59,18.3060627
16:24:00,18.1287746
16:24:01,18.9640522
16:24:02,18.5686131
16:24:03,18.24549
16:24:04,19.4987259
16:24:05,18.2660961
16:24:06,18.6696873
16:24:07,18.18151
16:24:08,18.2068462
16:24:09,18.6759
16:24:10,18.4691315
16:24:11,19.1355877
16:24:12,18.335722
16:24:13,18.4989452
16:24:14,18.3790054
16:24:15,18.55495
16:24:16,18.7033138
16:24:17,18.6308861
16:24:18,18.7319832
16:24:19,18.2560463
16:24:20,18.0440025
16:24:21,18.83295
16:24:22,18.6427765
16:24:23,18.6590767
16:24:24,18.1093025
16:24:25,18.68489
16:24:26,19.0898075
16:24:27,18.671339
16:24:28,18.5728722
16:24:29,18.2073936
16:24:30,18.4802055
16:24:31,18.797533
16:24:32,18.50116
16:24:33,18.5518646
16:24:34,18.7323341
16:24:35,19.1831169
16:24:36,18.49639
16:24:37,18.2780972
16:24:38,18.6019936
16:24:39,19.0275021
16:24:40,18.8304
16:24:41,18.965519
16:24:42,19.3477859
16:24:43,18.7510929
16:24:44,18.8173351
16:24:45,18.3825874
16:24:46,18.4617615
16:24:47,17.61456
16:24:48,17.6585827
16:24:49,17.3792686
16:24:50,17.1187687
16:24:51,17.2745876
16:24:52,17.34986
16:24:53,17.750845
16:24:54,17.4223576
16:24:55,16.9864826
16:24:56,18.3701363
16:24:57,18.60629
16:24:58,18.4363174
16:24:59,18.2195663
16:25:00,19.2497616
16:25:01,18.8884678
16:25:02,18.6394367
16:25:03,18.9769917
16:25:04,18.7399025
16:25:05,18.5966778
16:25:06,18.6149731
16:25:07,18.1501369
16:25:08,19.1989574
16:25:09,18.18085
16:25:10,18.67767
16:25:11,18.579895
16:25:12,18.7783413
16:25:13,18.8102474
16:25:14,18.726202
16:25:15,18.6243572
16:25:16,17.9164524
16:25:17,18.3794556
16:25:18,18.0076771
16:25:19,18.265274
16:25:20,18.4709721
16:25:21,18.4133167
16:25:22,18.4556427
16:25:23,18.5108185
16:25:24,17.88134
16:25:25,18.2188721
16:25:26,18.0487843
16:25:27,18.2447872
16:25:28,18.4256554
16:25:29,18.2441559
16:25:30,19.3214874
16:25:31,18.5746956
16:25:32,18.7361755
16:25:33,18.2489815
16:25:34,18.193058
16:25:35,18.2882557
16:25:36,18.81248
16:25:37,18.9128342
16:25:38,18.3721962
16:25:39,18.3977051
16:25:40,18.353405
16:25:41,18.4833374
16:25:42,18.8177471
16:25:43,18.4894867
16:25:44,18.7908268
16:25:45,18.3127918
16:25:46,18.866806
16:25:47,18.724062
16:25:48,18.25969
16:25:49,18.5491238
16:25:50,18.38676
16:25:51,18.3856831
16:25:52,17.9999142
16:25:53,18.16509
16:25:54,18.889883
16:25:55,17.9369068
16:25:56,18.7859631
16:25:57,18.8709831
16:25:58,18.34009
16:25:59,18.8361111
16:26:00,17.8403931
16:26:01,18.49061
16:26:02,18.5174923
16:26:03,18.72185
16:26:04,18.8042355
16:26:05,18.5903873
16:26:06,18.01907
16:26:07,18.8766479
16:26:08,18.870533
16:26:09,19.2829037
16:26:10,18.3755836
16:26:11,18.4764423
16:26:12,19.0176277
16:26:13,18.7485619
16:26:14,18.8698425
16:26:16,18.6203175
16:26:17,18.2122269
16:26:18,18.05432
16:26:20,18.6705532
16:26:21,18.9164276
16:26:22,18.5419273
16:26:23,18.1218
16:26:25,18.3414955
16:26:26,18.0923023
16:26:27,18.44388
16:26:28,18.15622
16:26:29,18.6044121
16:26:30,18.50285
16:26:31,18.40723
16:26:32,18.09123
16:26:33,18.0861855
16:26:34,18.4289341
16:26:35,18.4602661
16:26:36,18.2483788
16:26:37,18.69497
16:26:38,18.5419388
16:26:39,18.24987
16:26:40,18.7652473
16:26:41,18.1464539
16:26:42,18.45512
16:26:43,18.596405
16:26:44,18.5826626
16:26:45,18.3247185
16:26:46,17.0186272
16:26:47,16.2613678
16:26:48,17.1242981
16:26:49,16.76809
16:26:50,17.16256
16:26:51,16.441824
16:26:52,16.9607735
16:26:53,17.0789356
16:26:54,17.81911
16:26:55,16.2993279
16:26:56,16.9703274
16:26:57,17.3096619
16:26:58,17.170723
16:26:59,16.4317684
16:27:00,16.7538376
16:27:01,16.7012424
16:27:02,17.16306
16:27:03,15.8574352
16:27:04,16.848362
16:27:05,17.00805
16:27:06,16.9818783
16:27:07,16.9887829
16:27:08,17.8034611
16:27:09,17.7729
16:27:10,17.1172123
16:27:11,17.3643513
16:27:12,17.6269379
16:27:13,18.669632
16:27:14,21.1424732
16:27:15,18.0207176
16:27:16,18.4416847
16:27:17,18.153862
16:27:18,18.7715569
16:27:19,18.3882065
16:27:20,18.16391
16:27:21,18.1761513
16:27:22,18.230114
16:27:23,18.65666
16:27:24,18.327446
16:27:25,18.3238277
16:27:26,17.8511257
16:27:27,18.57995
16:27:28,18.3700523
16:27:29,18.2707863
16:27:30,17.7559776
16:27:31,18.1538334
16:27:32,18.0340919
16:27:33,18.4398479
16:27:34,18.2044525
16:27:35,18.2676926
16:27:36,19.0501175
16:27:37,18.56921
16:27:38,18.2917747
16:27:39,18.4349327
16:27:40,18.299736
16:27:41,18.33803
16:27:42,18.217474
16:27:43,18.4781075
16:27:44,17.88828
16:27:45,18.1852264
16:27:46,18.6171818
16:27:47,17.8625984
16:27:48,18.7611389
16:27:49,18.9085484
16:27:50,18.1621
16:27:51,17.9611835
16:27:52,18.5644226
16:27:53,18.7368374
16:27:54,18.40491
16:27:55,17.9878731
16:27:56,18.6452751
16:27:57,18.3966522
16:27:58,18.7611713
16:27:59,18.1785679
16:28:00,18.3966236
16:28:01,18.1585751
16:28:02,18.34207
16:28:03,18.5982513
16:28:04,18.3286381
16:28:05,18.3028355
16:28:06,18.6339417
16:28:07,17.77381
16:28:08,18.3057232
16:28:09,18.0864258
16:28:10,18.354723
16:28:11,18.06221
16:28:12,18.8956146
16:28:13,18.5353088
16:28:14,18.4684124
16:28:15,18.297945
16:28:16,18.5306835
16:28:17,18.8499165
16:28:18,18.0519867
16:28:19,18.7286034
16:28:20,18.5458374
16:28:21,19.3117256
16:28:22,18.2010536
16:28:23,18.712574
16:28:24,18.3612118
16:28:25,18.4852428
16:28:26,18.8507614
16:28:27,19.1019936
16:28:28,18.31162
16:28:29,18.8649654
16:28:30,18.4507847
16:28:31,19.03085
16:28:32,18.2671757
16:28:33,18.413765
16:28:34,18.5069
16:28:35,18.1894836
16:28:36,18.8405571
16:28:37,18.620636
16:28:38,18.52942
16:28:39,18.7881584
16:28:40,18.3550549
16:28:41,19.0094719
16:28:42,18.7383385
16:28:43,18.2624016
16:28:44,18.70413
16:28:45,18.1267452
16:28:46,18.6341629
16:28:47,18.26441
16:28:48,18.611763
16:28:49,18.6157417
16:28:50,18.3170834
16:28:51,18.1634083
16:28:52,19.1127777
16:28:53,18.9608326
16:28:54,18.35714
16:28:55,18.5421047
16:28:56,18.2739677
16:28:57,18.68193
16:28:58,18.88556
16:28:59,19.1352081
16:29:00,18.1045971
16:29:01,18.7531242
16:29:02,18.4373112
16:29:03,18.570961
16:29:04,16.5848255
16:29:05,17.2085152
16:29:06,17.9286366
16:29:07,16.8432579
16:29:08,17.07202
16:29:09,17.1163
16:29:10,16.953207
16:29:11,17.5563469
16:29:12,17.5251942
16:29:13,18.6809959
16:29:14,18.2542133
16:29:15,18.4958782
16:29:16,18.070591
16:29:17,17.8865814
16:29:18,18.6639061
16:29:19,18.6987514
16:29:20,18.5548763
16:29:21,18.6355648
16:29:22,18.3308449
16:29:23,18.5705185
16:29:24,19.0696011
16:29:25,18.47545
16:29:26,18.6656685
16:29:27,18.1342964
16:29:28,18.7537861
16:29:29,19.072464
16:29:30,18.6357
16:29:31,18.3333473
16:29:32,18.06132
16:29:33,18.78644
16:29:34,18.6438522
16:29:35,17.7482319
16:29:36,18.8743114
16:29:37,18.26689
16:29:38,18.2312775
16:29:39,18.29881
16:29:40,18.6440868
16:29:41,18.4279881
16:29:42,18.3862286
16:29:44,19.0586376
16:29:45,18.5671616
16:29:46,18.2891941
16:29:47,18.55036
16:29:48,18.8372383
16:29:49,18.99736
16:29:50,18.9236526
16:29:51,18.7887058
16:29:52,18.8857784
16:29:53,19.5056629
16:29:54,18.9879341
16:29:55,18.2707253
16:29:56,18.9665012
16:29:57,18.785574
16:29:58,18.6274071
16:29:59,18.4753342
16:30:00,17.9974651
16:30:01,18.7790546
16:30:02,18.2698479
16:30:03,19.24995
16:30:04,18.85971
16:30:05,19.271349
16:30:06,19.2273769
16:30:07,19.5509033
16:30:08,18.7050629
16:30:09,18.875864
16:30:10,18.0536556
16:30:11,18.92524
16:30:12,18.40047
16:30:13,18.42692
16:30:14,18.8481617
16:30:15,18.6168537
16:30:16,18.6210365
16:30:17,18.2138252
16:30:18,18.355114
16:30:19,18.9844074
16:30:20,18.9754734
16:30:21,18.3646317
16:30:22,19.06298
16:30:23,18.615202
16:30:24,19.3497829
16:30:25,19.0231285
16:30:26,18.6272068
16:30:27,18.9239464
16:30:28,19.3460159
16:30:29,19.3125916
16:30:30,18.86574
16:30:31,18.6625767
16:30:32,18.7254429
16:30:33,18.2947922
16:30:34,19.0003414
16:30:35,18.4736652
16:30:36,17.72348
16:30:37,18.3369617
16:30:38,18.4714375
16:30:39,19.4114227
16:30:40,18.383585
16:30:41,18.1626873
16:30:42,18.9301071
16:30:43,18.0629387
16:30:44,18.4488373
16:30:45,17.9347248
16:30:46,18.7420845
16:30:47,18.4933453
16:30:48,18.3755016
16:30:49,18.4546719
16:30:50,18.1583252
16:30:51,18.5824127
16:30:52,17.9684315
16:30:53,17.9979076
16:30:54,18.2719421
16:30:55,18.6217537
16:30:56,18.7826271
16:30:57,18.5659351
16:30:58,17.8426075
16:30:59,18.5194016
16:31:00,18.3380947
16:31:01,18.161129
16:31:02,17.9635544
16:31:03,17.18672
16:31:04,17.9121952
16:31:05,16.78226
16:31:06,16.6782913
16:31:07,16.9437962
16:31:08,17.8888016
16:31:09,17.17014
16:31:10,17.21763
16:31:11,18.1908646
16:31:12,18.643795
16:31:13,18.0626831
16:31:14,18.6245155
16:31:15,18.6268921
16:31:16,17.9145317
16:31:17,18.45678
16:31:18,18.3935642
16:31:19,18.2993584
16:31:20,18.2342987
16:31:21,18.66674
16:31:22,18.4574814
16:31:23,19.2507439
16:31:24,18.4299126
16:31:25,18.6425762
16:31:26,18.3259239
16:31:27,18.3189049
16:31:28,18.6432323
16:31:29,18.1273632
16:31:30,18.89207
16:31:31,18.4955826
16:31:32,17.8507957
16:31:33,18.4106922
16:31:34,18.3933315
16:31:35,18.7271862
16:31:36,18.4191742
16:31:37,18.6488514
16:31:38,18.3010387
16:31:39,18.2626228
16:31:40,19.2568989
16:31:41,17.9292736
16:31:42,19.1850834
16:31:43,19.0561714
16:31:44,19.186924
16:31:45,18.0421867
16:31:46,18.2902412
16:31:47,18.5240784
16:31:48,18.3568
16:31:49,19.064352
16:31:50,18.64308
16:31:51,18.51976
16:31:52,18.9055977
16:31:53,18.3938961
16:31:54,18.8108978
16:31:55,18.113081
16:31:56,18.7430878
16:31:57,18.78351
16:31:58,18.9315376
16:31:59,18.8458271
16:32:00,18.6417637
16:32:01,18.59311
16:32:02,18.27322
16:32:03,18.5383167
16:32:04,18.736927
16:32:05,18.431097
16:32:06,18.5363617
16:32:07,18.8391151
16:32:08,18.9533653
16:32:09,18.5506859
16:32:10,19.1667957
16:32:11,18.4492779
16:32:12,18.41095
16:32:13,18.4758549
16:32:14,19.1872349
16:32:15,18.36852
16:32:16,18.39736
16:32:17,19.0875759
16:32:18,18.4408913
16:32:19,18.3441849
16:32:20,18.6018734
16:32:21,18.1145229
16:32:22,18.64824
16:32:23,18.0582333
16:32:24,19.0064983
16:32:25,18.4416885
16:32:26,18.5494938
16:32:27,18.5467567
16:32:28,18.6646328
16:32:29,18.1817932
16:32:30,18.1217918
16:32:31,18.37563
16:32:32,18.3955765
16:32:34,18.6836662
16:32:36,19.0884056
16:32:37,19.2734432
16:32:38,17.9544163
16:32:39,18.9549732
16:32:40,18.5275936
16:32:41,18.2254753
16:32:42,19.2205219
16:32:43,18.5792828
16:32:44,19.0240879
16:32:45,18.57868
16:32:46,18.6625576
16:32:47,18.7685261
16:32:48,18.3312016
16:32:49,18.6108723
16:32:50,17.8772087
16:32:51,18.4113674
16:32:52,18.0147915
16:32:53,18.13926
16:32:54,18.8038921
16:32:55,18.7442322
16:32:56,18.3585033
16:32:57,18.51253
16:32:58,17.95398
16:32:59,18.4843941
16:33:00,18.0059223
16:33:01,17.45784
16:33:02,17.12645
16:33:03,17.35861
16:33:04,17.3285942
16:33:05,17.469944
16:33:06,17.0493317
16:33:07,18.3893471
16:33:08,17.54776
16:33:09,17.2172165
16:33:10,17.4562263
16:33:11,19.0662365
16:33:12,18.63248
16:33:13,18.4200687
16:33:14,18.7871075
16:33:15,18.2453365
16:33:16,18.15383
16:33:17,18.7240829
16:33:18,18.6634426
16:33:19,18.4444084
16:33:20,18.1181374
16:33:21,18.4946556
16:33:22,18.8305588
16:33:23,18.9353065
16:33:24,18.228054
16:33:25,18.2716465
16:33:26,18.9514542
16:33:27,18.23587
16:33:28,18.8243122
16:33:29,18.7889328
16:33:30,18.54853
16:33:31,18.7375717
16:33:32,18.8039112
16:33:33,18.5301743
16:33:34,18.5082378
16:33:35,17.9652214
16:33:36,18.7314854
16:33:37,18.04597
16:33:38,18.2763519
16:33:39,18.6858234
16:33:40,18.39953
16:33:41,18.87172
16:33:42,18.3035374
16:33:43,18.7062473
16:33:44,18.3030434
16:33:45,17.9287739
16:33:46,18.6592865
16:33:47,18.3747025
16:33:48,18.4060421
16:33:49,18.42866
16:33:50,18.8641224
16:33:51,18.3188953
16:33:52,18.89452
16:33:53,18.64743
16:33:54,18.0824947
16:33:55,18.81327
16:33:56,18.6640434
16:33:57,18.4161243
16:33:58,18.3697739
16:33:59,19.0152435
16:34:00,18.1561241
16:34:01,18.0861664
16:34:02,18.6828671
16:34:03,18.359293
16:34:04,18.1115513
16:34:05,18.4121189
16:34:06,18.5521431
16:34:07,18.79836
16:34:08,18.8066349
16:34:09,19.074173
16:34:10,18.502615
16:34:11,18.6011715
16:34:12,18.3100433
16:34:13,18.5323048
16:34:14,18.1625443
16:34:15,18.544
16:34:16,17.6290016
16:34:17,18.5339661
16:34:18,18.6300774
16:34:19,18.2856922
16:34:20,18.99359
16:34:21,18.3520126
16:34:22,18.6895924
16:34:23,18.84919
16:34:24,18.7330914
16:34:25,18.5155945
16:34:26,18.8714485
16:34:27,18.9791279
16:34:28,18.1582851
16:34:29,18.489069
16:34:30,18.581028
16:34:31,17.979353
16:34:32,18.4287643
16:34:33,18.8675232
16:34:34,19.1958179
16:34:35,18.43776
16:34:36,17.9326458
16:34:37,18.6197147
16:34:38,18.3220463
16:34:39,19.04891
16:34:40,18.49952
16:34:41,18.4384537
16:34:42,18.4292164
16:34:43,18.9996357
16:34:44,18.626791
16:34:45,18.3808384
16:34:46,18.5498886
16:34:47,18.7153645
16:34:48,18.31716
16:34:49,18.63086
16:34:50,18.4918766
16:34:51,19.071928
16:34:52,18.9844227
16:34:53,18.3347836
16:34:54,18.9024429
16:34:55,19.0719147
16:34:56,18.551363
16:34:57,17.8736763
16:34:58,18.4552536
16:34:59,19.02979
16:35:00,17.6526413
16:35:01,17.5961437
16:35:02,17.3196716
16:35:03,17.1155262
16:35:04,17.3076534
16:35:05,17.42409
16:35:06,16.99346
16:35:07,17.1676331
16:35:08,17.16274
16:35:09,18.3027763
16:35:10,18.3432961
16:35:11,18.425787
16:35:12,18.072567
16:35:13,18.9317245
16:35:14,18.56911
16:35:15,18.6367931
16:35:16,19.1881771
16:35:17,18.6622868
16:35:18,19.03105
16:35:19,18.99943
16:35:20,18.8179054
16:35:21,18.9822826
16:35:22,18.2777233
16:35:23,18.5676689
16:35:24,18.28714
16:35:25,18.0830822
16:35:26,18.487648
16:35:27,18.1946926
16:35:28,18.6464844
16:35:29,18.2123375
16:35:30,18.7897854
16:35:31,18.5539474
16:35:32,19.1131
16:35:33,18.5880737
16:35:34,18.2012634
16:35:35,18.31236
16:35:36,18.9981
16:35:37,18.411087
16:35:38,18.4582062
16:35:39,18.6340179
16:35:40,18.7533455
16:35:41,18.55193
16:35:42,18.4139843
16:35:43,18.4170361
16:35:44,18.5861931
16:35:45,19.0692043
16:35:46,18.6679249
16:35:47,18.2040424
16:35:48,18.8750954
16:35:49,18.3532448
16:35:50,18.6054211
16:35:51,18.3709812
16:35:52,18.3557415
16:35:54,18.909256
16:35:55,18.7596054
16:35:56,18.8332253
16:35:57,18.3342667
16:35:59,18.7818584
16:36:00,18.19945
16:36:01,18.7505665
16:36:02,18.4635067
16:36:03,18.7747059
16:36:04,18.6372375
16:36:05,18.8692532
16:36:06,18.3187675
16:36:08,18.3025131
16:36:09,18.92663
16:36:10,19.0202026
16:36:11,18.2949543
16:36:12,18.94117
16:36:13,18.51818
16:36:14,18.4375916
16:36:15,18.5732269
16:36:16,18.09592
16:36:17,18.0913048
16:36:18,18.5201912
16:36:19,19.1470661
16:36:20,19.4833736
16:36:21,19.0428333
16:36:22,19.3440323
16:36:23,18.7319775
16:36:24,19.3347836
16:36:25,18.5231819
16:36:26,18.1954536
16:36:27,18.6831245
16:36:28,18.0224228
16:36:29,18.60085
16:36:30,18.1317482
16:36:31,18.1516762
16:36:32,17.9388981
16:36:33,18.5890732
16:36:34,17.98415
16:36:35,19.0096531
16:36:36,18.3906384
16:36:37,19.0759277
16:36:38,18.33665
16:36:39,18.84268
16:36:40,18.8258381
16:36:41,18.22227
16:36:42,19.3361034
16:36:43,18.8462887
16:36:44,18.21894
16:36:45,19.1628666
16:36:46,18.1839256
16:36:47,18.7737885
16:36:48,18.3776855
16:36:49,18.3584518
16:36:50,18.3683071
16:36:51,18.3235683
16:36:52,18.70837
16:36:53,18.6182652
16:36:54,17.9860535
16:36:55,18.4698257
16:36:56,18.204731
16:36:57,18.3918247
16:36:58,18.2110672
16:36:59,17.9636326
16:37:00,17.3412457
16:37:01,17.0818748
16:37:02,17.1479568
16:37:03,17.2579765
16:37:04,17.53608
16:37:05,17.5820827
16:37:06,17.7532082
16:37:07,17.4047661
16:37:08,17.9076538
16:37:09,18.390276
16:37:10,18.59688
16:37:11,18.3968925
16:37:12,18.1445217
16:37:13,18.0381527
16:37:14,18.50712
16:37:15,18.8080177
16:37:16,18.3837776
16:37:17,18.9471931
16:37:18,18.89834
16:37:19,19.0858555
16:37:20,18.5034046
16:37:21,18.5756226
16:37:22,18.43605
16:37:23,18.6289272
16:37:24,18.29105
16:37:25,18.3563614
16:37:26,18.6871128
16:37:27,18.2476749
16:37:28,18.5616646
16:37:29,18.8146229
16:37:30,18.7720451
16:37:31,18.5870647
16:37:32,18.54488
16:37:33,18.9650116
16:37:34,19.354702
16:37:35,18.7467861
16:37:36,18.854599
16:37:37,19.6543522
16:37:38,18.287899
16:37:39,19.202837
16:37:40,19.2968235
16:37:41,19.0573425
16:37:42,18.8611336
16:37:43,18.86842
16:37:44,18.5264835
16:37:45,18.960638
16:37:46,19.1563377
16:37:47,20.0683346
16:37:48,18.3671551
16:37:49,18.843792
16:37:50,18.8814678
16:37:51,18.99039
16:37:52,19.6530342
16:37:53,18.5924568
16:37:54,19.3652287
16:37:55,19.67578
16:37:56,18.5397224
16:37:57,19.0762463
16:37:58,18.964426
16:37:59,19.0423775
16:38:00,19.30524
16:38:01,18.9628067
16:38:02,19.1917171
16:38:03,18.4217129
16:38:04,18.5511417
16:38:05,18.7150059
16:38:06,19.0305367
16:38:07,18.5472336
16:38:08,19.1171551
16:38:09,19.0038567
16:38:10,17.7604713
16:38:11,19.3625984
16:38:12,19.3257351
16:38:13,18.9977245
16:38:14,18.7002659
16:38:15,18.6862068
16:38:16,18.7823734
16:38:17,18.420845
16:38:18,18.7983685
16:38:19,18.6606617
16:38:20,18.792387
16:38:21,17.779604
16:38:22,18.6488247
16:38:23,18.350996
16:38:24,18.52142
16:38:25,18.3726654
16:38:26,18.2306385
16:38:27,18.7971649
16:38:28,18.83902
16:38:29,18.0684032
16:38:30,18.9494724
16:38:31,18.3088856
16:38:32,19.2637043
16:38:33,18.3900375
16:38:34,18.5029488
16:38:35,18.9108124
16:38:36,18.3556385
16:38:37,18.81268
16:38:38,18.853178
16:38:39,18.4053631
16:38:40,18.1022072
16:38:41,19.1052437
16:38:42,18.6666679
16:38:43,18.7419147
16:38:44,18.5454731
16:38:45,18.5885143
16:38:46,18.8209
16:38:47,18.2997513
16:38:48,19.0617752
16:38:49,18.8852425
16:38:50,18.5692368
16:38:51,18.5492058
16:38:52,18.0973549
16:38:53,18.5023174
16:38:54,18.6894779
16:38:55,18.4663029
16:38:56,18.2926731
16:38:57,18.398016
16:38:58,16.90711
16:38:59,17.2667274
16:39:00,16.98058
16:39:01,16.718998
16:39:02,17.3868675
16:39:03,17.56632
16:39:04,16.9618435
16:39:05,17.0221176
16:39:06,18.34293
16:39:07,18.370903
16:39:08,18.554657
16:39:09,17.88842
16:39:10,18.0287933
16:39:11,19.1935081
16:39:12,18.2154789
16:39:13,18.6419468
16:39:14,18.32148
16:39:16,18.2831554
16:39:17,18.6124954
16:39:18,18.3662472
16:39:19,18.4662724
16:39:20,19.10496
16:39:21,18.98654
16:39:22,18.1822014
16:39:23,19.5329914
16:39:24,19.7437286
16:39:26,19.0851479
16:39:28,18.8101311
16:39:29,18.4379
16:39:30,18.13347
16:39:31,17.9170914
16:39:32,18.6028156
16:39:33,18.5610027
16:39:34,18.3025532
16:39:35,18.8791771
16:39:36,18.4937248
16:39:37,18.7262611
16:39:38,18.45009
16:39:39,18.791111
16:39:40,17.3337059
16:39:41,18.6248722
16:39:42,18.5676231
16:39:43,18.2912674
16:39:44,18.26495
16:39:45,18.502964
16:39:46,18.34686
16:39:47,18.48967
16:39:48,18.7931976
16:39:49,18.8738022
16:39:50,19.0483322
16:39:51,19.0833168
16:39:52,18.34104
16:39:53,19.3271751
16:39:54,18.9214153
16:39:55,19.5068722
16:39:56,18.342041
16:39:57,17.91026
16:39:58,18.8859043
16:39:59,18.5033455
16:40:00,18.7590179
16:40:01,17.783989
16:40:02,18.7350388
16:40:03,18.3176479
16:40:04,18.6356449
16:40:05,18.7959785
16:40:06,18.9286022
16:40:07,18.7219887
16:40:08,17.7501163
16:40:09,18.604311
16:40:10,18.4768562
16:40:11,18.6099224
16:40:12,18.56687
16:40:13,18.4267464
16:40:14,18.6515636
16:40:15,19.1803932
16:40:16,18.2045
16:40:17,18.35069
16:40:18,18.0011234
16:40:19,18.772028
16:40:20,18.7217369
16:40:21,17.8416481
16:40:22,18.9375725
16:40:23,17.92039
16:40:24,18.9392033
16:40:25,18.4616413
16:40:26,18.52221
16:40:27,18.9835949
16:40:28,18.185503
16:40:29,18.66988
16:40:30,18.35361
16:40:31,18.6260719
16:40:32,18.2770729
16:40:33,18.93162
16:40:34,18.43334
16:40:35,18.5538082
16:40:36,18.42253
16:40:37,18.8515472
16:40:38,18.7966537
16:40:39,18.7479687
16:40:40,18.261549
16:40:41,18.2436047
16:40:42,17.87588
16:40:43,18.98234
16:40:44,18.1453743
16:40:45,18.2093449
16:40:46,18.74994
16:40:47,18.8085918
16:40:48,17.9606628
16:40:49,18.3390064
16:40:50,18.3812675
16:40:51,18.62302
16:40:52,18.77361
16:40:53,19.5262089
16:40:54,18.7937813
16:40:55,19.0233936
16:40:56,17.8142548
16:40:57,18.1120319
16:40:58,17.6484585
16:40:59,16.8554287
16:41:00,17.2574329
16:41:01,17.54306
16:41:02,17.6719646
16:41:03,17.09731
16:41:04,17.0518513
16:41:05,17.9468765
16:41:06,18.6336422
16:41:07,18.2980385
16:41:08,18.3651047
16:41:09,18.6631889
16:41:10,19.0107327
16:41:11,19.3859558
16:41:12,19.1434517
16:41:13,18.855751
16:41:14,19.1800728
16:41:15,18.5988464
16:41:16,19.051918
16:41:17,18.7721729
16:41:18,18.68801
16:41:19,18.5136452
16:41:20,18.4434662
16:41:21,18.6848583
16:41:22,18.1018257
16:41:23,18.7011261
16:41:24,18.5363731
16:41:25,18.2915344
16:41:26,18.4288883
16:41:27,18.7101479
16:41:28,18.99892
16:41:29,18.2345142
16:41:30,18.5852165
16:41:31,18.1100025
16:41:32,18.64781
16:41:33,18.7535572
16:41:34,18.8491917
16:41:35,18.9869461
16:41:36,17.4887486
16:41:37,19.07633
16:41:38,18.96228
16:41:39,18.2057648
16:41:40,18.78338
16:41:41,18.7095051
16:41:42,19.3432884
16:41:43,18.4082413
16:41:44,18.453968
16:41:45,18.2488
16:41:46,19.2112465
16:41:47,18.2843266
16:41:48,18.9758072
16:41:49,18.2745152
16:41:50,18.78274
16:41:51,18.6552
16:41:52,18.8595428
16:41:53,18.825613
16:41:54,18.553339
16:41:55,18.9033546
16:41:56,18.3913765
16:41:57,18.3760033
16:41:58,18.4368362
16:41:59,18.2736454
16:42:00,18.8933144
16:42:01,18.5743446
16:42:02,19.03601
16:42:03,18.5562134
16:42:04,18.2848873
16:42:05,18.9543285
16:42:06,18.5645828
16:42:07,18.7407627
16:42:08,18.6508675
16:42:09,18.3454647
16:42:10,18.5915985
16:42:11,18.4221115
16:42:12,18.7481155
16:42:13,18.2010841
16:42:14,18.43614
16:42:15,18.42516
16:42:16,18.3034782
16:42:17,18.8406849
16:42:18,18.5725365
16:42:19,18.2103825
16:42:20,18.1227818
16:42:21,18.15982
16:42:22,18.18803
16:42:23,18.4142513
16:42:24,18.369854
16:42:25,17.9341717
16:42:26,18.84807
16:42:27,18.0432339
16:42:28,18.6651516
16:42:29,17.6115074
16:42:30,18.444479
16:42:31,18.3435955
16:42:32,18.7109737
16:42:33,18.9647121
16:42:34,18.3852253
16:42:35,18.37693
16:42:36,17.6667728
16:42:37,18.58594
16:42:38,18.4295082
16:42:39,18.37883
16:42:40,18.71376
16:42:41,18.265625
16:42:42,18.1351757
16:42:43,18.8398418
16:42:44,18.3189354
16:42:45,18.7644062
16:42:46,18.3644886
16:42:47,18.7097149
16:42:48,18.05176
16:42:49,19.00902
16:42:50,18.4595833
16:42:51,18.9188347
16:42:52,18.7691975
16:42:53,18.6440754
16:42:55,18.2610378
16:42:57,17.5014858
16:42:58,17.3608646
16:42:59,17.548399
16:43:00,17.5055866
16:43:01,17.14592
16:43:02,17.62656
16:43:03,17.0413189
16:43:04,16.5821381
16:43:05,18.9986362
16:43:06,18.8816223
16:43:07,18.4252586
16:43:08,18.7839031
16:43:09,18.40136
16:43:10,18.2372684
16:43:11,18.970829
16:43:12,18.8301048
16:43:13,19.0306873
16:43:14,18.269022
16:43:15,19.2242413
16:43:16,18.8560448
16:43:17,18.67445
16:43:18,18.5744038
16:43:19,18.50432
16:43:20,18.7397041
16:43:21,18.0063438
16:43:22,18.4755287
16:43:23,18.7460957
16:43:24,18.6613464
16:43:25,18.81014
16:43:26,18.4986362
16:43:27,18.1135578
16:43:28,18.238903
16:43:29,18.0013351
16:43:30,18.662838
16:43:31,18.60229
16:43:32,18.560894
16:43:33,18.211277
16:43:34,18.4443417
16:43:35,18.3699665
16:43:36,18.5458775
16:43:37,18.98785
16:43:38,18.2220154
16:43:39,18.2745266
16:43:40,18.7795181
16:43:41,18.68665
16:43:42,18.7514687
16:43:43,18.5048161
16:43:44,18.606205
16:43:45,18.5745945
16:43:46,18.62728
16:43:47,18.6578712
16:43:48,18.3855228
16:43:49,18.5002155
16:43:50,18.132515
16:43:51,19.081152
16:43:52,18.5653286
16:43:53,19.1361351
16:43:54,18.8091221
16:43:55,19.915535
16:43:56,19.5998268
16:43:57,19.0773277
16:43:58,19.159605
16:43:59,18.54579
16:44:00,18.9040127
16:44:01,18.2768288
16:44:02,18.5984421
16:44:03,18.7393475
16:44:04,18.6377373
16:44:05,18.5418568
16:44:06,18.1503544
16:44:07,19.2633038
16:44:08,18.5113258
16:44:09,18.9193134
16:44:10,18.70736
16:44:11,18.7811146
16:44:12,19.0850735
16:44:13,18.0610332
16:44:14,18.4912319
16:44:15,18.2117958
16:44:16,18.5534058
16:44:17,18.5395279
16:44:18,18.267477
16:44:19,17.6261444
16:44:20,18.4980259
16:44:21,18.6942177
16:44:22,18.07759
16:44:23,19.0244
16:44:24,18.4178066
16:44:25,18.9717388
16:44:26,18.33864
16:44:27,18.7015114
16:44:28,18.17251
16:44:29,19.0841255
16:44:30,18.43861
16:44:31,18.8180084
16:44:32,18.7444611
16:44:33,18.3175659
16:44:34,18.6908531
16:44:35,17.9695969
16:44:36,18.0592213
16:44:37,18.645298
16:44:38,18.5101814
16:44:39,19.0018635
16:44:40,18.4898453
16:44:41,18.39258
16:44:42,18.7881069
16:44:43,18.5515747
16:44:44,19.10003
16:44:45,18.5486412
16:44:46,18.9948139
16:44:47,19.07605
16:44:48,19.0502853
16:44:49,18.59347
16:44:50,18.0612526
16:44:51,18.5467567
16:44:52,18.1259384
16:44:53,18.9951859
16:44:54,17.4689255
16:44:55,17.2272129
16:44:56,17.4677486
16:44:57,17.7390175
16:44:58,16.7320118
16:44:59,16.9536266
16:45:00,16.97793
16:45:01,17.0728073
16:45:02,17.16583
16:45:03,17.8993549
16:45:04,18.2695656
16:45:05,18.3608875
16:45:06,18.9181919
16:45:07,18.4964447
16:45:08,18.1447468
16:45:09,18.8587246
16:45:10,18.7683048
16:45:11,18.36234
16:45:12,18.4033833
16:45:13,18.90759
16:45:14,18.3911247
16:45:15,19.1196671
16:45:16,18.128437
16:45:17,19.02274
16:45:18,18.2236423
16:45:19,19.1311779
16:45:20,18.62949
16:45:21,18.4771576
16:45:22,18.8295288
16:45:23,18.1792259
16:45:24,18.3807716
16:45:25,18.3546219
16:45:26,18.3954029
16:45:27,18.83658
16:45:28,18.2290764
16:45:29,18.9482079
16:45:30,18.7393742
16:45:31,18.6777554
16:45:32,18.9477158
16:45:33,18.5238075
16:45:34,19.0367832
16:45:35,18.22253
16:45:36,19.1934929
16:45:37,17.8654881
16:45:38,18.8377628
16:45:39,18.4190235
16:45:40,18.3106365
16:45:41,18.7089863
16:45:42,18.4783516
16:45:43,19.0590477
16:45:44,19.01797
16:45:45,19.3133736
16:45:46,19.3964233
16:45:47,18.7492332
16:45:48,19.08198
16:45:49,18.9351864
16:45:50,19.2296085
16:45:51,19.174633
16:45:52,18.7606564
16:45:53,18.7439537
16:45:54,18.6180248
16:45:55,18.7113228
16:45:56,18.5619316
16:45:57,18.8668613
16:45:58,18.3364735
16:45:59,18.1793022
16:46:00,19.0596466
16:46:01,18.0840988
16:46:03,18.9442863
16:46:04,18.6228867
16:46:05,18.83716
16:46:07,18.3145542
16:46:08,18.6718
16:46:09,18.570158
16:46:10,18.5701942
16:46:11,18.6051826
16:46:12,19.1666222
16:46:13,18.6096745
16:46:14,18.3816414
16:46:15,17.9975815
16:46:16,18.0632153
16:46:17,19.1071472
16:46:18,18.7612686
16:46:19,18.6823616
16:46:20,18.6792278
16:46:21,18.1531487
16:46:22,18.1738968
16:46:23,19.120615
16:46:24,18.6747055
16:46:25,18.63315
16:46:26,19.0393982
16:46:27,18.43682
16:46:28,19.02512
16:46:29,18.7429733
16:46:30,18.0111275
16:46:31,18.4564114
16:46:32,18.4467716
16:46:33,18.56181
16:46:34,18.3141861
16:46:35,18.6280651
16:46:36,18.131937
16:46:37,18.6456928
16:46:38,18.76408
16:46:39,18.3684
16:46:40,18.7251129
16:46:41,19.0750732
16:46:42,18.6987133
16:46:43,18.3544
16:46:44,18.5811
16:46:45,18.5899181
16:46:46,18.9063663
16:46:47,18.5304413
16:46:48,18.4216671
16:46:49,18.6781158
16:46:50,18.4397545
16:46:51,18.062151
16:46:52,18.1289558
16:46:53,17.38255
16:46:54,17.5086613
16:46:55,17.358202
16:46:56,17.0982647
16:46:57,18.14859
16:46:58,17.7934837
16:46:59,17.5834827
16:47:00,17.23802
16:47:01,15.9930229
16:47:02,17.01946
16:47:03,17.0652962
16:47:04,16.7359352
16:47:05,17.901535
16:47:06,17.4061661
16:47:07,16.6971722
16:47:08,16.7046871
16:47:09,17.1306438
16:47:10,16.9695339
16:47:11,17.58191
16:47:12,17.0644684
16:47:13,16.1645241
16:47:14,16.5536385
16:47:15,17.4916477
16:47:16,17.7957
16:47:17,17.155695
16:47:18,17.004858
16:47:19,18.0336323
16:47:20,18.67069
16:47:21,19.2912273
16:47:22,18.8254089
16:47:23,18.610239
16:47:24,18.1124763
16:47:25,18.2884369
16:47:26,18.8816032
16:47:27,18.1344433
16:47:28,18.4589977
16:47:29,18.2116985
16:47:30,18.3733082
16:47:31,18.4218922
16:47:32,18.1587257
16:47:33,18.15291
16:47:34,18.13665
16:47:35,18.7984486
16:47:36,18.6963
16:47:37,18.1308842
16:47:38,19.0946045
16:47:39,18.336422
16:47:40,18.02539
16:47:41,18.878252
16:47:42,17.8896122
16:47:43,18.5157566
16:47:44,18.33715
16:47:45,18.4777565
16:47:46,18.9810448
16:47:47,18.9648075
16:47:48,18.9395256
16:47:49,18.2379189
16:47:50,19.0229874
16:47:51,18.0430489
16:47:52,18.5830631
16:47:53,18.322546
16:47:54,19.372242
16:47:55,19.0383472
16:47:56,19.4670734
16:47:57,18.4595585
16:47:58,19.016613
16:47:59,18.768898
16:48:00,19.0694332
16:48:01,19.3245735
16:48:02,18.2716827
16:48:03,19.0369244
16:48:04,18.5476437
16:48:05,18.6311722
16:48:06,18.1030636
16:48:07,18.79814
16:48:08,18.5199966
16:48:09,18.4725037
16:48:10,18.1418552
16:48:11,18.3495846
16:48:12,18.47409
16:48:13,18.762146
16:48:14,19.0166225
16:48:15,18.30825
16:48:16,18.8592987
16:48:17,18.7790089
16:48:18,19.0299835
16:48:19,18.5351677
16:48:20,19.05307
16:48:21,18.8922443
16:48:22,18.9644661
16:48:23,18.602766
16:48:24,18.2515659
16:48:25,18.5352726
16:48:26,18.1237946
16:48:27,19.0574455
16:48:28,18.20662
16:48:29,18.6311684
16:48:30,18.7614212
16:48:31,18.4043083
16:48:32,18.5873318
16:48:33,18.38987
16:48:34,18.21195
16:48:35,18.6380939
16:48:36,19.1342335
16:48:37,19.1816616
16:48:38,18.9052811
16:48:39,18.9187336
16:48:40,18.8068943
16:48:41,19.01282
16:48:42,19.2814655
16:48:43,19.7923088
16:48:44,18.5703888
16:48:45,19.5379772
16:48:46,19.0107441
16:48:47,19.0477467
16:48:48,19.3173752
16:48:49,18.58561
16:48:50,18.1946087
16:48:51,18.03105
16:48:52,19.72197
16:48:53,18.4139538
16:48:54,19.141201
16:48:55,18.577549
16:48:56,19.5375328
16:48:57,19.2347965
16:48:58,18.91354
16:48:59,18.5356579
16:49:00,18.6097469
16:49:01,18.3160038
16:49:02,18.64632
16:49:03,18.2529259
16:49:04,18.7286568
16:49:05,18.31418
16:49:06,18.9050255
16:49:07,18.88255
16:49:08,18.9343967
16:49:09,18.40516
16:49:10,18.0444183
16:49:11,17.8240643
16:49:12,16.8429222
16:49:13,17.5392818
16:49:14,17.1957417
16:49:15,16.925251
16:49:16,17.2203655
16:49:18,17.12321
16:49:19,17.3794632
16:49:20,17.2546787
16:49:21,18.5036259
16:49:23,18.7237549
16:49:24,18.3016758
16:49:25,17.8278313
16:49:26,19.1787586
16:49:27,18.2597446
16:49:28,18.90046
16:49:29,19.43276
16:49:30,18.6290226
16:49:31,18.8443317
16:49:32,18.4462223
16:49:33,18.2755547
16:49:34,17.9748764
16:49:35,18.7017
16:49:36,18.1877613
16:49:37,17.89088
16:49:38,18.6377258
16:49:39,18.15362
16:49:40,18.98783
16:49:41,18.62179
16:49:42,18.36876
16:49:43,18.9514618
16:49:44,18.3872032
16:49:45,18.1146717
16:49:46,18.7153358
16:49:47,18.5074158
16:49:48,18.3721256
16:49:49,17.8528156
16:49:50,18.76216
16:49:51,19.2237549
16:49:52,18.3836365
16:49:53,18.2656231
16:49:54,18.8210716
16:49:55,18.8492622
16:49:56,18.4966049
16:49:57,19.3012562
16:49:58,18.7336941
16:49:59,17.9088364
16:50:00,17.9593735
16:50:01,18.3934021
16:50:02,17.9813251
16:50:03,18.8809376
16:50:04,18.31891
16:50:05,18.55404
16:50:06,18.5737267
16:50:07,18.1906872
16:50:08,18.6178417
16:50:09,18.2858524
16:50:10,18.6073227
16:50:11,18.6381512
16:50:12,18.7493382
16:50:13,18.679739
16:50:14,18.46756
16:50:15,18.5706425
16:50:16,18.8919659
16:50:17,18.6253128
16:50:18,18.8322449
16:50:19,18.7857513
16:50:20,18.7558346
16:50:21,18.5945415
16:50:22,19.0226154
16:50:23,18.8805237
16:50:24,18.5408421
16:50:25,19.12285
16:50:26,18.2707329
16:50:27,18.33963
16:50:28,18.60046
16:50:29,18.5286636
16:50:30,18.7750874
16:50:31,18.4000263
16:50:32,19.0331059
16:50:33,18.5149174
16:50:34,18.4065533
16:50:35,18.8618374
16:50:36,18.7607574
16:50:37,18.443224
16:50:38,18.6130276
16:50:39,18.8675938
16:50:40,18.8630428
16:50:41,18.8244038
16:50:42,18.4326668
16:50:43,18.605587
16:50:44,18.8632965
16:50:45,18.5074558
16:50:46,19.08427
16:50:47,18.3176975
16:50:48,18.7292938
16:50:49,18.5668831
16:50:50,18.6755238
16:50:51,18.4597378
16:50:52,18.3903332
16:50:53,18.6417923
16:50:54,18.3999767
16:50:55,18.5005856
16:50:56,19.1341972
16:50:57,18.3274765
16:50:58,18.5370026
16:50:59,18.7667141
16:51:00,18.9237156
16:51:01,18.5562038
16:51:02,19.02956
16:51:03,19.5757046
16:51:04,18.7087326
16:51:05,19.32219
16:51:06,18.34819
16:51:07,19.02071
16:51:08,18.45565
16:51:09,18.0082226
16:51:10,17.5897655
16:51:11,17.9058132
16:51:12,17.0026016
16:51:13,17.4221935
16:51:14,17.2222843
16:51:15,17.2292957
16:51:16,18.1159344
16:51:17,17.086195
16:51:18,17.7890682
16:51:19,18.4605541
16:51:20,18.5540047
16:51:21,18.2807789
16:51:22,18.8172951
16:51:23,18.9976
16:51:24,19.2506866
16:51:25,18.4132175
16:51:26,18.5437222
16:51:27,18.5195942
16:51:28,19.4017868
16:51:29,18.3700619
16:51:30,18.22525
16:51:31,18.6008167
16:51:32,18.2775021
16:51:33,18.78503
16:51:34,19.14913
16:51:35,17.9046173
16:51:36,18.1701927
16:51:37,18.8522663
16:51:38,18.2348614
16:51:39,18.341301
16:51:40,18.35283
16:51:41,18.2648
16:51:42,18.627634
16:51:43,18.158844
16:51:44,17.7389221
16:51:45,18.3141861
16:51:46,18.5884113
16:51:47,18.4582939
16:51:48,18.2189331
16:51:49,18.3133488
16:51:50,18.3244553
16:51:51,18.36482
16:51:53,18.3652325
16:51:54,18.8780556
16:51:55,17.9615421
16:51:56,18.4950371
16:51:57,18.7622967
16:51:58,18.1707077
16:51:59,18.6220741
16:52:00,18.5842266
16:52:01,18.3690681
16:52:02,18.31304
16:52:03,17.9536247
16:52:04,18.49643
16:52:05,18.8529949
16:52:06,18.4761257
16:52:07,18.668272
16:52:08,18.391531
16:52:09,18.8277454
16:52:10,18.7064018
16:52:11,18.5955048
16:52:12,19.0146217
16:52:13,19.20017
16:52:14,18.01665
16:52:15,18.3791866
16:52:16,18.6458549
16:52:17,18.3164253
16:52:18,19.139616
16:52:19,18.704689
16:52:20,19.1134758
16:52:21,18.3428745
16:52:22,18.8360825
16:52:23,18.8197918
16:52:24,18.5601673
16:52:25,18.8555984
16:52:26,18.4110012
16:52:27,19.0490417
16:52:28,18.6086864
16:52:29,19.0934486
16:52:30,18.9899826
16:52:31,18.11327
16:52:32,18.44638
16:52:33,18.3605022
16:52:34,18.3040447
16:52:35,19.2881432
16:52:36,18.6233158
16:52:37,18.7784882
16:52:38,18.7084942
16:52:39,18.2103729
16:52:40,18.4974518
16:52:41,18.377388
16:52:42,18.9171619
16:52:43,18.2921333
16:52:44,18.9040051
16:52:45,18.691103
16:52:46,18.3282547
16:52:47,18.6124229
16:52:48,18.0835667
16:52:49,18.7361832
16:52:50,18.6660328
16:52:51,18.2957935
16:52:52,18.6270638
16:52:53,18.5984917
16:52:54,18.5027485
16:52:55,18.8035355
16:52:56,19.6056767
16:52:57,19.1631451
16:52:58,18.72769
16:52:59,18.70568
16:53:00,18.1987476
16:53:01,18.7026424
16:53:02,18.2401466
16:53:03,18.12804
16:53:04,18.8009472
16:53:05,18.79707
16:53:06,18.3677273
16:53:07,18.63413
16:53:08,17.75735
16:53:09,16.7673721
16:53:10,16.98354
16:53:11,17.2811737
16:53:12,17.2170658
16:53:13,16.7306
16:53:14,17.6558552
16:53:15,17.3762
16:53:16,16.8989716
16:53:17,18.70891
16:53:18,18.5030422
16:53:19,17.89892
16:53:20,18.8476543
16:53:21,18.5376339
16:53:22,19.0126457
16:53:23,19.2962151
16:53:24,18.7154
16:53:25,18.9076157
16:53:26,19.158865
16:53:27,18.4830952
16:53:28,19.2889919
16:53:29,19.2654724
16:53:30,18.4283543
16:53:31,19.0030346
16:53:32,18.6690712
16:53:33,18.75243
16:53:34,18.93632
16:53:35,18.331852
16:53:36,18.78042
16:53:37,18.6739731
16:53:38,17.9696426
16:53:39,18.57649
16:53:40,18.0508289
16:53:41,18.5296726
16:53:42,17.9704533
16:53:43,18.0931168
16:53:44,18.4110966
16:53:45,18.5592327
16:53:46,18.7092152
16:53:47,18.5907936
16:53:48,18.79114
16:53:49,17.64345
16:53:50,18.2070045
16:53:51,19.0580959
16:53:52,18.48428
16:53:53,18.813797
16:53:54,18.59565
16:53:55,18.3790169
16:53:56,18.7766514
16:53:57,18.2003727
16:53:58,18.2787
16:53:59,18.302166
16:54:00,18.4498234
16:54:01,18.6627121
16:54:02,18.3339844
16:54:03,18.46876
16:54:04,18.0437813
16:54:05,18.68244
16:54:06,18.41659
16:54:07,18.0462418
16:54:08,18.82895
16:54:09,18.7639484
16:54:10,19.26831
16:54:11,19.1795521
16:54:12,18.3880367
16:54:13,18.551527
16:54:14,18.7251987
16:54:15,18.9196453
16:54:16,18.93677
16:54:17,17.8412476
16:54:18,18.5103455
16:54:19,18.2606564
16:54:20,18.3643475
16:54:21,18.5441
16:54:22,18.764986
16:54:23,18.82893
16:54:24,18.70286
16:54:25,18.2766151
16:54:26,18.3282261
16:54:27,17.9571743
16:54:28,18.5093136
16:54:29,18.465807
16:54:30,19.159605
16:54:31,19.5197563
16:54:32,18.66607
16:54:33,19.3289776
16:54:34,18.6893635
16:54:35,18.7865257
16:54:36,19.1699944
16:54:37,19.03067
16:54:38,18.87135
16:54:39,19.1599846
16:54:40,17.999052
16:54:41,18.4887066
16:54:42,18.3977051
16:54:43,18.36553
16:54:44,18.09586
16:54:45,18.99797
16:54:46,18.0293388
16:54:48,18.2401085
16:54:50,18.25405
16:54:51,18.6830215
16:54:52,18.55535
16:54:53,18.6877861
16:54:54,18.0327682
16:54:55,18.2195835
16:54:56,19.1501541
16:54:57,19.2251186
16:54:58,19.1149559
16:54:59,18.7143078
16:55:00,19.216486
16:55:01,19.2360039
16:55:02,18.7259254
16:55:03,18.6776829
16:55:04,18.3420563
16:55:05,18.610878
16:55:06,18.9347248
16:55:07,17.5295334
16:55:08,16.89814
16:55:09,17.16488
16:55:10,17.74268
16:55:11,16.83094
16:55:12,17.095314
16:55:13,17.6706524
16:55:14,17.0644169
16:55:15,17.384285
16:55:16,18.4026814
16:55:17,18.94056
16:55:18,18.22845
16:55:19,18.3832836
16:55:20,18.2227364
16:55:21,18.19217
16:55:22,18.4502468
16:55:23,18.5196037
16:55:24,18.693285
16:55:25,18.7059879
16:55:26,18.5989056
16:55:27,19.267395
16:55:28,18.6676044
16:55:29,18.7812939
16:55:30,18.78168
16:55:31,18.9110622
16:55:32,18.78403
16:55:33,18.9392338
16:55:34,19.9870968
16:55:35,19.4140644
16:55:36,19.2966232
16:55:37,18.7830276
16:55:38,19.4483719
16:55:39,19.5836239
16:55:40,19.3924
16:55:41,19.2070236
16:55:42,18.7120132
16:55:43,19.2535286
16:55:44,18.73882
16:55:45,18.7620335
16:55:46,18.4716225
16:55:47,18.9176788
16:55:48,19.8652439
16:55:49,18.9980354
16:55:50,18.2820168
16:55:51,18.9325829
16:55:52,18.6267719
16:55:53,19.0352631
16:55:54,19.1765442
16:55:55,19.19743
16:55:56,18.5193729
16:55:57,19.0359936
16:55:58,17.81955
16:55:59,18.49758
16:56:00,18.57285
16:56:01,18.2267761
16:56:02,18.4083576
16:56:03,18.2435627
16:56:04,18.096983
16:56:05,18.50209
16:56:06,18.4560852
16:56:07,18.2693443
16:56:08,18.1421776
16:56:09,18.2033634
16:56:10,18.7533779
16:56:11,18.7057724
16:56:12,18.9219837
16:56:13,18.2707081
16:56:14,18.1241589
16:56:15,17.9300575
16:56:16,18.5771389
16:56:17,18.2800674
16:56:18,17.8251228
16:56:19,18.0541782
16:56:20,18.3186874
16:56:21,18.4933548
16:56:22,18.6826859
16:56:23,18.4171085
16:56:24,18.2686253
16:56:25,18.08912
16:56:26,18.9633
16:56:27,18.6266537
16:56:28,18.4397316
16:56:29,19.1489887
16:56:30,18.1080456
16:56:31,18.29317
16:56:32,18.9219189
16:56:33,17.7246742
16:56:34,18.7555027
16:56:35,18.3966675
16:56:36,18.5138
16:56:37,18.6200886
16:56:38,18.0745716
16:56:39,18.9727077
16:56:40,17.87259
16:56:41,18.06709
16:56:42,18.6610966
16:56:43,18.119463
16:56:44,18.1648464
16:56:45,18.529705
16:56:46,18.0149059
16:56:47,18.8361378
16:56:48,18.45458
16:56:49,18.70127
16:56:50,18.8607159
16:56:51,18.0003643
16:56:52,17.7077351
16:56:53,18.2437553
16:56:54,18.4510612
16:56:55,19.1034889
16:56:56,18.1057034
16:56:57,18.9151
16:56:58,18.3946114
16:56:59,18.1032829
16:57:00,18.7691746
16:57:01,19.0123081
16:57:02,19.36561
16:57:03,19.3567142
16:57:04,18.62042
16:57:05,18.8097878
16:57:06,18.1482143
16:57:07,17.220089
16:57:08,17.4659176
16:57:09,16.1657467
16:57:10,17.1474533
16:57:11,17.0159054
16:57:12,17.0769062
16:57:13,17.6408272
16:57:14,18.54769
16:57:16,19.2522888
16:57:18,19.404583
16:57:19,18.6113873
16:57:20,17.7618
16:57:21,18.2665157
16:57:22,18.23196
16:57:23,18.20906
16:57:24,17.9164925
16:57:25,18.2920837
16:57:26,18.0314751
16:57:27,18.47247
16:57:28,18.3964081
16:57:29,18.78054
16:57:30,18.0226688
16:57:31,18.3522224
16:57:32,18.8751049
16:57:33,18.6387024
16:57:34,18.1417542
16:57:35,18.28003
16:57:36,18.14623
16:57:37,18.44586
16:57:38,18.3718262
16:57:39,18.7917519
16:57:40,19.09729
16:57:41,19.17598
16:57:42,18.8434124
16:57:43,18.8309422
16:57:44,18.9353237
16:57:45,19.899477
16:57:46,19.218708
16:57:47,19.4136448
16:57:48,18.4350224
16:57:49,18.5975647
16:57:50,18.8033829
16:57:51,18.9304962
16:57:52,17.8368816
16:57:53,18.1753063
16:57:54,18.6317177
16:57:55,19.1916
16:57:56,18.582798
16:57:57,18.621376
16:57:58,17.7290649
16:57:59,18.8408871
16:58:00,18.07827
16:58:01,18.3806
16:58:02,18.7401981
16:58:03,17.6329079
16:58:04,18.1924553
16:58:05,19.4865971
16:58:06,18.5907211
16:58:07,18.3189545
16:58:08,18.442606
16:58:09,18.8143673
16:58:10,18.3511143
16:58:11,18.3227367
16:58:12,18.272995
16:58:13,18.307703
16:58:14,18.6777668
16:58:15,18.4391136
16:58:16,18.2984333
16:58:17,18.77016
16:58:18,18.4371147
16:58:19,18.1513252
16:58:20,18.4582672
16:58:21,18.66776
16:58:22,18.64928
16:58:23,18.6001377
16:58:24,18.2705383
16:58:25,19.3207474
16:58:26,18.1633148
16:58:27,18.1987133
16:58:28,18.2854385
16:58:29,18.8699875
16:58:30,18.2966156
16:58:31,18.90215
16:58:32,19.1626434
16:58:33,18.6111717
16:58:34,19.0354023
16:58:35,17.8487225
16:58:36,18.590456
16:58:37,18.4587612
16:58:38,18.7034359
16:58:39,18.4798889
16:58:40,18.1249714
16:58:41,18.99614
16:58:42,17.8682766
16:58:43,18.1559563
16:58:44,18.1799335
16:58:45,18.5299225
16:58:46,18.82775
16:58:47,18.5515652
16:58:48,18.24338
16:58:49,18.8018456
16:58:50,18.30706
16:58:51,18.3062515
16:58:52,18.3209152
16:58:53,18.1039963
16:58:54,18.4973927
16:58:55,18.6123428
16:58:56,18.82778
16:58:57,18.1582451
16:58:58,18.7514553
16:58:59,18.2617
16:59:00,17.6735287
16:59:01,18.613842
16:59:02,18.2639675
16:59:03,18.8698311
16:59:04,18.7526112
16:59:05,17.3373718
16:59:06,17.69281
16:59:07,16.8808155
16:59:08,18.2771626
16:59:09,17.6656151
16:59:10,17.00162
16:59:11,17.1706772
16:59:12,17.3687229
16:59:13,17.5791759
16:59:14,18.8211346
16:59:15,18.3982868
16:59:16,18.6740284
16:59:17,18.5460072
16:59:18,18.1059113
16:59:19,18.7823238
16:59:20,17.69835
16:59:21,18.6152763
16:59:22,18.36638
16:59:23,18.2147179
16:59:24,18.7932968
16:59:25,17.6881313
16:59:26,18.728466
16:59:27,18.3899689
16:59:28,17.8650646
16:59:29,18.80963
16:59:30,18.1262264
16:59:31,18.5084782
16:59:32,18.3835983
16:59:33,18.4606762
16:59:34,18.12234
16:59:35,18.92962
16:59:36,18.36897
16:59:37,18.6425
16:59:38,18.0649223
16:59:39,18.33927
16:59:40,18.7383232
16:59:41,18.56563
16:59:42,19.0492535
16:59:43,18.17465
16:59:44,18.07943
16:59:45,18.3730984
16:59:46,18.33836
16:59:47,18.7622776
16:59:48,18.2382164
16:59:49,17.8718147
16:59:50,18.1645451
16:59:51,18.2042751
16:59:52,19.16077
16:59:53,18.0865936
16:59:54,18.3181572
16:59:55,18.6411324
16:59:56,18.6675472
16:59:57,18.3333149
16:59:58,18.7168617
16:59:59,17.9301338
17:00:00,17.690731
17:00:01,18.3588543
17:00:02,18.7288952
17:00:03,18.4552612
17:00:04,18.0862179
17:00:05,18.1115723
17:00:06,18.1967373
17:00:07,18.2857361
17:00:08,17.811861
17:00:09,17.9473343
17:00:10,18.9633732
17:00:11,18.5670071
17:00:12,19.1836376
17:00:13,19.7703533
17:00:14,18.4580288
17:00:16,18.72495
17:00:17,18.4767036
17:00:18,19.2089653
17:00:19,18.8807659
17:00:20,19.0622616
17:00:21,17.8181
17:00:22,18.83573
17:00:23,18.7440968
17:00:24,18.107542
17:00:25,19.0077839
17:00:26,18.3088455
17:00:27,18.4677773
17:00:28,18.1857986
17:00:29,18.4081287
17:00:30,18.8165531
17:00:31,18.670435
17:00:32,18.5073
17:00:33,18.3067989
17:00:34,18.35097
17:00:35,18.39428
17:00:36,18.6597385
17:00:37,18.6750126
17:00:38,19.016058
17:00:39,18.9583416
17:00:40,18.771698
17:00:41,19.599432
17:00:42,19.327116
17:00:43,18.6216736
17:00:44,19.0090637
17:00:45,19.0579777
17:00:46,18.4285889
17:00:47,18.0048733
17:00:48,18.02989
17:00:49,18.10714
17:00:50,18.5756531
17:00:51,18.6466942
17:00:53,19.095438
17:00:55,18.5916119
17:00:56,19.1095066
17:00:57,19.2091961
17:00:58,19.48824
17:00:59,18.7345753
17:01:01,18.453022
17:01:02,18.5310059
17:01:03,17.2885056
17:01:04,17.059742
17:01:05,17.7048
17:01:06,17.42738
17:01:07,17.3392448
17:01:08,17.9843559
17:01:09,17.47894
17:01:10,17.04635
17:01:11,18.42664
17:01:12,17.9199371
17:01:13,18.8477612
17:01:14,18.2176228
17:01:15,18.2974167
17:01:16,18.54124
17:01:17,17.5525532
17:01:18,18.5507183
17:01:19,17.8878689
17:01:20,18.27526
17:01:21,18.1684132
17:01:22,17.90014
17:01:23,18.6521664
17:01:24,18.43588
17:01:25,18.9317532
17:01:26,18.0897675
17:01:27,18.12586
17:01:28,18.6089859
17:01:29,18.5607014
17:01:30,18.3346577
17:01:31,18.6606884
17:01:32,18.50314
17:01:33,18.8061256
17:01:34,18.3500938
17:01:35,18.0585861
17:01:36,18.5825348
17:01:37,19.09927
17:01:38,19.0894337
17:01:39,18.34723
17:01:40,19.80355
17:01:41,19.7091122
17:01:42,19.4211311
17:01:43,19.476078
17:01:44,19.36988
17:01:45,18.8352661
17:01:46,19.1604118
17:01:47,19.1176987
17:01:48,18.9014473
17:01:49,18.1292515
17:01:50,18.6970387
17:01:51,18.98634
17:01:52,18.57575
17:01:53,19.0823174
17:01:54,18.4384689
17:01:55,17.9588013
17:01:56,18.88121
17:01:57,18.8948784
17:01:58,18.25688
17:01:59,18.9028931
17:02:00,18.9537163
17:02:01,18.3796749
17:02:02,19.07792
17:02:03,17.9949684
17:02:04,18.44004
17:02:05,18.3653049
17:02:06,17.9385681
17:02:07,18.9731255
17:02:08,18.184557
17:02:09,18.3620415
17:02:10,18.73091
17:02:11,18.4740543
17:02:12,18.3438148
17:02:13,18.224884
17:02:14,18.3941746
17:02:15,18.99192
17:02:16,18.6343746
17:02:17,18.6995
17:02:18,17.9615211
17:02:19,18.1831779
17:02:20,18.1882687
17:02:21,18.7318726
17:02:22,18.74468
17:02:23,18.8480778
17:02:24,18.64596
17:02:25,18.3968868
17:02:26,19.1949654
17:02:27,17.8788319
17:02:28,18.4356441
17:02:29,18.4715271
17:02:30,18.6476345
17:02:31,18.4122219
17:02:32,18.2136517
17:02:33,18.84063
17:02:34,18.4257641
17:02:35,19.4425087
17:02:36,18.6061668
17:02:37,18.8894825
17:02:38,18.2584858
17:02:39,18.46035
17:02:40,18.5646439
17:02:41,18.75548
17:02:42,18.3838139
17:02:43,18.7064381
17:02:44,19.19805
17:02:45,18.3728371
17:02:46,18.7717113
17:02:47,18.7502422
17:02:48,18.9792442
17:02:49,18.50723
17:02:50,19.10032
17:02:51,19.2506485
17:02:52,19.0841656
17:02:53,19.8545723
17:02:54,19.4057331
17:02:55,18.6133327
17:02:56,18.9810314
17:02:57,18.2685871
17:02:58,18.7321453
17:02:59,17.9329147
17:03:00,17.8696785
17:03:01,16.81505
17:03:02,17.237608
17:03:03,17.2965031
17:03:04,17.6002769
17:03:05,17.4427624
17:03:06,17.7048645
17:03:07,17.7972412
17:03:08,18.3935642
17:03:09,18.4373074
17:03:10,18.90362
17:03:11,18.6442
17:03:12,18.9619465
17:03:13,18.7159939
17:03:14,18.4621849
17:03:15,18.8905354
17:03:16,18.6751366
17:03:17,18.9397869
17:03:18,18.2063942
17:03:19,18.1989861
17:03:20,18.90317
17:03:21,18.3420944
17:03:22,19.0570641
17:03:23,18.3797379
17:03:24,18.8930511
17:03:25,18.683
17:03:26,17.8865719
17:03:27,19.2968044
17:03:28,18.4170074
17:03:29,18.4188385
17:03:30,18.0061855
17:03:31,18.4826279
17:03:32,18.61655
17:03:33,18.0134621
17:03:34,17.9400673
17:03:35,18.7316875
17:03:36,18.2969723
17:03:37,18.0700245
17:03:38,18.2902126
17:03:39,19.0810776
17:03:40,18.458952
17:03:41,19.1327934
17:03:42,18.7433414
17:03:43,18.873003
17:03:44,19.2350864
17:03:45,18.6565723
17:03:46,18.6925049
17:03:47,19.12416
17:03:48,19.0282326
17:03:49,18.98743
17:03:50,18.7097435
17:03:51,19.235363
17:03:52,19.214035
17:03:53,18.50563
17:03:54,19.0954475
17:03:55,18.4308414
17:03:56,18.8284683
17:03:57,17.84
17:03:58,18.7579784
17:04:00,18.698452
17:04:01,18.5289078
17:04:02,18.26861
17:04:04,18.5926571
17:04:05,18.36754
17:04:07,18.598896
17:04:08,18.21473
17:04:09,18.8363476
17:04:10,18.96268
17:04:11,19.1224632
17:04:12,18.6052952
17:04:13,18.6355381
17:04:14,18.5363426
17:04:15,18.6285763
17:04:16,18.0230713
17:04:17,18.0394268
17:04:18,18.165163
17:04:19,18.92396
17:04:20,18.4304543
17:04:21,18.328825
17:04:22,19.3184357
17:04:23,19.2142944
17:04:24,18.780653
17:04:25,18.9919376
17:04:26,18.76927
17:04:27,18.86709
17:04:28,18.0404186
17:04:29,18.32248
17:04:30,18.9095573
17:04:31,18.1934757
17:04:32,18.6554031
17:04:33,18.0103073
17:04:34,18.8392887
17:04:35,19.2595882
17:04:36,19.2328415
17:04:37,19.4600143
17:04:38,18.44458
17:04:39,19.0020237
17:04:40,19.5256882
17:04:41,18.7554684
17:04:42,18.5608768
17:04:43,17.8250427
17:04:44,18.63283
17:04:45,18.4526081
17:04:46,17.8545132
17:04:47,18.49129
17:04:48,18.430109
17:04:49,18.6714363
17:04:50,18.3771057
17:04:51,18.618721
17:04:52,18.3641281
17:04:53,18.2355843
17:04:54,18.6433258
17:04:55,18.7814236
17:04:56,18.8829441
17:04:57,18.803051
17:04:58,18.6412563
17:04:59,17.9842739
17:05:00,17.6299286
17:05:01,17.2791424
17:05:02,17.6425056
17:05:03,17.1136189
17:05:04,17.0336742
17:05:05,16.9793739
17:05:06,16.89818
17:05:07,16.85431
17:05:08,17.3227234
17:05:09,18.1765842
17:05:10,19.1387
17:05:11,19.4065285
17:05:12,19.0358944
17:05:13,18.9423218
17:05:14,18.7545376
17:05:15,19.22962
17:05:16,19.5161552
17:05:17,18.8115063
17:05:18,18.7384052
17:05:19,19.0595779
17:05:20,18.6857071
17:05:21,18.3099213
17:05:22,18.1322384
17:05:23,18.554018
17:05:24,19.0587826
17:05:25,18.876894
17:05:26,19.3077145
17:05:27,18.685051
17:05:28,19.1262245
17:05:29,19.0080147
17:05:30,18.7192039
17:05:31,18.2140522
17:05:32,18.75134
17:05:33,18.4605675
17:05:34,18.729269
17:05:35,18.2815037
17:05:36,18.6293812
17:05:37,18.0933266
17:05:38,18.7927017
17:05:39,19.017868
17:05:40,18.5643559
17:05:41,18.7526817
17:05:42,18.6798916
17:05:43,19.0192947
17:05:44,18.5683289
17:05:45,18.9497337
17:05:46,18.5826759
17:05:47,18.8094349
17:05:48,18.8142281
17:05:49,19.01315
17:05:50,18.40523
17:05:51,18.9734955
17:05:52,18.56236
17:05:53,18.454958
17:05:54,18.9696159
17:05:55,18.286932
17:05:56,19.32125
17:05:57,18.5195789
17:05:58,18.6353951
17:05:59,19.1831512
17:06:00,18.92098
17:06:01,19.0465679
17:06:02,18.6909
17:06:03,19.32217
17:06:04,18.39843
17:06:05,18.578022
17:06:06,18.7112427
17:06:07,18.38728
17:06:08,19.0347519
17:06:09,18.1789818
17:06:10,18.6709232
17:06:11,18.7338676
17:06:12,18.23692
17:06:13,18.9797058
17:06:14,18.4292145
17:06:16,18.7649
17:06:17,18.6786785
17:06:18,19.6286678
17:06:19,18.937397
17:06:20,19.3376427
17:06:21,19.469696
17:06:22,19.0188122
17:06:23,18.65068
17:06:24,18.5819817
17:06:25,19.7329445
17:06:26,18.92504
17:06:27,19.6003666
17:06:28,19.3590355
17:06:29,19.03601
17:06:30,19.3869057
17:06:31,19.0481281
17:06:32,19.09784
17:06:33,19.212822
17:06:34,19.3348255
17:06:35,18.7159081
17:06:36,18.92486
17:06:37,19.4517727
17:06:38,18.2441139
17:06:39,18.80964
17:06:40,17.8756828
17:06:41,18.8874073
17:06:42,19.0192432
17:06:43,19.15638
17:06:44,17.6649971
17:06:45,18.5823784
17:06:46,18.4523258
17:06:47,19.2629814
17:06:48,18.6180248
17:06:49,18.3747253
17:06:50,18.9503784
17:06:51,18.0732574
17:06:52,18.0837269
17:06:53,18.8193817
17:06:54,18.5485973
17:06:55,18.3469429
17:06:57,18.76334
17:06:58,17.52307
17:07:00,17.43661
17:07:01,17.0440521
17:07:02,17.1579933
17:07:03,17.6858463
17:07:04,17.5582218
17:07:05,17.305603
17:07:06,17.458189
17:07:07,17.8012466
17:07:08,19.228672
17:07:09,18.60222
17:07:10,18.4590263
17:07:11,19.2140045
17:07:12,18.4993877
17:07:13,18.8839073
17:07:14,18.9163647
17:07:15,18.9067974
17:07:16,18.8758888
17:07:17,19.06393
17:07:18,18.5178623
17:07:19,18.9605541
17:07:20,18.7737789
17:07:21,19.3132019
17:07:22,19.0458851
17:07:23,19.2053528
17:07:24,19.4606972
17:07:25,19.4271564
17:07:26,19.9282646
17:07:27,19.0769157
17:07:28,19.6934433
17:07:29,19.6437588
17:07:30,18.6246872
17:07:31,19.0554428
17:07:32,19.2857761
17:07:33,19.3810024
17:07:34,18.4772873
17:07:35,18.4273987
17:07:36,19.0943146
17:07:37,18.3930855
17:07:38,18.8832073
17:07:39,18.4324188
17:07:40,18.7227612
17:07:41,18.6692524
17:07:42,18.5384769
17:07:43,18.3055286
17:07:44,18.775219
17:07:45,18.7726288
17:07:46,19.3737278
17:07:47,18.5183983
17:07:48,18.4814816
17:07:49,18.16899
17:07:50,18.99738
17:07:51,18.4379063
17:07:52,18.7524414
17:07:53,17.8238068
17:07:54,18.9533062
17:07:55,18.7561131
17:07:56,18.5526543
17:07:57,18.8551826
17:07:58,18.3729
17:07:59,19.10516
17:08:00,18.7515221
17:08:01,18.95304
17:08:02,18.6427612
17:08:03,18.6974087
17:08:04,18.81547
17:08:05,18.8970432
17:08:06,18.8792858
17:08:07,18.6078453
17:08:08,18.0726681
17:08:09,18.4246559
17:08:10,18.97485
17:08:11,19.37184
17:08:12,18.9181614
17:08:13,18.4493713
17:08:14,18.7781715
17:08:15,18.76325
17:08:16,18.85258
17:08:17,18.6161118
17:08:18,19.2765541
17:08:19,18.3422089
17:08:20,18.6567745
17:08:21,18.4005775
17:08:22,17.9516125
17:08:23,18.6505318
17:08:24,19.23054
17:08:25,19.3220825
17:08:26,19.7067871
17:08:27,19.5491619
17:08:28,19.0832329
17:08:29,19.6687851
17:08:30,19.3278751
17:08:31,18.81517
17:08:32,19.0382385
17:08:33,19.0604057
17:08:34,18.5574169
17:08:35,19.228796
17:08:36,19.1499252
17:08:37,19.4564743
17:08:38,19.5065823
17:08:39,19.2857475
17:08:40,19.2557354
17:08:41,18.991394
17:08:42,18.3240185
17:08:43,18.6290665
17:08:44,18.4574184
17:08:45,18.6211262
17:08:46,18.6378784
17:08:47,18.8786278
17:08:48,18.9441338
17:08:49,18.9281845
17:08:50,18.5472221
17:08:51,18.7728634
17:08:52,18.4381466
17:08:53,18.6525211
17:08:54,18.796339
17:08:55,18.5126419
17:08:56,18.2000179
17:08:57,16.9927769
17:08:58,17.1127357
17:08:59,17.60373
17:09:00,17.5653687
17:09:01,16.8346233
17:09:02,17.18839
17:09:03,17.7561131
17:09:04,17.91716
17:09:05,17.2419662
17:09:06,17.6635113
17:09:07,18.08689
17:09:08,17.8911781
17:09:09,18.136713
17:09:10,17.6747551
17:09:11,17.33191
17:09:12,18.123312
17:09:13,17.4038677
17:09:14,17.5943127
17:09:16,17.2012272
17:09:17,17.14482
17:09:18,17.4925747
17:09:19,17.653698
17:09:20,17.4760914
17:09:21,17.1455841
17:09:22,16.73016
17:09:23,18.8690872
17:09:24,17.6088886
17:09:25,18.26498
17:09:26,18.68878
17:09:27,18.8201828
17:09:28,18.49505
17:09:29,19.0110645
17:09:30,18.3820248
17:09:31,18.4849644
17:09:32,18.7625523
17:09:33,18.1550961
17:09:34,18.69969
17:09:35,19.1882534
17:09:36,19.0796032
17:09:37,18.6391449
17:09:38,18.7921944
17:09:39,19.283947
17:09:40,19.3314781
17:09:41,19.03176
17:09:42,19.35416
17:09:43,19.602459
17:09:44,19.451786
17:09:45,19.74556
17:09:46,18.7878418
17:09:47,18.5579472
17:09:48,18.6716843
17:09:49,18.4608536
17:09:50,18.5055752
17:09:51,18.60616
17:09:52,18.7257957
17:09:53,18.475111
17:09:55,19.186739
17:09:56,18.9857063
17:09:57,18.50222
17:09:58,18.8939552
17:09:59,18.9195385
17:10:01,18.9090118
17:10:02,19.013813
17:10:04,19.5610218
17:10:06,18.99155
17:10:07,19.25606
17:10:09,19.2798347
17:10:10,19.4816189
17:10:11,18.6084061
17:10:12,18.8891373
17:10:13,18.7158833
17:10:14,18.6897564
17:10:15,19.3174324
17:10:16,18.15532
17:10:17,19.0693741
17:10:18,18.5875664
17:10:19,19.17113
17:10:20,17.9055214
17:10:21,18.9123745
17:10:22,18.8244019
17:10:23,17.8914051
17:10:24,18.6888142
17:10:25,18.7678318
17:10:26,18.18403
17:10:27,18.79864
17:10:28,18.7374763
17:10:29,18.7903423
17:10:30,18.52909
17:10:31,18.8355331
17:10:32,19.3112164
17:10:33,18.53842
17:10:34,18.9715157
17:10:35,18.5596485
17:10:36,19.18707
17:10:37,19.5445843
17:10:38,19.3518219
17:10:39,19.1254654
17:10:40,19.5410118
17:10:41,19.1328259
17:10:42,19.3173866
17:10:43,19.2525635
17:10:44,18.9029522
17:10:45,19.119957
17:10:46,18.6772861
17:10:47,19.4942665
17:10:48,18.8102684
17:10:49,18.6618958
17:10:50,19.28592
17:10:51,19.1531162
17:10:52,18.9841824
17:10:53,19.2931023
17:10:54,18.9633465
17:10:55,18.76814
17:10:56,18.9500961
17:10:57,18.3357086
17:10:58,18.4239559
17:10:59,19.4372864
17:11:00,18.8888874
17:11:01,18.88587
17:11:02,19.25869
17:11:03,18.898735
17:11:04,19.1636181
17:11:05,18.90278
17:11:06,18.9257755
17:11:07,19.392889
17:11:08,19.6012077
17:11:09,18.9416523
17:11:10,19.4091663
17:11:11,19.1606979
17:11:12,19.5791969
17:11:13,19.32639
17:11:14,19.06339
17:11:15,17.6404247
17:11:16,18.71059
17:11:17,17.0171947
17:11:18,17.21218
17:11:19,17.4829655
17:11:20,17.5075741
17:11:21,17.3239956
17:11:22,17.0330048
17:11:23,17.027113
17:11:24,18.3612423
17:11:25,19.3187656
17:11:26,18.99005
17:11:27,18.420496
17:11:28,19.037056
17:11:29,18.8406086
17:11:30,18.7602825
17:11:31,19.0990067
17:11:32,18.3630142
17:11:33,18.8377552
17:11:34,18.27194
17:11:35,18.4472828
17:11:36,18.5182323
17:11:37,19.1885223
17:11:38,19.0808754
17:11:39,19.3220444
17:11:40,19.69269
17:11:41,19.9036217
17:11:42,19.494133
17:11:43,19.9494
17:11:44,19.9786911
17:11:45,19.411129
17:11:46,19.8968124
17:11:47,19.1481
17:11:48,19.4688549
17:11:49,19.7132931
17:11:50,19.4131546
17:11:51,19.4471149
17:11:52,18.65629
17:11:53,19.4922638
17:11:54,19.8388042
17:11:55,18.9394341
17:11:56,19.2175388
17:11:57,19.41553
17:11:58,18.915699
17:11:59,19.1556015
17:12:00,18.8571777
17:12:01,19.5039768
17:12:02,19.0562954
17:12:03,19.6187553
17:12:04,19.0482521
17:12:05,19.5477772
17:12:06,19.6937027
17:12:07,18.4665737
17:12:08,19.1677055
17:12:09,18.367218
17:12:10,18.9527931
17:12:11,18.69788
17:12:12,19.2320728
17:12:13,18.7287827
17:12:14,18.306076
17:12:16,18.9699039
17:12:17,18.6811123
17:12:18,18.5062084
17:12:19,19.4357738
17:12:20,18.3263531
17:12:21,18.5872021
17:12:22,19.1109829
17:12:23,18.108881
17:12:24,18.3502064
17:12:25,18.6450977
17:12:26,18.937521
17:12:27,18.3072414
17:12:28,18.4671078
17:12:29,18.929081
17:12:30,18.2906818
17:12:31,18.5916252
17:12:32,18.2212
17:12:33,18.7915344
17:12:34,18.4301281
17:12:35,18.8744011
17:12:36,18.9032059
17:12:37,18.5817852
17:12:38,19.1418514
17:12:39,18.6526718
17:12:40,18.7737885
17:12:41,19.2954941
17:12:42,18.4962864
17:12:44,18.9235687
17:12:45,18.5004864
17:12:47,19.141449
17:12:48,19.1086311
17:12:49,18.9131451
17:12:50,18.820755
17:12:51,19.2981834
17:12:52,18.3172531
17:12:53,18.570137
17:12:54,19.0295029
17:12:55,18.702879
17:12:56,19.0288315
17:12:57,18.6484089
17:12:58,18.2092323
17:12:59,18.59956
17:13:00,18.1876411
17:13:01,18.2343826
17:13:02,18.5710487
17:13:03,18.51554
17:13:04,18.6172676
17:13:05,19.1596317
17:13:06,18.7178612
17:13:07,18.5242462
17:13:08,18.9543247
17:13:09,18.3413124
17:13:10,19.1140079
17:13:11,18.36601
17:13:12,18.94119
17:13:13,18.2319412
17:13:14,17.9941158
17:13:15,17.3048954
17:13:16,17.66093
17:13:17,17.92294
17:13:18,17.43515
17:13:19,17.57546
17:13:20,17.226141
17:13:21,17.2016659
17:13:22,17.4866486
17:13:23,18.8400841
17:13:24,18.8168278
17:13:25,18.5391026
17:13:26,18.82178
17:13:27,18.2616558
17:13:28,18.7209282
17:13:29,18.68312
17:13:30,18.7424412
17:13:31,18.6901283
17:13:32,18.4945717
17:13:33,18.5383072
17:13:34,18.5179386
17:13:35,18.8459415
17:13:36,18.1081333
17:13:37,19.1225986
17:13:38,18.5582886
17:13:39,18.7544231
17:13:40,18.8725243
17:13:41,18.81155
17:13:42,18.4059448
17:13:43,18.5227451
17:13:44,18.6800652
17:13:45,18.9680519
17:13:46,18.3283539
17:13:47,18.96929
17:13:48,18.84848
17:13:49,19.1900959
17:13:50,18.8465977
17:13:51,18.5042686
17:13:52,18.87013
17:13:53,18.5572853
17:13:54,18.1463966
17:13:55,18.5561085
17:13:56,18.5623245
17:13:57,18.7610226
17:13:58,18.986269
17:13:59,18.8931541
17:14:00,18.2408848
17:14:01,19.2719631
17:14:02,18.7185249
17:14:03,18.473074
17:14:04,18.7593021
17:14:05,19.5432358
17:14:06,18.4089928
17:14:07,18.7822552
17:14:08,18.3585739
17:14:09,18.5028362
17:14:10,18.6045132
17:14:11,18.57383
17:14:12,18.48882
17:14:13,17.9663258
17:14:14,18.48696
17:14:15,18.5490685
17:14:16,18.9109211
17:14:17,19.1376457
17:14:18,18.55295
17:14:19,18.9345131
17:14:20,19.4958534
17:14:21,18.8461552
17:14:22,19.2277374
17:14:23,19.4924984
17:14:24,19.3814449
17:14:25,19.97275
17:14:26,19.6435318
17:14:27,19.0644436
17:14:28,18.9177761
17:14:29,19.8219147
17:14:30,19.0712948
17:14:31,19.6339111
17:14:32,19.19024
17:14:33,18.7379513
17:14:34,19.38591
17:14:35,19.55503
17:14:36,19.3648758
17:14:37,19.227705
17:14:38,19.1449928
17:14:39,19.48364
17:14:40,19.0449772
17:14:41,18.8957939
17:14:42,19.3136768
17:14:43,18.69433
17:14:44,18.7924538
17:14:45,18.89348
17:14:46,19.3516769
17:14:47,18.1904678
17:14:48,19.1380539
17:14:49,18.26258
17:14:50,18.8564148
17:14:51,18.642519
17:14:52,18.6906
17:14:53,18.90213
17:14:54,18.4445152
17:14:55,19.03538
17:14:56,17.99876
17:14:57,19.2626286
17:14:58,18.7184067
17:14:59,19.3541813
17:15:00,18.7969532
17:15:01,18.942
17:15:02,18.6359787
17:15:03,18.2203941
17:15:04,18.9752254
17:15:05,18.4854546
17:15:06,18.7300034
17:15:07,19.2071171
17:15:08,18.7640915
17:15:09,18.8495026
17:15:10,18.9696217
17:15:11,17.9610119
17:15:12,18.2607841
17:15:13,17.9501324
17:15:14,17.0920849
17:15:16,17.264122
17:15:17,18.4456654
17:15:18,17.6436749
17:15:19,17.8524952
17:15:20,17.6665115
17:15:21,17.85188
17:15:22,19.0349159
17:15:23,18.7718163
17:15:24,18.7676678
17:15:25,19.0856647
17:15:26,18.2209549
17:15:27,18.7264137
17:15:28,18.6517429
17:15:29,18.9353867
17:15:30,18.5051842
17:15:31,19.4229259
17:15:32,19.6020737
17:15:33,18.43983
17:15:34,19.72525
17:15:35,19.096941
17:15:36,18.821806
17:15:37,19.4350281
17:15:38,19.0799236
17:15:39,18.8349037
17:15:40,18.6552258
17:15:41,18.69657
17:15:42,18.645052
17:15:43,18.774374
17:15:44,19.1916332
17:15:45,18.511158
17:15:46,19.60187
17:15:48,19.1226978
17:15:49,19.1017284
17:15:50,20.1148071
17:15:51,19.2292061
17:15:52,19.9066772
17:15:53,19.3979244
17:15:54,19.2199383
17:15:55,19.4011536
17:15:56,18.1030254
17:15:57,19.1679077
17:15:58,18.646862
17:15:59,18.5410976
17:16:00,18.9963284
17:16:01,18.676754
17:16:02,18.9024715
17:16:03,18.381052
17:16:04,18.41995
17:16:05,18.3234367
17:16:06,18.7686481
17:16:07,19.405098
17:16:08,18.39308
17:16:09,18.6710567
17:16:10,18.1856327
17:16:11,18.9216747
17:16:12,18.59352
17:16:13,18.5146446
17:16:14,18.287281
17:16:15,18.82357
17:16:16,17.987709
17:16:17,18.2942848
17:16:18,18.91281
17:16:19,18.7430439
17:16:20,18.93458
17:16:21,18.6627731
17:16:22,19.6207981
17:16:23,18.1064777
17:16:24,18.5669327
17:16:25,19.0226231
17:16:26,18.8503742
17:16:27,18.9193783
17:16:28,18.7847252
17:16:29,18.69166
17:16:30,18.3119812
17:16:31,19.0034142
17:16:32,18.9176731
17:16:33,19.0184612
17:16:34,18.95351
17:16:35,18.113739
17:16:36,19.4011269
17:16:37,18.6764488
17:16:38,18.1534
17:16:39,18.3839951
17:16:40,18.3100357
17:16:41,18.9409142
17:16:42,18.3774052
17:16:43,18.9208241
17:16:44,18.6915779
17:16:45,19.03511
17:16:46,19.0538235
17:16:47,18.9417439
17:16:48,19.6244488
17:16:49,19.1473713
17:16:50,19.4118538
17:16:51,19.15216
17:16:52,18.2581
17:16:53,19.3619766
17:16:54,18.9676132
17:16:55,18.5109653
17:16:56,19.0124
17:16:57,18.4560528
17:16:58,18.6519413
17:16:59,18.5776272
17:17:00,19.25488
17:17:01,18.5805244
17:17:02,18.6430225
17:17:03,18.8304958
17:17:04,18.2103062
17:17:05,19.34914
17:17:06,18.5906925
17:17:07,18.9539337
17:17:08,18.70834
17:17:09,19.17262
17:17:10,20.0259266
17:17:11,18.2404137
17:17:12,18.1728573
17:17:13,18.475214
17:17:14,18.1501045
17:17:15,17.77578
17:17:16,18.0348969
17:17:17,17.5062313
17:17:18,17.5507946
17:17:19,17.4152584
17:17:20,17.8837624
17:17:21,18.7951279
17:17:22,18.9635887
17:17:23,18.6117153
17:17:24,18.8562336
17:17:25,18.7220745
17:17:26,19.138916
17:17:27,18.5365829
17:17:28,18.6882038
17:17:29,19.1996555
17:17:30,18.9188347
17:17:31,18.83874
17:17:32,18.5852165
17:17:33,18.771904
17:17:34,18.9685612
17:17:35,18.824894
17:17:36,18.7362938
17:17:37,18.783392
17:17:38,18.15073
17:17:39,19.8960056
17:17:40,18.89585
17:17:41,18.9628
17:17:42,19.3444252
17:17:43,18.8282928
17:17:44,19.02216
17:17:45,18.2422638
17:17:46,18.767725
17:17:47,18.7420654
17:17:48,17.8678074
17:17:49,18.8722458
17:17:50,18.700016
17:17:51,19.2280025
17:17:52,19.30225
17:17:53,19.1930828
17:17:54,19.4292278
17:17:55,18.8918247
17:17:56,19.6363926
17:17:57,19.5229282
17:17:58,19.0333614
17:17:59,19.0895042
17:18:00,18.7380733
17:18:01,18.793951
17:18:02,18.454792
17:18:03,18.8470516
17:18:04,18.8683815
17:18:05,18.6090565
17:18:06,18.7600765
17:18:07,18.6601582
17:18:08,18.9943371
17:18:09,18.3243256
17:18:10,18.1103859
17:18:11,18.272892
17:18:12,19.4377823
17:18:13,18.2289639
17:18:14,18.75196
17:18:15,18.9130344
17:18:17,19.0266838
17:18:18,18.9637928
17:18:19,19.1187115
17:18:20,19.1739559
17:18:21,18.9407558
17:18:22,19.5308819
17:18:23,18.780159
17:18:24,18.639185
17:18:26,18.7851734
17:18:27,18.7970753
17:18:28,18.9338627
17:18:29,18.62368
17:18:30,18.451952
17:18:31,19.0329742
17:18:32,18.6600056
17:18:33,19.04352
17:18:34,18.7407284
17:18:35,18.5283
17:18:36,18.8231144
17:18:37,18.57518
17:18:38,18.7627544
17:18:39,18.9078159
17:18:40,18.51943
17:18:41,18.8165989
17:18:42,18.283741
17:18:43,18.91106
17:18:44,18.2048435
17:18:45,18.38462
17:18:46,18.9414616
17:18:47,18.570776
17:18:48,18.6328411
17:18:49,18.3104019
17:18:50,18.8764763
17:18:51,18.4116917
17:18:52,18.5057068
17:18:53,19.5366459
17:18:54,18.7107525
17:18:55,18.81765
17:18:56,17.8865719
17:18:57,18.7393589
17:18:58,19.7123
17:18:59,18.5184
17:19:00,18.75095
17:19:01,18.7493687
17:19:02,18.9135284
17:19:03,18.5487175
17:19:04,18.4043789
17:19:05,18.7466316
17:19:06,18.5801888
17:19:07,18.6042671
17:19:08,18.7469139
17:19:09,18.9096146
17:19:10,18.4616261
17:19:11,17.2296543
17:19:12,17.6223335
17:19:13,17.43812
17:19:14,17.30339
17:19:15,17.2156239
17:19:16,16.9416275
17:19:17,17.88266
17:19:18,18.040741
17:19:19,17.8906441
17:19:20,17.5825386
17:19:21,18.3008
17:19:22,18.4107952
17:19:23,18.4218521
17:19:24,18.6198635
17:19:25,18.1884651
17:19:26,19.0690613
17:19:27,18.4590263
17:19:28,18.2925835
17:19:29,18.9497566
17:19:30,18.8503532
17:19:31,18.8407631
17:19:32,18.9614315
17:19:33,18.7875233
17:19:34,18.399147
17:19:35,18.8449364
17:19:36,19.00489
17:19:37,18.5565376
17:19:38,18.8158531
17:19:39,18.35986
17:19:40,19.1336823
17:19:41,18.8828869
17:19:42,18.3732548
17:19:43,18.9965363
17:19:44,18.8013039
17:19:45,18.132225
17:19:46,18.8825245
17:19:47,18.9923668
17:19:48,18.8283329
17:19:49,18.6736755
17:19:50,19.15747
17:19:51,18.7453117
17:19:52,18.8365841
17:19:53,18.77111
17:19:54,18.828949
17:19:55,19.2231445
17:19:56,18.1511536
17:19:57,19.1001
17:19:58,18.6431637
17:19:59,19.00446
17:20:00,18.1366329
17:20:01,18.7795277
17:20:02,18.86324
17:20:03,18.769228
17:20:04,19.2042713
17:20:05,18.8271351
17:20:06,18.2314224
17:20:07,19.4973164
17:20:08,18.0674419
17:20:09,19.5488949
17:20:10,18.886694
17:20:11,18.3314362
17:20:12,18.8679485
17:20:13,18.715519
17:20:14,19.1492825
17:20:15,18.575449
17:20:16,18.55721
17:20:17,19.2173843
17:20:18,18.995924
17:20:19,19.0588856
17:20:20,19.0456181
17:20:21,19.0833416
17:20:22,18.78896
17:20:23,19.3150043
17:20:24,18.9210472
17:20:25,18.2748528
17:20:26,18.9794178
17:20:27,18.5125065
17:20:28,18.5979366
17:20:29,18.95122
17:20:30,19.23431
17:20:31,18.77718
17:20:32,19.0338573
17:20:33,19.0334759
17:20:34,18.28269
17:20:35,18.9473953
17:20:36,18.8761311
17:20:37,19.2623386
17:20:38,19.4872227
17:20:39,18.5443687
17:20:40,19.3508263
17:20:41,18.7333
17:20:42,18.8723755
17:20:43,18.5791016
17:20:44,19.0110378
17:20:45,19.0781364
17:20:46,18.2210274
17:20:47,18.5305748
17:20:48,18.1712551
17:20:49,18.2927856
17:20:50,19.2077579
17:20:51,19.0126534
17:20:52,18.6781216
17:20:53,18.15085
17:20:54,18.8284264
17:20:55,18.8733864
17:20:56,18.816431
17:20:57,19.20195
17:20:58,18.6749783
17:20:59,18.7779713
17:21:00,18.9632359
17:21:02,18.4214287
17:21:03,18.9225845
17:21:04,18.8781319
17:21:05,18.3108673
17:21:06,19.2244148
17:21:07,18.3830776
17:21:08,18.6948643
17:21:09,18.78421
17:21:10,17.8115025
17:21:11,17.2994385
17:21:12,17.5917511
17:21:13,17.65964
17:21:14,17.8966351
17:21:15,17.7074127
17:21:16,17.7482433
17:21:17,17.7495728
17:21:18,18.3909321
17:21:19,18.51071
17:21:20,19.4607887
17:21:21,18.7332039
17:21:22,18.1762466
17:21:23,18.7627678
17:21:24,18.80912
17:21:25,18.9735966
17:21:26,18.4523163
17:21:27,19.02093
17:21:28,18.4928951
17:21:29,18.75343
17:21:30,18.9619217
17:21:31,19.0187
17:21:32,18.8795643
17:21:33,18.5660458
17:21:34,18.727356
17:21:35,18.85053
17:21:36,19.2219181
17:21:37,18.6301613
17:21:38,19.10789
17:21:39,19.0428066
17:21:40,19.2183132
17:21:41,19.2218227
17:21:42,19.1390343
17:21:43,19.685173
17:21:44,19.33781
17:21:45,19.4887066
17:21:46,19.6059265
17:21:47,19.12443
17:21:48,18.6917057
17:21:49,18.61346
17:21:50,19.0852585
17:21:51,18.7281761
17:21:52,18.71941
17:21:53,18.1824284
17:21:54,18.9338
17:21:55,18.7495346
17:21:56,18.6727772
17:21:57,18.9213428
17:21:58,18.35596
17:21:59,18.6585617
17:22:00,18.87016
17:22:01,18.7672749
17:22:02,19.50643
17:22:03,18.0016632
17:22:04,19.5132256
17:22:05,18.84779
17:22:06,19.3455448
17:22:07,18.3554611
17:22:08,18.2051888
17:22:09,18.5688229
17:22:10,18.7834587
17:22:11,18.6999931
17:22:12,18.74387
17:22:13,18.8958282
17:22:14,18.8411045
17:22:15,18.5525951
17:22:16,19.1166058
17:22:17,19.5020561
17:22:18,19.0407715
17:22:19,18.5333424
17:22:20,19.1361275
17:22:21,18.4021034
17:22:22,18.6285839
17:22:23,18.9323254
17:22:24,18.1973572
17:22:25,18.9043
17:22:26,18.4245872
17:22:27,19.3085232
17:22:28,18.5423241
17:22:29,19.4106522
17:22:30,18.79692
17:22:31,19.0323753
17:22:32,19.1456089
17:22:33,18.5828381
17:22:34,19.2596684
17:22:35,18.6977081
17:22:36,18.6163769
17:22:37,18.4717426
17:22:38,18.9113445
17:22:39,18.8068485
17:22:40,18.50596
17:22:41,18.97539
17:22:42,18.6029835
17:22:43,19.2149124
17:22:44,19.0633678
17:22:45,19.3258057
17:22:46,18.8995647
17:22:47,18.7241631
17:22:48,18.8639927
17:22:49,18.3976612
17:22:50,18.9537029
17:22:51,18.1782722
17:22:52,19.255312
17:22:53,18.4004021
17:22:54,18.2853851
17:22:55,19.381319
17:22:56,18.8416424
17:22:57,18.6540012
17:22:58,18.25136
17:22:59,18.5077915
17:23:00,19.0704784
17:23:01,18.326931
17:23:02,18.6786575
17:23:03,18.87451
17:23:04,18.4502945
17:23:05,18.5192814
17:23:06,18.665205
17:23:07,19.03554
17:23:08,17.8138428
17:23:09,17.6586876
17:23:10,16.8489952
17:23:11,17.3934765
17:23:12,17.63208
17:23:13,17.6814671
17:23:14,17.62178
17:23:15,17.4321976
17:23:16,17.7952156
17:23:17,18.93726
17:23:18,19.1561642
17:23:19,19.07083
17:23:20,19.398386
17:23:21,19.5241547
17:23:22,19.08565
17:23:23,18.799551
17:23:24,19.0040684
17:23:25,19.3399525
17:23:26,18.1972618
17:23:27,18.479269
17:23:28,18.22526
17:23:29,19.0676041
17:23:30,18.4021416
17:23:31,18.8533974
17:23:32,18.78865
17:23:33,18.6175385
17:23:34,18.8968868
17:23:35,19.1765575
17:23:36,18.9249115
17:23:37,18.3068352
17:23:38,18.7050743
17:23:39,18.8017178
17:23:40,18.4912586
17:23:41,18.6981125
17:23:42,18.700222
17:23:43,19.1315517
17:23:44,17.7861977
17:23:45,18.7868862
17:23:46,18.3401814
17:23:47,19.1027031
17:23:48,18.5470333
17:23:49,18.9887924
17:23:50,19.322958
17:23:51,19.0508518
17:23:52,19.1430473
17:23:53,19.37127
17:23:54,18.9048615
17:23:55,19.0969524
17:23:56,18.7932434
17:23:57,18.8713818
17:23:58,18.7139816
17:23:59,18.3871117
17:24:00,18.7940731
17:24:01,18.7705746
17:24:02,18.9768848
17:24:03,18.6554012
17:24:04,18.7092113
17:24:05,18.5274353
17:24:06,19.2260456
17:24:07,19.1097374
17:24:08,18.72912
17:24:09,19.0463524
17:24:10,18.5570221
17:24:11,18.4169025
17:24:13,19.3114471
17:24:14,18.7642612
17:24:15,19.2206
17:24:16,18.90289
17:24:17,19.61302
17:24:18,18.5626869
17:24:19,19.2509041
17:24:20,18.88171
17:24:21,18.88597
17:24:22,19.147562
17:24:23,18.432106
17:24:24,19.6366062
17:24:25,18.66908
17:24:26,18.899271
17:24:27,19.28705
17:24:28,18.72785
17:24:29,19.12767
17:24:30,18.7568245
17:24:31,19.2448349
17:24:32,18.6780415
17:24:33,18.92924
17:24:34,18.82806
17:24:35,19.3153114
17:24:36,18.43182
17:24:37,18.3337345
17:24:38,18.6847286
17:24:39,18.8197384
17:24:40,18.6222019
17:24:41,18.4671154
17:24:42,19.5176773
17:24:43,18.5436363
17:24:44,18.5273132
17:24:45,18.41851
17:24:46,18.9824047
17:24:47,18.9480114
17:24:48,18.458952
17:24:49,19.381628
17:24:50,18.8713875
17:24:51,18.8207779
17:24:52,18.9437523
17:24:53,18.592823
17:24:54,19.0131359
17:24:55,18.3756084
17:24:56,19.1044025
17:24:57,18.8619461
17:24:58,18.8582077
17:24:59,19.1044
17:25:00,18.3682938
17:25:01,19.0216064
17:25:02,18.4844
17:25:03,18.6122742
17:25:04,18.4233036
17:25:05,18.3829575
17:25:06,18.644186
17:25:07,17.5741844
17:25:08,17.964323
17:25:09,17.47624
17:25:10,17.5287189
17:25:11,17.8203278
17:25:12,17.6692753
17:25:13,17.725666
17:25:14,18.213089
17:25:15,18.7375088
17:25:16,17.614624
17:25:17,17.9823818
17:25:18,18.7981567
17:25:19,17.6253242
17:25:20,17.8637543
17:25:21,17.7403183
17:25:22,18.6032352
17:25:23,17.5001888
17:25:24,18.1794319
17:25:25,18.3094025
17:25:26,17.558157
17:25:27,18.0601
17:25:28,17.9815655
17:25:29,18.0436077
17:25:30,17.7082024
17:25:31,17.534771
17:25:32,17.8347855
17:25:33,17.5263176
17:25:34,17.701416
17:25:35,19.17145
17:25:36,18.2748966
17:25:37,18.60083
17:25:38,18.6279259
17:25:39,18.9840946
17:25:40,18.5952587
17:25:41,18.4652557
17:25:42,19.1516247
17:25:43,18.2238846
17:25:44,18.5059814
17:25:45,18.2925072
17:25:46,19.10948
17:25:47,19.191061
17:25:48,18.9900627
17:25:49,18.9565754
17:25:50,18.7254524
17:25:51,17.6937561
17:25:52,19.0071144
17:25:53,19.51125
17:25:54,19.1213379
17:25:55,18.4774818
17:25:56,18.830822
17:25:57,19.2898579
17:25:58,18.35798
17:25:59,18.5445385
17:26:00,18.9903259
17:26:01,18.4107971
17:26:02,19.2277546
17:26:03,18.7209167
17:26:04,18.4449043
17:26:05,18.9982281
17:26:06,19.0725384
17:26:07,19.1265564
17:26:08,18.43302
17:26:09,18.5334835
17:26:10,18.6716976
17:26:11,18.483427
17:26:12,19.6378613
17:26:13,18.8266258
17:26:14,19.3752975
17:26:15,19.2714062
17:26:17,19.8051052
17:26:18,19.9631
17:26:19,19.9403152
17:26:20,19.3074379
17:26:21,19.4908714
17:26:22,18.9644432
17:26:23,19.7212353
17:26:24,19.01585
17:26:25,19.2193737
17:26:26,19.76828
17:26:27,18.7990532
17:26:28,19.7844715
17:26:29,19.2042236
17:26:30,19.5534382
17:26:31,19.0018234
17:26:32,19.7319622
17:26:33,19.6406059
17:26:34,18.5226212
17:26:35,19.0774441
17:26:36,19.17026
17:26:37,19.2864227
17:26:38,19.4941654
17:26:39,18.37366
17:26:40,19.1055431
17:26:41,18.5167084
17:26:42,18.87812
17:26:43,19.0286083
17:26:44,18.5992832
17:26:45,19.065321
17:26:46,18.8536263
17:26:47,18.9392872
17:26:48,18.936718
17:26:49,19.1488075
17:26:50,18.8930321
17:26:51,18.8955879
17:26:52,18.9371223
17:26:53,19.0669842
17:26:54,19.0196667
17:26:56,18.6663418
17:26:58,19.5047779
17:26:59,18.7318611
17:27:00,18.8884544
17:27:01,18.2077847
17:27:02,18.5565853
17:27:03,19.0620613
17:27:04,18.5611687
17:27:05,18.9520626
17:27:06,18.8472786
17:27:07,19.2745914
17:27:08,18.6706982
17:27:09,18.9497433
17:27:10,19.0995979
17:27:11,18.8710079
17:27:12,18.7994919
17:27:13,19.0048332
17:27:14,18.4817753
17:27:15,18.6111546
17:27:16,19.0954418
17:27:17,18.4552155
17:27:18,18.4683247
17:27:19,19.2637253
17:27:20,18.6597328
17:27:21,18.664587
17:27:22,19.1102066
17:27:23,18.0076675
17:27:24,19.1331673
17:27:25,18.26842
17:27:26,17.8410473
17:27:27,16.9977512
17:27:28,17.9711533
17:27:29,16.9875965
17:27:30,17.1066933
17:27:31,17.2823429
17:27:32,17.5477085
17:27:33,17.77463
17:27:34,17.6783562
17:27:35,19.2042141
17:27:36,18.32463
17:27:37,19.5152721
17:27:38,18.7370377
17:27:39,19.0137749
17:27:40,19.2000389
17:27:41,19.5610714
17:27:42,19.3231964
17:27:43,19.4389725
17:27:44,19.2224426
17:27:45,19.5614624
17:27:46,19.9196186
17:27:47,18.8498268
17:27:48,19.8035736
17:27:49,20.08579
17:27:50,20.0035324
17:27:51,20.0034657
17:27:52,19.0348434
17:27:53,19.2594414
17:27:54,18.8065948
17:27:55,19.2123432
17:27:56,19.3357944
17:27:57,18.98909
17:27:58,19.7500534
17:27:59,19.5365562
17:28:00,19.26633
17:28:01,19.321413
17:28:02,18.9803982
17:28:03,19.5340862
17:28:04,18.6222286
17:28:05,18.8142185
17:28:06,18.5490723
17:28:07,18.6733284
17:28:08,19.4648151
17:28:09,18.8777618
17:28:10,18.73833
17:28:11,18.783
17:28:12,18.6841564
17:28:13,19.13946
17:28:14,18.5548153
17:28:15,19.66147
17:28:16,18.7176151
17:28:17,18.4371262
17:28:18,18.6691551
17:28:19,18.67251
17:28:20,18.9938965
17:28:21,18.3742924
17:28:22,19.289196
17:28:23,19.3064861
17:28:24,19.2067947
17:28:25,19.6082344
17:28:26,19.5320282
17:28:27,19.1997814
17:28:28,18.65529
17:28:29,18.6910915
17:28:30,17.9060841
17:28:31,18.9578476
17:28:32,19.2097969
17:28:33,18.67579
17:28:34,18.84587
17:28:35,18.89536
17:28:36,19.5595284
17:28:37,18.4908772
17:28:38,18.60107
17:28:39,18.9613571
17:28:40,18.7517815
17:28:41,18.7674179
17:28:42,18.8568249
17:28:43,19.1387081
17:28:44,18.5653419
17:28:45,19.2261581
17:28:46,18.5764561
17:28:47,18.8659859
17:28:48,18.7355938
17:28:49,19.25894
17:28:50,18.4018536
17:28:51,18.8747463
17:28:52,18.0485115
17:28:53,19.0908489
17:28:54,18.8213387
17:28:55,18.8423824
17:28:56,18.55409
17:28:57,19.3766918
17:28:58,18.922493
17:28:59,18.38294
17:29:00,18.9696579
17:29:01,18.741621
17:29:02,18.47271
17:29:03,18.3665237
17:29:04,18.4949627
17:29:05,19.2183743
17:29:06,18.4832573
17:29:07,18.8115177
17:29:08,17.9315071
17:29:09,19.2076626
17:29:10,19.5037556
17:29:11,18.54284
17:29:12,19.1000557
17:29:13,19.3207359
17:29:14,19.5451546
17:29:15,19.2949219
17:29:16,18.7785568
17:29:17,19.24566
17:29:18,19.0125256
17:29:19,18.6034336
17:29:20,19.2478943
17:29:21,18.2210846
17:29:22,18.7855988
17:29:23,18.8692474
17:29:24,17.1555042
17:29:25,16.9718342
17:29:26,17.0103683
17:29:27,16.9914341
17:29:28,17.3068428
17:29:29,17.7631531
17:29:30,17.4297314
17:29:31,16.9342518
17:29:32,17.40207
17:29:33,18.6885872
17:29:34,18.7099361
17:29:35,18.3015347
17:29:36,18.3522
17:29:37,18.30444
17:29:38,19.06897
17:29:39,18.4452744
17:29:40,18.8241
17:29:41,18.7266636
17:29:42,18.7824421
17:29:43,19.0507565
17:29:44,18.2043686
17:29:45,18.2230511
17:29:46,18.473177
17:29:47,19.1562614
17:29:48,18.8920574
17:29:49,18.5042744
17:29:50,18.7318363
17:29:51,17.95648
17:29:52,18.6779881
17:29:53,18.8566456
17:29:54,18.9445057
17:29:55,19.4823284
17:29:56,19.50186
17:29:57,18.9588623
17:29:58,19.01387
17:29:59,18.6358452
17:30:00,18.61075
17:30:01,18.5312729
17:30:02,19.03912
17:30:03,19.1651726
17:30:04,18.295496
17:30:05,18.644249
17:30:06,18.36221
17:30:07,18.5093937
17:30:08,18.6534138
17:30:09,18.718029
17:30:10,18.4481564
17:30:11,18.6298943
17:30:12,18.7666416
17:30:13,18.0782318
17:30:14,18.4988384
17:30:16,18.6503639
17:30:17,18.9717979
17:30:18,18.810545
17:30:19,19.0564
17:30:20,18.5046368
17:30:21,18.219553
17:30:22,18.971386
17:30:23,18.4243717
17:30:24,18.8224277
17:30:25,18.5687313
17:30:26,18.56502
17:30:27,18.69777
17:30:28,18.59563
17:30:29,18.721508
17:30:30,18.81654
17:30:31,18.605217
17:30:32,19.1601
17:30:33,18.44066
17:30:34,18.7247467
17:30:35,18.6066418
17:30:36,18.8479767
17:30:37,18.5841923
17:30:38,18.5806942
17:30:39,18.7777081
17:30:40,18.2981625
17:30:41,18.5189362
17:30:42,18.6323433
17:30:43,18.7466087
17:30:44,18.319828
17:30:45,18.89617
17:30:46,18.4578
17:30:47,18.8505974
17:30:48,18.6454849
17:30:49,18.5707569
17:30:50,18.7755852
17:30:51,18.8411732
17:30:52,18.1733665
17:30:53,18.0845528
17:30:54,18.5693283
17:30:56,19.0131454
17:30:57,18.636198
17:30:58,18.9252853
17:30:59,18.62179
17:31:00,19.2935772
17:31:01,18.3960762
17:31:03,18.8175869
17:31:04,17.7101326
17:31:05,18.32876
17:31:06,18.6365471
17:31:07,18.47517
17:31:08,18.8735619
17:31:09,18.4141579
17:31:10,18.6598835
17:31:11,18.6464329
17:31:12,18.5724525
17:31:13,18.5267887
17:31:14,18.8368416
17:31:15,18.470005
17:31:16,18.821228
17:31:17,19.2718773
17:31:18,18.7845745
17:31:19,18.82299
17:31:20,18.6094589
17:31:21,19.03598
17:31:22,17.9739342
17:31:23,17.6698475
17:31:24,17.3516884
17:31:25,17.4839439
17:31:26,16.9968548
17:31:27,17.5172977
17:31:28,17.6977558
17:31:29,17.2016983
17:31:30,17.5326347
17:31:31,18.44776
17:31:32,18.593317
17:31:33,18.3121986
17:31:34,19.0218029
17:31:35,18.6977463
17:31:36,18.9127617
17:31:37,18.7486649
17:31:38,18.4854012
17:31:39,18.29491
17:31:40,18.7280159
17:31:41,18.2362938
17:31:42,18.4053383
17:31:43,17.7953873
17:31:44,19.25455
17:31:45,18.6050224
17:31:46,19.5025654
17:31:47,17.7738132
17:31:48,18.7946815
17:31:49,18.9565468
17:31:50,18.94394
17:31:51,18.5353565
17:31:52,19.1729488
17:31:53,18.5919056
17:31:54,18.272953
17:31:55,18.97863
17:31:56,19.1613235
17:31:57,19.2891846
17:31:58,18.9123554
17:31:59,18.50395
17:32:00,19.3200226
17:32:01,18.9933376
17:32:02,19.77786
17:32:03,19.4149971
17:32:04,20.00786
17:32:05,19.3118687
17:32:06,19.12959
17:32:07,19.1762276
17:32:08,19.2774181
17:32:09,18.8666954
17:32:10,18.1046352
17:32:11,18.516058
17:32:12,18.236845
17:32:13,18.6183186
17:32:14,18.8548336
17:32:15,18.531538
17:32:16,18.7228775
17:32:17,18.4088383
17:32:18,18.1333141
17:32:19,19.0956478
17:32:20,18.46766
17:32:21,18.8831863
17:32:22,18.7698612
17:32:23,19.0057678
17:32:24,18.4207649
17:32:25,18.7188015
17:32:26,19.00766
17:32:27,18.5133934
17:32:28,18.95392
17:32:29,18.315834
17:32:30,18.6715775
17:32:31,18.8620567
17:32:32,18.6763821
17:32:33,19.2659321
17:32:34,18.3044453
17:32:35,19.5864449
17:32:36,18.5217285
17:32:37,18.3890362
17:32:38,18.5549774
17:32:39,18.8954334
17:32:40,18.73706
17:32:41,18.61966
17:32:42,19.2036572
17:32:43,18.5148582
17:32:44,18.72876
17:32:45,18.9050446
17:32:46,19.32074
17:32:47,19.2571735
17:32:48,19.2082939
17:32:49,18.7283134
17:32:50,19.1485252
17:32:51,18.61532
17:32:52,18.3360634
17:32:53,18.8743572
17:32:54,18.903471
17:32:55,18.2148838
17:32:56,18.6500854
17:32:57,18.5448551
17:32:58,18.38305
17:32:59,18.9965763
17:33:00,19.1080036
17:33:01,19.0087585
17:33:02,18.4912758
17:33:03,18.8163223
17:33:04,18.276413
17:33:05,18.6355
17:33:06,19.0171585
17:33:07,19.1279068
17:33:08,19.0223541
17:33:09,18.2735157
17:33:10,18.3865757
17:33:11,18.6999035
17:33:12,19.1167431
17:33:13,18.9751453
17:33:14,18.6465435
17:33:16,18.7150478
17:33:17,18.3492413
17:33:18,18.71349
17:33:19,18.4299011
17:33:20,18.0711937
17:33:21,17.0235615
17:33:22,17.83287
17:33:23,16.7724857
17:33:24,17.1613865
17:33:25,16.9847412
17:33:26,17.5616951
17:33:27,17.405611
17:33:28,17.8172379
17:33:29,18.1691971
17:33:30,18.55014
17:33:31,18.9533043
17:33:33,18.8558941
17:33:35,18.4059315
17:33:36,18.84703
17:33:37,18.71917
17:33:38,18.9852943
17:33:39,18.6744366
17:33:40,18.9784565
17:33:41,19.0989761
17:33:42,19.1392078
17:33:43,19.2009888
17:33:44,18.7395153
17:33:45,19.02819
17:33:46,19.0231819
17:33:47,18.8146057
17:33:48,18.2036381
17:33:49,18.8419056
17:33:50,18.82097
17:33:51,18.5714455
17:33:52,18.7510242
17:33:53,18.400835
17:33:54,18.8035946
17:33:55,18.4634514
17:33:56,18.9982281
17:33:57,18.2329235
17:33:58,19.039959
17:33:59,18.8171215
17:34:00,18.6602039
17:34:01,18.8843517
17:34:02,18.7333069
17:34:03,19.02741
17:34:04,18.44337
17:34:05,19.1531277
17:34:06,19.0105057
17:34:07,19.04703
17:34:08,18.76658
17:34:09,19.56319
17:34:10,19.25665
17:34:11,19.22379
17:34:12,18.9482841
17:34:13,19.84852
17:34:14,19.1473179
17:34:15,19.676384
17:34:16,19.40212
17:34:17,19.4631615
17:34:18,20.0611744
17:34:19,19.0102463
17:34:20,19.60404
17:34:21,19.5872364
17:34:22,19.1329384
17:34:23,19.2129726
17:34:24,18.28558
17:34:25,18.7454681
17:34:26,18.2154655
17:34:27,18.810997
17:34:28,19.2038765
17:34:29,18.5811348
17:34:30,18.9011879
17:34:31,18.2875061
17:34:32,18.6034641
17:34:33,18.69964
17:34:34,18.98371
17:34:35,18.8694954
17:34:36,18.4950466
17:34:37,18.0294781
17:34:38,18.5979462
17:34:39,18.9955273
17:34:40,18.427515
17:34:41,18.6270466
17:34:42,18.8249779
17:34:43,18.5926819
17:34:44,18.468195
17:34:45,18.8194218
17:34:46,18.6265659
17:34:47,18.8185444
17:34:48,18.5489941
17:34:49,19.1194687
17:34:50,18.0032864
17:34:51,18.6073914
17:34:52,18.3513031
17:34:53,18.3997536
17:34:54,18.45374
17:34:55,18.1562176
17:34:56,18.9981441
17:34:57,18.5992355
17:34:58,18.5518131
17:34:59,18.2082443
17:35:00,18.7005844
17:35:01,18.9051857
17:35:02,18.8112564
17:35:03,19.0694885
17:35:04,18.9107151
17:35:05,18.8832264
17:35:06,18.8835678
17:35:07,19.2983742
17:35:08,18.7531052
17:35:09,19.1206551
17:35:10,19.1112671
17:35:11,18.6536961
17:35:12,18.6189079
17:35:13,18.6114616
17:35:14,18.8699322
17:35:15,18.1799889
17:35:16,18.7970448
17:35:17,18.550333
17:35:18,18.9908314
17:35:19,17.8662453
17:35:20,17.40898
17:35:21,17.9452686
17:35:22,16.8574429
17:35:23,17.17995
17:35:24,17.6998386
17:35:25,17.6239033
17:35:26,16.6974525
17:35:27,17.7676086
17:35:28,17.1352654
17:35:29,18.34822
17:35:30,18.0841656
17:35:31,18.4678631
17:35:32,18.4783077
17:35:33,18.5919876
17:35:34,18.817379
17:35:35,18.74648
17:35:36,18.2300472
17:35:37,18.7466869
17:35:38,19.3087959
17:35:39,18.8024635
17:35:40,18.9841919
17:35:41,19.2124176
17:35:42,18.7762775
17:35:43,18.3089676
17:35:44,18.4103031
17:35:45,18.9790726
17:35:46,18.6905537
17:35:47,18.9181728
17:35:48,18.4665737
17:35:49,18.7496948
17:35:50,18.57112
17:35:51,18.2470589
17:35:52,19.44959
17:35:53,18.98144
17:35:54,18.5087528
17:35:55,18.6451473
17:35:56,19.0852337
17:35:57,18.8549557
17:35:58,19.0931377
17:35:59,18.4250584
17:36:00,18.8002872
17:36:01,19.02895
17:36:02,18.8398476
17:36:03,18.3788815
17:36:04,18.7161522
17:36:05,18.959343
17:36:06,18.4127655
17:36:07,18.9254227
17:36:08,18.3112965
17:36:09,18.8905373
17:36:10,18.8393536
17:36:11,18.3705521
17:36:12,18.5458813
17:36:13,18.0971622
17:36:14,18.8274155
17:36:16,18.83982
17:36:17,19.5239067
17:36:18,19.169611
17:36:19,19.2086372
17:36:20,19.3183441
17:36:21,19.5911922
17:36:22,19.128994
17:36:23,18.8409233
17:36:24,19.3969135
17:36:25,19.1527882
17:36:26,18.8331738
17:36:27,18.7839851
17:36:28,19.0130157
17:36:29,18.69907
17:36:30,18.36928
17:36:31,19.4592266
17:36:32,18.6980114
17:36:33,18.3370934
17:36:34,19.19034
17:36:35,18.8508644
17:36:36,18.4493217
17:36:37,18.6481476
17:36:38,18.6687584
17:36:39,19.25638
17:36:40,18.3794556
17:36:41,18.8287525
17:36:42,18.9941864
17:36:43,18.50179
17:36:44,19.1759663
17:36:45,19.160305
17:36:46,18.6701069
17:36:48,19.0692272
17:36:49,18.4601345
17:36:50,18.55205
17:36:51,18.7145958
17:36:52,18.39501
17:36:53,18.9897671
17:36:54,18.2986412
17:36:55,18.4311981
17:36:56,18.3617916
17:36:57,18.92176
17:36:58,18.307354
17:36:59,18.9668388
17:37:00,19.0632534
17:37:01,18.2345181
17:37:02,18.3243237
17:37:03,18.5654984
17:37:04,18.67744
17:37:05,18.8779736
17:37:06,19.0179882
17:37:07,19.5972424
17:37:08,19.5067081
17:37:09,18.8316555
17:37:10,18.6969681
17:37:11,18.5548153
17:37:12,18.5140877
17:37:13,19.2394962
17:37:14,18.3353
17:37:15,18.9682941
17:37:16,18.8785152
17:37:17,19.5240135
17:37:18,18.89957
17:37:19,18.8453674
17:37:20,17.3642349
17:37:21,17.9526215
17:37:22,17.93011
17:37:23,18.4772148
17:37:24,17.6451588
17:37:25,17.5484428
17:37:26,17.694067
17:37:27,18.5227737
17:37:28,19.18504
17:37:29,19.8007221
17:37:30,19.0724888
17:37:31,19.31245
17:37:32,19.3154316
17:37:33,18.7679825
17:37:34,18.9298859
17:37:35,18.8421955
17:37:36,18.1556587
17:37:37,18.9959869
17:37:38,18.665041
17:37:39,18.5621929
17:37:40,19.1391373
17:37:41,18.78169
17:37:42,18.5186272
17:37:43,18.2803421
17:37:44,18.9796219
17:37:45,18.3651524
17:37:46,18.67389
17:37:47,18.6575375
17:37:48,18.88668
17:37:49,19.7350826
17:37:50,19.33863
17:37:51,19.7252655
17:37:52,19.0979042
17:37:53,19.50756
17:37:54,19.1199722
17:37:55,18.6349659
17:37:56,18.8223228
17:37:57,18.681242
17:37:58,18.7261314
17:37:59,18.9570313
17:38:00,19.10657
17:38:01,19.4704628
17:38:02,19.0122032
17:38:03,19.04835
17:38:04,18.3365269
17:38:05,18.8771076
17:38:06,17.699173
17:38:07,19.25909
17:38:08,18.9530811
17:38:09,19.0686474
17:38:10,19.0027142
17:38:11,18.3891926
17:38:12,19.391798
17:38:13,19.3151684
17:38:14,19.030695
17:38:15,19.4897366
17:38:16,18.966753
17:38:17,19.09057
17:38:18,18.4247265
17:38:19,18.7064266
17:38:20,18.4265785
17:38:21,18.4637928
17:38:22,18.8168488
17:38:23,19.1011581
17:38:24,18.8374653
17:38:25,18.77965
17:38:26,18.5205612
17:38:27,19.182766
17:38:28,19.2047024
17:38:29,18.6803074
17:38:30,18.5628548
17:38:31,19.0196075
17:38:32,19.3109818
17:38:33,18.7212982
17:38:34,18.92989
17:38:35,18.9166927
17:38:36,18.8814373
17:38:37,18.9913235
17:38:38,18.92342
17:38:39,18.7271328
17:38:40,18.73713
17:38:41,19.0148
17:38:42,18.4736481
17:38:43,18.7125683
17:38:44,19.02696
17:38:45,18.6202774
17:38:46,19.5220222
17:38:47,18.7690163
17:38:48,18.9003944
17:38:49,18.6855984
17:38:50,18.90141
17:38:51,18.406496
17:38:52,18.6506157
17:38:53,18.62215
17:38:54,18.5387287
17:38:55,19.219923
17:38:56,18.5938053
17:38:57,18.88409
17:38:58,18.481535
17:38:59,18.5742664
17:39:00,18.731472
17:39:01,18.93058
17:39:02,18.6354713
17:39:03,18.6875038
17:39:04,18.8455734
17:39:05,18.8108387
17:39:06,18.9305935
17:39:07,18.62574
17:39:08,18.6680756
17:39:09,18.45445
17:39:10,18.8841877
17:39:11,18.5693455
17:39:12,18.6920319
17:39:13,19.1718235
17:39:14,18.4756546
17:39:15,19.1315289
17:39:16,18.7337227
17:39:17,17.14432
17:39:18,17.2776
17:39:19,18.01774
17:39:20,17.9866753
17:39:21,17.77764
17:39:22,17.9676819
17:39:23,17.510437
17:39:24,18.2671261
17:39:25,17.70178
17:39:26,18.1585941
17:39:27,18.88036
17:39:28,19.31347
17:39:29,18.42658
17:39:30,19.1604347
17:39:31,19.10623
17:39:32,19.2958469
17:39:33,18.9353771
17:39:34,18.845396
17:39:35,19.02713
17:39:36,19.5165882
17:39:37,19.8503
17:39:38,19.8683414
17:39:39,19.8059616
17:39:40,18.8796463
17:39:41,18.7119389
17:39:42,18.579607
17:39:43,19.0474129
17:39:44,18.9899483
17:39:45,18.8660927
17:39:46,18.921648
17:39:47,18.4409161
17:39:48,18.3960857
17:39:49,18.659071
17:39:50,18.8215065
17:39:51,18.8322277
17:39:52,18.5848618
17:39:53,19.152916
17:39:54,18.534668
17:39:55,19.03805
17:39:57,18.7319221
17:39:58,18.78371
17:39:59,18.8051376
17:40:00,19.246727
17:40:01,19.4478817
17:40:02,19.0357056
17:40:03,18.8947582
17:40:04,18.9368267
17:40:05,18.0558
17:40:06,18.98436
17:40:07,18.4460983
17:40:08,18.7140541
17:40:09,19.53864
17:40:10,18.3712425
17:40:11,18.0820274
17:40:12,18.7593422
17:40:13,19.0362072
17:40:14,18.3807831
17:40:15,19.4887257
17:40:16,18.7599716
17:40:17,18.7802544
17:40:18,18.5040588
17:40:19,18.9396172
17:40:20,18.5762177
17:40:21,18.9806633
17:40:22,18.7780914
17:40:23,17.748579
17:40:24,19.1630955
17:40:25,18.6729927
17:40:26,18.5693779
17:40:27,18.1179142
17:40:28,18.2807217
17:40:29,19.0511189
17:40:30,18.7016773
17:40:31,19.48654
17:40:32,19.080534
17:40:33,18.4899
17:40:34,19.506546
17:40:35,18.8904114
17:40:36,19.0005512
17:40:37,19.3944
17:40:38,19.2985344
17:40:39,18.8352318
17:40:40,19.387373
17:40:41,19.062767
17:40:42,18.8124485
17:40:43,18.8288746
17:40:44,18.79545
17:40:45,19.3684177
17:40:46,18.722126
17:40:47,18.3238316
17:40:48,18.608614
17:40:49,18.5745621
17:40:50,18.9325943
17:40:51,18.6398163
17:40:52,18.92538
17:40:53,18.7730064
17:40:54,18.06192
17:40:55,19.1454659
17:40:56,18.42504
17:40:57,19.1083374
17:40:58,18.99253
17:40:59,18.3323517
17:41:00,18.7148914
17:41:01,19.0384655
17:41:02,19.24356
17:41:03,19.0667229
17:41:04,18.99652
17:41:05,19.5663071
17:41:06,18.8507957
17:41:07,19.1300545
17:41:08,18.803236
17:41:09,18.9891968
17:41:10,18.88553
17:41:11,18.8007145
17:41:12,18.65698
17:41:13,19.0272141
17:41:14,18.9093323
17:41:15,18.8480949
17:41:16,18.32982
17:41:17,18.1028385
17:41:18,18.0018482
17:41:19,17.7309036
17:41:20,17.6233177
17:41:21,17.0855389
17:41:22,17.7787724
17:41:23,17.4767647
17:41:24,17.4152756
17:41:25,16.6893425
17:41:26,18.1791039
17:41:27,17.5520821
17:41:28,17.2869453
17:41:29,17.0055447
17:41:30,17.9369888
17:41:31,17.3028355
17:41:32,16.5061836
17:41:33,17.135437
17:41:34,17.2811584
17:41:35,16.8890247
17:41:36,16.9754162
17:41:37,18.3841534
17:41:38,18.2457714
17:41:39,18.0609264
17:41:40,18.0530033
17:41:41,17.38419
17:41:42,17.6661663
17:41:43,17.5897617
17:41:44,19.6490631
17:41:45,19.3157845
17:41:46,18.6659832
17:41:47,19.7535534
17:41:48,17.9494076
17:41:49,18.926218
17:41:50,18.7034683
17:41:51,18.3409977
17:41:52,18.8111629
17:41:53,18.2391853
17:41:54,18.58059
17:41:55,18.0910034
17:41:56,18.5527458
17:41:57,18.7044125
17:41:58,18.1536045
17:41:59,18.8883266
17:42:00,18.4807053
17:42:01,18.3134232
17:42:02,18.09076
17:42:03,18.31238
17:42:04,19.0554867
17:42:05,18.3402081
17:42:06,18.81676
17:42:07,19.0789833
17:42:08,18.9956532
17:42:09,18.81589
17:42:10,18.6511459
17:42:11,18.9620075
17:42:12,18.33716
17:42:13,19.0053883
17:42:14,18.4396381
17:42:15,18.9294
17:42:16,18.491066
17:42:17,18.3846264
17:42:18,18.8909512
17:42:19,18.6391411
17:42:20,18.5407829
17:42:21,18.8139858
17:42:22,18.5466366
17:42:23,19.0002651
17:42:24,19.02981
17:42:25,18.64803
17:42:26,18.1310387
17:42:27,18.4699612
17:42:28,18.8348427
17:42:29,18.5357552
17:42:30,18.8239937
17:42:31,18.422472
17:42:32,18.7317867
17:42:33,18.94359
17:42:34,18.7011547
17:42:35,18.4760513
17:42:36,18.2377682
17:42:37,18.5222225
17:42:38,18.4542027
17:42:39,18.1895561
17:42:40,19.1388226
17:42:41,18.72855
17:42:42,18.9413
17:42:43,18.7469749
17:42:44,18.87567
17:42:45,18.894474
17:42:46,18.901762
17:42:47,19.3857479
17:42:48,18.5621452
17:42:49,18.91223
17:42:50,19.06255
17:42:51,18.7934189
17:42:52,18.962019
17:42:53,18.577774
17:42:54,18.5253582
17:42:55,19.1707
17:42:56,18.5193539
17:42:58,18.9770145
17:43:00,18.61858
17:43:01,18.5461044
17:43:02,18.5411434
17:43:03,19.337
17:43:04,18.38349
17:43:05,19.1407242
17:43:06,18.5344734
17:43:07,18.9290485
17:43:08,19.3629932
17:43:09,18.5449066
17:43:10,18.8134785
17:43:11,19.196209
17:43:12,18.9302654
17:43:13,19.4048119
17:43:14,19.24581
17:43:15,19.1254463
17:43:16,18.376791
17:43:17,18.439724
17:43:18,18.9556866
17:43:19,18.9024258
17:43:20,18.7763157
17:43:21,19.16729
17:43:22,19.2477074
17:43:23,19.30233
17:43:24,19.8469353
17:43:25,19.2830372
17:43:26,19.4085941
17:43:27,19.1466
17:43:28,18.4387016
17:43:29,18.9622841
17:43:30,18.6713867
17:43:31,19.0787582
17:43:32,19.35838
17:43:33,18.7705212
17:43:34,18.0727787
17:43:35,17.9610271
17:43:36,18.0849819
17:43:37,17.551075
17:43:38,17.7360439
17:43:39,17.1398144
17:43:40,17.7532463
17:43:41,18.3249569
17:43:42,17.7407684
17:43:43,17.5377827
17:43:44,18.9156723
17:43:45,18.7385883
17:43:46,18.8135815
17:43:47,18.0253944
17:43:48,18.3570862
17:43:49,18.997036
17:43:50,18.216917
17:43:51,19.072506
17:43:52,18.052681
17:43:53,18.7169437
17:43:54,18.7958488
17:43:55,18.7625427
17:43:56,19.0873547
17:43:57,18.9658241
17:43:58,18.9959145
17:43:59,19.21297
17:44:00,18.3976517
17:44:01,18.7815971
17:44:02,18.8660336
17:44:03,17.75642
17:44:04,18.5510712
17:44:05,18.61877
17:44:06,18.831955
17:44:07,18.48429
17:44:08,19.14526
17:44:09,18.75048
17:44:10,18.1005726
17:44:11,19.0171356
17:44:12,18.5834732
17:44:13,18.1888332
17:44:14,18.812685
17:44:15,18.5737419
17:44:16,18.7665424
17:44:17,17.686182
17:44:18,18.6048756
17:44:19,17.9985065
17:44:20,18.5478458
17:44:21,18.9936161
17:44:22,19.1037655
17:44:23,18.0099087
17:44:24,18.3696651
17:44:25,18.8515835
17:44:26,18.7761421
17:44:27,18.1187878
17:44:28,18.7790661
17:44:29,18.8104477
17:44:30,18.8629112
17:44:31,19.00953
17:44:32,18.235754
17:44:33,19.0218678
17:44:34,18.183939
17:44:35,19.3129349
17:44:36,18.6704254
17:44:37,19.07962
17:44:38,18.5467453
17:44:39,18.9344616
17:44:40,18.6427555
17:44:41,18.8073864
17:44:42,19.6989441
17:44:43,19.5554161
17:44:44,19.2247829
17:44:45,19.2157383
17:44:46,19.4517975
17:44:47,18.2574978
17:44:48,19.3455467
17:44:49,18.6225662
17:44:50,19.1234455
17:44:51,18.9641418
17:44:52,18.4075642
17:44:53,19.1991882
17:44:54,18.8128815
17:44:55,18.70079
17:44:56,18.2410927
17:44:57,19.2680779
17:44:58,18.4918461
17:44:59,19.37033
17:45:00,18.6690941
17:45:01,18.91111
17:45:02,18.5561218
17:45:03,18.8258457
17:45:04,18.9882488
17:45:05,19.0923748
17:45:06,19.39745
17:45:07,19.1497421
17:45:08,19.4543018
17:45:09,19.7968445
17:45:10,19.6929646
17:45:11,18.8652058
17:45:12,19.2688046
17:45:13,19.2841988
17:45:14,19.24864
17:45:15,19.5025
17:45:17,18.4976273
17:45:18,19.1911011
17:45:19,18.8875351
17:45:20,19.1044235
17:45:21,19.32932
17:45:22,18.9171314
17:45:23,18.30548
17:45:24,18.1892338
17:45:25,19.0022488
17:45:26,18.6914463
17:45:27,19.030901
17:45:28,19.76027
17:45:29,19.94577
17:45:30,19.5158672
17:45:31,19.5564327
17:45:32,18.4601746
17:45:33,18.626627
17:45:34,18.66469
17:45:35,18.1319218
17:45:36,18.8919716
17:45:37,18.1366577
17:45:38,17.5738811
17:45:39,18.7417164
17:45:40,18.5668659
17:45:41,18.6093578
17:45:42,18.7002125
17:45:43,19.2553577
17:45:44,18.2974586
17:45:45,19.5760365
17:45:46,18.3677158
17:45:47,18.5856628
17:45:48,18.89892
17:45:49,18.2062664
17:45:50,19.5711327
17:45:51,19.7507534
17:45:52,18.8981915
17:45:53,19.0145988
17:45:54,18.52985
17:45:55,19.2603912
17:45:57,19.3038845
17:45:58,19.3868942
17:45:59,18.2436218
17:46:01,18.8683949
17:46:03,18.9224854
17:46:04,18.8432961
17:46:05,17.9756565
17:46:06,18.3593178
17:46:07,18.3752823
17:46:08,18.709507
17:46:09,19.2116375
17:46:10,19.1687031
17:46:11,18.8087387
17:46:12,18.66076
17:46:13,19.0431042
17:46:14,18.846981
17:46:15,19.4563427
17:46:16,19.21366
17:46:17,18.3907452
17:46:18,18.6488
17:46:19,18.8255272
17:46:20,19.4268456
17:46:21,18.7915478
17:46:22,19.22533
17:46:23,19.1966019
17:46:24,19.6647415
17:46:25,18.912302
17:46:26,19.7809887
17:46:27,19.10378
17:46:28,19.0900249
17:46:29,18.8955479
17:46:30,19.0270443
17:46:31,18.89017
17:46:32,19.3204422
17:46:33,18.5823727
17:46:34,19.3053951
17:46:35,19.4255257
17:46:36,19.1742611
17:46:37,19.33683
17:46:38,20.11735
17:46:39,18.8197765
17:46:40,18.9159184
17:46:41,18.9240246
17:46:42,19.9194088
17:46:43,19.1311131
17:46:44,19.2919731
17:46:45,19.67219
17:46:46,19.3907528
17:46:47,19.1491966
17:46:48,19.28487
17:46:49,20.176939
17:46:50,19.9237
17:46:51,19.3752117
17:46:52,19.56161
17:46:53,20.0763874
17:46:54,19.9003887
17:46:55,19.2635956
17:46:56,19.6553612
17:46:57,19.2096348
17:46:58,19.51044
17:46:59,19.2956238
17:47:00,18.8410378
17:47:01,18.5983982
17:47:02,18.3536644
17:47:03,18.9032059
17:47:04,18.7168941
17:47:05,18.487896
17:47:06,19.0316238
17:47:07,18.8714275
17:47:08,19.3125839
17:47:09,19.476593
17:47:10,19.4229965
17:47:11,19.3756218
17:47:12,20.0631962
17:47:13,19.8634663
17:47:14,19.1716385
17:47:15,19.63135
17:47:16,19.2505817
17:47:17,19.4088516
17:47:18,19.2906723
17:47:19,19.31164
17:47:20,18.8932571
17:47:21,18.6204071
17:47:22,18.4591751
17:47:23,18.894865
17:47:24,18.57988
17:47:25,18.83883
17:47:26,18.416935
17:47:27,19.0790043
17:47:28,18.4990215
17:47:29,19.2879467
17:47:30,19.3210258
17:47:31,18.655056
17:47:32,19.0920849
17:47:33,17.33585
17:47:34,16.8798485
17:47:35,17.7115841
17:47:36,17.8061562
17:47:37,18.5634785
17:47:38,17.32739
17:47:39,17.2723541
17:47:40,17.0337734
17:47:41,17.34678
17:47:42,17.9326534
17:47:43,19.281435
17:47:44,18.4525852
17:47:45,18.8305912
17:47:46,18.76779
17:47:47,19.4024582
17:47:48,19.9743557
17:47:49,18.6610069
17:47:50,19.78031
17:47:51,19.8442
17:47:52,19.388607
17:47:53,19.3693047
17:47:54,18.29158
17:47:55,19.3078861
17:47:56,18.65107
17:47:57,19.2590828
17:47:58,18.5702438
17:47:59,19.5708733
17:48:00,18.9232082
17:48:01,18.5522747
17:48:02,19.280695
17:48:03,19.3371944
17:48:04,19.1400433
17:48:05,19.0646858
17:48:06,20.0256348
17:48:07,18.9012871
17:48:08,18.8683262
17:48:09,18.9423141
17:48:10,19.1613941
17:48:11,19.00348
17:48:12,19.6706333
17:48:13,18.7863483
17:48:14,18.9947071
17:48:15,19.2970543
17:48:16,18.536129
17:48:17,19.2935753
17:48:18,18.5287514
17:48:19,19.0717163
17:48:20,19.071455
17:48:21,18.9849243
17:48:22,18.8155327
17:48:23,18.8263378
17:48:24,18.5939026
17:48:25,18.8221912
17:48:26,18.9933739
17:48:27,19.0622215
17:48:28,19.4875259
17:48:29,18.8216324
17:48:30,18.88799
17:48:31,19.3561115
17:48:32,19.3286724
17:48:33,19.9851913
17:48:34,19.5278053
17:48:35,18.90035
17:48:36,19.6264858
17:48:37,19.2201462
17:48:38,19.4126167
17:48:39,18.8804531
17:48:40,19.6772556
17:48:41,18.8742485
17:48:42,19.018528
17:48:43,19.3835545
17:48:44,18.74362
17:48:45,19.14395
17:48:46,19.005209
17:48:47,18.8741131
17:48:48,19.0027542
17:48:49,19.6556149
17:48:50,18.2867565
17:48:51,18.830862
17:48:52,18.1933689
17:48:53,18.856535
17:48:54,18.2325516
17:48:55,18.6706848
17:48:56,18.537775
17:48:57,18.4202976
17:48:59,18.4262066
17:49:00,18.8970718
17:49:02,18.6784134
17:49:03,18.5490417
17:49:04,18.2876282
17:49:05,20.0883846
17:49:06,18.7662048
17:49:07,18.7878437
17:49:08,19.4662476
17:49:09,19.4593945
17:49:10,19.6352673
17:49:11,20.14708
17:49:12,19.7500343
17:49:13,19.8496628
17:49:14,19.0177231
17:49:15,19.6557083
17:49:16,18.9136333
17:49:17,19.5777054
17:49:18,19.148716
17:49:19,18.3725376
17:49:20,18.7073269
17:49:21,18.5436344
17:49:22,19.11132
17:49:23,18.6998158
17:49:24,18.703373
17:49:25,18.9986839
17:49:26,18.2708187
17:49:27,18.4402428
17:49:28,19.074667
17:49:29,18.81291
17:49:30,18.8796635
17:49:31,18.4105854
17:49:32,19.0417824
17:49:33,18.4933987
17:49:34,17.3303776
17:49:35,17.1437683
17:49:36,17.7224045
17:49:37,16.8994579
17:49:38,17.428545
17:49:39,17.3447418
17:49:40,16.7469711
17:49:41,17.9631176
17:49:42,17.4135532
17:49:43,18.0676746
17:49:44,18.65469
17:49:45,18.8918114
17:49:46,18.7685928
17:49:47,18.85928
17:49:48,18.5231133
17:49:49,18.419075
17:49:50,19.1653252
17:49:51,18.578125
17:49:52,18.65645
17:49:53,18.6498718
17:49:54,19.1867943
17:49:55,18.1281719
17:49:56,19.0805264
17:49:57,18.8839054
17:49:58,18.63458
17:49:59,19.1870384
17:50:00,18.71701
17:50:01,18.9022026
17:50:02,18.1933212
17:50:03,18.6962852
17:50:04,18.3989029
17:50:05,18.55644
17:50:06,18.8998222
17:50:07,18.12178
17:50:08,18.7749481
17:50:09,18.43115
17:50:10,19.2496471
17:50:11,18.7225513
17:50:12,18.8060722
17:50:13,18.5714264
17:50:14,18.6369171
17:50:15,18.7436275
17:50:16,19.0860271
17:50:17,18.79213
17:50:18,19.675539
17:50:19,18.5624046
17:50:20,19.41448
17:50:21,18.5461559
17:50:22,18.8905735
17:50:23,18.3359852
17:50:24,19.7266445
17:50:25,19.401392
17:50:26,19.99013
17:50:27,19.5684624
17:50:28,19.15297
17:50:29,19.3639011
17:50:30,19.851368
17:50:31,20.0594177
17:50:32,19.2821712
17:50:33,19.4071217
17:50:34,19.6532936
17:50:35,18.9674911
17:50:36,19.5560341
17:50:37,19.2407475
17:50:38,17.9308281
17:50:39,18.7759361
17:50:40,19.1974964
17:50:41,19.3865471
17:50:42,18.7209225
17:50:43,18.71381
17:50:44,18.82988
17:50:45,19.1206646
17:50:46,18.7300262
17:50:47,18.5194664
17:50:48,19.3311119
17:50:49,19.5995369
17:50:50,18.1638527
17:50:51,18.9355259
17:50:52,19.1397381
17:50:53,18.6731625
17:50:54,18.64736
17:50:55,18.8881912
17:50:56,19.1703186
17:50:57,19.0801716
17:50:58,18.7257271
17:50:59,18.3080654
17:51:00,19.3344536
17:51:01,18.211525
17:51:02,19.0340214
17:51:03,18.4361439
17:51:04,18.9585762
17:51:05,19.1135788
17:51:06,18.8914127
17:51:07,19.3695068
17:51:08,19.2326221
17:51:09,18.9704189
17:51:10,18.8917847
17:51:11,18.55717
17:51:12,18.5854149
17:51:13,18.7588978
17:51:14,19.2484875
17:51:15,19.4296017
17:51:16,18.1783428
17:51:17,18.2130871
17:51:18,19.1118374
17:51:19,19.4995575
17:51:20,19.2816315
17:51:21,18.6841755
17:51:22,18.7225513
17:51:23,18.9939861
17:51:24,18.8490658
17:51:25,18.1897354
17:51:26,18.39342
17:51:27,18.37777
17:51:28,19.9846973
17:51:29,18.8294277
17:51:30,18.8960724
17:51:31,19.0328941
17:51:32,18.78466
17:51:33,18.296999
17:51:34,16.8184757
17:51:35,17.1035938
17:51:36,17.67867
17:51:37,17.3944588
17:51:38,17.37465
17:51:39,17.6707516
17:51:40,17.6206
17:51:41,17.717741
17:51:42,18.2489262
17:51:43,19.4776115
17:51:44,18.3675938
17:51:45,18.89946
17:51:46,19.1760559
17:51:47,19.39373
17:51:48,20.13702
17:51:49,18.9079437
17:51:50,19.6955128
17:51:51,19.7385178
17:51:52,19.9206753
17:51:53,19.2959843
17:51:54,19.88018
17:51:55,19.3513012
17:51:56,19.26787
17:51:57,18.76918
17:51:58,19.1395664
17:51:59,19.1004372
17:52:00,18.7702675
17:52:01,19.0391331
17:52:02,19.4499035
17:52:03,18.8464813
17:52:04,18.4544468
17:52:05,19.6872368
17:52:06,18.5763359
17:52:07,19.2487526
17:52:08,18.7991982
17:52:09,18.96839
17:52:10,18.453495
17:52:11,18.71186
17:52:12,18.8761177
17:52:13,18.2438259
17:52:14,18.947546
17:52:15,18.4098377
17:52:16,18.851059
17:52:17,18.1893349
17:52:18,18.9727554
17:52:19,18.909708
17:52:20,18.847517
17:52:21,18.330965
17:52:22,19.0181751
17:52:23,18.630867
17:52:24,18.1904869
17:52:25,18.8812447
17:52:26,19.1070538
17:52:27,19.0204678
17:52:28,19.20549
17:52:29,19.76967
17:52:30,18.9003048
17:52:31,19.2521114
17:52:32,19.3602428
17:52:33,18.8085213
17:52:34,19.2121162
17:52:35,18.6437836
17:52:36,18.4164066
17:52:37,19.2265663
17:52:38,18.5140457
17:52:39,19.3235073
17:52:40,18.7971
17:52:41,18.7544174
17:52:42,19.2442474
17:52:43,19.0059967
17:52:44,18.4857216
17:52:45,19.4598255
17:52:46,19.2652073
17:52:47,19.2869415
17:52:48,18.89445
17:52:49,19.2474155
17:52:50,18.9880962
17:52:51,18.78463
17:52:52,18.4391384
17:52:53,18.447279
17:52:54,18.7112637
17:52:55,18.6148376
17:52:56,18.3350677
17:52:57,18.4336681
17:52:58,19.0754051
17:53:00,19.2794151
17:53:01,19.8515472
17:53:02,19.4239674
17:53:03,19.486042
17:53:05,19.6115742
17:53:06,19.160677
17:53:07,19.4042664
17:53:08,18.7677765
17:53:09,19.4981422
17:53:10,19.0844383
17:53:11,19.9368439
17:53:13,20.0430641
17:53:14,19.54938
17:53:15,20.3163433
17:53:16,19.75548
17:53:17,19.8158684
17:53:18,18.92174
17:53:19,19.4426575
17:53:20,19.2118435
17:53:21,19.63457
17:53:22,19.4544716
17:53:23,18.5628586
17:53:24,18.66465
17:53:25,19.0852165
17:53:26,19.0395012
17:53:27,19.4999371
17:53:28,18.4942112
17:53:29,18.5391369
17:53:30,19.0028763
17:53:31,19.343338
17:53:32,18.28375
17:53:33,17.8560944
17:53:34,17.999691
17:53:35,17.6672382
17:53:36,16.8592415
17:53:37,17.7844162
17:53:38,18.3341064
17:53:39,18.2809353
17:53:40,17.8936157
17:53:41,18.7423916
17:53:42,18.862318
17:53:43,19.08791
17:53:44,19.3430977
17:53:45,18.2816734
17:53:46,18.2435532
17:53:47,18.918087
17:53:48,18.7426586
17:53:49,18.8003521
17:53:50,19.154335
17:53:51,18.3403645
17:53:52,19.4753914
17:53:53,19.2257347
17:53:54,18.6326427
17:53:55,19.2064171
17:53:56,19.1730537
17:53:57,19.4819756
17:53:58,19.35315
17:53:59,19.2280941
17:54:00,19.1918468
17:54:01,19.1245556
17:54:02,19.138586
17:54:03,19.3303185
17:54:04,18.7945118
17:54:05,19.5839672
17:54:06,18.8250523
17:54:07,19.7112236
17:54:08,18.5839882
17:54:09,18.9633865
17:54:10,19.03991
17:54:11,19.4162025
17:54:12,19.3805027
17:54:13,19.2461033
17:54:14,18.7661285
17:54:15,18.8203678
17:54:16,18.8753643
17:54:17,19.9953613
17:54:18,19.8901653
17:54:19,18.7841778
17:54:20,19.41401
17:54:21,18.9536247
17:54:22,19.192215
17:54:23,18.9060326
17:54:24,19.5067787
17:54:25,19.1989555
17:54:26,18.8749981
17:54:27,19.33646
17:54:28,19.3261585
17:54:29,18.8206234
17:54:30,18.3208237
17:54:31,19.0721874
17:54:32,18.7750969
17:54:33,18.3184319
17:54:34,18.8611584
17:54:35,18.6322327
17:54:36,18.6178226
17:54:37,19.0066147
17:54:38,19.6696053
17:54:39,18.6110039
17:54:40,19.267416
17:54:41,18.4950447
17:54:42,18.9079781
17:54:43,19.2823925
17:54:44,18.6937523
17:54:45,18.8278923
17:54:46,18.7738152
17:54:47,18.6379986
17:54:48,18.43153
17:54:49,19.5890789
17:54:50,19.168005
17:54:51,19.0846214
17:54:52,18.18093
17:54:53,18.9179153
17:54:54,18.4189072
17:54:55,18.723259
17:54:56,18.4090881
17:54:57,18.3688488
17:54:58,18.9233265
17:54:59,18.5581951
17:55:00,18.9646111
17:55:01,18.2052746
17:55:02,19.1661968
17:55:03,18.3483925
17:55:04,19.1793766
17:55:05,18.5591946
17:55:06,19.1243267
17:55:07,19.1031456
17:55:08,19.29585
17:55:09,18.7420864
17:55:10,17.9339466
17:55:11,18.9872475
17:55:12,19.4241142
17:55:13,19.8330021
17:55:14,19.4869556
17:55:15,19.692215
17:55:16,19.72815
17:55:17,19.3476353
17:55:18,19.22722
17:55:19,18.8356667
17:55:20,18.78943
17:55:21,18.632452
17:55:22,19.5415535
17:55:23,18.80203
17:55:24,19.74276
17:55:25,18.5133686
17:55:26,19.1583786
17:55:27,19.12687
17:55:28,18.6258354
17:55:29,19.21225
17:55:30,18.3320351
17:55:31,18.97143
17:55:32,18.7355766
17:55:33,17.1964664
17:55:34,17.4795742
17:55:35,18.48576
17:55:36,18.2337036
17:55:37,17.3725433
17:55:38,17.8270435
17:55:39,18.078989
17:55:40,17.5667648
17:55:41,18.0163555
17:55:42,18.7108936
17:55:43,18.6381683
17:55:44,18.564661
17:55:45,18.90399
17:55:46,19.76317
17:55:47,19.0551472
17:55:48,18.73853
17:55:50,19.0891438
17:55:51,19.6447411
17:55:52,18.82662
17:55:53,18.9599724
17:55:54,17.9722347
17:55:55,18.4533157
17:55:56,19.5396252
17:55:57,19.287159
17:55:58,19.338913
17:55:59,18.8426113
17:56:00,19.1207714
17:56:01,18.9768982
17:56:02,18.4362526
17:56:03,18.6309986
17:56:04,19.37402
17:56:05,19.35403
17:56:06,18.5421734
17:56:07,18.7786121
17:56:08,18.5056419
17:56:09,19.07838
17:56:10,18.13032
17:56:11,19.3605938
17:56:12,18.5519943
17:56:13,19.5119038
17:56:14,19.3379631
17:56:15,19.63543
17:56:16,19.621666
17:56:17,18.9612
17:56:18,18.7247925
17:56:19,19.6716042
17:56:20,18.5064735
17:56:21,18.9916611
17:56:22,18.797163
17:56:23,18.95279
17:56:24,19.1529121
17:56:25,19.1705666
17:56:26,19.2327824
17:56:27,18.5317173
17:56:28,19.6659412
17:56:29,18.4736977
17:56:30,18.6649189
17:56:31,18.5723228
17:56:32,18.15863
17:56:33,18.3830814
17:56:34,18.5323467
17:56:35,18.7493744
17:56:36,19.0006676
17:56:37,18.89384
17:56:38,19.4384575
17:56:39,18.886097
17:56:40,18.65195
17:56:41,19.67743
17:56:42,18.91297
17:56:43,18.82863
17:56:44,19.0672474
17:56:45,19.4698448
17:56:46,19.0860672
17:56:47,18.2451515
17:56:48,18.20039
17:56:49,19.13114
17:56:50,18.2720528
17:56:51,19.3803654
17:56:52,19.2857819
17:56:53,18.84132
17:56:54,19.1611462
17:56:55,19.2325172
17:56:56,19.0010319
17:56:57,19.0947285
17:56:58,19.7622738
17:56:59,19.2410717
17:57:00,19.4937057
17:57:01,19.473484
17:57:02,20.0794926
17:57:03,19.5498657
17:57:04,19.7876778
17:57:05,19.6081333
17:57:06,19.251543
17:57:07,19.4815311
17:57:08,19.3029461
17:57:09,19.5546284
17:57:10,19.6272984
17:57:11,19.4434948
17:57:12,20.12302
17:57:13,20.2526264
17:57:14,19.492384
17:57:15,18.8467712
17:57:16,18.9395752
17:57:17,18.7302933
17:57:18,19.1863651
17:57:19,19.2872334
17:57:20,18.9757671
17:57:21,18.9693279
17:57:22,19.22891
17:57:23,19.26012
17:57:24,19.5533638
17:57:25,19.74446
17:57:26,19.7894535
17:57:27,19.1938515
17:57:28,19.7145538
17:57:29,19.852808
17:57:30,19.2984
17:57:31,20.25167
17:57:32,19.7077732
17:57:33,18.6438675
17:57:34,17.8059082
17:57:35,17.56585
17:57:36,17.6302223
17:57:37,17.7956429
17:57:38,18.1193829
17:57:39,17.6206112
17:57:40,17.45865
17:57:41,17.8698254
17:57:42,17.4708061
17:57:43,17.88932
17:57:44,17.565691
17:57:45,17.4049244
17:57:46,17.4369564
17:57:47,18.0643673
17:57:48,17.9121017
17:57:49,17.75889
17:57:50,17.5900974
17:57:51,18.2476215
17:57:52,18.19163
17:57:53,17.61489
17:57:54,18.0799942
17:57:55,17.582468
17:57:56,18.4685783
17:57:57,18.0101528
17:57:58,17.5876637
17:57:59,17.7895966
17:58:00,18.6124783
17:58:01,19.80997
17:58:02,19.0347519
17:58:03,18.8696251
17:58:04,18.8594666
17:58:05,18.07902
17:58:06,18.5552654
17:58:07,18.17085
17:58:08,18.5125332
17:58:09,18.84546
17:58:10,18.1756458
17:58:11,18.7265987
17:58:12,18.2769222
17:58:13,18.8139839
17:58:14,19.0976658
17:58:15,18.993576
17:58:16,18.6918011
17:58:17,19.13982
17:58:18,20.0484581
17:58:19,18.3681164
17:58:20,19.34203
17:58:21,18.721138
17:58:22,18.9576874
17:58:23,18.4633064
17:58:24,18.6011963
17:58:25,18.6370678
17:58:26,18.6411648
17:58:27,18.77512
17:58:28,18.8910084
17:58:29,18.5856819
17:58:30,18.5279846
17:58:31,19.0056343
17:58:32,18.6126289
17:58:33,18.6452045
17:58:34,18.7397785
17:58:35,18.4090672
17:58:36,18.3051376
17:58:37,18.0432129
17:58:38,19.3360844
17:58:39,18.9495831
17:58:40,18.3790321
17:58:41,18.9768238
17:58:42,19.3502846
17:58:43,19.7528687
17:58:44,18.8818226
17:58:45,18.5193
17:58:46,19.269556
17:58:47,18.9641533
17:58:48,18.3751545
17:58:49,18.8596287
17:58:50,18.20166
17:58:51,19.3322315
17:58:52,18.4003963
17:58:53,18.7212639
17:58:54,18.3703842
17:58:55,18.6711
17:58:56,18.6444759
17:58:57,19.05608
17:58:58,18.7691746
17:58:59,18.8783455
17:59:00,18.46293
17:59:01,17.9053516
17:59:03,18.495369
17:59:04,18.5284729
17:59:05,19.0591011
17:59:06,18.56192
17:59:07,18.3017216
17:59:09,18.9615536
17:59:10,19.4315281
17:59:11,18.988308
17:59:12,17.8204727
17:59:13,18.5582237
17:59:14,18.6943226
17:59:15,18.5483112
17:59:16,18.4821053
17:59:17,17.9494686
17:59:18,18.8129749
17:59:19,18.0032234
17:59:20,18.2823658
17:59:21,19.4296684
17:59:22,18.6131573
17:59:23,18.35444
17:59:24,18.5523052
17:59:25,18.0857544
17:59:26,18.5823269
17:59:27,17.99976
17:59:28,19.0664024
17:59:29,18.60006
17:59:30,18.7187233
17:59:31,19.1374054
17:59:32,17.8413887
17:59:33,18.3135376
17:59:34,18.7410336
17:59:35,17.8519936
17:59:36,18.8575268
17:59:37,18.2171688
17:59:38,18.7720947
17:59:39,18.5094
17:59:40,18.70599
17:59:41,18.7939682
17:59:42,18.0826111
17:59:43,18.0384789
17:59:44,18.41214
17:59:45,18.6573734
17:59:46,18.6635437
17:59:47,18.2335014
17:59:48,18.6517525
17:59:49,18.66108
17:59:50,18.6135788
17:59:51,19.0238152
17:59:52,17.8731785
17:59:53,17.57103
17:59:54,18.0266171
17:59:55,17.85926
17:59:56,17.57168
17:59:57,17.1630821
17:59:58,17.2302074
17:59:59,17.3700447
18:00:00,17.2001228
18:00:01,18.6034184
18:00:02,18.1163788
18:00:03,18.6174164
18:00:04,18.36327
18:00:05,18.145689
18:00:06,18.2077122
18:00:07,18.6474552
18:00:08,18.555954
18:00:09,18.32812
18:00:10,18.1929817
18:00:11,18.5260372
18:00:12,18.86328
18:00:13,19.0412788
18:00:14,18.7997227
18:00:15,18.8100548
18:00:16,18.3273582
18:00:17,18.0404282
18:00:18,18.878479
18:00:19,18.7697849
18:00:20,18.8801079
18:00:21,18.97525
18:00:22,18.8062611
18:00:23,19.0286827
18:00:24,18.8581963
18:00:25,18.7758141
18:00:26,19.275938
18:00:27,18.8457241
18:00:28,19.2568111
18:00:29,18.6168365
18:00:30,18.7790127
18:00:31,18.0556087
18:00:32,18.5810146
18:00:33,18.62165
18:00:34,18.6274548
18:00:35,18.4929
18:00:36,18.9109249
18:00:37,18.1392536
18:00:38,18.2092628
18:00:39,18.6866417
18:00:40,18.5864639
18:00:41,19.4086914
18:00:42,19.3248367
18:00:43,19.4265633
18:00:44,18.37648
18:00:45,19.06157
18:00:46,19.2530155
18:00:47,18.6102047
18:00:48,18.7074
18:00:49,18.689743
18:00:50,19.68197
18:00:51,19.0852432
18:00:52,18.901165
18:00:53,20.01271
18:00:54,18.3815231
18:00:55,19.1310081
18:00:56,18.5138569
18:00:57,19.1595879
18:00:58,19.13477
18:00:59,19.4102688
18:01:00,18.9940453
18:01:01,18.8936539
18:01:02,19.1438541
18:01:03,18.7147675
18:01:04,19.38076
18:01:05,18.7913933
18:01:06,19.40691
18:01:07,18.75209
18:01:08,19.1539879
18:01:09,19.236084
18:01:10,18.94898
18:01:11,18.8942928
18:01:12,18.5891743
18:01:13,18.9104023
18:01:14,19.1772518
18:01:15,18.7149582
18:01:16,19.006
18:01:17,19.8225384
18:01:18,18.6885586
18:01:19,18.290102
18:01:20,18.4319553
18:01:21,18.5901089
18:01:22,19.1379356
18:01:23,19.3201141
18:01:24,19.0711784
18:01:25,19.31168
18:01:26,18.6969643
18:01:27,19.6327133
18:01:28,18.5580616
18:01:29,18.4807911
18:01:30,18.9148216
18:01:31,19.650465
18:01:32,19.1506252
18:01:33,19.2123756
18:01:34,19.41931
18:01:35,18.8865032
18:01:36,18.830843
18:01:37,19.0159454
18:01:38,18.658514
18:01:39,18.746666
18:01:40,19.5338116
18:01:41,18.1935616
18:01:42,18.8716049
18:01:43,19.0575733
18:01:44,19.1840572
18:01:45,18.5554237
18:01:46,18.4788036
18:01:47,19.5042152
18:01:48,18.9628334
18:01:49,18.4872513
18:01:50,19.1797485
18:01:51,17.8916759
18:01:52,18.17187
18:01:53,17.860796
18:01:54,18.06512
18:01:55,18.2390385
18:01:56,17.7043667
18:01:57,18.1784325
18:01:58,18.227396
18:01:59,17.9957
18:02:00,19.0066738
18:02:01,18.9822273
18:02:02,18.8853111
18:02:03,18.648447
18:02:04,18.9453182
18:02:05,19.0120468
18:02:06,18.8986149
18:02:07,18.3769417
18:02:08,18.5309658
18:02:10,19.193964
18:02:12,19.04127
18:02:13,18.2378731
18:02:14,19.40781
18:02:15,19.4001656
18:02:16,19.1159954
18:02:17,20.2547874
18:02:18,19.0854931
18:02:19,19.1319656
18:02:20,19.6853371
18:02:21,19.0184326
18:02:22,18.87079
18:02:23,19.2564678
18:02:24,18.63789
18:02:25,18.8456516
18:02:26,19.1178951
18:02:27,18.8457813
18:02:28,19.12527
18:02:29,18.8310528
18:02:30,19.37883
18:02:31,19.0248947
18:02:32,19.362751
18:02:33,18.8763142
18:02:34,18.711895
18:02:35,18.40403
18:02:36,18.6155415
18:02:37,18.9409733
18:02:38,18.6644287
18:02:39,18.7766628
18:02:40,18.8175983
18:02:41,19.1626244
18:02:42,19.2632847
18:02:43,19.3140659
18:02:44,18.8498478
18:02:45,19.0861454
18:02:46,18.3865681
18:02:47,18.8980656
18:02:48,19.3697128
18:02:49,18.9259567
18:02:50,18.9219379
18:02:51,18.8770771
18:02:52,18.5993614
18:02:53,18.36552
18:02:54,18.92447
18:02:55,19.1746159
18:02:56,18.7606564
18:02:57,18.8873787
18:02:58,18.3988972
18:02:59,19.01189
18:03:00,18.5906715
18:03:01,19.1129436
18:03:02,18.5738258
18:03:03,18.3906345
18:03:04,18.2951317
18:03:05,19.0223923
18:03:06,18.343832
18:03:07,18.9221115
18:03:08,18.8760872
18:03:09,19.1006527
18:03:10,18.5495319
18:03:11,18.782444
18:03:12,19.2578888
18:03:13,19.1594486
18:03:14,18.9346581
18:03:15,19.0961761
18:03:16,19.14094
18:03:17,18.21179
18:03:18,19.1424637
18:03:19,19.1584644
18:03:20,19.3423386
18:03:21,18.4650249
18:03:22,18.529171
18:03:23,19.0455246
18:03:24,19.0734482
18:03:25,18.6143475
18:03:26,18.5116386
18:03:27,19.2232475
18:03:28,18.6919479
18:03:29,19.084837
18:03:30,19.0454578
18:03:31,18.4854469
18:03:32,19.03175
18:03:33,18.9066238
18:03:34,19.5962219
18:03:35,18.6292343
18:03:36,19.5228348
18:03:37,19.2093468
18:03:38,18.8070679
18:03:39,19.7729187
18:03:40,19.4782028
18:03:41,20.016901
18:03:42,19.30488
18:03:43,20.0511589
18:03:44,19.38804
18:03:45,19.2795429
18:03:46,19.3840561
18:03:47,19.2834721
18:03:48,18.3944054
18:03:49,17.4043484
18:03:50,17.5036354
18:03:51,15.7461061
18:03:52,16.988945
18:03:53,16.7131653
18:03:54,16.9224739
18:03:55,17.5946827
18:03:56,18.0794716
18:03:57,18.384285
18:03:58,17.5462227
18:03:59,17.9939289
18:04:00,18.6234913
18:04:01,18.9730053
18:04:02,18.96178
18:04:03,19.113718
18:04:04,19.2289257
18:04:05,18.6708775
18:04:06,18.6325569
18:04:07,19.4329834
18:04:08,18.7345161
18:04:09,18.6755714
18:04:10,19.2903919
18:04:11,18.5932331
18:04:12,19.4517574
18:04:13,18.5522346
18:04:14,19.1022034
18:04:15,18.965641
18:04:17,19.1143475
18:04:18,18.63719
18:04:19,18.8960514
18:04:20,18.8884373
18:04:21,19.0213375
18:04:22,18.7702637
18:04:23,19.329834
18:04:24,18.88764
18:04:25,18.8540668
18:04:26,18.3653
18:04:27,19.3792248
18:04:28,18.8135223
18:04:29,19.31252
18:04:30,18.5419159
18:04:31,19.273344
18:04:32,18.2121277
18:04:33,19.0740376
18:04:34,18.8971882
18:04:35,19.0399227
18:04:36,18.7522011
18:04:37,18.85527
18:04:38,18.7405472
18:04:39,18.8442822
18:04:40,19.0187836
18:04:41,18.76337
18:04:42,19.4366245
18:04:43,18.9438114
18:04:44,19.2257557
18:04:45,18.7071247
18:04:46,19.3180141
18:04:47,18.5507469
18:04:48,19.4587231
18:04:49,18.79735
18:04:50,18.8549824
18:04:51,18.375721
18:04:52,19.431654
18:04:53,18.8780289
18:04:54,18.9628944
18:04:55,19.6582127
18:04:56,18.905756
18:04:57,19.8332386
18:04:58,19.7068386
18:04:59,19.2061768
18:05:00,19.2253036
18:05:01,19.5474243
18:05:02,18.5640564
18:05:03,19.6191959
18:05:04,18.6054115
18:05:06,19.6884174
18:05:07,18.9970875
18:05:09,19.1014061
18:05:10,18.9828911
18:05:11,18.3142166
18:05:12,18.6703224
18:05:13,18.8267231
18:05:14,18.8520622
18:05:15,18.5107956
18:05:16,18.7814751
18:05:17,18.6527119
18:05:18,19.14644
18:05:19,18.47751
18:05:20,19.2668743
18:05:21,18.7616444
18:05:22,19.4543667
18:05:23,18.9419785
18:05:24,18.3964825
18:05:25,17.8269119
18:05:26,16.4880829
18:05:27,17.7005119
18:05:28,17.7117348
18:05:29,18.4575577
18:05:30,17.9298382
18:05:31,17.8409081
18:05:32,18.6824
18:05:33,18.293335
18:05:34,18.6464252
18:05:35,19.2478485
18:05:36,19.205761
18:05:37,19.9515285
18:05:38,19.4219265
18:05:39,19.9351463
18:05:40,18.9804459
18:05:41,18.9867229
18:05:42,19.3478
18:05:43,18.8865
18:05:44,19.6954212
18:05:45,18.8626881
18:05:46,19.46565
18:05:47,19.0078773
18:05:48,19.1740341
18:05:49,19.2434273
18:05:50,19.9205532
18:05:51,19.0516338
18:05:52,17.5282574
18:05:53,17.4572868
18:05:54,17.68073
18:05:55,17.4660683
18:05:56,17.7209187
18:05:57,17.2025337
18:05:58,17.5168858
18:05:59,18.21506
18:06:00,17.75576
18:06:01,19.8764629
18:06:02,19.53328
18:06:03,20.1780529
18:06:04,19.0852737
18:06:05,20.3773041
18:06:06,19.0298824
18:06:07,18.9810467
18:06:08,18.8249512
18:06:09,18.9226055
18:06:10,19.42148
18:06:11,18.7194271
18:06:12,19.6301861
18:06:13,18.1371784
18:06:14,18.6018028
18:06:15,19.4882412
18:06:16,19.185751
18:06:17,19.2506523
18:06:18,19.2100964
18:06:19,18.876976
18:06:20,18.5679531
18:06:21,18.3411617
18:06:22,19.5865269
18:06:23,18.3328056
18:06:24,18.8259964
18:06:25,18.0534859
18:06:26,19.1288986
18:06:27,19.03403
18:06:28,18.68697
18:06:29,18.5306931
18:06:30,18.4237366
18:06:31,18.4145641
18:06:32,18.6660862
18:06:33,19.2292347
18:06:34,19.2195625
18:06:35,18.5174713
18:06:36,19.2307739
18:06:37,18.5248089
18:06:38,19.2691574
18:06:39,18.94164
18:06:40,19.10336
18:06:41,18.3735085
18:06:42,19.6787014
18:06:43,18.69648
18:06:44,19.30661
18:06:45,19.0845184
18:06:46,19.3489189
18:06:47,18.73457
18:06:48,18.982069
18:06:49,19.1916027
18:06:50,19.196249
18:06:51,18.54223
18:06:52,19.3659859
18:06:53,19.3432884
18:06:54,19.77516
18:06:55,19.4223042
18:06:56,19.85163
18:06:57,19.00295
18:06:58,19.82779
18:06:59,19.0942364
18:07:00,18.8873043
18:07:01,18.5810165
18:07:02,19.28749
18:07:03,18.9176521
18:07:04,18.2902775
18:07:05,19.2698116
18:07:06,18.70525
18:07:07,19.3959827
18:07:08,18.6334248
18:07:09,19.1085148
18:07:10,18.79725
18:07:11,18.91276
18:07:12,18.939064
18:07:13,19.3957138
18:07:14,18.4835339
18:07:15,18.43063
18:07:16,18.2846947
18:07:17,18.9815388
18:07:18,18.2629433
18:07:19,18.5145626
18:07:20,18.3784561
18:07:21,18.48055
18:07:22,18.6917381
18:07:23,19.13539
18:07:24,18.9501438
18:07:25,19.2044086
18:07:26,18.500843
18:07:27,18.31947
18:07:28,19.2227879
18:07:29,18.6478233
18:07:30,19.8768158
18:07:31,19.3733711
18:07:32,18.834465
18:07:33,18.624958
18:07:34,19.2991619
18:07:35,19.62942
18:07:36,19.1806545
18:07:37,18.96073
18:07:38,18.8234577
18:07:39,19.0970631
18:07:40,19.6273174
18:07:41,19.0494862
18:07:42,18.8802547
18:07:43,18.9875832
18:07:44,19.1741257
18:07:45,18.8869781
18:07:46,19.03881
18:07:47,18.82557
18:07:48,18.6155434
18:07:49,18.8796978
18:07:50,18.6859741
18:07:51,17.730875
18:07:52,17.289835
18:07:53,17.72936
18:07:54,16.7417
18:07:55,17.7866955
18:07:56,17.15387
18:07:57,17.8555279
18:07:58,17.8593731
18:07:59,17.3003082
18:08:00,18.37081
18:08:01,18.0258484
18:08:02,18.2623825
18:08:03,18.85798
18:08:04,19.42536
18:08:05,18.9737816
18:08:06,18.3571854
18:08:07,18.4249458
18:08:08,18.8821354
18:08:09,20.0207138
18:08:10,18.009285
18:08:11,19.2114449
18:08:12,18.1299171
18:08:13,18.864006
18:08:14,18.0761223
18:08:15,19.1537457
18:08:17,18.48892
18:08:18,18.5612926
18:08:19,18.08235
18:08:20,18.2326584
18:08:21,18.2606678
18:08:22,18.79913
18:08:23,18.2938881
18:08:24,19.5665073
18:08:25,18.6221085
18:08:27,18.6153011
18:08:29,18.5476761
18:08:31,18.150753
18:08:32,18.4165287
18:08:33,18.2105618
18:08:34,18.5522041
18:08:35,18.9360142
18:08:36,18.02773
18:08:37,18.9494019
18:08:38,19.3641434
18:08:39,18.7231884
18:08:40,18.8686066
18:08:41,18.6819878
18:08:42,18.9660244
18:08:43,19.094944
18:08:44,19.1515656
18:08:45,19.0743427
18:08:46,19.5103874
18:08:47,18.4720879
18:08:48,18.8878212
18:08:49,18.2161427
18:08:50,18.531744
18:08:51,19.2762051
18:08:52,18.0263519
18:08:53,19.5725956
18:08:54,18.5686951
18:08:55,18.7807674
18:08:56,18.7127628
18:08:57,19.1633358
18:08:58,18.6111546
18:08:59,18.8023376
18:09:00,17.5865135
18:09:01,18.4949341
18:09:02,18.1222515
18:09:03,18.7816086
18:09:04,18.4449043
18:09:05,18.5387077
18:09:06,18.9773216
18:09:07,18.2006435
18:09:08,18.4408112
18:09:09,18.2482986
18:09:10,18.4349213
18:09:11,18.3029041
18:09:12,19.0423069
18:09:13,18.6201153
18:09:14,18.4809227
18:09:15,19.3668823
18:09:16,19.61195
18:09:17,18.9021
18:09:18,19.0816326
18:09:19,19.25851
18:09:20,18.1405487
18:09:21,18.9789028
18:09:22,18.3465042
18:09:23,19.00419
18:09:24,17.5431862
18:09:25,18.8444424
18:09:26,18.5162334
18:09:27,18.70149
18:09:28,18.4202938
18:09:29,17.867754
18:09:30,18.3367538
18:09:31,19.348711
18:09:32,18.956171
18:09:33,18.1148453
18:09:34,18.2521515
18:09:35,18.6568985
18:09:36,18.59256
18:09:37,18.4422626
18:09:38,18.412466
18:09:39,19.0322628
18:09:40,18.64011
18:09:41,18.1242561
18:09:42,19.3651733
18:09:43,18.453743
18:09:44,18.43863
18:09:45,18.0855865
18:09:46,17.68833
18:09:47,18.2799244
18:09:48,18.6298332
18:09:49,19.84895
18:09:50,18.4530373
18:09:51,16.8327026
18:09:52,17.2976246
18:09:53,17.4522
18:09:54,16.21431
18:09:55,16.3099518
18:09:56,17.3578472
18:09:57,17.4888687
18:09:58,17.3312531
18:09:59,16.6883717
18:10:00,18.25509
18:10:01,17.9777412
18:10:02,17.9684143
18:10:03,19.2024059
18:10:04,19.4077568
18:10:05,19.0411034
18:10:06,18.5864849
18:10:07,18.532547
18:10:08,18.8850479
18:10:09,19.99794
18:10:10,18.6294518
18:10:11,19.2813454
18:10:12,18.2727413
18:10:13,18.85293
18:10:14,19.1423073
18:10:15,19.0011158
18:10:16,18.58153
18:10:17,18.7399826
18:10:18,18.6365089
18:10:19,18.24688
18:10:20,18.9127045
18:10:21,18.6764679
18:10:22,18.4799385
18:10:23,18.6869335
18:10:24,18.8956337
18:10:25,19.4224358
18:10:26,19.2322369
18:10:27,18.3247089
18:10:28,19.10083
18:10:29,19.1557465
18:10:30,18.6937046
18:10:31,18.52387
18:10:32,17.94584
18:10:33,18.0165119
18:10:34,18.5554752
18:10:35,18.2165985
18:10:36,18.7187214
18:10:37,18.4833488
18:10:38,19.3746128
18:10:39,18.7220783
18:10:40,18.78539
18:10:41,18.54629
18:10:42,19.1079674
18:10:43,18.6473255
18:10:44,19.0591984
18:10:45,18.3701649
18:10:46,18.8363628
18:10:47,18.7011566
18:10:48,19.4159641
18:10:49,19.2824268
18:10:50,19.2958221
18:10:51,19.3505154
18:10:52,19.0694027
18:10:53,20.0321617
18:10:54,19.4945145
18:10:55,19.0875244
18:10:56,20.136137
18:10:57,19.0231667
18:10:58,19.4990559
18:10:59,19.5198936
18:11:00,19.3950939
18:11:01,19.1570873
18:11:02,19.2946415
18:11:03,19.49336
18:11:04,19.8428249
18:11:05,19.9945087
18:11:06,19.2369671
18:11:07,19.4887714
18:11:08,19.8374176
18:11:09,19.0313473
18:11:10,19.1763573
18:11:11,19.1002884
18:11:12,20.018198
18:11:13,19.039484
18:11:14,19.7548923
18:11:15,18.9376488
18:11:16,19.2335052
18:11:17,18.8666611
18:11:18,19.46495
18:11:19,19.30357
18:11:20,19.2931614
18:11:21,19.2758064
18:11:22,19.5708427
18:11:23,18.9267941
18:11:24,18.933939
18:11:25,18.7594662
18:11:26,19.1699944
18:11:27,18.9365082
18:11:28,18.9680214
18:11:29,18.1266422
18:11:30,19.5259323
18:11:31,19.0494461
18:11:32,18.8783
18:11:33,19.1913242
18:11:34,18.5921764
18:11:35,18.903183
18:11:36,18.6454124
18:11:37,18.2061615
18:11:38,18.325243
18:11:39,19.3803
18:11:40,18.7419662
18:11:41,19.8215618
18:11:42,19.3114471
18:11:43,19.4219589
18:11:44,19.4235077
18:11:45,19.3888378
18:11:46,19.769104
18:11:47,19.44666
18:11:48,19.5266953
18:11:49,18.56142
18:11:50,19.6395073
18:11:51,17.8213577
18:11:52,17.3994427
18:11:53,17.4599037
18:11:54,16.8690243
18:11:55,17.649786
18:11:56,17.724741
18:11:57,17.4424629
18:11:58,17.8406715
18:11:59,18.6502
18:12:00,18.6217155
18:12:01,18.6139431
18:12:02,19.6742973
18:12:03,18.6013432
18:12:04,19.1530552
18:12:05,18.3831024
18:12:06,18.92039
18:12:07,19.0863552
18:12:08,18.5037441
18:12:09,19.050396
18:12:10,18.4700127
18:12:11,19.2300529
18:12:12,19.1231461
18:12:13,18.9823456
18:12:14,19.357132
18:12:15,19.036129
18:12:16,18.7452755
18:12:17,19.0738621
18:12:18,20.198679
18:12:19,18.5952072
18:12:20,19.6363869
18:12:21,19.4903946
18:12:22,19.854393
18:12:23,19.25622
18:12:24,19.1685658
18:12:25,19.09013
18:12:26,19.8308411
18:12:27,18.8788452
18:12:28,18.80645
18:12:30,19.4144688
18:12:32,19.1070251
18:12:34,18.0311165
18:12:35,19.2599545
18:12:36,18.6062088
18:12:37,19.0139484
18:12:38,19.2338886
18:12:39,19.4371338
18:12:40,19.3701458
18:12:41,18.8667355
18:12:42,18.90971
18:12:43,18.8654957
18:12:44,19.42664
18:12:45,18.98444
18:12:46,18.7526
18:12:47,18.4309616
18:12:48,19.0920277
18:12:49,18.9018211
18:12:50,18.897
18:12:51,18.93454
18:12:52,18.3978348
18:12:53,19.5176411
18:12:54,19.0201759
18:12:55,18.8508663
18:12:56,18.4461079
18:12:57,18.8721485
18:12:58,18.4949512
18:12:59,18.35798
18:13:00,18.3155746
18:13:01,18.659
18:13:02,18.9513416
18:13:03,18.6807022
18:13:04,18.2524452
18:13:05,18.4413815
18:13:06,18.24867
18:13:07,18.6792374
18:13:08,18.8810616
18:13:09,18.79361
18:13:10,18.6666
18:13:11,19.0456543
18:13:12,18.5546684
18:13:13,18.5984364
18:13:14,18.520504
18:13:15,18.5957184
18:13:16,18.7720566
18:13:17,18.276268
18:13:18,18.47756
18:13:19,18.2744045
18:13:20,18.0893326
18:13:21,18.3178787
18:13:22,19.76141
18:13:23,19.0006828
18:13:24,18.4807186
18:13:25,18.4473743
18:13:26,19.0714512
18:13:27,18.4904118
18:13:28,18.8036461
18:13:29,18.5634117
18:13:30,18.0781116
18:13:31,19.001667
18:13:32,18.9122772
18:13:33,18.62409
18:13:34,18.407032
18:13:35,18.6722641
18:13:36,18.3613415
18:13:37,18.8609657
18:13:38,19.1056767
18:13:39,19.31445
18:13:40,18.7909
18:13:41,19.4855633
18:13:42,18.9133453
18:13:43,19.0263519
18:13:44,19.6916924
18:13:45,18.5515881
18:13:46,18.9647484
18:13:47,18.24823
18:13:48,18.5709114
18:13:49,18.2896729
18:13:50,17.8693123
18:13:51,17.7098923
18:13:52,17.8648014
18:13:53,16.7888412
18:13:54,17.7440548
18:13:55,17.8920765
18:13:56,17.43297
18:13:57,17.9062157
18:13:58,18.0299816
18:13:59,18.4983864
18:14:00,19.285347
18:14:01,19.20083
18:14:02,19.02383
18:14:03,18.9747219
18:14:04,19.7584934
18:14:05,19.6017284
18:14:06,19.27653
18:14:07,18.8799553
18:14:08,20.7847137
18:14:09,19.2578945
18:14:10,19.1697178
18:14:11,19.331192
18:14:12,19.363287
18:14:13,19.2869816
18:14:14,19.1939735
18:14:15,19.88524
18:14:17,18.3754444
18:14:18,19.0864143
18:14:19,19.63884
18:14:20,18.93544
18:14:21,19.1750584
18:14:22,18.92199
18:14:23,19.3012028
18:14:24,19.302721
18:14:25,18.76502
18:14:26,19.52064
18:14:27,19.535675
18:14:28,19.37271
18:14:29,19.1601162
18:14:30,19.50392
18:14:31,19.6958771
18:14:32,18.2838631
18:14:33,18.8041
18:14:34,18.9698849
18:14:35,19.0859261
18:14:36,18.2800255
18:14:37,18.8238125
18:14:38,18.4393539
18:14:39,18.63361
18:14:40,18.4198666
18:14:41,17.9907036
18:14:42,18.2695274
18:14:43,18.115963
18:14:44,18.2711849
18:14:45,18.28449
18:14:46,18.5218258
18:14:47,18.4126625
18:14:48,18.5540886
18:14:49,18.9658012
18:14:50,18.54887
18:14:51,18.2945251
18:14:52,17.7084312
18:14:53,18.75988
18:14:54,18.12649
18:14:55,18.5826283
18:14:57,18.5392132
18:14:58,17.7768555
18:14:59,18.7284832
18:15:00,18.4058
18:15:01,18.7977428
18:15:02,18.2507687
18:15:03,18.5978851
18:15:04,19.0701141
18:15:05,18.8558636
18:15:06,18.595068
18:15:07,19.4117985
18:15:08,18.4925728
18:15:09,18.8535347
18:15:10,18.5538082
18:15:11,19.2573414
18:15:12,18.9852066
18:15:13,18.2433472
18:15:14,18.1307983
18:15:15,19.3403454
18:15:16,19.20328
18:15:17,19.09343
18:15:18,19.1699028
18:15:19,19.444252
18:15:20,18.57216
18:15:21,19.70452
18:15:22,19.0747738
18:15:23,19.8012
18:15:24,18.4350643
18:15:25,19.5344639
18:15:26,18.286
18:15:27,19.4093742
18:15:28,19.0442543
18:15:29,19.61293
18:15:30,19.636261
18:15:31,19.8525372
18:15:32,20.1094856
18:15:33,19.57004
18:15:34,19.944418
18:15:35,20.0036049
18:15:36,19.3297329
18:15:37,19.3958168
18:15:38,19.771452
18:15:39,19.10157
18:15:40,19.355278
18:15:41,19.9206028
18:15:42,18.7969513
18:15:43,19.1451931
18:15:44,19.4077377
18:15:45,19.6051254
18:15:46,19.7660313
18:15:47,19.1331463
18:15:48,19.398571
18:15:49,19.2426567
18:15:50,17.5776215
18:15:51,17.753912
18:15:52,17.1529922
18:15:53,17.38232
18:15:54,17.3024311
18:15:55,17.6519318
18:15:56,17.12233
18:15:57,17.1790771
18:15:58,17.2837715
18:15:59,18.5567417
18:16:00,19.2346535
18:16:01,18.4704189
18:16:02,19.3165379
18:16:03,19.4892
18:16:04,19.17326
18:16:05,18.8330269
18:16:06,18.879591
18:16:07,19.2017574
18:16:08,18.9432678
18:16:09,18.6963825
18:16:10,18.4573078
18:16:11,19.488348
18:16:12,19.03491
18:16:13,18.5169754
18:16:14,19.3815746
18:16:15,19.1213856
18:16:16,19.283926
18:16:17,18.6787815
18:16:18,18.0202065
18:16:19,17.7073727
18:16:20,18.2030716
18:16:21,18.076498
18:16:22,18.025753
18:16:23,18.2286777
18:16:24,18.1972713
18:16:25,19.027626
18:16:26,18.9096355
18:16:27,19.91888
18:16:28,19.9836025
18:16:29,18.8068657
18:16:30,18.9822311
18:16:31,19.94968
18:16:32,19.0528374
18:16:33,19.25252
18:16:34,19.8389835
18:16:35,19.435585
18:16:36,19.7196121
18:16:37,19.326889
18:16:38,18.4822578
18:16:39,18.3250046
18:16:40,19.2008438
18:16:41,18.6433334
18:16:42,19.736
18:16:43,19.4752979
18:16:44,18.2414532
18:16:45,18.3787613
18:16:46,17.927578
18:16:47,18.9709663
18:16:48,17.69803
18:16:49,18.2758541
18:16:50,18.3653755
18:16:51,18.0596218
18:16:52,18.9139442
18:16:53,18.3885231
18:16:54,19.1275578
18:16:55,18.9237289
18:16:56,18.4628525
18:16:57,18.3986168
18:16:58,18.8877316
18:16:59,18.97428
18:17:00,18.6260643
18:17:01,19.0463314
18:17:02,18.4825459
18:17:03,18.55269
18:17:04,19.4266529
18:17:05,18.3180561
18:17:06,18.00789
18:17:07,17.9099064
18:17:08,18.51875
18:17:09,18.6077232
18:17:10,17.8565636
18:17:11,18.1353855
18:17:12,17.9434414
18:17:13,18.3458233
18:17:14,18.3695126
18:17:15,18.3994141
18:17:16,18.6020126
18:17:17,17.9694653
18:17:18,18.9900322
18:17:19,18.1244068
18:17:20,18.3957787
18:17:21,17.7960052
18:17:22,18.2366238
18:17:23,18.2245026
18:17:24,19.3455372
18:17:25,18.1295242
18:17:26,18.4320354
18:17:27,17.5199833
18:17:28,18.4577675
18:17:29,18.2061539
18:17:30,17.8184757
18:17:31,18.9295216
18:17:32,18.39129
18:17:33,18.43616
18:17:34,18.0239372
18:17:35,19.2904472
18:17:36,18.0457478
18:17:37,18.4653473
18:17:38,19.081625
18:17:39,19.35575
18:17:40,18.7795258
18:17:41,17.47846
18:17:42,18.95455
18:17:43,17.9875278
18:17:44,18.1038551
18:17:45,19.1785812
18:17:46,19.2172489
18:17:47,19.48879
18:17:48,18.0139332
18:17:49,17.1713161
18:17:50,16.7586975
18:17:51,16.8682976
18:17:52,16.8076534
18:17:53,17.5929432
18:17:54,19.1741
18:17:55,18.2334766
18:17:56,18.5709534
18:17:57,18.20606
18:17:58,17.9447823
18:17:59,17.8545246
18:18:00,18.6079655
18:18:01,17.8370228
18:18:02,17.2062645
18:18:03,17.0766048
18:18:04,18.4377041
18:18:05,18.2568874
18:18:07,17.258688
18:18:09,16.4517288
18:18:10,17.2328014
18:18:11,17.53041
18:18:12,17.5439663
18:18:13,16.0291119
18:18:14,17.0647182
18:18:15,16.56819
18:18:16,17.3584347
18:18:17,17.4681473
18:18:18,17.2530632
18:18:19,17.8240452
18:18:20,17.8314953
18:18:21,18.422821
18:18:22,17.9971867
18:18:23,18.46589
18:18:24,18.0670128
18:18:25,18.1415138
18:18:26,18.3166046
18:18:27,18.865366
18:18:28,19.0384331
18:18:29,18.3172054
18:18:30,18.53096
18:18:31,18.4896984
18:18:32,17.8758755
18:18:33,17.89102
18:18:34,19.2205982
18:18:35,18.6221676
18:18:36,18.7643356
18:18:37,19.3433228
18:18:38,18.853096
18:18:39,18.7827015
18:18:40,18.5731831
18:18:41,18.11433
18:18:42,18.03842
18:18:43,17.8486538
18:18:44,18.263628
18:18:45,18.3597488
18:18:46,19.23644
18:18:47,18.0859776
18:18:48,18.3292351
18:18:49,18.6451263
18:18:50,19.0220127
18:18:51,18.9114685
18:18:52,17.9787312
18:18:53,18.170208
18:18:54,18.2081852
18:18:55,18.073967
18:18:56,18.3205414
18:18:57,18.1250477
18:18:58,18.517725
18:18:59,18.5981083
18:19:00,18.69026
18:19:01,18.7728577
18:19:02,18.2127
18:19:03,17.93597
18:19:04,18.2476177
18:19:05,18.3403568
18:19:06,18.18827
18:19:07,19.2281075
18:19:08,18.0719662
18:19:09,18.48976
18:19:10,17.946104
18:19:11,18.3377285
18:19:12,18.35717
18:19:13,17.5074463
18:19:14,18.2396469
18:19:15,18.7633572
18:19:16,17.7446289
18:19:17,18.5983334
18:19:18,17.9743633
18:19:19,19.37234
18:19:20,18.4309978
18:19:21,18.0237846
18:19:22,18.5062275
18:19:23,17.959816
18:19:24,18.0564518
18:19:25,17.63165
18:19:26,18.1632385
18:19:27,17.665947
18:19:28,18.3249245
18:19:29,18.7705746
18:19:30,18.85207
18:19:31,17.6775017
18:19:32,18.9916229
18:19:33,19.6896782
18:19:34,18.4099483
18:19:35,18.8932724
18:19:36,18.101181
18:19:37,18.5048485
18:19:38,19.2859383
18:19:39,18.9721
18:19:40,18.242445
18:19:41,18.2912121
18:19:42,17.5634537
18:19:43,17.9185123
18:19:44,18.8466129
18:19:45,18.794693
18:19:46,18.2833767
18:19:47,18.58495
18:19:48,18.7523975
18:19:49,19.0645771
18:19:50,18.87426
18:19:51,18.1347275
18:19:52,18.5983372
18:19:53,19.2979221
18:19:54,18.3936024
18:19:55,19.6200218
18:19:56,19.25479
18:19:57,18.76415
18:19:58,18.6569633
18:19:59,18.30591
18:20:00,18.4996052
18:20:01,18.7334423
18:20:02,18.4107246
18:20:03,18.2035351
18:20:04,18.5605831
18:20:05,19.4076443
18:20:06,17.8455677
18:20:07,18.1105938
18:20:08,17.7394562
18:20:09,17.86539
18:20:10,17.8497772
18:20:11,17.5892754
18:20:12,16.3563232
18:20:13,16.89783
18:20:14,16.3807583
18:20:15,18.0025463
18:20:16,17.8474312
18:20:17,17.674942
18:20:18,18.0092068
18:20:19,18.19327
18:20:20,17.9651852
18:20:21,18.3211632
18:20:22,17.755415
18:20:23,17.9858341
18:20:24,18.4447517
18:20:25,18.2883148
18:20:26,19.0341034
18:20:27,18.89666
18:20:28,18.1847057
18:20:29,18.9083157
18:20:30,18.7340946
18:20:31,18.67499
18:20:32,18.3194752
18:20:33,18.2537537
18:20:34,18.6261158
18:20:35,17.6064568
18:20:36,18.4933681
18:20:37,18.5135918
18:20:38,17.5688686
18:20:39,18.4603043
18:20:40,18.04288
18:20:41,18.4181881
18:20:42,18.204649
18:20:43,18.1309681
18:20:44,18.6093922
18:20:45,18.03851
18:20:46,18.89406
18:20:47,18.1469879
18:20:48,17.79563
18:20:49,18.1083488
18:20:50,18.3352985
18:20:51,18.3251457
18:20:52,18.39373
18:20:53,18.6169758
18:20:54,18.3119755
18:20:55,18.4454727
18:20:56,17.99914
18:20:57,19.0902786
18:20:58,18.05015
18:20:59,18.4018955
18:21:00,18.3651772
18:21:02,18.261755
18:21:03,19.3412075
18:21:04,19.33347
18:21:06,17.9829
18:21:07,18.1097145
18:21:08,18.0087013
18:21:09,17.792366
18:21:10,18.8627663
18:21:11,18.3917465
18:21:12,19.5147171
18:21:13,19.2678642
18:21:14,18.76397
18:21:15,18.5034847
18:21:16,17.9368286
18:21:17,17.4271317
18:21:18,18.06318
18:21:19,18.3892384
18:21:20,18.1238117
18:21:21,18.6622887
18:21:22,18.8406448
18:21:23,18.2720356
18:21:24,19.6427784
18:21:25,19.7663574
18:21:26,20.0660248
18:21:27,19.26833
18:21:28,18.9550438
18:21:29,19.4471436
18:21:30,18.7554626
18:21:31,19.43697
18:21:32,19.43961
18:21:33,18.7629089
18:21:34,18.302599
18:21:35,18.5544357
18:21:36,18.2766819
18:21:37,19.3594036
18:21:38,18.4143353
18:21:39,18.9624939
18:21:40,19.2847061
18:21:41,18.8301163
18:21:42,18.36471
18:21:43,18.5101128
18:21:44,18.9352036
18:21:45,18.2899456
18:21:46,18.20632
18:21:47,18.2146759
18:21:48,18.01061
18:21:49,18.7165985
18:21:50,17.88765
18:21:51,18.61567
18:21:52,18.9398422
18:21:53,18.2856617
18:21:54,18.431488
18:21:55,18.2525253
18:21:56,17.9968643
18:21:57,18.6358662
18:21:58,18.1250439
18:21:59,17.7884712
18:22:00,18.0732937
18:22:01,17.9572716
18:22:02,18.7721043
18:22:03,17.888958
18:22:04,18.4105759
18:22:05,17.477356
18:22:06,17.36846
18:22:07,17.6311131
18:22:08,16.9038143
18:22:09,16.6055031
18:22:10,16.9405613
18:22:11,16.5880947
18:22:12,17.2102985
18:22:13,16.5020866
18:22:14,18.3131256
18:22:15,18.3474483
18:22:16,18.6638012
18:22:17,18.1294
18:22:18,17.45831
18:22:19,17.7562866
18:22:20,18.2849026
18:22:21,18.3093643
18:22:22,18.3384628
18:22:23,19.35052
18:22:24,19.1249466
18:22:25,19.1777534
18:22:26,19.7544632
18:22:27,18.8464565
18:22:28,19.2026
18:22:29,18.2915783
18:22:30,18.2273178
18:22:31,18.21568
18:22:32,18.1174183
18:22:33,19.064537
18:22:34,18.3070755
18:22:35,18.7157345
18:22:36,18.17058
18:22:37,18.3073215
18:22:38,18.4033775
18:22:39,17.7232418
18:22:40,18.20752
18:22:41,18.5405884
18:22:42,17.90715
18:22:43,18.58625
18:22:44,17.9493
18:22:45,18.30555
18:22:46,18.0547714
18:22:47,17.6704617
18:22:48,18.06223
18:22:49,17.7832527
18:22:50,18.2621613
18:22:51,18.2238827
18:22:52,18.2848148
18:22:53,18.3110256
18:22:54,17.2808266
18:22:55,18.2085514
18:22:56,18.3735275
18:22:57,18.6213913
18:22:58,19.35326
18:22:59,18.7122955
18:23:00,17.5887642
18:23:01,18.0743332
18:23:02,18.7605953
18:23:03,18.4018574
18:23:04,18.1123619
18:23:05,18.4385815
18:23:06,18.82713
18:23:07,17.75248
18:23:08,17.8188667
18:23:09,18.4862061
18:23:10,19.05643
18:23:11,19.2330513
18:23:12,19.61626
18:23:13,18.7852688
18:23:14,18.6150513
18:23:15,18.78799
18:23:16,18.8948
18:23:17,19.200119
18:23:18,18.5407963
18:23:19,18.19617
18:23:20,17.9002533
18:23:21,18.5013332
18:23:22,18.816824
18:23:23,18.7010746
18:23:24,19.3553963
18:23:25,18.2764988
18:23:26,18.344244
18:23:27,17.9856739
18:23:28,18.1633453
18:23:29,18.3296089
18:23:30,18.1847038
18:23:31,19.0148735
18:23:32,17.8017025
18:23:33,18.57559
18:23:34,18.1046658
18:23:35,18.0138321
18:23:36,19.95254
18:23:37,18.6083965
18:23:38,18.0739136
18:23:39,18.7807941
18:23:40,19.4752636
18:23:41,18.9373283
18:23:42,19.0833073
18:23:43,19.3646717
18:23:44,18.9270248
18:23:45,19.1736755
18:23:46,19.1042538
18:23:47,19.018959
18:23:48,17.9956322
18:23:49,18.4673939
18:23:50,18.4016342
18:23:51,18.18812
18:23:52,18.4777088
18:23:53,19.3062057
18:23:54,19.05617
18:23:55,19.2342415
18:23:56,18.8405476
18:23:57,19.240509
18:23:58,18.8723583
18:23:59,17.7724552
18:24:00,17.9799786
18:24:01,17.8812046
18:24:02,18.79798
18:24:03,18.1010742
18:24:04,16.4942818
18:24:05,16.57743
18:24:06,16.5940628
18:24:07,16.5445232
18:24:08,17.6511574
18:24:09,18.0526714
18:24:10,16.1681175
18:24:11,17.0334244
18:24:12,18.9899254
18:24:13,20.2068233
18:24:14,19.1562271
18:24:15,17.6236076
18:24:17,18.861557
18:24:18,18.9944363
18:24:19,18.670866
18:24:20,18.478817
18:24:21,18.0089016
18:24:22,18.27588
18:24:24,18.4859028
18:24:26,18.6879387
18:24:27,18.6220551
18:24:28,18.7030258
18:24:29,18.39031
18:24:31,17.9083862
18:24:33,18.3261242
18:24:34,18.6552658
18:24:35,17.7807922
18:24:36,18.1650581
18:24:37,18.5430756
18:24:38,19.2700481
18:24:39,19.7324944
18:24:40,19.8918343
18:24:41,19.800703
18:24:42,18.6608143
18:24:43,18.5764713
18:24:44,17.8775826
18:24:45,18.29853
18:24:46,20.0181427
18:24:47,18.3829441
18:24:48,18.9982529
18:24:49,18.87912
18:24:50,18.4311981
18:24:51,18.8974438
18:24:52,18.9381676
18:24:53,19.13265
18:24:54,18.41177
18:24:55,19.0207577
18:24:56,17.2987061
18:24:57,18.4055176
18:24:58,18.95049
18:24:59,18.39747
18:25:00,18.6044559
18:25:01,18.5704784
18:25:02,18.2410221
18:25:03,18.0188751
18:25:04,18.1152534
18:25:05,18.2326488
18:25:06,19.39367
18:25:07,18.2965622
18:25:08,19.0002289
18:25:09,18.9917946
18:25:10,18.9489288
18:25:11,19.3046246
18:25:12,18.72813
18:25:13,18.9862061
18:25:14,18.7961845
18:25:15,18.6066742
18:25:16,18.81651
18:25:17,18.898571
18:25:18,19.408926
18:25:19,19.2946167
18:25:20,19.2394314
18:25:21,19.7393456
18:25:22,19.1131859
18:25:23,18.5215664
18:25:24,18.5273075
18:25:25,18.447998
18:25:26,18.8970776
18:25:27,18.3321
18:25:28,18.69005
18:25:29,18.8618813
18:25:30,19.3144436
18:25:31,18.6844635
18:25:32,18.669199
18:25:33,18.6821823
18:25:34,18.57466
18:25:35,18.98879
18:25:36,18.3570786
18:25:37,18.60155
18:25:38,18.5647812
18:25:39,18.8570347
18:25:40,18.5016346
18:25:41,18.6355114
18:25:42,18.698843
18:25:43,18.2354889
18:25:44,18.1388664
18:25:45,18.4241142
18:25:46,18.58359
18:25:47,19.0269661
18:25:48,19.0693855
18:25:49,19.0622883
18:25:50,18.3688545
18:25:51,19.6075058
18:25:52,18.4909668
18:25:53,19.2329826
18:25:54,18.7374477
18:25:55,19.15447
18:25:56,19.2995872
18:25:57,18.8955326
18:25:58,19.2296619
18:25:59,18.8425255
18:26:00,18.8139915
18:26:01,18.7531548
18:26:02,18.37579
18:26:03,17.6365814
18:26:04,19.0443535
18:26:05,18.2888126
18:26:06,17.5406914
18:26:07,17.9985161
18:26:08,17.4134235
18:26:09,18.6078815
18:26:10,17.4288483
18:26:11,18.48104
18:26:12,18.735033
18:26:13,18.7776356
18:26:14,18.8204041
18:26:15,19.2005882
18:26:16,19.4894619
18:26:17,18.8085041
18:26:18,19.5209389
18:26:19,19.1374416
18:26:20,18.6325665
18:26:21,18.5855961
18:26:22,18.9107456
18:26:23,18.9033184
18:26:24,19.06896
18:26:25,18.127449
18:26:26,18.6157818
18:26:27,18.8509884
18:26:28,19.3507328
18:26:29,19.2998333
18:26:30,19.3885136
18:26:31,18.5294056
18:26:32,19.549614
18:26:33,19.437521
18:26:34,19.1490612
18:26:35,19.3771782
18:26:36,19.221983
18:26:37,18.1176376
18:26:38,18.4595737
18:26:39,18.3264217
18:26:40,18.3249016
18:26:41,19.13353
18:26:42,17.903038
18:26:43,18.5594234
18:26:44,18.297533
18:26:45,19.16836
18:26:46,18.63853
18:26:47,18.9333515
18:26:48,18.8643818
18:26:49,18.13519
18:26:50,18.605526
18:26:51,18.2363358
18:26:52,18.3126068
18:26:53,18.8230858
18:26:54,18.339016
18:26:55,18.6808853
18:26:56,18.4858055
18:26:57,18.43694
18:26:58,18.5409069
18:26:59,18.9090214
18:27:00,18.33363
18:27:01,18.7875519
18:27:02,18.1163483
18:27:03,18.3455467
18:27:04,18.5245457
18:27:05,18.6620312
18:27:06,18.042635
18:27:07,18.8411026
18:27:08,18.4835243
18:27:09,18.4269428
18:27:10,18.4619617
18:27:11,18.5042057
18:27:12,18.26068
18:27:13,18.4954071
18:27:14,18.7277832
18:27:15,18.5038414
18:27:17,18.5231457
18:27:18,18.9971218
18:27:19,18.36844
18:27:20,19.1548958
18:27:21,18.4787121
18:27:22,18.7226582
18:27:23,18.3749962
18:27:24,18.521246
18:27:25,18.7284031
18:27:26,18.4455433
18:27:27,18.51876
18:27:28,18.5748158
18:27:29,18.5276184
18:27:30,18.6638336
18:27:31,18.5901432
18:27:32,18.261219
18:27:33,18.737339
18:27:34,18.0367451
18:27:35,18.7675056
18:27:36,19.1719933
18:27:37,19.12666
18:27:38,19.25789
18:27:39,18.48727
18:27:40,19.2017155
18:27:41,18.7759151
18:27:42,19.1287174
18:27:43,18.5239
18:27:44,18.4143353
18:27:45,18.9322071
18:27:46,18.2015457
18:27:47,18.4631023
18:27:48,17.8730659
18:27:49,18.87216
18:27:50,18.06632
18:27:51,18.3581829
18:27:52,18.7594528
18:27:54,18.6349525
18:27:55,18.5511646
18:27:56,18.47726
18:27:58,18.4503632
18:27:59,18.145092
18:28:01,19.324604
18:28:02,18.0450115
18:28:03,17.0429382
18:28:04,16.8654079
18:28:05,17.75349
18:28:06,16.67179
18:28:07,18.0669136
18:28:08,17.9588966
18:28:09,17.3396912
18:28:10,17.09542
18:28:11,18.243433
18:28:12,19.05414
18:28:13,18.3545361
18:28:14,18.13772
18:28:15,18.50452
18:28:16,18.45238
18:28:17,18.6235981
18:28:18,18.7048626
18:28:19,18.2623
18:28:20,18.6467972
18:28:21,18.5502243
18:28:22,18.28107
18:28:23,18.2149181
18:28:24,19.1004181
18:28:25,18.7574539
18:28:26,18.8961239
18:28:27,18.5954418
18:28:28,18.8419628
18:28:29,18.79575
18:28:30,18.622427
18:28:31,18.50489
18:28:32,18.5993023
18:28:33,18.84097
18:28:34,17.9663811
18:28:35,18.772831
18:28:36,18.7121086
18:28:37,17.92751
18:28:38,18.98293
18:28:39,18.1844044
18:28:40,18.6461124
18:28:41,19.3254623
18:28:42,18.7534847
18:28:43,18.9791584
18:28:44,18.921814
18:28:45,19.6625385
18:28:46,19.5616856
18:28:47,19.8305817
18:28:48,20.0852585
18:28:49,19.4683018
18:28:50,19.2992764
18:28:51,19.6253128
18:28:52,19.1660023
18:28:53,19.1549282
18:28:54,18.14642
18:28:55,18.6122112
18:28:56,19.1450787
18:28:57,18.7325764
18:28:58,19.1766186
18:28:59,18.47078
18:29:00,18.9296951
18:29:01,18.8443642
18:29:02,19.3772469
18:29:03,18.0073452
18:29:04,18.157074
18:29:05,18.69855
18:29:06,18.8456688
18:29:07,19.5036888
18:29:08,18.953022
18:29:09,19.52198
18:29:10,18.9402027
18:29:11,19.2489033
18:29:12,18.9609261
18:29:13,18.8404579
18:29:14,18.5953979
18:29:15,18.3947945
18:29:16,18.6810246
18:29:17,18.6167812
18:29:18,18.8455868
18:29:19,18.0606422
18:29:20,18.8441677
18:29:21,18.3968182
18:29:22,18.400259
18:29:23,18.2217789
18:29:24,18.2677917
18:29:25,19.489954
18:29:26,18.4734211
18:29:27,19.3400021
18:29:28,19.3764114
18:29:29,18.831419
18:29:30,18.9183064
18:29:31,19.6361942
18:29:32,19.81915
18:29:33,19.2939262
18:29:34,19.536293
18:29:35,19.4458084
18:29:36,18.9917526
18:29:37,18.8481274
18:29:38,18.99931
18:29:39,19.20605
18:29:40,18.119482
18:29:41,19.73339
18:29:42,18.0863018
18:29:43,19.3566418
18:29:44,18.3119259
18:29:45,18.9465351
18:29:46,19.2226448
18:29:47,19.010376
18:29:48,18.7459736
18:29:49,19.2612
18:29:50,18.9411
18:29:51,19.13417
18:29:52,18.9860725
18:29:53,18.8091011
18:29:54,18.3813629
18:29:55,19.1144
18:29:56,19.67975
18:29:57,19.26244
18:29:58,19.0450611
18:29:59,18.9022045
18:30:00,19.771204
18:30:01,19.1472435
18:30:02,18.814415
18:30:03,17.8362255
18:30:04,18.2420731
18:30:05,18.8393669
18:30:06,17.63245
18:30:07,18.3286171
18:30:08,17.708889
18:30:09,16.5871964
18:30:10,18.1809387
18:30:11,19.0022984
18:30:12,18.809227
18:30:13,19.2230988
18:30:14,19.0007286
18:30:15,18.54374
18:30:17,18.4532661
18:30:18,18.4590931
18:30:19,19.0994663
18:30:20,18.2848988
18:30:21,18.6746578
18:30:22,18.6032486
18:30:23,18.9871044
18:30:24,18.9159641
18:30:25,18.4783
18:30:26,18.6909676
18:30:27,18.501503
18:30:28,18.8113327
18:30:29,18.2665367
18:30:30,19.189827
18:30:31,17.987957
18:30:32,18.6157417
18:30:33,18.87078
18:30:34,18.8610039
18:30:35,19.25714
18:30:36,18.45548
18:30:37,19.3579025
18:30:38,18.5040569
18:30:40,18.975256
18:30:41,18.9139328
18:30:42,18.8125458
18:30:43,18.580349
18:30:44,19.18264
18:30:45,19.13431
18:30:46,19.0143127
18:30:47,19.2864151
18:30:48,19.1978
18:30:49,18.6583958
18:30:50,19.3152981
18:30:51,18.7481441
18:30:52,18.83527
18:30:53,18.7053471
18:30:54,18.889719
18:30:55,19.1317177
18:30:56,18.4691257
18:30:57,18.9313927
18:30:58,18.5428734
18:30:59,18.9346752
18:31:00,18.5675564
18:31:01,18.5483284
18:31:02,18.80946
18:31:03,18.3591881
18:31:04,19.15315
18:31:05,18.36296
18:31:06,19.1062355
18:31:07,19.0029755
18:31:08,18.88483
18:31:09,19.11131
18:31:10,18.1532021
18:31:11,18.5891876
18:31:12,18.1923141
18:31:13,19.1111221
18:31:14,18.780056
18:31:15,18.7366962
18:31:16,18.5684586
18:31:17,18.7965431
18:31:18,18.4231358
18:31:19,18.4230614
18:31:20,18.7819862
18:31:21,18.75553
18:31:22,18.3532448
18:31:23,18.58948
18:31:24,18.7091618
18:31:25,18.9142513
18:31:26,18.4527969
18:31:27,18.6853256
18:31:28,18.6870422
18:31:29,18.9768753
18:31:30,18.8973045
18:31:31,18.6787682
18:31:32,18.8956318
18:31:33,18.68641
18:31:34,18.53459
18:31:35,18.5919666
18:31:36,19.34341
18:31:37,18.5880642
18:31:38,19.4567623
18:31:39,19.2238064
18:31:40,19.2000237
18:31:41,19.2379551
18:31:42,18.7970753
18:31:43,19.0550346
18:31:44,18.5897713
18:31:45,18.11491
18:31:46,18.675436
18:31:47,18.5651321
18:31:48,18.8058434
18:31:49,18.51049
18:31:50,18.9819374
18:31:51,18.5065918
18:31:52,18.86181
18:31:53,17.8304939
18:31:54,18.88456
18:31:55,18.1647778
18:31:56,18.9934521
18:31:57,18.5253353
18:31:58,18.3011
18:31:59,18.8681526
18:32:00,18.4578342
18:32:01,18.1650467
18:32:02,17.4680767
18:32:03,17.1108
18:32:04,17.22413
18:32:05,17.246767
18:32:06,17.27059
18:32:07,18.23526
18:32:08,17.4679813
18:32:09,17.5868263
18:32:10,18.1425266
18:32:11,18.7435436
18:32:12,18.1976051
18:32:13,19.0719986
18:32:14,18.51884
18:32:15,19.0057659
18:32:16,18.5222874
18:32:17,18.0705948
18:32:18,18.498682
18:32:19,18.8702469
18:32:20,19.23703
18:32:21,18.8036385
18:32:22,18.7827168
18:32:23,18.5248756
18:32:24,18.6186638
18:32:25,18.6699219
18:32:26,18.84615
18:32:27,19.3208942
18:32:28,18.468729
18:32:29,18.8414783
18:32:30,18.5954266
18:32:31,18.5522232
18:32:32,18.3910313
18:32:33,18.4709988
18:32:34,18.7464371
18:32:35,18.55311
18:32:36,18.99934
18:32:37,18.353014
18:32:38,18.692
18:32:39,19.22019
18:32:40,18.4210815
18:32:41,18.6693726
18:32:42,18.52712
18:32:43,18.33146
18:32:44,18.8606319
18:32:45,18.7896767
18:32:46,18.3594437
18:32:47,18.9579773
18:32:48,18.574131
18:32:49,19.0422688
18:32:50,18.4655552
18:32:51,18.9298668
18:32:52,17.9399452
18:32:53,18.69439
18:32:54,19.049448
18:32:55,18.7450848
18:32:56,18.42317
18:32:57,18.67579
18:32:58,18.7326126
18:32:59,18.3905411
18:33:00,19.3282871
18:33:01,18.198391
18:33:02,18.0810528
18:33:03,18.6357918
18:33:04,18.51948
18:33:05,18.3628044
18:33:06,18.2591572
18:33:07,18.14571
18:33:08,18.8288918
18:33:09,18.8893013
18:33:10,19.14654
18:33:11,18.16019
18:33:12,18.6099854
18:33:13,18.3580933
18:33:14,18.8839073
18:33:15,18.9362068
18:33:17,18.0225773
18:33:18,18.05488
18:33:19,19.0794029
18:33:20,18.1572456
18:33:21,18.7678413
18:33:22,18.1580925
18:33:23,18.8554173
18:33:25,18.827322
18:33:26,18.3468056
18:33:27,18.986578
18:33:29,18.521904
18:33:30,19.0999851
18:33:31,18.28323
18:33:32,19.5529747
18:33:33,18.7642288
18:33:34,18.9139233
18:33:35,19.0820942
18:33:36,19.1241665
18:33:37,19.02191
18:33:38,18.8354645
18:33:39,18.3507957
18:33:40,18.53545
18:33:41,18.3239841
18:33:42,18.7983875
18:33:43,18.2922058
18:33:44,18.7968311
18:33:45,18.0211945
18:33:46,19.19454
18:33:47,18.6442852
18:33:48,18.8279877
18:33:49,18.750021
18:33:50,18.73435
18:33:51,19.0733376
18:33:52,18.2100964
18:33:53,18.8543549
18:33:54,18.77453
18:33:55,18.83214
18:33:56,18.6640835
18:33:57,19.170105
18:33:58,18.904541
18:33:59,18.5653419
18:34:00,18.9464931
18:34:01,18.0532417
18:34:02,17.6128216
18:34:03,17.3653717
18:34:04,17.0676346
18:34:05,17.1283474
18:34:06,17.65499
18:34:07,17.7415733
18:34:08,17.5752926
18:34:09,16.7573128
18:34:10,17.459053
18:34:11,18.3928051
18:34:12,19.0491314
18:34:13,18.7464046
18:34:14,18.6673622
18:34:15,18.8053017
18:34:16,17.9548359
18:34:17,19.0128059
18:34:18,18.423914
18:34:19,18.8688221
18:34:20,18.90446
18:34:21,18.97023
18:34:22,18.4588737
18:34:23,18.4609566
18:34:24,18.7867775
18:34:25,18.9041214
18:34:26,18.5118637
18:34:27,18.5616112
18:34:28,18.5090351
18:34:29,18.66876
18:34:30,18.8625736
18:34:31,18.6800652
18:34:32,19.1539268
18:34:33,17.8583241
18:34:34,18.8042336
18:34:35,18.4024
18:34:36,19.15457
18:34:37,18.4663944
18:34:38,19.154789
18:34:39,19.0023632
18:34:40,19.2772141
18:34:41,19.5805264
18:34:42,18.5345268
18:34:43,18.995285
18:34:44,18.953083
18:34:45,18.1480255
18:34:46,18.6842422
18:34:47,18.8145561
18:34:48,18.4146366
18:34:49,18.5543327
18:34:50,18.741272
18:34:51,18.77003
18:34:52,18.7046471
18:34:53,18.6520462
18:34:54,19.0852528
18:34:55,19.0376377
18:34:56,18.3485851
18:34:57,18.8707237
18:34:58,18.8470039
18:34:59,18.6540852
18:35:00,18.52332
18:35:01,19.091198
18:35:02,18.0887184
18:35:03,18.44957
18:35:04,18.5424232
18:35:05,19.3111839
18:35:06,19.21274
18:35:07,19.4271469
18:35:08,19.3522339
18:35:09,19.0297432
18:35:10,19.1901417
18:35:11,18.46585
18:35:12,19.2075081
18:35:13,19.2771244
18:35:14,19.4724827
18:35:15,19.8078671
18:35:16,19.6155376
18:35:17,19.2531624
18:35:18,18.9302311
18:35:19,19.252039
18:35:20,18.67486
18:35:21,18.672493
18:35:22,18.53034
18:35:23,18.9457588
18:35:24,18.99366
18:35:25,18.83384
18:35:26,18.39133
18:35:27,19.2370758
18:35:28,18.54653
18:35:29,18.70073
18:35:30,18.5446873
18:35:31,18.654829
18:35:32,18.8878574
18:35:33,18.7232227
18:35:34,19.3849144
18:35:35,18.9803581
18:35:36,18.6136818
18:35:37,18.1617756
18:35:38,18.3804169
18:35:39,19.0459633
18:35:40,18.9790058
18:35:41,19.468401
18:35:42,19.7612934
18:35:43,19.362896
18:35:44,19.69647
18:35:45,19.1075821
18:35:46,18.9989166
18:35:47,18.2016544
18:35:48,17.91384
18:35:49,18.6846867
18:35:50,19.725893
18:35:51,19.5682869
18:35:52,19.6969471
18:35:53,19.0829067
18:35:54,19.0043259
18:35:55,18.3814087
18:35:56,18.61271
18:35:57,18.846014
18:35:58,18.3583336
18:35:59,18.1997643
18:36:00,18.6757927
18:36:01,17.6338024
18:36:02,17.9865551
18:36:03,17.3123074
18:36:04,18.1114349
18:36:06,17.311821
18:36:07,17.8822346
18:36:08,16.9654026
18:36:09,16.9975529
18:36:10,17.9239674
18:36:11,17.6360836
18:36:13,17.1815662
18:36:15,17.8287411
18:36:16,16.6008816
18:36:17,16.9192448
18:36:18,16.5668049
18:36:19,17.6110554
18:36:20,16.798378
18:36:21,17.18126
18:36:22,17.7223358
18:36:23,17.0299149
18:36:24,17.2672329
18:36:25,17.6414738
18:36:26,16.6843071
18:36:27,18.1318073
18:36:28,20.3182678
18:36:29,17.2962437
18:36:30,18.46786
18:36:31,18.2626781
18:36:32,18.7392178
18:36:33,18.8547859
18:36:34,18.35895
18:36:35,18.4753819
18:36:36,19.124155
18:36:37,17.9182968
18:36:38,18.9117184
18:36:39,17.9237118
18:36:40,18.3852386
18:36:41,18.47046
18:36:42,18.7865772
18:36:43,18.2139053
18:36:44,18.8305817
18:36:45,18.3564987
18:36:46,17.7819481
18:36:47,18.6099415
18:36:48,18.33002
18:36:49,19.3196831
18:36:50,18.9912376
18:36:51,18.8069458
18:36:52,19.24904
18:36:53,19.27094
18:36:54,18.5722561
18:36:55,19.2185078
18:36:56,19.1271782
18:36:57,18.2858353
18:36:58,18.7900257
18:36:59,19.2176456
18:37:00,19.1281815
18:37:01,19.1294022
18:37:02,19.1231441
18:37:03,19.1430836
18:37:04,19.0135612
18:37:05,19.08196
18:37:06,19.3493328
18:37:07,19.7028046
18:37:08,18.50673
18:37:09,17.815773
18:37:10,18.75183
18:37:11,18.19583
18:37:12,18.4163342
18:37:13,18.6421185
18:37:14,18.3721352
18:37:15,18.36163
18:37:16,18.3926086
18:37:17,18.1116123
18:37:18,18.3965168
18:37:19,18.3671551
18:37:20,18.0268364
18:37:21,18.3109665
18:37:22,18.0928421
18:37:23,18.1781044
18:37:24,18.9069767
18:37:25,19.4505424
18:37:26,18.0002422
18:37:27,18.3810177
18:37:28,18.1776676
18:37:29,17.67386
18:37:30,19.2740688
18:37:31,18.6445885
18:37:32,19.31484
18:37:33,19.4992962
18:37:34,19.3473816
18:37:35,19.4585
18:37:36,19.21969
18:37:37,18.66901
18:37:38,18.3859863
18:37:39,18.59039
18:37:40,18.5063343
18:37:41,18.6865578
18:37:42,18.5430756
18:37:43,18.2067184
18:37:44,18.2427311
18:37:45,18.63863
18:37:46,18.381
18:37:47,19.4212914
18:37:48,18.26867
18:37:49,18.55035
18:37:50,18.1671982
18:37:51,18.8556976
18:37:52,18.21135
18:37:53,18.7178726
18:37:54,18.22266
18:37:55,18.6323566
18:37:56,18.48546
18:37:57,18.0871429
18:37:58,18.0051384
18:37:59,17.873291
18:38:00,18.48631
18:38:01,17.6135635
18:38:02,18.5315742
18:38:03,18.4621716
18:38:04,18.5841084
18:38:05,18.43895
18:38:06,18.3134251
18:38:07,18.5073414
18:38:08,18.6670952
18:38:09,18.7781773
18:38:10,18.4062061
18:38:11,18.52565
18:38:12,18.03066
18:38:13,18.9007111
18:38:14,18.6797314
18:38:15,19.5226231
18:38:16,18.5624428
18:38:17,17.7073975
18:38:18,18.2727928
18:38:19,18.7513523
18:38:20,18.2407818
18:38:21,18.3943787
18:38:22,17.7700977
18:38:23,17.1023731
18:38:24,17.2337532
18:38:25,17.272562
18:38:26,17.2435131
18:38:27,17.6902828
18:38:28,17.6740379
18:38:29,17.1129189
18:38:30,17.6274147
18:38:31,17.243145
18:38:32,17.6263981
18:38:33,18.00857
18:38:34,18.4705944
18:38:35,18.1603966
18:38:36,17.94851
18:38:37,17.3618469
18:38:38,17.99627
18:38:39,19.05068
18:38:40,17.4413166
18:38:41,18.1892242
18:38:42,18.1775417
18:38:43,19.0350418
18:38:44,18.3723545
18:38:45,18.9494839
18:38:46,18.7152939
18:38:47,18.60221
18:38:48,18.2997284
18:38:49,18.6837921
18:38:50,18.0942688
18:38:51,18.6682873
18:38:52,18.5429726
18:38:53,18.6292763
18:38:54,18.064085
18:38:55,18.7697945
18:38:56,17.5208931
18:38:57,18.1941319
18:38:58,17.7198753
18:38:59,18.2582455
18:39:00,18.6979523
18:39:01,17.752491
18:39:02,18.3253746
18:39:03,18.69631
18:39:04,18.59595
18:39:05,18.3962059
18:39:06,18.8350143
18:39:07,18.4563236
18:39:08,19.0727272
18:39:09,18.49385
18:39:10,18.0966682
18:39:11,18.8152866
18:39:12,18.2470741
18:39:13,18.0594215
18:39:14,18.1146755
18:39:15,18.5240059
18:39:16,17.76861
18:39:18,18.1786137
18:39:19,17.9711437
18:39:20,18.04473
18:39:21,18.5875168
18:39:22,18.47028
18:39:23,17.51054
18:39:24,18.3222656
18:39:25,18.1577568
18:39:26,18.7528152
18:39:27,18.3303585
18:39:28,18.8173313
18:39:29,18.97861
18:39:30,19.3145313
18:39:31,19.2291451
18:39:32,19.5517235
18:39:33,19.7330379
18:39:35,19.3643036
18:39:36,19.2435226
18:39:37,19.2718964
18:39:39,19.4933586
18:39:40,19.5189342
18:39:41,18.57946
18:39:43,19.1329346
18:39:44,19.5598774
18:39:45,19.2388859
18:39:46,20.4287415
18:39:48,18.9738846
18:39:49,19.3148174
18:39:50,18.6961651
18:39:51,18.6363373
18:39:52,18.58685
18:39:53,19.2092266
18:39:54,19.3871
18:39:55,19.2368088
18:39:56,18.9425488
18:39:57,19.2656479
18:39:58,19.1443882
18:39:59,17.99785
18:40:00,18.6173458
18:40:01,18.1959534
18:40:02,18.8523617
18:40:03,18.46278
18:40:04,17.9989548
18:40:05,18.17097
18:40:06,18.6560745
18:40:07,18.9697266
18:40:08,17.7331123
18:40:09,17.956213
18:40:10,18.8401165
18:40:11,18.165535
18:40:12,18.5055
18:40:13,18.4027
18:40:14,18.93175
18:40:15,17.89143
18:40:16,18.6302776
18:40:17,18.90519
18:40:18,18.4889469
18:40:19,18.5040169
18:40:20,18.725666
18:40:21,18.7047119
18:40:22,18.4051876
18:40:23,17.8490467
18:40:24,17.52376
18:40:25,17.1401157
18:40:26,17.3864632
18:40:27,17.3111916
18:40:28,17.6681175
18:40:29,17.1066284
18:40:30,16.72136
18:40:31,16.5595074
18:40:32,17.7541847
18:40:33,18.2624989
18:40:34,17.81822
18:40:35,18.3244324
18:40:36,18.809845
18:40:37,18.7238922
18:40:38,18.6744671
18:40:39,18.9220638
18:40:40,18.8658924
18:40:41,18.545805
18:40:42,19.415472
18:40:43,18.9889412
18:40:44,19.2698345
18:40:45,19.64926
18:40:46,18.5517578
18:40:47,18.8665085
18:40:48,18.030426
18:40:49,18.6831379
18:40:50,19.2848377
18:40:51,18.5738316
18:40:52,18.5258
18:40:53,18.7627163
18:40:54,19.1088772
18:40:55,18.6525974
18:40:56,18.6550369
18:40:57,18.9543266
18:40:58,19.2887363
18:40:59,18.8550987
18:41:00,19.4732971
18:41:01,19.19369
18:41:02,19.3026676
18:41:03,18.939827
18:41:04,18.717226
18:41:05,19.1777954
18:41:06,18.80233
18:41:07,19.3476849
18:41:08,19.058567
18:41:09,19.04298
18:41:10,18.3802624
18:41:11,18.1529331
18:41:12,19.0105858
18:41:13,18.8354244
18:41:14,18.770237
18:41:15,18.6381416
18:41:16,18.6970863
18:41:17,18.6261845
18:41:18,18.7007351
18:41:19,19.2272682
18:41:20,18.110199
18:41:21,18.4030075
18:41:22,18.170166
18:41:23,18.6851044
18:41:24,18.6991978
18:41:25,18.820446
18:41:26,18.9515686
18:41:27,18.9342289
18:41:28,19.10045
18:41:29,18.7622719
18:41:30,18.89547
18:41:31,18.2789421
18:41:32,18.8862648
18:41:33,18.2312412
18:41:34,18.6651344
18:41:35,18.6665726
18:41:36,18.2370224
18:41:37,19.1732883
18:41:38,18.8157
18:41:39,18.6181049
18:41:40,18.7142544
18:41:41,18.9230118
18:41:42,18.3727684
18:41:43,19.1339931
18:41:44,18.2616215
18:41:45,19.3022881
18:41:46,18.6894875
18:41:47,18.4274464
18:41:48,19.0932789
18:41:49,18.8831482
18:41:50,19.5243835
18:41:51,19.3288727
18:41:52,19.2111664
18:41:53,18.6373062
18:41:54,19.295948
18:41:55,19.54489
18:41:56,19.39115
18:41:57,18.9557648
18:41:58,19.0388775
18:41:59,18.88608
18:42:00,19.3933277
18:42:01,18.7068825
18:42:02,19.04076
18:42:03,18.2364521
18:42:04,18.5725441
18:42:05,18.1247864
18:42:06,17.8678112
18:42:07,18.96219
18:42:08,18.33529
18:42:09,18.8702431
18:42:10,18.5663
18:42:11,18.0976353
18:42:12,18.4041481
18:42:13,18.31828
18:42:14,18.379015
18:42:15,18.5926571
18:42:16,18.93079
18:42:17,18.74674
18:42:18,18.8754845
18:42:19,19.107233
18:42:20,19.1528473
18:42:21,18.84546
18:42:22,17.4162254
18:42:23,17.3324871
18:42:24,17.51279
18:42:25,16.70057
18:42:26,17.5477676
18:42:27,17.7115231
18:42:28,16.6169662
18:42:29,17.071228
18:42:30,17.4558315
18:42:31,18.4648075
18:42:32,18.9246864
18:42:33,17.9900036
18:42:34,18.4283466
18:42:35,18.659584
18:42:36,18.6382618
18:42:37,18.5945969
18:42:38,18.155323
18:42:39,18.8766174
18:42:40,18.2780781
18:42:41,19.1441364
18:42:42,19.2713757
18:42:43,17.7377453
18:42:44,19.0407448
18:42:45,18.215929
18:42:46,18.8063049
18:42:47,19.148798
18:42:48,18.33078
18:42:49,19.0666561
18:42:50,18.0596066
18:42:51,18.1126156
18:42:52,18.2685642
18:42:53,18.5898457
18:42:54,19.1317043
18:42:55,18.9353333
18:42:56,18.9050713
18:42:57,19.311842
18:42:58,19.0333042
18:42:59,18.5572033
18:43:00,18.0032368
18:43:02,18.0419331
18:43:04,18.4738617
18:43:06,18.949831
18:43:08,18.1906567
18:43:09,18.7267761
18:43:11,18.4873657
18:43:12,19.07554
18:43:13,17.6285362
18:43:14,18.5398312
18:43:15,18.01968
18:43:16,18.08897
18:43:17,18.5163116
18:43:18,18.4960327
18:43:19,19.0622444
18:43:20,18.4793644
18:43:21,18.3712769
18:43:22,18.3016529
18:43:23,18.403019
18:43:24,18.0343513
18:43:25,18.3061466
18:43:26,18.7927914
18:43:27,18.28851
18:43:28,18.2944221
18:43:29,18.5144539
18:43:30,18.5017242
18:43:31,18.6608772
18:43:32,18.53801
18:43:33,18.7628174
18:43:34,18.4880486
18:43:35,18.8265133
18:43:36,18.47358
18:43:37,18.74205
18:43:38,18.8793621
18:43:39,18.4802685
18:43:40,18.89405
18:43:41,18.78642
18:43:42,18.6538124
18:43:43,18.6971359
18:43:44,18.5433083
18:43:45,18.995512
18:43:46,17.8486023
18:43:47,18.7407455
18:43:48,18.2866344
18:43:49,18.1354237
18:43:50,17.9246235
18:43:51,17.8300171
18:43:52,18.447113
18:43:53,17.8553925
18:43:54,18.4413223
18:43:55,18.35065
18:43:56,18.8264675
18:43:57,18.4014721
18:43:58,17.9324188
18:43:59,18.2037468
18:44:00,18.0878811
18:44:01,18.557188
18:44:02,18.5406227
18:44:03,18.2343922
18:44:04,18.6365223
18:44:05,18.6739311
18:44:06,18.34106
18:44:07,18.5749454
18:44:08,18.4907818
18:44:09,18.74067
18:44:10,17.82543
18:44:11,18.4079685
18:44:12,17.9534035
18:44:13,17.9708519
18:44:14,18.95977
18:44:15,18.8491459
18:44:16,18.7526016
18:44:17,18.2379227
18:44:18,19.12042
18:44:19,18.23325
18:44:20,18.91079
18:44:21,17.01885
18:44:22,16.9429512
18:44:23,17.3271523
18:44:24,16.7743225
18:44:25,17.21915
18:44:26,16.6991024
18:44:27,16.93117
18:44:28,16.83279
18:44:29,16.9835854
18:44:30,17.87926
18:44:31,17.6055622
18:44:32,18.64638
18:44:33,18.7601433
18:44:34,18.0101871
18:44:35,18.5258141
18:44:36,18.5105953
18:44:37,18.5315247
18:44:38,18.47841
18:44:39,18.21603
18:44:40,19.0408821
18:44:41,18.7308388
18:44:42,18.5442619
18:44:43,18.4514885
18:44:44,18.3183689
18:44:45,18.132206
18:44:46,18.863348
18:44:47,17.9411564
18:44:48,18.4396038
18:44:49,18.38188
18:44:50,18.6095123
18:44:51,18.0260525
18:44:52,18.1541328
18:44:53,18.4684448
18:44:54,17.9841328
18:44:55,18.3903866
18:44:56,18.297245
18:44:57,18.5288029
18:44:58,18.1146927
18:44:59,18.68477
18:45:00,18.3366
18:45:01,18.3779945
18:45:02,18.2010231
18:45:03,17.88105
18:45:04,18.6082039
18:45:05,18.265255
18:45:06,18.7954388
18:45:07,18.4451923
18:45:08,18.23762
18:45:09,18.57882
18:45:10,18.0064964
18:45:11,17.87976
18:45:12,18.5134354
18:45:13,18.0928822
18:45:14,18.5523949
18:45:15,18.46125
18:45:17,18.6080761
18:45:18,19.0025387
18:45:19,18.9548111
18:45:20,18.7653236
18:45:21,19.4024639
18:45:22,19.4204388
18:45:23,19.6094418
18:45:24,19.2539425
18:45:25,18.9620285
18:45:26,18.8682156
18:45:27,19.09767
18:45:28,19.1697636
18:45:29,18.3844547
18:45:30,18.4504356
18:45:31,18.6500015
18:45:32,18.2093639
18:45:33,18.72418
18:45:34,17.8266335
18:45:35,18.9830341
18:45:36,18.3351612
18:45:37,19.2715912
18:45:38,18.5657825
18:45:39,18.6688881
18:45:40,19.46117
18:45:41,18.8864765
18:45:42,19.2430668
18:45:43,18.6958523
18:45:44,19.02661
18:45:45,18.75502
18:45:46,18.3657322
18:45:47,18.56636
18:45:48,18.266098
18:45:49,18.92278
18:45:50,18.2143574
18:45:51,18.1667385
18:45:52,18.6162167
18:45:53,19.0459976
18:45:54,18.4420643
18:45:55,19.75566
18:45:56,18.6278915
18:45:57,18.8656158
18:45:58,18.6605167
18:45:59,18.6045036
18:46:01,18.6359653
18:46:02,18.8650322
18:46:04,18.4437542
18:46:05,18.301445
18:46:07,18.6825
18:46:08,18.9440517
18:46:09,19.1777134
18:46:10,18.3694572
18:46:11,18.7385635
18:46:12,18.397934
18:46:13,18.3930435
18:46:14,18.587286
18:46:15,18.3321037
18:46:16,18.6658421
18:46:17,17.8728371
18:46:18,18.46348
18:46:19,18.2177753
18:46:20,18.7693615
18:46:21,17.3182545
18:46:22,17.61726
18:46:23,17.3600388
18:46:24,17.4768257
18:46:25,16.7988167
18:46:26,17.7212563
18:46:27,17.5022259
18:46:28,16.7222
18:46:29,17.2606182
18:46:30,18.2687969
18:46:31,18.28154
18:46:32,17.9255714
18:46:33,18.7613831
18:46:34,18.268261
18:46:35,18.86277
18:46:36,18.676569
18:46:37,18.60063
18:46:38,18.4460526
18:46:39,18.4081383
18:46:40,18.2924042
18:46:41,18.7753716
18:46:42,18.7797623
18:46:43,18.1141186
18:46:44,18.5333176
18:46:45,18.4635
18:46:46,18.427248
18:46:47,19.1679974
18:46:48,17.964817
18:46:49,18.7725849
18:46:50,18.5804729
18:46:51,18.6605663
18:46:52,18.5773888
18:46:53,18.6846638
18:46:54,18.65116
18:46:55,18.5801277
18:46:56,18.6816635
18:46:57,18.2788048
18:46:58,18.45613
18:46:59,18.5439358
18:47:00,18.6683464
18:47:01,18.6830578
18:47:02,18.8744678
18:47:03,18.5424557
18:47:04,18.3407784
18:47:05,18.665987
18:47:06,17.7123013
18:47:07,18.855442
18:47:08,18.83257
18:47:09,18.2019825
18:47:10,18.73698
18:47:11,18.8953419
18:47:12,18.6269569
18:47:13,18.0281162
18:47:14,18.3665867
18:47:15,18.5127735
18:47:16,18.57328
18:47:17,18.1524849
18:47:18,18.9811382
18:47:19,19.136982
18:47:20,18.8405266
18:47:21,18.8144264
18:47:22,18.7512684
18:47:23,18.60986
18:47:24,18.7096634
18:47:25,18.44749
18:47:26,18.3097172
18:47:27,18.5787716
18:47:28,18.9588833
18:47:29,18.3935719
18:47:30,18.78821
18:47:31,18.5838718
18:47:32,18.7452641
18:47:33,18.6608963
18:47:34,18.3971119
18:47:35,18.9428558
18:47:36,19.1139736
18:47:37,18.6093044
18:47:38,18.47866
18:47:39,18.3580227
18:47:40,18.2204952
18:47:41,18.9386978
18:47:42,18.62106
18:47:43,18.7263031
18:47:44,18.4139881
18:47:45,19.0090771
18:47:46,18.6652756
18:47:47,18.3134174
18:47:48,18.1705513
18:47:49,18.7456722
18:47:50,18.52864
18:47:51,18.3591614
18:47:52,18.9643078
18:47:53,18.186985
18:47:54,18.2729244
18:47:55,18.2011967
18:47:56,18.7280941
18:47:57,18.4687634
18:47:58,18.9124069
18:47:59,18.547966
18:48:00,18.3083744
18:48:01,18.17241
18:48:02,18.4165916
18:48:03,17.5448456
18:48:04,19.4170151
18:48:05,18.83963
18:48:06,19.01424
18:48:07,19.0862331
18:48:08,18.876749
18:48:09,19.4344
18:48:10,19.0285988
18:48:11,18.8828945
18:48:12,17.8759575
18:48:13,18.72137
18:48:14,18.0815182
18:48:15,18.2923317
18:48:16,18.4448757
18:48:18,18.024992
18:48:19,18.0002136
18:48:20,17.241684
18:48:21,17.1120586
18:48:22,17.2848377
18:48:23,17.3969288
18:48:24,17.94015
18:48:25,17.0121269
18:48:26,17.1464939
18:48:27,17.8861332
18:48:28,18.1061478
18:48:29,18.3949471
18:48:30,18.5400963
18:48:31,18.7695217
18:48:32,18.5677624
18:48:33,18.9371433
18:48:34,18.3013554
18:48:35,18.6923962
18:48:36,18.9904442
18:48:37,19.5708618
18:48:38,19.4958935
18:48:39,18.86604
18:48:40,18.46973
18:48:41,18.65105
18:48:42,18.6832943
18:48:43,18.881691
18:48:44,18.75757
18:48:45,18.54332
18:48:47,18.7638683
18:48:48,19.2107124
18:48:49,18.504118
18:48:51,18.1678715
18:48:52,19.1024342
18:48:53,18.2733536
18:48:54,18.5140285
18:48:55,18.879076
18:48:56,18.3809624
18:48:57,18.99804
18:48:58,18.1250038
18:48:59,18.7378426
18:49:00,18.27387
18:49:01,18.9191113
18:49:02,18.9903183
18:49:03,18.5706825
18:49:04,18.2816486
18:49:05,18.6255627
18:49:06,17.73702
18:49:07,18.6261883
18:49:08,18.9586163
18:49:09,18.24151
18:49:10,18.7318916
18:49:11,18.48826
18:49:12,18.462328
18:49:13,18.7132511
18:49:14,18.4179916
18:49:15,19.3814335
18:49:16,18.35138
18:49:17,19.0117779
18:49:18,19.0731621
18:49:19,18.8779888
18:49:20,19.4569263
18:49:21,18.51883
18:49:22,18.7797146
18:49:23,18.7950764
18:49:24,19.0035534
18:49:25,18.3079586
18:49:26,18.6199036
18:49:27,19.0739365
18:49:28,19.2445221
18:49:29,19.37934
18:49:30,18.6731319
18:49:31,18.9745979
18:49:32,19.4487953
18:49:33,19.3186
18:49:34,19.1625175
18:49:35,19.2218456
18:49:36,19.15318
18:49:37,19.125349
18:49:38,19.19355
18:49:39,19.2857227
18:49:40,19.15599
18:49:41,18.6239853
18:49:42,18.6278839
18:49:43,18.222929
18:49:44,18.5864
18:49:45,18.76179
18:49:46,17.771246
18:49:47,18.7822933
18:49:48,18.8678532
18:49:49,19.2449665
18:49:50,18.3274117
18:49:51,18.7184639
18:49:52,18.4446354
18:49:53,18.1269417
18:49:54,17.9638538
18:49:55,18.3017349
18:49:56,18.5575314
18:49:57,18.1152973
18:49:58,18.9576416
18:49:59,18.2786827
18:50:00,18.70954
18:50:01,18.5467453
18:50:02,17.8729134
18:50:03,18.1943569
18:50:04,19.0556889
18:50:05,18.42096
18:50:06,18.8651924
18:50:07,18.38686
18:50:08,18.5645676
18:50:09,18.4400024
18:50:10,18.6421356
18:50:11,18.8432674
18:50:12,18.2533226
18:50:13,18.4246655
18:50:14,18.987011
18:50:15,18.4065666
18:50:16,18.34014
18:50:17,18.9193134
18:50:18,18.437294
18:50:19,17.9659252
18:50:20,17.42245
18:50:21,17.1277275
18:50:22,17.79752
18:50:23,17.4454174
18:50:24,16.9430332
18:50:25,17.4319916
18:50:26,17.3188629
18:50:27,18.05982
18:50:28,19.6589565
18:50:29,19.1774654
18:50:30,19.4253178
18:50:31,18.5025139
18:50:32,18.6531048
18:50:33,18.8011856
18:50:34,18.4933414
18:50:35,18.55654
18:50:36,18.3885746
18:50:37,19.1069584
18:50:38,18.8155231
18:50:39,18.1392632
18:50:40,18.8963032
18:50:41,19.41514
18:50:42,19.1171551
18:50:43,19.1401443
18:50:44,19.1979942
18:50:45,18.79107
18:50:46,18.98429
18:50:47,18.55104
18:50:48,18.94947
18:50:49,19.5519886
18:50:50,18.6347485
18:50:51,20.1717129
18:50:52,18.6749363
18:50:53,18.0671368
18:50:54,19.1029034
18:50:55,19.0043144
18:50:56,19.7641144
18:50:57,18.78607
18:50:58,19.1711445
18:50:59,18.7129917
18:51:00,19.4536324
18:51:01,19.2260571
18:51:02,18.8419971
18:51:03,19.41708
18:51:04,19.6024418
18:51:05,19.4314423
18:51:06,19.1484547
18:51:07,19.5484867
18:51:08,19.2711372
18:51:09,19.4524479
18:51:10,18.9038544
18:51:11,19.16988
18:51:12,19.42194
18:51:13,19.4462948
18:51:14,19.1669483
18:51:15,19.8270321
18:51:16,19.1581917
18:51:18,19.7625523
18:51:19,19.14999
18:51:20,18.9496117
18:51:21,19.0904751
18:51:22,19.7424469
18:51:23,19.12608
18:51:24,19.1578617
18:51:25,19.4702721
18:51:26,18.9862251
18:51:27,19.61872
18:51:28,18.4847736
18:51:29,18.9295845
18:51:30,18.3342686
18:51:31,18.3909855
18:51:32,18.7031631
18:51:33,18.29406
18:51:34,18.8845825
18:51:35,18.2020016
18:51:36,18.68214
18:51:37,18.7739925
18:51:38,18.6348743
18:51:39,19.0209064
18:51:40,18.9975128
18:51:41,19.69648
18:51:42,18.6250038
18:51:43,18.72541
18:51:44,19.0342312
18:51:45,18.3255367
18:51:47,19.0126839
18:51:48,18.1284428
18:51:49,18.731041
18:51:50,18.41716
18:51:51,18.7887726
18:51:52,18.86008
18:51:53,18.2474747
18:51:54,18.2039967
18:51:55,18.05738
18:51:56,19.1747589
18:51:57,18.8225441
18:51:58,18.5295181
18:51:59,19.48573
18:52:00,19.9451427
18:52:01,19.3648434
18:52:02,19.316927
18:52:03,19.25516
18:52:04,19.0703735
18:52:05,19.1315117
18:52:06,19.0080547
18:52:07,18.0846157
18:52:08,18.3598289
18:52:09,20.0032063
18:52:10,19.35694
18:52:11,19.5417747
18:52:12,19.5554848
18:52:13,19.1292934
18:52:14,19.4839478
18:52:15,19.5800438
18:52:16,20.16297
18:52:17,19.2821827
18:52:18,18.3684177
18:52:19,17.45974
18:52:20,17.4975758
18:52:21,17.62961
18:52:22,17.7123375
18:52:23,17.94169
18:52:24,17.2384987
18:52:25,17.9232159
18:52:26,17.19962
18:52:27,17.35185
18:52:28,18.7285137
18:52:29,19.2190342
18:52:30,18.183445
18:52:31,19.22242
18:52:32,19.0719986
18:52:33,18.1957359
18:52:34,18.8649654
18:52:35,18.250473
18:52:36,18.89409
18:52:37,18.2544518
18:52:38,18.87169
18:52:39,18.3884735
18:52:40,18.3580761
18:52:41,19.0983028
18:52:42,18.8911762
18:52:43,19.2577763
18:52:44,19.0886612
18:52:45,19.3497257
18:52:46,19.5682945
18:52:47,19.2025623
18:52:48,19.4469872
18:52:49,19.3110657
18:52:50,18.5674686
18:52:51,18.4970875
18:52:52,18.7728767
18:52:53,17.894968
18:52:54,18.0886726
18:52:55,18.1067734
18:52:56,19.2558346
18:52:57,18.6153355
18:52:58,18.3479481
18:52:59,18.55328
18:53:00,18.2450161
18:53:01,18.26054
18:53:02,18.6783314
18:53:03,18.598032
18:53:04,19.1732349
18:53:05,18.4963875
18:53:06,18.2698078
18:53:07,18.5221386
18:53:08,19.2310352
18:53:09,18.4032078
18:53:10,18.834322
18:53:11,19.0301971
18:53:12,18.7711525
18:53:13,18.4665413
18:53:14,18.4272957
18:53:15,18.4114132
18:53:16,18.8664951
18:53:17,18.598978
18:53:18,18.343008
18:53:19,18.2679787
18:53:20,18.9131985
18:53:21,18.7226486
18:53:22,18.1729259
18:53:23,18.2737331
18:53:24,17.9130974
18:53:25,18.6520824
18:53:26,18.9308815
18:53:27,19.1824818
18:53:28,18.9339981
18:53:29,18.11212
18:53:30,18.545433
18:53:31,18.69492
18:53:32,18.5779552
18:53:33,18.3848782
18:53:34,18.4435482
18:53:35,18.8392677
18:53:36,18.87335
18:53:37,19.1317444
18:53:38,19.9069786
18:53:39,19.3851852
18:53:40,19.9270172
18:53:41,19.4167023
18:53:42,18.839447
18:53:43,19.3229713
18:53:44,18.2386227
18:53:45,18.6937542
18:53:46,18.4066429
18:53:47,18.2895756
18:53:48,19.0493164
18:53:49,18.2305412
18:53:50,18.6299248
18:53:51,18.79294
18:53:52,18.3910713
18:53:53,18.21757
18:53:54,18.4819069
18:53:55,18.4984226
18:53:56,18.6635475
18:53:57,18.0816441
18:53:58,18.34145
18:53:59,18.5260429
18:54:00,18.4886284
18:54:01,18.765604
18:54:02,19.1532784
18:54:03,19.134058
18:54:04,18.29917
18:54:05,18.943924
18:54:06,17.7864647
18:54:07,18.552803
18:54:08,18.31096
18:54:09,18.9584923
18:54:10,18.1382942
18:54:11,18.7065468
18:54:12,18.47246
18:54:13,18.8994255
18:54:14,19.0168114
18:54:16,18.13763
18:54:17,17.7059078
18:54:18,17.75211
18:54:19,17.3095379
18:54:20,16.9459343
18:54:22,17.0875378
18:54:24,16.4410629
18:54:25,16.81594
18:54:26,16.9318924
18:54:27,19.2576084
18:54:28,18.8442554
18:54:29,18.85672
18:54:30,18.5468235
18:54:31,19.0561752
18:54:32,19.0308971
18:54:33,18.95819
18:54:34,19.0327187
18:54:35,18.45676
18:54:36,18.37387
18:54:37,18.4259834
18:54:38,18.2190361
18:54:39,18.226881
18:54:40,18.4994774
18:54:41,18.426548
18:54:42,18.9965439
18:54:43,17.9409828
18:54:44,19.14941
18:54:45,17.8912449
18:54:46,18.6015549
18:54:47,19.42283
18:54:48,18.77454
18:54:49,19.1258984
18:54:50,18.2931767
18:54:51,18.93316
18:54:52,18.1564674
18:54:53,17.9647827
18:54:54,18.3564262
18:54:55,18.2062225
18:54:56,18.3979
18:54:57,18.2014084
18:54:58,18.54082
18:54:59,18.6136436
18:55:00,18.4373455
18:55:01,19.1510029
18:55:02,18.3842411
18:55:03,18.653759
18:55:04,18.3455753
18:55:05,18.8546982
18:55:06,18.4639568
18:55:07,17.782589
18:55:08,18.1904831
18:55:09,17.8164177
18:55:10,18.950758
18:55:11,18.4848785
18:55:12,18.6447067
18:55:13,17.8427467
18:55:14,18.21709
18:55:15,18.40681
18:55:16,18.2327328
18:55:17,18.8609867
18:55:18,19.0705261
18:55:19,18.49819
18:55:20,19.1471958
18:55:21,18.4146729
18:55:22,18.6811543
18:55:23,17.7292461
18:55:24,18.76277
18:55:25,18.8583241
18:55:26,18.6655159
18:55:27,18.6020565
18:55:28,18.86797
18:55:29,18.9436626
18:55:30,18.4500942
18:55:31,18.9360428
18:55:32,19.0339527
18:55:33,18.7682724
18:55:34,18.31504
18:55:35,18.2803459
18:55:36,18.3520317
18:55:37,17.7606983
18:55:38,18.1572342
18:55:39,18.9692135
18:55:40,18.6378975
18:55:41,18.30384
18:55:42,18.4596233
18:55:43,18.8747578
18:55:44,18.2868557
18:55:45,18.2278023
18:55:46,19.1358337
18:55:47,19.1933537
18:55:48,18.068552
18:55:49,18.51247
18:55:50,18.949646
18:55:51,18.816206
18:55:52,18.8912563
18:55:53,18.9645081
18:55:54,18.5956345
18:55:55,18.356781
18:55:56,18.6965065
18:55:57,18.8730888
18:55:58,18.4806213
18:55:59,18.3599129
18:56:00,19.036047
18:56:01,19.3846169
18:56:02,18.9017067
18:56:03,18.8639641
18:56:04,18.7657413
18:56:05,18.8270187
18:56:06,18.9274654
18:56:07,19.3103523
18:56:08,18.5231457
18:56:09,18.7573223
18:56:10,18.9645252
18:56:11,17.94489
18:56:12,19.13638
18:56:13,18.33555
18:56:14,18.9129715
18:56:15,18.6707687
18:56:16,18.23002
18:56:17,17.8100224
18:56:18,17.2570477
18:56:19,17.4048672
18:56:20,17.6741486
18:56:21,17.9144421
18:56:22,17.2848339
18:56:23,17.1462021
18:56:24,17.40019
18:56:25,19.0583019
18:56:26,18.3868256
18:56:27,18.1537762
18:56:28,18.4019852
18:56:29,18.6561642
18:56:30,18.80636
18:56:31,18.6189766
18:56:32,18.36461
18:56:33,18.7023048
18:56:34,18.76776
18:56:35,18.8983784
18:56:36,18.52228
18:56:37,18.5467319
18:56:38,18.48635
18:56:39,18.4716873
18:56:40,19.0382538
18:56:41,18.1237354
18:56:42,18.4326382
18:56:43,18.66244
18:56:44,18.63204
18:56:45,18.63639
18:56:46,18.005806
18:56:47,18.5084267
18:56:48,18.4790783
18:56:49,18.3997726
18:56:50,19.4487534
18:56:51,19.00991
18:56:52,19.1986675
18:56:53,19.3211384
18:56:54,19.0364761
18:56:55,18.6451817
18:56:56,17.9589539
18:56:57,18.7586651
18:56:58,18.407793
18:56:59,18.4304714
18:57:00,18.657547
18:57:01,18.32268
18:57:02,18.65125
18:57:03,18.7490768
18:57:04,18.4362125
18:57:05,18.7095547
18:57:06,17.7945328
18:57:07,18.5227261
18:57:08,17.86598
18:57:10,18.6457653
18:57:11,18.7886181
18:57:12,18.2395763
18:57:13,18.7554359
18:57:14,18.0183
18:57:15,18.7122536
18:57:16,18.4385529
18:57:17,18.621151
18:57:18,18.87942
18:57:19,18.2931213
18:57:20,18.0744724
18:57:21,18.1290836
18:57:22,18.1995945
18:57:23,17.9633274
18:57:24,18.236393
18:57:25,19.2421169
18:57:26,18.88116
18:57:27,18.981823
18:57:28,18.8076
18:57:29,19.0199032
18:57:30,18.6725178
18:57:31,18.9130917
18:57:32,18.20667
18:57:33,18.7316647
18:57:34,18.5807056
18:57:35,18.6199436
18:57:36,18.59829
18:57:37,18.6486874
18:57:38,18.7675877
18:57:39,18.64395
18:57:40,18.472887
18:57:41,18.3909111
18:57:42,17.8050861
18:57:43,18.8033867
18:57:44,18.7195454
18:57:45,19.0811138
18:57:46,18.985981
18:57:47,18.8996048
18:57:48,18.7377377
18:57:49,18.9877033
18:57:50,18.7511883
18:57:51,18.03216
18:57:52,18.2072258
18:57:53,18.5982876
18:57:54,18.2469788
18:57:55,18.5489483
18:57:56,18.8061047
18:57:57,18.859436
18:57:58,19.2822666
18:57:59,18.4695835
18:58:00,18.5291176
18:58:01,18.306036
18:58:02,19.5301228
18:58:03,18.6080189
18:58:04,18.6483536
18:58:05,18.2925014
18:58:06,18.065155
18:58:07,18.5339756
18:58:08,18.8228264
18:58:09,19.1921921
18:58:10,18.8807468
18:58:11,18.6641464
18:58:12,18.62949
18:58:13,17.8970928
18:58:14,19.2990971
18:58:15,16.9979687
18:58:16,17.2860985
18:58:17,17.1264381
18:58:18,17.4457359
18:58:19,16.92316
18:58:20,17.5623264
18:58:21,17.5435123
18:58:22,17.7005672
18:58:23,17.28588
18:58:24,18.03595
18:58:25,18.66549
18:58:26,18.8524055
18:58:27,18.1930332
18:58:28,18.34761
18:58:29,18.7442322
18:58:30,18.335701
18:58:31,18.5231342
18:58:32,18.6017933
18:58:33,18.2812119
18:58:34,19.1598644
18:58:35,18.9253654
18:58:36,18.8809566
18:58:37,18.8405151
18:58:38,19.0450935
18:58:39,18.77702
18:58:40,18.8261471
18:58:41,19.0583973
18:58:42,18.19344
18:58:43,18.8702374
18:58:44,19.2016735
18:58:45,18.7066784
18:58:46,18.6351738
18:58:47,18.6974525
18:58:48,18.2375774
18:58:49,18.6780167
18:58:50,18.2587242
18:58:51,18.4838676
18:58:52,18.40275
18:58:53,18.7862511
18:58:54,18.1064835
18:58:55,18.5689888
18:58:56,18.5879078
18:58:57,18.7827454
18:58:58,18.5557518
18:58:59,18.4489
18:59:00,19.19342
18:59:01,18.4492931
18:59:02,18.5584984
18:59:03,17.8839836
18:59:04,19.41772
18:59:05,19.3515034
18:59:06,18.4676476
18:59:07,18.1391068
18:59:08,17.7626572
18:59:09,18.0894
18:59:10,18.620388
18:59:11,18.3105869
18:59:12,18.7425213
18:59:13,18.4746838
18:59:14,18.5244255
18:59:15,17.965519
18:59:16,18.4325829
18:59:17,18.4784584
18:59:18,18.9405
18:59:19,18.6564522
18:59:20,18.46732
18:59:21,18.0706139
18:59:22,18.2697716
18:59:23,18.7414017
18:59:24,18.8939419
18:59:25,18.2200565
18:59:26,18.0902081
18:59:27,18.22514
18:59:28,18.3749542
18:59:29,18.828558
18:59:30,19.54036
18:59:31,19.5607014
18:59:32,18.9237232
18:59:33,18.9562416
18:59:34,19.1516132
18:59:35,18.4804859
18:59:36,18.62153
18:59:37,18.6897621
18:59:38,18.6307659
18:59:39,19.0306988
18:59:40,18.5645027
18:59:41,19.0055771
18:59:42,18.6579571
18:59:43,18.3145065
18:59:44,19.1814461
18:59:45,18.8689041
18:59:46,18.0714836
18:59:47,18.5679855
18:59:48,18.7605267
18:59:49,18.7391758
18:59:50,19.028492
18:59:51,18.97019
18:59:52,18.24783
18:59:53,18.9957161
18:59:54,18.95787
18:59:55,19.3805027
18:59:56,18.1875286
18:59:57,18.6062717
18:59:58,17.9596672
18:59:59,18.8823166
19:00:00,19.402813
19:00:01,18.10757
19:00:02,18.6129189
19:00:03,18.3195229
19:00:04,18.9624176
19:00:05,18.7732029
19:00:06,18.51584
19:00:07,18.9683418
19:00:08,18.36308
19:00:09,18.4857311
19:00:10,18.3918056
19:00:11,18.8881721
19:00:12,18.53517
19:00:13,18.04499
19:00:14,17.092247
19:00:15,17.2123833
19:00:17,17.31628
19:00:18,18.3186378
19:00:19,17.6223488
19:00:20,17.3998013
19:00:21,16.9861469
19:00:22,16.3345413
19:00:23,18.05626
19:00:24,17.70187
19:00:25,17.6961269
19:00:26,18.11087
19:00:27,18.2836514
19:00:28,17.2873783
19:00:30,17.8805218
19:00:31,17.585001
19:00:32,17.0085487
19:00:33,17.7885
19:00:34,17.6150589
19:00:35,17.2925072
19:00:36,17.0527782
19:00:37,16.8648682
19:00:38,17.3374653
19:00:39,17.42437
19:00:40,17.0308456
19:00:41,17.8239422
19:00:42,17.4021282
19:00:43,18.9482689
19:00:44,18.2443218
19:00:45,18.925005
19:00:46,18.15125
19:00:47,17.8696442
19:00:48,18.972765
19:00:49,18.8400726
19:00:50,18.7935181
19:00:51,18.2316113
19:00:52,18.3804245
19:00:53,18.8019047
19:00:54,18.68541
19:00:55,19.5161819
19:00:56,18.7942047
19:00:57,19.5418434
19:00:58,19.8436871
19:00:59,18.9622383
19:01:00,19.3578224
19:01:01,19.5031261
19:01:02,19.53622
19:01:03,19.0822716
19:01:04,19.5361881
19:01:05,19.1731224
19:01:06,19.6013927
19:01:07,19.2797089
19:01:08,18.9854164
19:01:09,18.6495628
19:01:10,18.3709774
19:01:11,18.78945
19:01:12,18.5273476
19:01:13,18.7208118
19:01:14,18.569706
19:01:15,18.58305
19:01:16,18.36822
19:01:17,18.7272511
19:01:18,19.5072269
19:01:19,19.2204475
19:01:20,18.2509117
19:01:21,18.1164112
19:01:22,17.9178429
19:01:23,18.0090733
19:01:24,18.3885555
19:01:25,18.531805
19:01:26,18.5743885
19:01:27,19.04163
19:01:28,18.60974
19:01:29,18.4835358
19:01:30,18.8209763
19:01:31,18.4393959
19:01:32,18.5766563
19:01:33,18.6303959
19:01:34,18.1453285
19:01:35,19.0392227
19:01:36,18.8864
19:01:37,18.32774
19:01:38,18.9522915
19:01:39,18.7015553
19:01:40,18.97095
19:01:41,18.963768
19:01:42,19.4650555
19:01:43,19.0332813
19:01:44,19.005579
19:01:45,18.9311
19:01:46,18.93923
19:01:47,19.2282219
19:01:48,18.4910412
19:01:49,18.4587116
19:01:50,18.5098763
19:01:51,18.8041916
19:01:52,18.4903831
19:01:53,18.3032379
19:01:54,18.8722782
19:01:55,18.3481636
19:01:56,18.3854675
19:01:57,18.5599022
19:01:58,18.5414162
19:01:59,18.9306335
19:02:00,19.01506
19:02:01,19.4242649
19:02:02,18.8790474
19:02:03,18.3035583
19:02:04,18.26846
19:02:05,18.5844021
19:02:06,18.4852657
19:02:07,19.0231934
19:02:08,18.7019615
19:02:09,18.5209656
19:02:10,18.46446
19:02:11,18.4879036
19:02:12,18.8076057
19:02:13,17.88697
19:02:14,18.7798786
19:02:15,18.7309875
19:02:16,18.2414932
19:02:17,18.8192711
19:02:18,18.3800468
19:02:19,19.3843155
19:02:20,18.2476311
19:02:21,19.3926983
19:02:22,18.5688248
19:02:23,19.0175476
19:02:24,19.5915928
19:02:25,18.8629017
19:02:26,19.01308
19:02:27,18.0109367
19:02:28,18.27574
19:02:29,18.4227753
19:02:30,18.8475266
19:02:31,18.5752087
19:02:32,18.1883335
19:02:33,17.4717941
19:02:34,17.133049
19:02:35,16.8181725
19:02:36,17.6797943
19:02:37,17.00892
19:02:38,17.3228416
19:02:39,17.5996456
19:02:40,17.25541
19:02:41,17.9411774
19:02:42,19.0524273
19:02:43,19.12208
19:02:44,18.9042854
19:02:45,18.485815
19:02:46,19.6587887
19:02:47,18.524931
19:02:48,19.2072182
19:02:49,19.0701027
19:02:50,18.87939
19:02:51,19.5601788
19:02:52,18.34862
19:02:53,19.0102787
19:02:54,18.0536232
19:02:55,18.28781
19:02:56,18.2281971
19:02:57,18.27596
19:02:58,18.6522446
19:02:59,18.37485
19:03:00,18.7143517
19:03:01,18.5607586
19:03:02,18.573122
19:03:03,19.1711884
19:03:04,18.7896175
19:03:05,19.662859
19:03:06,18.2363873
19:03:07,19.1217079
19:03:08,18.59354
19:03:09,18.1551456
19:03:10,18.4634361
19:03:12,18.5415916
19:03:13,18.67389
19:03:14,18.9616241
19:03:15,18.7729855
19:03:17,18.8475933
19:03:18,18.8894367
19:03:19,18.88902
19:03:20,18.5668869
19:03:21,19.0496464
19:03:22,18.5940723
19:03:24,19.194952
19:03:26,19.1328583
19:03:27,18.6935654
19:03:28,18.5429058
19:03:29,18.7532978
19:03:30,18.7751026
19:03:31,18.7248573
19:03:32,18.8491879
19:03:33,19.00138
19:03:34,18.30695
19:03:35,19.47053
19:03:36,18.6899319
19:03:37,18.8604641
19:03:38,18.7375526
19:03:39,19.0418358
19:03:40,19.0205975
19:03:41,18.3797836
19:03:42,18.96941
19:03:43,18.1880627
19:03:44,18.6477337
19:03:45,18.3092766
19:03:46,18.325985
19:03:47,18.9875622
19:03:48,18.7731266
19:03:49,19.2319889
19:03:50,18.24366
19:03:51,18.9116726
19:03:52,18.2785225
19:03:53,19.0023842
19:03:54,19.05596
19:03:55,19.0139675
19:03:56,19.3810577
19:03:57,18.8356152
19:03:58,18.644537
19:03:59,18.55988
19:04:00,18.3665333
19:04:01,19.0008049
19:04:02,18.9133244
19:04:03,19.4173183
19:04:04,19.3462753
19:04:05,19.21807
19:04:06,18.5207253
19:04:07,18.6857014
19:04:08,18.7629147
19:04:09,18.2020531
19:04:10,19.069603
19:04:11,18.343502
19:04:12,18.9893475
19:04:13,17.6907177
19:04:14,18.8136272
19:04:15,18.94688
19:04:16,18.68391
19:04:17,18.1598282
19:04:18,18.6232071
19:04:19,18.44938
19:04:20,18.37899
19:04:21,18.45274
19:04:22,19.1943741
19:04:23,18.7277241
19:04:24,19.14193
19:04:25,18.634676
19:04:26,19.1752167
19:04:27,18.5955753
19:04:28,19.1570225
19:04:29,18.2076664
19:04:30,18.4754829
19:04:31,19.07144
19:04:32,17.3584652
19:04:33,16.95067
19:04:34,16.74731
19:04:35,17.5615444
19:04:36,17.8401871
19:04:37,17.1606655
19:04:38,17.6036987
19:04:39,17.4160252
19:04:40,17.7652
19:04:41,18.4905548
19:04:42,19.06029
19:04:43,18.3692226
19:04:44,18.9177017
19:04:45,18.512188
19:04:46,18.87624
19:04:47,18.6976128
19:04:48,20.29955
19:04:49,19.101368
19:04:50,19.3490982
19:04:51,19.3433342
19:04:52,18.6305542
19:04:53,19.0083637
19:04:54,18.5859947
19:04:55,19.1831112
19:04:56,18.6338539
19:04:57,18.7784214
19:04:58,19.190403
19:04:59,18.5596485
19:05:00,18.7974281
19:05:01,18.7909279
19:05:02,19.5743027
19:05:03,19.6723347
19:05:04,18.7475872
19:05:05,19.2274437
19:05:06,18.3372478
19:05:07,19.2571011
19:05:08,18.2606544
19:05:09,18.9678059
19:05:10,18.8139133
19:05:11,18.8390484
19:05:12,18.8201866
19:05:13,19.044714
19:05:14,19.89282
19:05:15,18.3409424
19:05:16,18.8196087
19:05:17,18.30472
19:05:18,18.2167053
19:05:19,18.69966
19:05:20,18.3686848
19:05:21,18.9501114
19:05:22,18.7709236
19:05:23,18.5025787
19:05:24,18.6865845
19:05:25,18.6982479
19:05:26,18.5841465
19:05:27,18.3177643
19:05:28,18.6363373
19:05:29,18.6090622
19:05:30,18.06355
19:05:31,18.1435814
19:05:32,18.8858337
19:05:33,18.6295738
19:05:34,18.6512432
19:05:35,18.7213573
19:05:36,18.3760757
19:05:37,18.66538
19:05:38,17.9396458
19:05:39,19.1154251
19:05:40,18.6271629
19:05:41,18.8463936
19:05:42,18.9833832
19:05:43,18.8383541
19:05:44,18.8347034
19:05:45,18.65495
19:05:46,18.67792
19:05:47,18.9649124
19:05:48,18.2411957
19:05:49,18.35989
19:05:50,18.9943352
19:05:51,18.58554
19:05:52,18.3729382
19:05:53,19.06162
19:05:54,18.9048367
19:05:55,18.8904819
19:05:56,18.4994049
19:05:57,19.3302422
19:05:58,19.98189
19:05:59,18.9195843
19:06:00,19.4427719
19:06:01,19.17537
19:06:02,19.2036839
19:06:03,18.9363174
19:06:04,18.7602768
19:06:05,19.451479
19:06:06,18.0965519
19:06:07,19.3742161
19:06:08,18.0307579
19:06:09,18.9564323
19:06:10,19.38127
19:06:11,19.444334
19:06:12,18.8978481
19:06:13,18.3406
19:06:14,18.5229111
19:06:15,18.45739
19:06:17,18.8124886
19:06:18,18.4810886
19:06:19,18.8659763
19:06:21,18.76277
19:06:22,18.49286
19:06:24,18.7079582
19:06:26,18.8233356
19:06:27,18.2093525
19:06:28,18.6787548
19:06:29,19.2210159
19:06:30,18.81311
19:06:31,18.3329048
19:06:32,16.8903275
19:06:33,16.7106171
19:06:34,18.22228
19:06:35,17.0197315
19:06:36,17.2841835
19:06:37,17.2325611
19:06:38,17.414938
19:06:39,18.0005951
19:06:40,17.4335175
19:06:41,18.9742088
19:06:42,18.0803261
19:06:43,18.7155571
19:06:44,18.4421883
19:06:45,18.6808167
19:06:46,18.606308
19:06:47,18.2160854
19:06:48,17.889698
19:06:49,18.7344971
19:06:50,18.852951
19:06:51,18.8495331
19:06:52,18.25491
19:06:53,17.983593
19:06:54,19.134861
19:06:55,18.6339188
19:06:56,19.3000355
19:06:57,18.6553135
19:06:58,19.0556335
19:06:59,19.3883419
19:07:00,18.2059078
19:07:01,19.9336338
19:07:02,18.3975639
19:07:03,18.7821846
19:07:04,18.3700027
19:07:05,19.5102081
19:07:06,18.65026
19:07:07,19.543663
19:07:08,19.1406364
19:07:09,18.6494274
19:07:10,18.3587341
19:07:11,18.6509476
19:07:12,17.9876823
19:07:13,18.4431686
19:07:14,18.6535587
19:07:15,18.6253986
19:07:16,18.6467781
19:07:17,18.2156448
19:07:18,18.1741753
19:07:19,18.5545521
19:07:20,19.2328377
19:07:21,19.3350544
19:07:22,18.48653
19:07:23,18.7012215
19:07:24,19.057457
19:07:25,19.0950928
19:07:26,18.8328056
19:07:27,19.34815
19:07:28,18.997858
19:07:29,19.2171574
19:07:30,18.3474369
19:07:31,18.2844124
19:07:32,18.8364334
19:07:33,18.5979023
19:07:34,19.526022
19:07:35,19.583992
19:07:36,19.0840855
19:07:37,19.4762669
19:07:38,19.2213535
19:07:39,18.9697876
19:07:40,18.8107338
19:07:41,18.2417088
19:07:42,18.4737759
19:07:43,18.2883
19:07:44,18.74632
19:07:45,18.3851
19:07:46,18.8711662
19:07:47,18.7189922
19:07:48,18.6294174
19:07:49,17.8818626
19:07:50,18.559845
19:07:51,18.0444946
19:07:52,18.58098
19:07:53,18.4065647
19:07:54,18.2404327
19:07:55,18.5695438
19:07:56,18.0406742
19:07:57,18.3919888
19:07:58,18.7686939
19:07:59,18.71132
19:08:00,18.26638
19:08:01,18.5592918
19:08:02,18.4268589
19:08:03,18.30846
19:08:04,18.769846
19:08:05,18.24845
19:08:06,18.58445
19:08:07,18.1306553
19:08:08,18.7293663
19:08:09,18.47483
19:08:10,19.0363369
19:08:11,18.4635849
19:08:12,18.2926922
19:08:13,18.4290276
19:08:14,18.07133
19:08:15,19.1066246
19:08:16,18.7870464
19:08:17,18.6806355
19:08:18,19.2102356
19:08:19,18.9239616
19:08:20,18.7529049
19:08:21,18.753479
19:08:22,19.0421333
19:08:23,19.36577
19:08:24,19.0304585
19:08:25,18.9714165
19:08:26,18.84335
19:08:27,18.7530785
19:08:28,19.45319
19:08:29,18.3492985
19:08:30,17.69593
19:08:31,17.8825874
19:08:32,16.667345
19:08:33,17.4933987
19:08:34,17.078743
19:08:35,17.7778721
19:08:36,17.4271069
19:08:37,17.2740631
19:08:38,17.3039513
19:08:39,17.7748451
19:08:40,18.5480423
19:08:41,18.7024746
19:08:42,18.2845135
19:08:43,18.5223446
19:08:44,17.8005142
19:08:45,18.8545933
19:08:46,17.5080147
19:08:47,18.1334324
19:08:48,18.5455589
19:08:49,19.0108967
19:08:50,19.4033051
19:08:51,18.9496059
19:08:52,18.1927185
19:08:53,18.739439
19:08:54,18.5638657
19:08:55,17.9899883
19:08:56,18.7587872
19:08:57,18.4089661
19:08:58,19.3185787
19:08:59,18.8032379
19:09:00,19.1245
19:09:01,18.5295429
19:09:02,19.15374
19:09:03,19.1612473
19:09:04,19.4840279
19:09:05,19.7977448
19:09:06,19.4825134
19:09:07,18.9223366
19:09:08,19.1177826
19:09:09,18.9726124
19:09:10,19.366993
19:09:11,18.2364044
19:09:13,19.9070587
19:09:14,18.8170376
19:09:15,18.550909
19:09:16,19.07066
19:09:17,18.5351162
19:09:18,18.5665188
19:09:19,18.30401
19:09:20,18.4902
19:09:21,18.8133068
19:09:22,18.09608
19:09:23,19.5753422
19:09:24,19.0369377
19:09:25,18.5332336
19:09:26,18.3990917
19:09:27,18.005703
19:09:28,18.42679
19:09:29,19.2850685
19:09:30,18.9258785
19:09:31,18.3695927
19:09:32,18.0328655
19:09:33,18.5972271
19:09:34,18.2935925
19:09:35,18.7767353
19:09:36,18.8843269
19:09:37,19.0906353
19:09:38,18.0391827
19:09:39,18.5577583
19:09:40,18.6817265
19:09:41,18.5056839
19:09:42,19.24183
19:09:43,18.40021
19:09:44,18.633667
19:09:45,18.379034
19:09:46,18.68472
19:09:47,18.3922615
19:09:48,18.3174839
19:09:49,18.6029873
19:09:50,18.3863373
19:09:51,18.6831284
19:09:52,18.2977448
19:09:53,17.8588943
19:09:54,18.7653847
19:09:55,18.5385284
19:09:56,18.0833378
19:09:57,19.1434231
19:09:58,18.71663
19:09:59,18.6566086
19:10:00,18.0458622
19:10:01,18.90979
19:10:02,18.3027611
19:10:03,18.88869
19:10:04,19.3438873
19:10:05,18.79893
19:10:06,18.71444
19:10:07,18.4858055
19:10:08,18.41599
19:10:09,18.43029
19:10:10,18.9446487
19:10:11,18.5680733
19:10:12,18.8523712
19:10:13,18.9489288
19:10:14,18.3533173
19:10:15,18.6465759
19:10:16,18.16016
19:10:17,18.5659065
19:10:18,19.1219578
19:10:19,19.4018517
19:10:20,18.4629078
19:10:21,18.7697926
19:10:22,19.14335
19:10:23,18.4984417
19:10:24,19.45491
19:10:25,18.60443
19:10:26,18.3052082
19:10:27,18.70091
19:10:28,18.9481926
19:10:29,18.7773361
19:10:30,17.23097
19:10:31,17.5559578
19:10:32,16.90009
19:10:33,17.28447
19:10:34,17.0078373
19:10:35,17.3472576
19:10:36,17.13756
19:10:37,17.6053066
19:10:38,16.83043
19:10:39,18.84633
19:10:40,17.7793484
19:10:41,19.138237
19:10:42,19.0151043
19:10:43,19.1702633
19:10:44,18.8222485
19:10:45,18.5671158
19:10:46,18.96504
19:10:47,18.4688625
19:10:48,18.0871277
19:10:49,18.6191387
19:10:50,18.9221382
19:10:51,18.5057068
19:10:52,19.0105839
19:10:53,18.61927
19:10:54,18.2604332
19:10:55,18.6827526
19:10:56,18.2068787
19:10:57,18.40749
19:10:58,18.0314178
19:10:59,18.02583
19:11:00,18.8487034
19:11:01,18.2476749
19:11:02,18.4717789
19:11:03,18.5895329
19:11:04,18.66599
19:11:05,19.0366745
19:11:06,18.8687935
19:11:07,19.2409668
19:11:08,18.3681412
19:11:09,18.3415737
19:11:10,18.4423771
19:11:11,18.6234283
19:11:12,18.6016159
19:11:13,17.9775162
19:11:14,18.998415
19:11:15,18.5935249
19:11:16,18.8636189
19:11:17,18.7330856
19:11:18,18.8495712
19:11:19,18.4919262
19:11:20,18.537159
19:11:21,19.0124474
19:11:22,17.7948875
19:11:23,18.0755367
19:11:24,19.4214363
19:11:25,18.8680477
19:11:26,18.8763142
19:11:27,18.998457
19:11:28,19.1551056
19:11:29,18.97278
19:11:30,18.5858231
19:11:31,18.7545223
19:11:32,18.36379
19:11:33,18.2614326
19:11:34,18.5868721
19:11:35,18.5209217
19:11:36,18.3639221
19:11:37,18.67099
19:11:38,18.9971161
19:11:39,18.7667179
19:11:40,18.4908524
19:11:41,18.6225185
19:11:42,18.3069859
19:11:43,19.2653389
19:11:44,18.6889553
19:11:45,18.9392548
19:11:46,18.5514641
19:11:47,18.28647
19:11:48,18.7101746
19:11:49,18.0971432
19:11:50,19.0315742
19:11:51,18.4615841
19:11:52,18.8888912
19:11:53,18.6339645
19:11:54,18.34833
19:11:55,18.7635174
19:11:56,18.8864536
19:11:57,18.0573769
19:11:58,18.4313
19:11:59,18.06324
19:12:00,18.6904182
19:12:01,18.8556023
19:12:02,19.0144234
19:12:03,19.3490582
19:12:04,18.7495728
19:12:05,18.9512787
19:12:06,18.5102558
19:12:07,18.99966
19:12:08,18.0397339
19:12:09,18.3822479
19:12:10,18.3789349
19:12:12,18.9065933
19:12:14,18.925909
19:12:15,18.2607841
19:12:16,18.54588
19:12:17,18.8710728
19:12:18,18.2951946
19:12:19,18.3675919
19:12:20,18.3870773
19:12:21,19.7451038
19:12:22,18.972683
19:12:23,18.3154488
19:12:24,18.9702873
19:12:25,18.671669
19:12:26,18.5521641
19:12:27,18.1259823
19:12:28,18.5024757
19:12:29,17.6730976
19:12:30,17.76618
19:12:31,17.3406944
19:12:32,16.97659
19:12:33,18.0332985
19:12:34,16.7880039
19:12:35,17.434227
19:12:36,18.0245934
19:12:37,16.8734741
19:12:38,17.6244411
19:12:39,19.050869
19:12:40,19.2374325
19:12:41,18.5988712
19:12:42,19.0089283
19:12:43,18.3978539
19:12:44,18.3250618
19:12:45,18.2445774
19:12:46,19.0913124
19:12:47,18.4714
19:12:48,19.17572
19:12:49,18.9604111
19:12:50,18.6412888
19:12:51,19.8046017
19:12:52,17.9602356
19:12:53,18.667551
19:12:54,18.25519
19:12:55,19.0264149
19:12:56,18.0990086
19:12:57,18.960062
19:12:58,18.0650215
19:12:59,18.61679
19:13:00,18.274044
19:13:01,17.6533642
19:13:02,19.0514679
19:13:03,18.4296951
19:13:04,19.15647
19:13:05,18.2013721
19:13:06,18.6470528
19:13:07,17.9338284
19:13:08,19.16141
19:13:09,18.8216438
19:13:10,18.6405277
19:13:11,18.3589039
19:13:12,18.295311
19:13:13,18.9736652
19:13:14,19.2509174
19:13:15,18.8486061
19:13:16,18.95045
19:13:17,19.1832752
19:13:18,19.2435913
19:13:19,18.6182022
19:13:20,18.7162476
19:13:21,18.5828686
19:13:22,18.5536423
19:13:23,19.1123047
19:13:24,18.8887749
19:13:25,18.8975983
19:13:26,18.636
19:13:27,18.8412743
19:13:28,19.134119
19:13:29,18.5855045
19:13:30,18.6203117
19:13:31,18.0909958
19:13:32,18.68837
19:13:33,18.6908073
19:13:34,18.7403355
19:13:35,18.835331
19:13:36,17.79748
19:13:37,18.5691547
19:13:38,18.7007027
19:13:39,18.4245033
19:13:40,18.5188675
19:13:41,18.5970478
19:13:42,18.8292828
19:13:43,18.8351612
19:13:44,18.90782
19:13:45,19.2056084
19:13:46,19.3415375
19:13:47,18.5417252
19:13:48,19.1416264
19:13:49,18.81667
19:13:50,18.78412
19:13:51,18.9239731
19:13:52,18.5033
19:13:53,18.71644
19:13:54,18.6359653
19:13:55,18.4235764
19:13:56,18.5648136
19:13:57,18.3900738
19:13:58,18.4022331
19:13:59,18.52864
19:14:00,17.8218861
19:14:01,19.1807785
19:14:02,17.9027424
19:14:03,18.7969856
19:14:04,18.2187
19:14:05,18.56664
19:14:06,18.9793949
19:14:07,18.81083
19:14:08,18.403101
19:14:09,18.9689732
19:14:10,18.3993435
19:14:11,18.5108032
19:14:12,18.6751976
19:14:13,17.8440189
19:14:14,18.8583279
19:14:15,18.8066578
19:14:16,18.9222336
19:14:17,18.7356682
19:14:18,17.86114
19:14:19,17.86622
19:14:20,18.6443558
19:14:21,18.3037376
19:14:22,18.3372154
19:14:23,17.9802685
19:14:24,19.0894623
19:14:25,18.3126926
19:14:26,18.3064575
19:14:27,18.3231869
19:14:28,18.0132942
19:14:29,17.401268
19:14:30,16.9996967
19:14:31,18.4308414
19:14:32,17.1071758
19:14:33,18.4495258
19:14:34,17.99961
19:14:35,18.4161549
19:14:36,16.7412186
19:14:37,19.15165
19:14:38,18.6086617
19:14:39,19.5197086
19:14:40,18.7170525
19:14:41,18.44758
19:14:42,19.0568066
19:14:43,18.090435
19:14:44,19.303524
19:14:45,18.6139965
19:14:46,18.431879
19:14:47,18.4094448
19:14:48,19.0059147
19:14:49,18.6621532
19:14:50,18.3587666
19:14:51,18.7093868
19:14:52,17.7096424
19:14:53,19.2492752
19:14:54,18.2712
19:14:55,19.052557
19:14:56,18.5415459
19:14:57,18.7803822
19:14:58,18.0206184
19:14:59,18.7309856
19:15:00,18.34316
19:15:01,18.6127262
19:15:02,18.19841
19:15:03,17.8713017
19:15:04,18.1102734
19:15:05,18.6577072
19:15:06,17.7022285
19:15:07,18.4171772
19:15:08,18.1236973
19:15:09,18.4888573
19:15:10,18.2902412
19:15:11,18.32632
19:15:12,18.2830162
19:15:13,18.06856
19:15:15,18.59533
19:15:16,18.61667
19:15:17,18.4050884
19:15:18,18.6153584
19:15:19,17.9630871
19:15:20,18.7848434
19:15:21,19.21056
19:15:22,18.38053
19:15:23,18.8024
19:15:24,18.0447655
19:15:25,18.5095348
19:15:26,18.5326977
19:15:27,19.0637131
19:15:28,18.32476
19:15:29,18.6664028
19:15:30,18.435812
19:15:31,18.1789551
19:15:32,18.2996387
19:15:33,18.27987
19:15:34,18.5587845
19:15:35,18.5323181
19:15:36,19.0452518
19:15:37,18.41292
19:15:38,18.907259
19:15:39,18.1426086
19:15:40,19.228159
19:15:41,18.9251175
19:15:42,18.5973969
19:15:43,18.505827
19:15:44,18.9620533
19:15:45,17.98231
19:15:46,19.1083412
19:15:47,19.0920982
19:15:48,18.7222652
19:15:49,19.407877
19:15:50,18.5089378
19:15:51,19.2937
19:15:52,19.2625179
19:15:53,19.2795162
19:15:54,19.4223881
19:15:55,19.0309544
19:15:56,19.1851654
19:15:57,18.9364929
19:15:58,19.3638439
19:15:59,17.7925949
19:16:00,19.0683613
19:16:01,18.3851776
19:16:02,19.0048389
19:16:03,18.822319
19:16:04,19.31632
19:16:05,18.7425728
19:16:06,19.6488762
19:16:07,18.7422485
19:16:08,18.9227276
19:16:09,18.96226
19:16:10,18.4924927
19:16:11,19.45211
19:16:12,18.6778984
19:16:13,18.8990822
19:16:14,18.3156281
19:16:15,18.2784481
19:16:16,18.168951
19:16:17,18.7323532
19:16:18,18.82303
19:16:19,18.33523
19:16:20,18.037014
19:16:21,18.4421749
19:16:22,18.7138329
19:16:23,19.32132
19:16:24,18.8666553
19:16:25,19.5218315
19:16:26,19.9777241
19:16:27,19.3816757
19:16:28,18.3560238
19:16:29,17.83282
19:16:30,17.5929966
19:16:31,17.6942348
19:16:32,17.210165
19:16:33,17.955595
19:16:34,17.12989
19:16:35,17.3670387
19:16:36,17.7154865
19:16:37,17.6840477
19:16:38,18.2125111
19:16:39,18.35043
19:16:40,19.5706978
19:16:41,18.1057262
19:16:42,19.1181183
19:16:43,18.6799164
19:16:44,18.5124416
19:16:45,18.2878475
19:16:46,19.2981529
19:16:47,18.3374348
19:16:48,19.3439751
19:16:49,18.7815742
19:16:50,18.4346066
19:16:51,18.97346
19:16:52,18.9269371
19:16:53,19.0208588
19:16:54,18.2739182
19:16:55,18.7013264
19:16:56,18.40124
19:16:57,18.5072727
19:16:58,18.950922
19:16:59,18.39436
19:17:00,18.55468
19:17:01,18.3519344
19:17:02,18.8114853
19:17:03,18.5530128
19:17:04,19.0718784
19:17:05,18.1225166
19:17:06,18.27998
19:17:07,18.0212326
19:17:08,19.0125217
19:17:09,18.7856331
19:17:10,18.4271965
19:17:11,17.8331013
19:17:12,18.7151375
19:17:13,18.96921
19:17:14,18.4114361
19:17:15,18.1008224
19:17:16,18.6200161
19:17:18,18.540266
19:17:19,18.53702
19:17:20,17.6287289
19:17:21,18.9369011
19:17:22,18.498373
19:17:23,18.580349
19:17:24,18.1973629
19:17:25,18.1663189
19:17:26,18.4667873
19:17:27,19.0137768
19:17:28,17.9991283
19:17:29,18.47529
19:17:30,18.3843212
19:17:31,19.5460453
19:17:32,18.06308
19:17:33,18.453434
19:17:34,18.5541782
19:17:35,18.6394062
19:17:36,18.4237919
19:17:37,18.3998
19:17:38,18.7473755
19:17:39,17.9730034
19:17:40,18.4422779
19:17:41,18.00703
19:17:42,18.66946
19:17:43,18.3039227
19:17:44,18.2766171
19:17:45,18.7260246
19:17:46,18.80022
19:17:47,19.2930756
19:17:48,19.0357971
19:17:49,19.38029
19:17:50,18.9253044
19:17:51,19.4047661
19:17:52,18.62452
19:17:53,18.4003086
19:17:54,18.2384357
19:17:55,19.0806389
19:17:56,18.8467064
19:17:57,19.07539
19:17:58,19.2118416
19:17:59,19.2008114
19:18:00,19.3068924
19:18:01,19.2513466
19:18:02,18.89045
19:18:03,18.80789
19:18:04,19.2569885
19:18:05,18.5065079
19:18:06,18.87904
19:18:07,18.38979
19:18:08,19.01377
19:18:09,18.6192665
19:18:10,18.6994534
19:18:11,18.8549042
19:18:12,18.2740517
19:18:13,18.7229958
19:18:14,19.1107025
19:18:15,19.8587112
19:18:16,19.39072
19:18:18,19.1645222
19:18:19,19.4968719
19:18:20,18.75606
19:18:21,19.1924839
19:18:22,18.8034573
19:18:23,17.8989334
19:18:24,18.9160786
19:18:26,18.9799862
19:18:27,19.7191811
19:18:28,17.8962421
19:18:29,18.3395958
19:18:30,18.6083336
19:18:32,17.9911537
19:18:33,18.1045055
19:18:34,18.14493
19:18:35,17.8139172
19:18:36,18.1159744
19:18:37,18.7053871
19:18:38,19.2551155
19:18:39,19.3000488
19:18:40,19.2278976
19:18:41,19.6718941
19:18:42,19.4474239
19:18:43,19.0007629
19:18:44,18.3672543
19:18:45,19.4401855
19:18:46,19.2432957
19:18:47,18.7825165
19:18:48,20.224659
19:18:49,18.65139
19:18:50,18.260807
19:18:51,18.18056
19:18:52,19.4067688
19:18:53,18.9313755
19:18:54,19.6916027
19:18:55,19.747715
19:18:56,19.03076
19:18:57,19.6805553
19:18:58,19.9741669
19:18:59,19.2485619
19:19:00,19.682848
19:19:01,19.0233746
19:19:02,19.1866474
19:19:03,20.0614376
19:19:04,18.96987
19:19:05,19.5663948
19:19:06,19.289732
19:19:07,19.7260437
19:19:08,18.7399216
19:19:09,19.46509
19:19:10,19.2899132
19:19:11,19.1547527
19:19:12,19.0148048
19:19:13,17.5345421
19:19:14,18.3612537
19:19:15,18.9224758
19:19:16,18.2592278
19:19:17,18.9266548
19:19:18,18.841053
19:19:19,18.4295673
19:19:20,18.5351124
19:19:21,19.5506477
19:19:22,19.097435
19:19:23,18.8124332
19:19:24,18.9070549
19:19:25,18.4434414
19:19:26,18.762001
19:19:27,18.3792076
19:19:28,19.0724125
19:19:29,19.2762852
19:19:30,19.0743961
19:19:31,18.9763412
19:19:32,18.2795429
19:19:33,18.6646843
19:19:34,18.2048512
19:19:35,19.214777
19:19:36,18.3715553
19:19:37,19.0403843
19:19:38,18.6672764
19:19:39,18.92642
19:19:40,18.5984211
19:19:41,18.7006378
19:19:42,19.2409
19:19:43,19.7196712
19:19:44,19.6232
19:19:45,19.04181
19:19:46,19.44361
19:19:47,18.6921978
19:19:48,18.9817924
19:19:49,18.3891182
19:19:50,19.13089
19:19:51,19.24596
19:19:52,18.56875
19:19:53,18.8307571
19:19:54,18.14143
19:19:55,18.5695114
19:19:56,18.2666054
19:19:57,18.4853649
19:19:58,18.8697033
19:19:59,19.0751076
19:20:00,18.5354061
19:20:01,18.7193871
19:20:02,18.3856335
19:20:03,18.7386131
19:20:04,18.9779472
19:20:05,18.6269855
19:20:06,19.1343346
19:20:07,18.8787041
19:20:08,18.38036
19:20:09,18.5021648
19:20:10,18.974535
19:20:11,18.6386414
19:20:12,19.1202965
19:20:13,18.7187443
19:20:14,18.78553
19:20:15,19.3758183
19:20:16,19.0006065
19:20:17,19.1169472
19:20:18,19.0979233
19:20:19,19.037384
19:20:20,18.8920574
19:20:21,18.8236885
19:20:22,18.3120174
19:20:23,18.30164
19:20:24,18.3241749
19:20:25,18.5604973
19:20:26,18.81971
19:20:27,18.5191422
19:20:28,18.28887
19:20:29,18.2189884
19:20:30,17.9930611
19:20:31,18.0258083
19:20:32,17.3443127
19:20:33,17.0130959
19:20:34,16.9242077
19:20:35,16.7855644
19:20:36,17.5492249
19:20:37,17.8892956
19:20:38,18.73415
19:20:39,18.48808
19:20:40,19.56313
19:20:41,18.61018
19:20:42,18.44559
19:20:43,18.629921
19:20:44,18.60098
19:20:45,18.0582466
19:20:46,19.1322689
19:20:47,18.5589046
19:20:48,18.5719
19:20:49,18.818924
19:20:50,18.7990952
19:20:51,18.9215336
19:20:52,18.4124813
19:20:53,18.6986828
19:20:54,18.6531
19:20:56,19.0483131
19:20:57,19.3239956
19:20:58,18.56558
19:21:00,18.71382
19:21:01,18.857729
19:21:03,18.7636528
19:21:04,18.6874218
19:21:05,19.0574532
19:21:06,18.4042244
19:21:07,19.7911263
19:21:08,19.3561249
19:21:09,19.0522118
19:21:10,19.4152355
19:21:11,19.1564751
19:21:12,19.4183331
19:21:13,19.5116482
19:21:14,18.5725574
19:21:15,18.6428986
19:21:16,18.6664066
19:21:17,18.1373463
19:21:18,18.3297024
19:21:19,18.3530064
19:21:20,18.8456879
19:21:21,18.4964924
19:21:22,18.6010113
19:21:23,18.4955063
19:21:24,18.29111
19:21:25,17.5830841
19:21:26,18.7871647
19:21:27,19.3639164
19:21:28,18.6373234
19:21:29,19.5321331
19:21:30,18.9610233
19:21:31,19.29303
19:21:32,18.7523232
19:21:33,19.0263062
19:21:34,17.9554749
19:21:35,19.1853123
19:21:36,18.9954281
19:21:37,18.8833561
19:21:38,18.83764
19:21:39,18.4858513
19:21:40,18.7635269
19:21:41,18.87997
19:21:42,18.692152
19:21:43,19.340929
19:21:44,18.6874523
19:21:45,19.0027428
19:21:46,18.6613674
19:21:47,18.5522728
19:21:48,17.8651257
19:21:49,18.9558754
19:21:50,18.7669678
19:21:51,18.9131145
19:21:52,18.2070045
19:21:53,19.1227
19:21:54,18.2835045
19:21:55,18.9697342
19:21:56,18.24849
19:21:57,18.6391277
19:21:58,18.4514389
19:21:59,18.414753
19:22:00,18.9878445
19:22:01,18.4438553
19:22:02,18.9812374
19:22:03,18.6777573
19:22:04,19.127739
19:22:05,18.7714443
19:22:06,19.64559
19:22:07,19.1283245
19:22:08,18.7730923
19:22:09,18.7482548
19:22:10,18.81707
19:22:11,19.1316872
19:22:12,18.3494682
19:22:13,19.2494316
19:22:14,18.1179523
19:22:15,18.5281258
19:22:16,18.3022213
19:22:17,18.79011
19:22:18,18.85122
19:22:19,18.7023582
19:22:20,18.7933941
19:22:21,18.366436
19:22:22,18.72171
19:22:23,18.4251957
19:22:24,18.4931469
19:22:25,19.12505
19:22:26,19.3955
19:22:27,19.374773
19:22:28,18.7098026
19:22:29,18.2190952
19:22:30,18.8338757
19:22:31,17.9049835
19:22:32,17.3321266
19:22:33,17.292757
19:22:34,17.73216
19:22:35,17.1447754
19:22:36,16.9306984
19:22:37,17.6930523
19:22:38,19.1767
19:22:39,18.8712
19:22:40,18.9341183
19:22:41,18.5591583
19:22:42,18.3318024
19:22:43,18.8038673
19:22:44,18.49363
19:22:45,18.9359989
19:22:46,18.3749752
19:22:47,19.0044155
19:22:48,18.3387318
19:22:49,18.40073
19:22:50,19.2071743
19:22:51,17.9621658
19:22:52,19.3086643
19:22:53,18.2977448
19:22:54,19.1388359
19:22:55,19.1052761
19:22:56,18.6929626
19:22:57,19.13994
19:22:58,19.9250717
19:22:59,18.765913
19:23:00,18.6139774
19:23:01,19.1282864
19:23:02,18.8119583
19:23:03,18.9653034
19:23:04,19.07059
19:23:05,18.769928
19:23:06,18.8339272
19:23:07,18.5273018
19:23:08,18.9910984
19:23:09,18.73714
19:23:10,18.6171761
19:23:11,18.0986652
19:23:12,18.473465
19:23:13,17.9348145
19:23:14,19.04674
19:23:15,19.1666718
19:23:16,18.5691929
19:23:17,18.8046474
19:23:18,18.7960758
19:23:19,18.7055721
19:23:20,18.648119
19:23:21,18.73162
19:23:22,18.6344738
19:23:23,18.54554
19:23:24,19.0639114
19:23:25,18.6572113
19:23:26,18.2814178
19:23:27,19.0846443
19:23:28,18.93091
19:23:29,18.9903927
19:23:30,19.1900158
19:23:31,18.2478218
19:23:32,18.7944469
19:23:33,18.6544838
19:23:34,18.8462315
19:23:35,18.36328
19:23:36,19.1126728
19:23:37,18.9533863
19:23:38,18.53721
19:23:39,19.0518951
19:23:40,18.4323826
19:23:41,19.0408726
19:23:42,18.07826
19:23:43,18.86339
19:23:44,18.9400616
19:23:45,18.3840256
19:23:46,18.1833477
19:23:47,18.8724346
19:23:48,18.4054356
19:23:49,18.778553
19:23:50,18.4272518
19:23:51,17.9208488
19:23:52,18.1890221
19:23:53,19.1194153
19:23:54,18.33975
19:23:55,18.637434
19:23:56,18.7780781
19:23:57,19.1844559
19:23:58,18.4617634
19:23:59,19.0396233
19:24:00,18.7093163
19:24:01,18.9986115
19:24:02,18.7141171
19:24:03,18.9486828
19:24:04,19.010479
19:24:05,18.4628925
19:24:06,18.5866089
19:24:08,18.5840569
19:24:09,18.6803474
19:24:10,18.33237
19:24:11,19.113924
19:24:12,18.8020077
19:24:13,18.612402
19:24:14,19.2716637
19:24:15,18.6634121
19:24:16,19.2405663
19:24:17,19.1466255
19:24:18,19.064043
19:24:19,19.7580757
19:24:20,19.0525475
19:24:21,18.3173046
19:24:22,19.101265
19:24:23,19.1044941
19:24:24,18.34872
19:24:25,18.9971466
19:24:26,18.883131
19:24:27,18.51205
19:24:28,19.0729771
19:24:29,18.1026173
19:24:30,17.6919231
19:24:31,17.3937073
19:24:32,16.93181
19:24:33,17.0886517
19:24:34,17.3612041
19:24:35,17.5713463
19:24:36,16.7965546
19:24:37,17.4840851
19:24:38,18.617672
19:24:39,18.76052
19:24:40,19.2961121
19:24:41,19.28127
19:24:42,19.1469727
19:24:43,18.7894554
19:24:44,19.320797
19:24:45,18.9215031
19:24:46,18.548481
19:24:47,19.2910748
19:24:48,18.57067
19:24:49,18.7887478
19:24:50,18.6803474
19:24:51,19.0662689
19:24:52,18.7598953
19:24:53,18.71904
19:24:54,18.6879559
19:24:55,18.5910358
19:24:56,18.4437065
19:24:57,18.7961864
19:24:58,18.4787712
19:24:59,18.0891266
19:25:00,18.6986275
19:25:01,18.3450661
19:25:02,18.3887367
19:25:03,18.2914219
19:25:04,19.3948326
19:25:05,18.50575
19:25:06,18.43495
19:25:07,19.1069565
19:25:08,18.5907383
19:25:09,19.6449165
19:25:10,18.9613
19:25:11,18.68093
19:25:12,18.2724628
19:25:13,18.461
19:25:14,17.9995461
19:25:15,18.2519417
19:25:16,18.1847286
19:25:17,18.962
19:25:18,18.507782
19:25:19,18.17868
19:25:20,18.6571484
19:25:21,18.8086147
19:25:22,19.17268
19:25:23,18.311203
19:25:24,19.0705624
19:25:25,19.0942612
19:25:26,18.9708347
19:25:27,18.6860867
19:25:28,20.5702553
19:25:29,18.9975166
19:25:30,18.6483135
19:25:31,20.0492554
19:25:32,18.4821777
19:25:33,18.6652451
19:25:34,19.2389431
19:25:35,18.29356
19:25:36,18.53868
19:25:37,18.8893776
19:25:38,18.598772
19:25:39,18.097393
19:25:40,19.239748
19:25:41,18.286005
19:25:42,18.51465
19:25:43,18.6318951
19:25:44,18.4346313
19:25:45,19.15668
19:25:46,19.0991459
19:25:47,18.76333
19:25:48,19.0542011
19:25:49,18.27791
19:25:50,18.89301
19:25:51,18.878027
19:25:52,18.3340969
19:25:53,18.4199486
19:25:54,18.03834
19:25:55,18.4755611
19:25:56,18.71442
19:25:57,18.318428
19:25:58,18.8181973
19:25:59,18.5066967
19:26:00,18.6479435
19:26:01,18.62175
19:26:02,18.8159981
19:26:03,18.22286
19:26:04,18.8889885
19:26:05,18.5776215
19:26:06,19.3149624
19:26:07,17.9959526
19:26:08,18.7326355
19:26:09,19.2156258
19:26:10,19.12068
19:26:11,19.1354027
19:26:12,19.30273
19:26:13,18.72363
19:26:14,18.73973
19:26:15,18.7524185
19:26:16,18.58542
19:26:17,18.4590187
19:26:18,19.1827183
19:26:19,19.1352654
19:26:20,19.0115414
19:26:21,19.4319363
19:26:22,18.8110142
19:26:23,19.2702866
19:26:24,19.0930233
19:26:25,19.0688267
19:26:26,18.4021378
19:26:27,18.6496181
19:26:28,18.8062267
19:26:29,17.59069
19:26:30,17.607645
19:26:31,18.5948734
19:26:32,17.7954845
19:26:33,17.3076458
19:26:34,17.4417477
19:26:35,17.5400581
19:26:36,17.5674629
19:26:37,17.0157261
19:26:38,17.9763966
19:26:39,19.03468
19:26:40,18.4523678
19:26:41,18.4525375
19:26:42,18.51105
19:26:43,18.6489563
19:26:44,19.1878853
19:26:45,18.70693
19:26:46,18.2454929
19:26:47,18.59515
19:26:48,18.4713726
19:26:49,19.3809357
19:26:50,18.7209835
19:26:51,19.4821339
19:26:52,18.26148
19:26:53,18.8359623
19:26:54,18.8766174
19:26:55,18.49247
19:26:56,18.6139336
19:26:57,18.7183323
19:26:58,18.85456
19:26:59,18.2126522
19:27:00,17.8218327
19:27:01,18.62599
19:27:02,19.0904942
19:27:03,18.7193432
19:27:04,18.8530884
19:27:05,18.8119564
19:27:06,19.0399189
19:27:07,18.2874489
19:27:08,18.5088177
19:27:09,18.5633183
19:27:10,18.1532955
19:27:11,18.4586487
19:27:12,18.8762226
19:27:13,18.8308449
19:27:14,19.1441746
19:27:15,19.6394463
19:27:16,19.2540836
19:27:18,18.7617226
19:27:19,18.309021
19:27:20,18.1700153
19:27:21,18.4340267
19:27:22,18.90643
19:27:23,18.6518326
19:27:24,18.77248
19:27:25,19.22362
19:27:26,18.8587379
19:27:27,19.58513
19:27:28,19.00652
19:27:29,19.1298428
19:27:30,18.7520866
19:27:31,18.3036442
19:27:32,18.8188572
19:27:34,18.5815887
19:27:36,18.9111061
19:27:38,18.456583
19:27:39,18.54594
19:27:40,18.39374
19:27:41,18.6908035
19:27:42,18.52313
19:27:43,18.9483719
19:27:44,18.9129658
19:27:45,19.49876
19:27:46,19.23354
19:27:47,19.3370037
19:27:48,19.3646336
19:27:49,18.9681454
19:27:50,18.7847977
19:27:51,19.1828365
19:27:52,19.5671043
19:27:53,18.516943
19:27:54,18.6768951
19:27:55,19.1572113
19:27:56,19.2089119
19:27:57,19.4798126
19:27:58,18.71085
19:27:59,18.76127
19:28:00,18.7993011
19:28:01,18.0575371
19:28:02,19.0858
19:28:03,17.9595852
19:28:04,18.623785
19:28:05,18.4870834
19:28:06,19.14352
19:28:07,18.6397133
19:28:08,18.7332249
19:28:09,18.4836388
19:28:10,18.3155
19:28:11,18.6474667
19:28:12,18.5584
19:28:13,19.5470047
19:28:14,19.5171127
19:28:15,19.7023144
19:28:16,18.00981
19:28:17,19.8036156
19:28:18,19.2920952
19:28:19,19.3401737
19:28:20,18.9452877
19:28:21,19.0871162
19:28:22,18.1314964
19:28:23,18.7158127
19:28:24,18.7174721
19:28:25,18.1938858
19:28:26,18.6439228
19:28:27,18.5304642
19:28:28,19.1392689
19:28:29,17.3000317
19:28:30,17.1033058
19:28:31,17.7157459
19:28:32,16.9543839
19:28:33,17.7122326
19:28:34,17.3919544
19:28:35,17.1686954
19:28:36,16.7529583
19:28:37,16.8961449
19:28:38,16.5527477
19:28:39,18.0799389
19:28:40,17.6793785
19:28:41,17.8754654
19:28:42,16.9808712
19:28:43,17.3067989
19:28:44,17.8152542
19:28:45,17.2710438
19:28:46,16.8617229
19:28:47,17.43782
19:28:48,17.0954361
19:28:49,18.4154034
19:28:50,16.9025555
19:28:51,17.03265
19:28:52,17.6421185
19:28:53,17.3332558
19:28:54,16.8217735
19:28:55,17.52868
19:28:56,18.64915
19:28:57,19.6850147
19:28:58,17.9460354
19:28:59,18.8026447
19:29:00,18.0447121
19:29:01,18.999361
19:29:02,18.2676182
19:29:03,18.78284
19:29:04,18.7827244
19:29:05,18.1962166
19:29:06,18.7990589
19:29:07,18.5854683
19:29:08,18.7947044
19:29:09,18.5793839
19:29:10,18.3191071
19:29:11,18.9317112
19:29:12,17.56084
19:29:13,18.87465
19:29:14,18.7499428
19:29:15,18.2259483
19:29:16,18.5217781
19:29:17,18.7681713
19:29:18,18.64401
19:29:19,18.45335
19:29:20,18.7035332
19:29:21,18.552227
19:29:22,18.5647316
19:29:23,18.5879612
19:29:24,18.5297089
19:29:25,18.4113884
19:29:26,18.425848
19:29:27,18.768671
19:29:28,19.2428513
19:29:29,18.6931915
19:29:30,19.1941662
19:29:31,18.903265
19:29:32,18.9443417
19:29:33,19.20156
19:29:34,19.36915
19:29:35,18.6471939
19:29:36,18.889534
19:29:37,18.2664547
19:29:38,18.4254951
19:29:39,18.053154
19:29:40,18.59746
19:29:41,18.9494762
19:29:42,19.11102
19:29:43,18.5639515
19:29:44,18.4780045
19:29:45,18.2990551
19:29:46,18.6482239
19:29:47,19.6219444
19:29:48,18.6460838
19:29:49,18.2605553
19:29:50,19.0196152
19:29:51,18.6298332
19:29:52,18.3779087
19:29:53,18.3659248
19:29:54,18.3174286
19:29:55,18.43735
19:29:56,18.444088
19:29:57,18.8371429
19:29:58,18.7880421
19:29:59,18.83762
19:30:00,19.0787868
19:30:01,18.19761
19:30:02,18.25434
19:30:04,18.4548626
19:30:05,18.8394222
19:30:06,18.40588
19:30:07,18.8115559
19:30:08,18.9228325
19:30:09,18.5042629
19:30:10,19.0148239
19:30:11,18.5418663
19:30:12,18.7597351
19:30:13,18.9888763
19:30:14,19.0015221
19:30:15,18.8852711
19:30:16,19.3840675
19:30:17,18.62364
19:30:18,18.18148
19:30:19,18.46608
19:30:20,19.32155
19:30:21,18.4784946
19:30:22,18.827879
19:30:23,19.4049377
19:30:24,19.7553368
19:30:25,19.9482784
19:30:26,19.0170841
19:30:27,19.1851368
19:30:28,18.92428
19:30:29,18.9814415
19:30:30,18.8657589
19:30:31,19.21667
19:30:32,19.3263512
19:30:33,18.9097157
19:30:34,18.6632748
19:30:35,18.9501286
19:30:36,18.2711143
19:30:37,18.8362579
19:30:38,19.0910854
19:30:39,19.4870319
19:30:40,18.8838673
19:30:41,18.45553
19:30:42,18.4867
19:30:43,18.573103
19:30:44,18.388382
19:30:45,18.8975468
19:30:46,18.2801018
19:30:47,18.3862
19:30:48,18.0752449
19:30:49,17.3701878
19:30:50,17.1298046
19:30:51,17.9232845
19:30:52,18.2344379
19:30:53,17.1523132
19:30:54,17.23965
19:30:55,16.8146114
19:30:56,17.16406
19:30:57,17.2830582
19:30:58,18.1570339
19:30:59,18.4273
19:31:00,18.0505447
19:31:01,18.40072
19:31:02,18.15751
19:31:03,18.5031319
19:31:04,18.9577885
19:31:05,18.0467148
19:31:06,18.8447437
19:31:07,17.9532127
19:31:08,18.9419765
19:31:09,18.3876648
19:31:10,18.7446079
19:31:11,18.85093
19:31:12,18.60329
19:31:13,18.8162727
19:31:14,18.616745
19:31:15,19.1106873
19:31:16,19.3265686
19:31:17,19.04355
19:31:18,19.2734032
19:31:19,19.1900444
19:31:20,18.279562
19:31:21,18.96107
19:31:22,18.35612
19:31:23,18.4170036
19:31:24,18.8953915
19:31:25,18.7392826
19:31:26,18.8411217
19:31:27,18.6520844
19:31:28,19.1975613
19:31:29,18.5599766
19:31:30,18.28214
19:31:31,18.0574551
19:31:32,18.9457684
19:31:33,19.0807037
19:31:34,19.1243973
19:31:35,18.4708958
19:31:36,19.3455715
19:31:37,18.51493
19:31:38,18.7176838
19:31:39,18.8997173
19:31:40,18.337532
19:31:41,18.8907852
19:31:42,19.7110367
19:31:43,18.3086777
19:31:44,18.74874
19:31:45,18.4746323
19:31:46,18.6392269
19:31:47,18.4188156
19:31:48,18.5703812
19:31:49,18.4692745
19:31:50,18.5904255
19:31:51,18.4156437
19:31:52,18.2663612
19:31:53,18.4894314
19:31:54,18.3677731
19:31:55,18.77734
19:31:56,18.86586
19:31:57,19.3547249
19:31:58,18.39922
19:31:59,18.66763
19:32:00,18.7823467
19:32:01,19.3616447
19:32:02,19.25597
19:32:03,18.4308052
19:32:04,18.4986668
19:32:05,18.2413616
19:32:06,18.025877
19:32:07,18.1058769
19:32:08,18.6111012
19:32:09,18.9554367
19:32:10,19.0266533
19:32:11,18.53823
19:32:12,19.038744
19:32:13,18.5814285
19:32:14,18.7405529
19:32:15,18.7956543
19:32:16,18.7040958
19:32:17,18.9876842
19:32:18,18.74792
19:32:19,18.76542
19:32:20,18.1111717
19:32:21,18.8793011
19:32:22,17.4694748
19:32:23,19.3378277
19:32:24,18.2411327
19:32:25,18.7768764
19:32:26,18.2113934
19:32:27,18.3871155
19:32:28,18.6129475
19:32:29,18.7808857
19:32:30,18.7284985
19:32:31,18.88723
19:32:32,19.0014114
19:32:33,18.948698
19:32:34,18.929409
19:32:35,18.9301853
19:32:36,18.5330734
19:32:37,19.2487259
19:32:38,19.2810516
19:32:39,19.624155
19:32:40,18.788187
19:32:41,19.412468
19:32:42,19.1653652
19:32:43,18.3399734
19:32:44,18.4930916
19:32:45,19.1149673
19:32:46,18.2079468
19:32:47,18.43588
19:32:48,17.0537968
19:32:49,16.7742329
19:32:50,17.9021645
19:32:51,16.9434872
19:32:52,17.34872
19:32:53,17.433176
19:32:54,17.4621754
19:32:55,16.8799553
19:32:56,17.521883
19:32:57,18.5733414
19:32:58,19.0783978
19:32:59,18.8145981
19:33:00,18.9011574
19:33:01,18.3392773
19:33:02,18.6362267
19:33:03,18.5163822
19:33:04,18.79959
19:33:05,18.82472
19:33:06,18.5337181
19:33:07,17.71777
19:33:08,19.0273571
19:33:09,18.7652416
19:33:11,18.9830742
19:33:13,18.8016758
19:33:14,18.6903324
19:33:16,17.8971176
19:33:17,18.6224079
19:33:18,18.43298
19:33:19,18.9458542
19:33:20,19.0847626
19:33:21,18.588047
19:33:22,18.921648
19:33:23,19.09363
19:33:24,18.6530285
19:33:25,18.8475285
19:33:26,18.0753746
19:33:27,18.4037628
19:33:28,18.2711678
19:33:29,19.3283386
19:33:30,18.79669
19:33:31,18.9091072
19:33:32,18.6374378
19:33:33,19.3306427
19:33:34,18.5809937
19:33:35,19.2529736
19:33:36,18.8264961
19:33:37,18.84709
19:33:38,19.00256
19:33:39,18.3815289
19:33:40,18.8688316
19:33:41,18.41194
19:33:42,18.7850132
19:33:43,18.6533985
19:33:44,19.0792255
19:33:45,19.1493015
19:33:46,17.4922466
19:33:47,18.6530876
19:33:48,18.69929
19:33:49,18.6205521
19:33:50,18.1569939
19:33:51,18.8034172
19:33:52,18.6484718
19:33:53,18.6276455
19:33:54,18.2722168
19:33:55,18.4268932
19:33:56,18.6958828
19:33:57,18.5424271
19:33:58,18.9880753
19:33:59,18.9615326
19:34:00,17.9066849
19:34:01,19.0896
19:34:02,18.8664551
19:34:03,18.262682
19:34:04,18.45907
19:34:05,18.5748749
19:34:06,18.6006985
19:34:07,18.4957676
19:34:08,19.36275
19:34:09,18.5120964
19:34:10,19.1736259
19:34:11,18.4029388
19:34:12,18.5693951
19:34:13,18.6160355
19:34:14,19.0137177
19:34:15,19.1949844
19:34:16,19.0515671
19:34:17,18.8760719
19:34:18,19.0155144
19:34:19,18.9537163
19:34:20,18.72471
19:34:21,18.4416313
19:34:22,19.530817
19:34:23,19.1671524
19:34:24,18.799263
19:34:25,18.5343857
19:34:26,18.5434551
19:34:27,18.2036667
19:34:28,18.8244686
19:34:29,18.5477543
19:34:30,18.867403
19:34:31,18.8967628
19:34:32,18.7923813
19:34:33,17.8061028
19:34:34,18.8646812
19:34:35,18.3736
19:34:36,18.7717762
19:34:37,18.876215
19:34:38,18.5523815
19:34:39,18.4415874
19:34:40,18.4764519
19:34:41,19.022089
19:34:42,19.2910156
19:34:43,18.8925915
19:34:44,19.08208
19:34:45,18.7509613
19:34:46,19.17939
19:34:47,18.5011444
19:34:48,18.0335369
19:34:49,17.2220364
19:34:50,17.3236427
19:34:51,18.235384
19:34:52,17.6566315
19:34:53,16.8404236
19:34:54,17.2326775
19:34:55,17.8298244
19:34:56,17.3694916
19:34:57,17.4869957
19:34:58,18.898056
19:34:59,18.739954
19:35:00,18.1377316
19:35:01,18.5211754
19:35:02,18.6255016
19:35:03,18.4310627
19:35:04,18.73211
19:35:05,18.4264755
19:35:06,18.09269
19:35:07,18.8700848
19:35:08,18.9849167
19:35:09,18.8547211
19:35:10,19.2938614
19:35:11,18.7174473
19:35:12,18.7497673
19:35:13,18.9487381
19:35:14,18.94383
19:35:15,19.3117867
19:35:16,18.8214626
19:35:17,19.4350414
19:35:18,18.518486
19:35:19,18.9155769
19:35:20,18.91245
19:35:21,18.597517
19:35:22,18.44472
19:35:23,19.367672
19:35:24,18.224865
19:35:25,18.56656
19:35:26,17.8850517
19:35:27,18.821991
19:35:28,17.9301281
19:35:29,19.0700436
19:35:30,18.46557
19:35:31,19.2599545
19:35:32,18.8707161
19:35:33,19.14336
19:35:34,18.9054012
19:35:35,19.1517048
19:35:36,19.2206059
19:35:37,18.9338913
19:35:38,19.0677223
19:35:39,18.1432838
19:35:40,19.3784866
19:35:41,18.9355278
19:35:42,19.6415367
19:35:43,19.6611652
19:35:44,19.7944775
19:35:45,20.2431774
19:35:46,19.69424
19:35:47,19.5639229
19:35:48,18.6511078
19:35:49,18.6739788
19:35:50,18.8159771
19:35:51,18.1730747
19:35:52,19.10041
19:35:53,19.0794868
19:35:54,20.176693
19:35:55,19.5635529
19:35:56,19.2711411
19:35:57,18.5936584
19:35:58,19.1053963
19:35:59,17.8670921
19:36:00,18.473608
19:36:01,18.666111
19:36:02,18.8644657
19:36:04,18.3678341
19:36:05,18.32734
19:36:07,18.8048172
19:36:08,19.2364178
19:36:09,18.2267017
19:36:11,18.6348667
19:36:13,18.42681
19:36:14,18.8105564
19:36:15,18.1882935
19:36:16,18.9824963
19:36:17,19.38948
19:36:18,18.3043442
19:36:19,19.4292564
19:36:20,19.0605946
19:36:21,19.0878887
19:36:22,18.5800343
19:36:23,19.1386757
19:36:24,18.5862026
19:36:25,17.8495445
19:36:26,18.6226425
19:36:27,18.9703846
19:36:28,18.9013634
19:36:29,18.2091713
19:36:30,18.9526577
19:36:31,18.4813232
19:36:32,19.0196552
19:36:33,18.8699017
19:36:34,18.9359264
19:36:35,18.6518974
19:36:36,19.2024517
19:36:37,18.2567921
19:36:38,18.5458565
19:36:39,18.6596375
19:36:40,18.8319149
19:36:41,18.8071938
19:36:42,19.06207
19:36:43,18.38152
19:36:44,18.5015564
19:36:45,18.1918659
19:36:46,19.05237
19:36:47,18.42965
19:36:48,19.0693417
19:36:49,16.80471
19:36:50,17.544735
19:36:51,17.0647125
19:36:52,17.52595
19:36:53,17.8114071
19:36:54,17.1206226
19:36:55,17.5554619
19:36:56,18.01025
19:36:57,17.9558754
19:36:58,19.2978134
19:36:59,19.02339
19:37:00,17.9014473
19:37:01,18.7728577
19:37:02,19.076067
19:37:03,18.413414
19:37:04,18.8026485
19:37:05,18.5682
19:37:06,18.97066
19:37:07,18.106575
19:37:08,18.970335
19:37:09,18.2830353
19:37:10,18.8174286
19:37:11,18.4059544
19:37:12,18.5727978
19:37:13,18.6741
19:37:14,18.44298
19:37:15,19.0227566
19:37:16,18.635828
19:37:17,19.06136
19:37:18,18.5817127
19:37:19,18.26049
19:37:20,17.9905949
19:37:21,19.7002239
19:37:22,19.8136215
19:37:23,18.9012566
19:37:24,19.362196
19:37:25,19.3509769
19:37:26,18.5151043
19:37:27,18.229908
19:37:28,18.636692
19:37:29,18.7605915
19:37:30,18.70152
19:37:31,19.2046089
19:37:32,19.3338356
19:37:33,19.2169743
19:37:34,19.7967
19:37:35,19.5590343
19:37:36,19.6673
19:37:37,18.3052559
19:37:38,18.5482445
19:37:39,19.41942
19:37:40,18.33104
19:37:41,19.1346951
19:37:42,18.5233269
19:37:43,18.6832981
19:37:44,17.8226528
19:37:45,18.97991
19:37:46,18.9442158
19:37:47,18.3380928
19:37:48,18.75306
19:37:49,18.8550968
19:37:50,18.3064213
19:37:51,18.9500828
19:37:52,18.6057968
19:37:53,18.2379246
19:37:54,18.6818371
19:37:55,18.4548416
19:37:56,19.0215721
19:37:57,18.513176
19:37:58,18.54287
19:37:59,18.6734676
19:38:00,18.7591228
19:38:01,18.577013
19:38:02,18.5667133
19:38:03,18.94977
19:38:04,19.21643
19:38:05,18.3108921
19:38:06,19.1539536
19:38:07,18.6856346
19:38:08,18.4514313
19:38:09,18.5354671
19:38:10,18.4732685
19:38:11,18.373394
19:38:12,18.34681
19:38:13,19.20189
19:38:14,18.8266621
19:38:15,18.6423569
19:38:16,19.0602665
19:38:17,18.9110985
19:38:18,18.4109535
19:38:19,18.3915024
19:38:20,19.1355343
19:38:21,18.4865131
19:38:22,18.5322666
19:38:23,18.6320553
19:38:24,18.146452
19:38:25,18.986124
19:38:26,18.8431034
19:38:27,19.0074921
19:38:28,18.7368031
19:38:29,19.6854134
19:38:30,18.4928265
19:38:31,18.9667358
19:38:32,18.7726173
19:38:33,18.8057461
19:38:34,19.2943974
19:38:35,19.36147
19:38:36,19.1991787
19:38:37,19.3877964
19:38:38,19.39251
19:38:39,19.59009
19:38:40,19.66364
19:38:41,19.3547421
19:38:42,19.9223537
19:38:43,19.1772823
19:38:44,19.4703026
19:38:45,19.01211
19:38:46,18.90835
19:38:47,19.2363567
19:38:48,19.40841
19:38:49,18.1161327
19:38:50,17.1518841
19:38:51,17.1736984
19:38:52,17.78423
19:38:54,17.0611324
19:38:56,17.27007
19:38:57,17.4422855
19:38:59,18.0464649
19:39:00,18.6532841
19:39:01,18.7134666
19:39:02,19.48175
19:39:03,19.0754089
19:39:04,18.9689331
19:39:05,19.72285
19:39:06,19.2182636
19:39:07,19.3711033
19:39:08,18.8210964
19:39:09,19.23468
19:39:10,18.0424786
19:39:11,18.70253
19:39:12,19.00008
19:39:13,17.95176
19:39:14,18.9733219
19:39:15,18.8542213
19:39:16,19.4357338
19:39:17,18.8335171
19:39:18,18.9992161
19:39:19,18.4117374
19:39:20,18.57749
19:39:21,18.7796459
19:39:22,18.9315948
19:39:23,18.6005669
19:39:24,18.1002045
19:39:25,18.9901714
19:39:26,18.6440258
19:39:27,19.5734978
19:39:28,19.6159477
19:39:29,19.5766735
19:39:30,19.0961475
19:39:31,19.09431
19:39:32,18.8239269
19:39:33,18.84855
19:39:34,18.4244118
19:39:35,18.5989
19:39:36,18.6991749
19:39:37,18.8957958
19:39:38,18.5763626
19:39:39,18.729044
19:39:40,19.1445484
19:39:41,18.4746838
19:39:42,18.545414
19:39:43,18.4012756
19:39:44,18.6868534
19:39:45,18.5187473
19:39:46,18.7634659
19:39:47,18.355917
19:39:48,18.672121
19:39:49,18.8917522
19:39:50,18.1530075
19:39:51,18.824934
19:39:52,18.1467285
19:39:53,19.3077488
19:39:54,18.78332
19:39:55,19.5055218
19:39:56,18.2878475
19:39:57,19.2844276
19:39:58,18.4505482
19:39:59,18.9827824
19:40:00,18.5375614
19:40:01,18.679451
19:40:02,18.7793865
19:40:03,18.3409081
19:40:04,19.0802326
19:40:05,18.3661327
19:40:06,18.7339211
19:40:07,18.94321
19:40:08,18.5951061
19:40:09,18.62903
19:40:10,18.85508
19:40:11,18.6307411
19:40:12,18.8974819
19:40:13,18.8495979
19:40:14,18.9564571
19:40:15,18.5610218
19:40:16,18.56165
19:40:17,19.0877647
19:40:18,18.78376
19:40:19,18.2554321
19:40:20,18.7247829
19:40:21,18.47095
19:40:22,19.0360966
19:40:23,19.1188
19:40:24,18.6834259
19:40:25,18.205492
19:40:26,17.9339848
19:40:27,18.8617783
19:40:28,18.4377632
19:40:29,18.2013073
19:40:30,19.0077972
19:40:31,18.80578
19:40:32,18.5790348
19:40:33,18.69208
19:40:34,18.7763634
19:40:35,18.5519352
19:40:36,18.77426
19:40:37,18.4719353
19:40:38,18.04463
19:40:39,18.7361584
19:40:40,18.7724018
19:40:41,18.44925
19:40:42,18.6144962
19:40:43,19.4102688
19:40:44,18.43147
19:40:45,18.7626534
19:40:46,18.8566418
19:40:47,18.8408527
19:40:48,17.4589043
19:40:49,16.5773125
19:40:50,17.7173386
19:40:51,17.569931
19:40:52,17.7195148
19:40:53,17.3012562
19:40:54,17.17171
19:40:55,17.1161652
19:40:56,17.30871
19:40:57,17.7865448
19:40:58,18.1493187
19:40:59,18.6979256
19:41:00,18.51573
19:41:01,18.6966152
19:41:02,19.2037868
19:41:03,18.4528961
19:41:04,18.7251472
19:41:05,19.01279
19:41:06,19.0910454
19:41:07,19.3766575
19:41:08,19.0652924
19:41:09,18.7408886
19:41:10,18.5776558
19:41:11,19.2024746
19:41:12,18.8394241
19:41:13,18.4850121
19:41:14,19.01612
19:41:15,19.6097927
19:41:16,18.8143311
19:41:17,18.5858555
19:41:19,18.0519676
19:41:20,18.6347027
19:41:21,18.59221
19:41:22,17.9457531
19:41:23,19.0050545
19:41:24,18.1116734
19:41:25,18.36419
19:41:26,18.5261364
19:41:27,18.7700825
19:41:28,18.3576469
19:41:29,19.2013912
19:41:30,18.570013
19:41:31,19.22778
19:41:32,18.484726
19:41:33,19.2295628
19:41:34,18.2832069
19:41:35,18.2149258
19:41:36,18.6115227
19:41:37,18.45673
19:41:38,19.2409725
19:41:39,18.719593
19:41:40,19.3915558
19:41:41,18.8885078
19:41:42,18.7377224
19:41:43,18.9672279
19:41:44,18.0852051
19:41:45,18.6597652
19:41:46,18.3652935
19:41:47,18.8398857
19:41:48,18.3235645
19:41:49,19.377903
19:41:50,18.1606
19:41:51,18.882803
19:41:52,18.12256
19:41:53,18.3468475
19:41:54,18.5804081
19:41:55,19.3449039
19:41:56,18.66411
19:41:57,18.5140533
19:41:58,18.8825569
19:41:59,18.9167328
19:42:00,18.3114452
19:42:01,18.26702
19:42:02,18.9851418
19:42:03,18.22135
19:42:04,19.1331825
19:42:05,19.0975857
19:42:06,18.50794
19:42:07,18.366478
19:42:08,18.7083149
19:42:09,18.9795532
19:42:10,18.7723083
19:42:11,18.2145157
19:42:12,18.89265
19:42:13,18.21138
19:42:14,19.115654
19:42:15,18.4556
19:42:16,18.4118271
19:42:17,18.57814
19:42:19,18.44281
19:42:20,18.86824
19:42:21,18.3131371
19:42:22,18.5870075
19:42:23,18.45503
19:42:24,18.53033
19:42:25,19.4587936
19:42:26,18.989397
19:42:27,19.3286724
19:42:28,18.37353
19:42:29,18.8288479
19:42:30,18.5249748
19:42:32,18.6032715
19:42:33,18.4281483
19:42:34,18.6118526
19:42:35,18.7260513
19:42:36,18.73696
19:42:37,18.6270027
19:42:38,19.2525177
19:42:39,19.3240223
19:42:40,18.253
19:42:41,18.6089916
19:42:42,17.9757462
19:42:43,18.1960526
19:42:44,18.6506672
19:42:45,18.37805
19:42:46,18.1900883
19:42:47,18.18379
19:42:48,18.1193848
19:42:49,17.4818573
19:42:50,17.8639164
19:42:51,17.37129
19:42:52,17.6842957
19:42:53,17.2521439
19:42:54,18.2575684
19:42:55,17.8151817
19:42:56,16.916893
19:42:57,17.481308
19:42:58,18.7992382
19:42:59,18.9380417
19:43:00,18.7400188
19:43:01,18.3890762
19:43:02,18.07021
19:43:03,18.6872368
19:43:04,18.9361038
19:43:05,18.8771553
19:43:06,18.2819881
19:43:07,18.0512962
19:43:08,18.23113
19:43:09,18.3546352
19:43:10,19.25427
19:43:11,19.0148315
19:43:12,18.71766
19:43:13,18.6524868
19:43:14,18.5957279
19:43:15,18.86541
19:43:16,19.0747375
19:43:17,19.67498
19:43:18,18.4392776
19:43:19,18.4846554
19:43:20,18.2737045
19:43:21,18.8175564
19:43:22,18.3943214
19:43:23,18.7177219
19:43:24,18.4737988
19:43:25,18.440712
19:43:26,18.5346966
19:43:27,18.6220131
19:43:28,17.95267
19:43:29,18.3111877
19:43:30,18.9613171
19:43:31,18.4301357
19:43:32,19.0166664
19:43:33,18.3233166
19:43:34,18.3016663
19:43:35,19.4333057
19:43:36,18.8578987
19:43:37,19.6503716
19:43:38,18.9127617
19:43:39,19.4377384
19:43:40,18.6483612
19:43:41,18.56008
19:43:42,19.6864338
19:43:43,18.8523979
19:43:44,18.9189644
19:43:45,19.3228321
19:43:46,19.0024014
19:43:47,19.386673
19:43:48,18.499445
19:43:49,19.1463642
19:43:50,19.6982765
19:43:51,19.7012157
19:43:52,19.1446667
19:43:53,19.5456371
19:43:54,19.1015568
19:43:55,19.21011
19:43:56,19.5270634
19:43:57,19.4322433
19:43:58,19.5231037
19:43:59,19.0932636
19:44:00,18.9827881
19:44:01,19.65155
19:44:02,19.14998
19:44:03,19.2866383
19:44:04,19.6758385
19:44:05,19.6225452
19:44:06,18.9083042
19:44:07,19.5804787
19:44:08,19.2090912
19:44:09,19.0212879
19:44:10,19.1927586
19:44:11,18.3613548
19:44:12,18.3731384
19:44:13,18.6449013
19:44:14,18.8469524
19:44:15,19.0941753
19:44:16,18.5197868
19:44:17,19.2004662
19:44:18,19.4561481
19:44:19,18.8355217
19:44:20,18.20878
19:44:21,19.30919
19:44:22,19.4594479
19:44:23,18.83893
19:44:24,18.54022
19:44:25,18.6966267
19:44:26,18.0897789
19:44:27,18.5611687
19:44:28,18.6627083
19:44:29,18.8923836
19:44:30,18.5209
19:44:31,18.6029377
19:44:32,18.6973839
19:44:33,19.230526
19:44:34,19.0798073
19:44:35,18.4318523
19:44:36,18.395565
19:44:37,18.3478184
19:44:38,19.2603664
19:44:39,18.3698139
19:44:40,18.93583
19:44:41,18.7716942
19:44:42,18.3588047
19:44:43,19.2134247
19:44:44,18.2041
19:44:45,18.7070923
19:44:46,18.4945564
19:44:47,18.8665733
19:44:48,17.8617764
19:44:49,17.4663525
19:44:50,17.4792843
19:44:51,17.6949177
19:44:52,17.4250164
19:44:53,17.5808735
19:44:54,17.2868824
19:44:55,17.8213749
19:44:56,17.7581348
19:44:57,18.7009125
19:44:58,18.76456
19:45:00,18.5562267
19:45:01,19.1744213
19:45:02,18.9140816
19:45:03,19.3229885
19:45:04,18.8499622
19:45:05,19.1335621
19:45:06,18.4186573
19:45:07,18.2654514
19:45:08,18.3060932
19:45:10,19.3810043
19:45:11,18.7512245
19:45:13,19.64166
19:45:14,18.0146217
19:45:15,19.12678
19:45:16,19.0086
19:45:17,19.19534
19:45:19,18.4218254
19:45:20,18.91116
19:45:21,19.11995
19:45:22,18.4393425
19:45:23,19.3047924
19:45:24,18.6258583
19:45:25,18.77789
19:45:26,18.1896839
19:45:27,19.085638
19:45:28,18.478756
19:45:29,19.4848
19:45:30,18.8412933
19:45:31,18.0635834
19:45:32,18.7765656
19:45:33,18.4065914
19:45:34,18.2525826
19:45:35,18.2393131
19:45:36,18.50413
19:45:37,19.0187111
19:45:38,18.9175587
19:45:39,18.6223621
19:45:40,18.7065716
19:45:41,18.63749
19:45:42,18.1346283
19:45:43,18.7418
19:45:44,18.3006248
19:45:45,18.7286682
19:45:46,18.4600353
19:45:47,17.8847141
19:45:48,18.965044
19:45:49,18.7457275
19:45:50,18.6507626
19:45:51,18.5590019
19:45:52,18.0879765
19:45:53,18.7986279
19:45:54,18.7569065
19:45:55,18.9196
19:45:56,18.49613
19:45:57,18.018343
19:45:58,18.5917358
19:45:59,19.544714
19:46:00,18.9956932
19:46:01,18.9485626
19:46:02,18.5781364
19:46:03,19.6040459
19:46:04,18.9730854
19:46:05,18.3927765
19:46:06,18.5099888
19:46:07,18.722723
19:46:08,18.3778133
19:46:09,18.9841652
19:46:10,18.2352085
19:46:11,18.3028526
19:46:12,18.9357433
19:46:13,18.0394421
19:46:14,18.8275642
19:46:15,18.3745289
19:46:16,18.5278378
19:46:17,18.7003212
19:46:18,18.6781063
19:46:19,18.3822422
19:46:20,17.8974934
19:46:21,18.249794
19:46:22,18.8627758
19:46:23,18.65461
19:46:24,18.6124344
19:46:25,18.7495728
19:46:26,18.7771626
19:46:27,18.78513
19:46:28,18.3020077
19:46:29,18.7794724
19:46:30,17.8986855
19:46:31,19.0693321
19:46:32,18.6200714
19:46:33,19.60341
19:46:34,18.1586189
19:46:35,18.6211033
19:46:36,18.5530338
19:46:37,18.61534
19:46:38,18.8073616
19:46:39,18.53628
19:46:40,18.943121
19:46:41,19.1624432
19:46:42,18.8231468
19:46:43,19.0153542
19:46:44,19.2167454
19:46:45,18.4837952
19:46:46,19.3588123
19:46:47,18.6662369
19:46:48,18.21501
19:46:49,17.47917
19:46:50,17.2660942
19:46:51,16.8177662
19:46:52,17.67551
19:46:53,17.4309063
19:46:54,17.6587257
19:46:55,17.4209538
19:46:56,17.3471622
19:46:57,17.5550766
19:46:58,18.1050663
19:46:59,19.0441875
19:47:00,18.88833
19:47:01,19.540062
19:47:02,18.2661743
19:47:03,19.4524574
19:47:04,19.4170761
19:47:05,18.7942066
19:47:06,19.4001484
19:47:07,18.7186222
19:47:08,18.9812183
19:47:09,19.2210884
19:47:10,19.00563
19:47:11,18.7745266
19:47:12,19.2579041
19:47:13,18.33808
19:47:14,19.22394
19:47:15,18.7073975
19:47:16,18.7421227
19:47:17,19.4701748
19:47:18,18.6679974
19:47:19,19.13582
19:47:20,19.2462559
19:47:21,19.4986477
19:47:22,18.8941116
19:47:23,18.85054
19:47:24,18.8746128
19:47:25,18.7523518
19:47:26,18.2129726
19:47:27,19.06153
19:47:28,18.6544952
19:47:29,18.8217278
19:47:30,18.2749119
19:47:31,18.79353
19:47:32,18.6049576
19:47:33,18.85372
19:47:34,18.9163952
19:47:35,19.0938282
19:47:36,18.81293
19:47:37,18.6572266
19:47:38,18.3740654
19:47:39,18.79171
19:47:40,18.4507141
19:47:41,18.119894
19:47:42,18.8850613
19:47:43,18.795332
19:47:44,19.340229
19:47:45,18.36973
19:47:46,18.2043381
19:47:47,18.5193539
19:47:48,18.3610535
19:47:49,18.6438255
19:47:50,18.9403477
19:47:51,18.9612961
19:47:52,18.2709942
19:47:53,18.41993
19:47:54,18.56442
19:47:55,18.51357
19:47:56,18.5941811
19:47:57,18.69272
19:47:58,18.69199
19:47:59,19.09082
19:48:00,18.5748253
19:48:01,19.0273781
19:48:02,18.1554241
19:48:03,18.0545368
19:48:04,18.8064728
19:48:05,18.6707764
19:48:06,18.6292534
19:48:07,18.2902
19:48:08,19.225769
19:48:09,18.0530167
19:48:10,19.114481
19:48:11,19.053215
19:48:12,18.79297
19:48:13,19.0037174
19:48:14,18.3707733
19:48:15,19.34435
19:48:16,18.9187241
19:48:17,18.6736221
19:48:19,18.68079
19:48:20,17.776638
19:48:21,18.441349
19:48:22,18.73355
19:48:23,18.4168777
19:48:24,18.3918743
19:48:25,18.7128868
19:48:27,18.70486
19:48:28,18.22417
19:48:29,17.9200535
19:48:30,18.2080421
19:48:31,18.6506577
19:48:32,18.9125328
19:48:33,18.6874352
19:48:34,18.46422
19:48:35,18.94302
19:48:36,18.9550552
19:48:37,19.1764545
19:48:38,18.6879482
19:48:39,18.03764
19:48:40,18.7653942
19:48:41,18.4732933
19:48:42,19.40109
19:48:43,18.2410316
19:48:44,17.9301643
19:48:45,18.930706
19:48:46,18.0354862
19:48:47,18.4892921
19:48:48,18.76891
19:48:49,17.2120876
19:48:50,17.6045475
19:48:51,17.6512947
19:48:52,17.4343185
19:48:53,18.1198311
19:48:54,16.90423
19:48:55,17.0196133
19:48:56,17.1328259
19:48:57,17.0996227
19:48:58,18.8863678
19:48:59,18.7922287
19:49:00,18.4801025
19:49:01,18.7412357
19:49:02,18.44699
19:49:03,18.796524
19:49:04,18.8708553
19:49:05,18.40744
19:49:06,18.7039032
19:49:07,18.8276272
19:49:08,18.47871
19:49:09,18.5968971
19:49:10,18.6668148
19:49:11,18.6722832
19:49:12,18.7656937
19:49:13,18.3774757
19:49:14,18.3807068
19:49:15,18.9046745
19:49:16,18.8785477
19:49:17,19.6434364
19:49:18,19.2256584
19:49:19,18.9396324
19:49:20,19.2538643
19:49:21,18.9176636
19:49:22,18.566206
19:49:23,18.78646
19:49:24,18.5973625
19:49:25,19.4423714
19:49:26,18.552866
19:49:27,19.6221085
19:49:28,19.2405682
19:49:29,19.4570065
19:49:30,18.8603916
19:49:31,18.96381
19:49:32,18.9826221
19:49:33,19.71992
19:49:34,19.1215954
19:49:35,19.5157967
19:49:36,18.7311115
19:49:37,19.5676079
19:49:38,18.4817734
19:49:39,19.2824821
19:49:40,19.0969028
19:49:41,18.9804058
19:49:42,17.970026
19:49:43,19.25037
19:49:44,18.6332436
19:49:45,18.5018425
19:49:46,18.0556583
19:49:47,18.5099983
19:49:48,18.636343
19:49:49,18.3122673
19:49:50,18.459774
19:49:51,17.9727268
19:49:52,19.0844383
19:49:53,18.74395
19:49:54,19.1195221
19:49:55,18.19956
19:49:56,19.1863251
19:49:57,19.1385479
19:49:58,18.7195263
19:49:59,18.6704712
19:50:00,19.691843
19:50:01,19.2522774
19:50:02,18.17092
19:50:03,18.6652164
19:50:04,18.8495045
19:50:05,18.1731243
19:50:06,19.0437336
19:50:07,18.7294426
19:50:08,19.1619053
19:50:09,18.5096264
19:50:10,18.9565372
19:50:11,19.19482
19:50:12,18.9242382
19:50:13,18.5388165
19:50:14,18.4418335
19:50:15,19.1365051
19:50:16,18.8419151
19:50:17,19.670332
19:50:18,18.7885113
19:50:19,18.648716
19:50:20,18.3559914
19:50:21,18.4985275
19:50:22,18.4840412
19:50:23,18.8321667
19:50:24,18.045845
19:50:25,19.8161659
19:50:26,19.48683
19:50:27,20.1158142
19:50:28,19.93791
19:50:29,18.9326229
19:50:30,18.7816334
19:50:31,18.5689983
19:50:32,18.120697
19:50:33,18.7180233
19:50:34,19.2799358
19:50:35,18.37974
19:50:36,18.8103771
19:50:37,18.8310051
19:50:38,19.0689678
19:50:39,18.757967
19:50:40,18.3556137
19:50:41,19.923708
19:50:42,19.71725
19:50:43,19.16042
19:50:44,18.6925583
19:50:45,20.1531315
19:50:46,19.33884
19:50:47,19.5531273
19:50:48,20.4152336
19:50:49,19.30728
19:50:50,18.376049
19:50:51,17.889185
19:50:52,18.3064346
19:50:53,17.5826225
19:50:54,18.1844978
19:50:55,18.3766823
19:50:56,17.9287853
19:50:57,17.9094563
19:50:58,18.5268383
19:50:59,19.5283928
19:51:00,19.4295235
19:51:01,19.26064
19:51:02,19.09143
19:51:03,18.7024
19:51:04,19.62407
19:51:05,18.86097
19:51:06,18.0301189
19:51:07,18.9528313
19:51:08,18.6447067
19:51:09,19.0896473
19:51:10,17.8683853
19:51:12,19.1542568
19:51:13,19.04559
19:51:14,19.12526
19:51:15,19.4037857
19:51:16,19.1644039
19:51:17,18.8286362
19:51:18,18.9118156
19:51:19,18.4111786
19:51:20,19.70576
19:51:21,18.7388077
19:51:22,19.0673046
19:51:23,18.6218338
19:51:24,18.95701
19:51:25,18.06441
19:51:26,19.0944767
19:51:27,18.6734638
19:51:28,18.5167084
19:51:29,18.9590988
19:51:30,19.9331589
19:51:31,19.6726627
19:51:32,19.6209087
19:51:33,19.3341579
19:51:34,19.0146637
19:51:35,19.7685947
19:51:36,18.8688564
19:51:37,19.5041332
19:51:38,18.963892
19:51:39,19.5571918
19:51:40,18.3661442
19:51:41,18.5676537
19:51:42,18.8066387
19:51:43,19.37311
19:51:44,18.4231243
19:51:45,18.9492111
19:51:46,19.0762062
19:51:47,19.22045
19:51:48,19.388792
19:51:49,18.6157837
19:51:50,19.3887081
19:51:51,18.4163322
19:51:52,18.9596748
19:51:53,18.5134621
19:51:54,18.73368
19:51:55,19.3519154
19:51:56,18.3893871
19:51:57,19.05378
19:51:58,19.5221825
19:51:59,18.5756416
19:52:00,18.718462
19:52:01,19.1454372
19:52:02,19.2324715
19:52:03,18.4838924
19:52:04,18.1054039
19:52:05,18.3296947
19:52:06,18.5371914
19:52:07,18.11188
19:52:08,19.4634342
19:52:09,18.4362068
19:52:10,18.7205143
19:52:11,17.8711052
19:52:12,18.6344643
19:52:13,18.6039658
19:52:14,17.93296
19:52:15,18.5746136
19:52:16,18.0970726
19:52:17,18.4749184
19:52:18,19.5055542
19:52:19,18.7844677
19:52:20,19.79962
19:52:21,19.4045544
19:52:22,18.9036
19:52:23,18.9196987
19:52:24,19.55998
19:52:25,19.1482887
19:52:26,19.3975544
19:52:27,19.411171
19:52:28,19.1866837
19:52:29,18.9318123
19:52:30,18.5468578
19:52:31,18.74248
19:52:32,19.6851864
19:52:33,18.5383453
19:52:34,18.5614529
19:52:35,18.172945
19:52:36,18.7916946
19:52:37,18.2117538
19:52:38,18.5214882
19:52:39,19.0879421
19:52:40,19.0045929
19:52:41,18.822319
19:52:42,18.81706
19:52:43,19.3622684
19:52:44,19.2665176
19:52:45,18.9610367
19:52:46,18.9298763
19:52:47,19.87906
19:52:48,18.5657253
19:52:49,18.53805
19:52:50,17.142498
19:52:51,17.5572224
19:52:52,17.5670242
19:52:53,17.45926
19:52:54,16.8816452
19:52:55,17.5180988
19:52:56,16.3719025
19:52:57,17.6600132
19:52:58,17.58675
19:52:59,18.3768234
19:53:00,18.4793854
19:53:01,19.3094845
19:53:02,18.946373
19:53:03,18.82243
19:53:04,18.9268
19:53:05,18.5874348
19:53:06,18.9122715
19:53:07,18.0266323
19:53:08,18.6490173
19:53:09,18.374052
19:53:10,19.1215611
19:53:11,18.6872654
19:53:12,19.305582
19:53:13,18.5221977
19:53:14,19.4963264
19:53:15,18.6668129
19:53:16,18.3523159
19:53:17,18.6593151
19:53:19,19.1782684
19:53:20,18.1772614
19:53:21,18.72367
19:53:22,17.984169
19:53:23,19.0138569
19:53:24,18.5811768
19:53:25,19.0922241
19:53:26,18.9021721
19:53:27,19.0941124
19:53:28,18.6685085
19:53:29,18.9167042
19:53:30,18.6224346
19:53:31,19.0531578
19:53:33,18.8305759
19:53:35,19.4401016
19:53:37,19.501379
19:53:39,19.0590839
19:53:40,19.5251026
19:53:41,19.0298462
19:53:42,19.0534477
19:53:43,18.9962788
19:53:44,18.92415
19:53:45,19.1057339
19:53:46,19.6533012
19:53:47,18.6795483
19:53:48,18.8932858
19:53:49,18.39438
19:53:50,18.2813625
19:53:51,18.46231
19:53:52,18.973381
19:53:53,19.471611
19:53:54,18.4687252
19:53:55,19.1341534
19:53:56,18.5078564
19:53:57,19.0186462
19:53:58,18.4530983
19:53:59,19.0536919
19:54:00,18.5516739
19:54:01,19.8655586
19:54:02,18.02545
19:54:03,18.50362
19:54:04,18.3212662
19:54:05,18.0148716
19:54:06,18.3795452
19:54:07,18.6537533
19:54:08,18.7867012
19:54:09,18.1219425
19:54:10,18.6562481
19:54:11,17.8071918
19:54:12,18.6100712
19:54:13,18.3196182
19:54:14,18.57289
19:54:15,18.9711342
19:54:16,18.4699287
19:54:17,18.84072
19:54:18,18.6864243
19:54:19,18.4479961
19:54:20,18.6337128
19:54:21,19.0047112
19:54:22,18.88092
19:54:23,18.6897221
19:54:24,18.46322
19:54:25,18.7746258
19:54:26,18.77609
19:54:27,18.3313828
19:54:28,19.0163212
19:54:29,18.5948658
19:54:30,18.9929
19:54:31,19.1956367
19:54:32,19.2352867
19:54:33,19.2512436
19:54:34,18.899231
19:54:35,19.01324
19:54:36,18.2552052
19:54:37,18.38106
19:54:38,19.365942
19:54:39,18.6252575
19:54:40,18.58336
19:54:41,18.70614
19:54:42,18.2485828
19:54:43,18.5819683
19:54:44,18.653904
19:54:45,18.9351
19:54:46,19.1208744
19:54:47,18.46927
19:54:48,19.39182
19:54:49,18.4241123
19:54:50,18.4828949
19:54:51,17.2737255
19:54:52,17.1872025
19:54:53,17.3556461
19:54:54,17.0367737
19:54:55,17.81275
19:54:56,18.8087
19:54:57,18.3845272
19:54:58,17.7612324
19:54:59,19.28943
19:55:00,18.8297615
19:55:01,18.3910275
19:55:02,19.1645813
19:55:03,18.5199871
19:55:04,18.6876183
19:55:05,19.1417866
19:55:06,18.7247219
19:55:07,19.5273476
19:55:08,18.3698
19:55:09,18.7074852
19:55:10,18.6089973
19:55:11,18.872385
19:55:12,18.301466
19:55:13,19.0113354
19:55:14,18.7954445
19:55:15,18.57772
19:55:16,19.0986347
19:55:17,19.4390144
19:55:18,18.7878571
19:55:19,19.0830231
19:55:20,19.0109215
19:55:21,17.7657013
19:55:22,18.8116627
19:55:23,18.6327744
19:55:24,19.1583118
19:55:25,18.7276363
19:55:26,18.3104534
19:55:27,18.37717
19:55:28,18.4639988
19:55:29,18.4071541
19:55:30,18.1354637
19:55:31,18.720438
19:55:32,18.6545773
19:55:33,18.432209
19:55:34,18.2583256
19:55:35,18.6661758
19:55:36,19.2446861
19:55:37,18.43326
19:55:38,18.5005627
19:55:39,19.1077023
19:55:40,18.6028652
19:55:41,18.7052269
19:55:42,18.5356865
19:55:43,18.3309155
19:55:44,18.3143272
19:55:45,18.6530132
19:55:46,18.8216534
19:55:47,18.8847256
19:55:48,18.7971745
19:55:49,19.1355457
19:55:50,19.040287
19:55:51,18.4645824
19:55:52,18.6245346
19:55:53,18.9017067
19:55:54,19.4054279
19:55:55,18.6597443
19:55:56,18.4209347
19:55:57,18.6831264
19:55:58,18.8071651
19:55:59,19.4757061
19:56:00,18.6240616
19:56:01,18.6974888
19:56:02,18.334198
19:56:03,19.00098
19:56:04,19.2515812
19:56:05,18.4029884
19:56:06,18.5865231
19:56:07,18.8953247
19:56:08,18.3068638
19:56:09,18.9269333
19:56:10,18.7373943
19:56:11,19.1158428
19:56:12,18.60592
19:56:13,18.51723
19:56:14,18.6229477
19:56:15,19.2838135
19:56:16,18.5861111
19:56:17,19.3308048
19:56:18,18.4935379
19:56:19,18.3338737
19:56:20,18.6459923
19:56:21,18.3785686
19:56:22,19.0476074
19:56:23,18.7032738
19:56:24,19.1150723
19:56:25,18.6413841
19:56:26,19.0848427
19:56:27,18.8192253
19:56:28,18.54084
19:56:29,19.1079426
19:56:30,18.9708157
19:56:31,18.7852116
19:56:32,18.74236
19:56:33,19.27382
19:56:34,18.6597023
19:56:35,19.1348324
19:56:36,18.5995922
19:56:37,18.58548
19:56:38,18.7457981
19:56:39,18.7155647
19:56:40,18.6109657
19:56:41,19.1279449
19:56:42,18.0952988
19:56:43,18.6032085
19:56:44,19.01771
19:56:45,18.3673229
19:56:46,18.2974358
19:56:47,17.80215
19:56:48,18.6872845
19:56:49,18.0848351
19:56:50,18.8386421
19:56:51,18.3234615
19:56:52,17.3074436
19:56:53,17.59271
19:56:54,17.87143
19:56:55,17.3201923
19:56:56,17.89619
19:56:57,17.41955
19:56:58,17.5009365
19:56:59,17.1781311
19:57:00,17.3742332
19:57:01,18.6252079
19:57:03,18.7326832
19:57:04,19.4233875
19:57:05,18.9124584
19:57:07,19.0786572
19:57:08,18.5578651
19:57:09,18.6303577
19:57:11,18.7770271
19:57:12,17.9844761
19:57:13,18.5551548
19:57:14,18.2979851
19:57:15,18.9043083
19:57:16,19.0194988
19:57:17,18.85209
19:57:18,18.4989758
19:57:19,18.6112862
19:57:20,18.5901222
19:57:21,18.3050137
19:57:22,19.248291
19:57:23,19.06271
19:57:24,17.7956734
19:57:25,19.09067
19:57:26,18.5679264
19:57:27,18.9108982
19:57:28,18.4891014
19:57:29,18.8902168
19:57:30,19.1417046
19:57:31,18.8452473
19:57:32,18.9034615
19:57:33,19.32525
19:57:34,18.72995
19:57:35,18.94489
19:57:36,18.7749977
19:57:37,18.4320526
19:57:38,18.692543
19:57:39,18.5688915
19:57:40,18.65334
19:57:41,18.4268188
19:57:42,19.0539074
19:57:43,18.73037
19:57:44,19.29211
19:57:45,19.4878387
19:57:46,19.0413265
19:57:47,19.6875134
19:57:48,19.472477
19:57:49,18.68177
19:57:50,17.934906
19:57:51,19.001482
19:57:52,18.5234
19:57:53,19.2377644
19:57:54,19.0966949
19:57:55,18.4111233
19:57:56,18.94769
19:57:57,19.1254616
19:57:58,18.5930176
19:57:59,18.8114986
19:58:00,18.7580585
19:58:01,18.2495
19:58:02,18.0027924
19:58:03,18.4630013
19:58:04,18.6308365
19:58:05,18.9454021
19:58:06,18.5871735
19:58:07,18.54426
19:58:08,18.4184685
19:58:09,18.57057
19:58:10,18.4484959
19:58:11,18.6806355
19:58:12,18.4145718
19:58:13,19.1530132
19:58:14,18.881752
19:58:15,18.8679829
19:58:16,19.36954
19:58:17,19.3133583
19:58:18,18.769907
19:58:19,19.0886555
19:58:20,19.06821
19:58:21,19.2017231
19:58:22,18.9915619
19:58:23,19.6539211
19:58:24,18.20045
19:58:25,18.9870243
19:58:26,18.5669289
19:58:27,18.0876846
19:58:28,19.0146332
19:58:29,18.6549377
19:58:30,18.88424
19:58:31,18.3945217
19:58:32,19.611351
19:58:33,19.0192089
19:58:34,18.8655968
19:58:35,19.1698189
19:58:36,19.1390533
19:58:37,18.8875713
19:58:38,18.4385777
19:58:39,19.6598454
19:58:40,19.2846012
19:58:41,18.452467
19:58:42,19.4115486
19:58:43,19.3534374
19:58:44,19.30962
19:58:45,18.87652
19:58:46,18.80254
19:58:47,18.8822422
19:58:48,18.8923435
19:58:49,18.6059227
19:58:50,18.7030849
19:58:51,19.4265976
19:58:52,18.22688
19:58:53,17.9478111
19:58:54,17.944519
19:58:55,17.9799366
19:58:56,18.1926174
19:58:57,18.25846
19:58:58,18.0038624
19:58:59,17.76595
19:59:00,18.37262
19:59:01,18.0542946
19:59:02,18.3215141
19:59:03,18.4019642
19:59:04,18.2280846
19:59:05,18.9149952
19:59:06,18.4812641
19:59:07,18.3366947
19:59:08,18.6353664
19:59:09,18.76841
19:59:10,18.6766853
19:59:11,18.1944218
19:59:12,18.5375366
19:59:13,18.5542374
19:59:14,18.8205814
19:59:15,18.17049
19:59:16,19.0126572
19:59:17,18.633707
19:59:18,18.6477852
19:59:20,18.4251633
19:59:21,18.37186
19:59:22,18.51755
19:59:23,18.81704
19:59:24,18.6178837
19:59:25,19.2441654
19:59:26,19.3986511
19:59:27,18.302166
19:59:28,18.868206
19:59:29,18.3720722
19:59:30,19.25309
19:59:31,18.3087463
19:59:32,18.9702072
19:59:33,18.6040154
19:59:34,19.025856
19:59:35,18.703661
19:59:36,18.5211887
19:59:37,19.0661354
19:59:38,18.7780781
19:59:39,19.3968868
19:59:40,18.7509117
19:59:41,19.2148781
19:59:42,19.2727928
19:59:43,19.5193062
19:59:44,18.9610958
19:59:45,18.8245659
19:59:46,19.13219
19:59:47,19.1420727
19:59:48,18.8086128
19:59:49,18.8533688
19:59:50,18.800478
19:59:51,18.3626766
19:59:52,18.0981255
19:59:53,18.5160236
19:59:54,18.3215256
19:59:55,18.9895515
19:59:56,18.6360283
19:59:57,18.1916046
19:59:58,18.4382153
19:59:59,18.6698151
20:00:00,18.52801
20:00:02,18.7809143
20:00:03,18.8651352
20:00:05,18.6898518
20:00:06,18.5588589
20:00:07,18.4164581
20:00:08,18.9023266
20:00:09,18.9525337
20:00:10,18.8389511
20:00:11,18.77541
20:00:12,18.2772446
20:00:13,18.7180042
20:00:14,18.7227764
20:00:15,18.50393
20:00:16,18.4516182
20:00:17,18.703413
20:00:18,18.0912971
20:00:19,18.77519
20:00:20,18.2493515
20:00:21,18.910984
20:00:22,18.5973625
20:00:23,18.8325348
20:00:24,18.6685028
20:00:25,18.1992283
20:00:26,18.7710686
20:00:27,17.75946
20:00:28,18.9648247
20:00:29,18.0218048
20:00:30,18.4554386
20:00:31,18.3753586
20:00:32,18.1652069
20:00:33,19.01548
20:00:34,18.25182
20:00:35,18.8551979
20:00:36,18.72122
20:00:37,18.8542442
20:00:38,18.749609
20:00:39,18.2121181
20:00:40,18.5825481
20:00:41,18.1252537
20:00:42,18.6539135
20:00:43,18.6858158
20:00:44,18.41265
20:00:45,18.717247
20:00:46,18.2827587
20:00:47,19.1048965
20:00:48,18.5294857
20:00:49,18.4525967
20:00:50,18.6104355
20:00:51,18.5896511
20:00:52,17.830246
20:00:53,17.1737614
20:00:54,16.5660477
20:00:55,17.4048862
20:00:56,17.6492043
20:00:57,17.88205
20:00:58,17.6128025
20:00:59,17.26648
20:01:00,17.51567
20:01:01,16.61873
20:01:02,17.5912533
20:01:03,17.9643116
20:01:04,17.7159882
20:01:05,17.4970913
20:01:06,17.3295383
20:01:07,16.6928844
20:01:08,17.6788769
20:01:09,17.5077915
20:01:10,17.2261086
20:01:11,17.7439423
20:01:12,17.2923164
20:01:13,17.3927746
20:01:14,17.2592354
20:01:15,17.6881638
20:01:16,18.1537476
20:01:17,17.7532215
20:01:18,17.7879314
20:01:19,18.8739033
20:01:20,19.0170631
20:01:21,18.7238121
20:01:22,18.1539078
20:01:23,18.7791462
20:01:24,18.4830189
20:01:25,18.8433113
20:01:26,18.41143
20:01:27,18.0171413
20:01:28,18.7006226
20:01:29,18.3354683
20:01:30,18.6857681
20:01:31,18.91768
20:01:32,18.6654663
20:01:33,18.4570217
20:01:34,18.4709854
20:01:35,19.1768246
20:01:36,18.4343967
20:01:37,18.3352356
20:01:38,19.3738041
20:01:39,19.2015324
20:01:40,18.0012856
20:01:41,18.5186
20:01:42,18.3576984
20:01:43,18.717926
20:01:44,18.8955765
20:01:45,18.1873913
20:01:46,18.8889236
20:01:47,18.7223072
20:01:48,18.279047
20:01:49,18.88324
20:01:50,19.0051136
20:01:51,18.5454388
20:01:52,18.415966
20:01:53,19.07118
20:01:54,18.5599937
20:01:55,19.07799
20:01:56,18.5251789
20:01:57,18.5398235
20:01:58,18.7382259
20:01:59,18.94787
20:02:00,18.6782589
20:02:01,19.8430977
20:02:02,19.2898369
20:02:03,19.58405
20:02:04,18.8300323
20:02:05,19.0940228
20:02:06,19.2090912
20:02:07,19.1687183
20:02:08,19.2493248
20:02:09,19.2680779
20:02:10,18.6963768
20:02:11,18.3073769
20:02:12,18.2752438
20:02:13,19.0227413
20:02:14,18.7129822
20:02:15,18.91405
20:02:16,18.5790367
20:02:17,18.9132633
20:02:18,18.4554539
20:02:20,18.2174683
20:02:21,19.151022
20:02:22,18.98925
20:02:23,18.351593
20:02:24,18.4430561
20:02:25,18.3763828
20:02:26,18.5726261
20:02:27,18.7420673
20:02:28,19.0444565
20:02:29,18.478281
20:02:30,18.65304
20:02:31,18.7582817
20:02:32,18.3580761
20:02:33,19.0326138
20:02:34,18.64165
20:02:35,18.083437
20:02:36,19.1095428
20:02:37,19.1177063
20:02:38,19.6240311
20:02:39,18.9305
20:02:40,18.3931942
20:02:41,18.71268
20:02:42,18.3895359
20:02:43,18.648798
20:02:44,18.3730736
20:02:45,18.5722046
20:02:46,18.1379261
20:02:47,19.0665989
20:02:48,18.319952
20:02:49,18.8976955
20:02:50,18.9718723
20:02:51,18.6612186
20:02:52,18.1834488
20:02:53,18.018055
20:02:55,19.17251
20:02:56,19.512867
20:02:57,18.7832775
20:02:58,19.0748081
20:03:00,18.83928
20:03:01,18.6649418
20:03:02,18.8108768
20:03:03,18.2431488
20:03:04,18.416687
20:03:05,18.65751
20:03:06,18.6585426
20:03:07,19.2303524
20:03:08,18.5129833
20:03:09,18.7067
20:03:10,18.84819
20:03:11,19.0116673
20:03:12,18.25322
20:03:13,17.5082626
20:03:14,17.0531254
20:03:15,17.56931
20:03:16,17.3194542
20:03:17,17.0446281
20:03:18,16.98215
20:03:19,17.4208679
20:03:20,16.8087139
20:03:21,18.1639786
20:03:22,17.9989853
20:03:23,17.8914623
20:03:24,19.0679321
20:03:25,19.2658062
20:03:26,18.6876049
20:03:27,18.45873
20:03:28,18.94271
20:03:29,18.6059456
20:03:30,18.0162811
20:03:31,18.5222874
20:03:32,18.6916542
20:03:33,18.460556
20:03:34,18.3526382
20:03:35,19.2610912
20:03:36,18.796051
20:03:37,18.9759331
20:03:38,17.8825912
20:03:39,18.495903
20:03:40,18.7179279
20:03:41,18.2522984
20:03:42,19.0373249
20:03:43,18.3325577
20:03:44,19.017519
20:03:45,18.7728786
20:03:46,19.12328
20:03:47,18.57142
20:03:48,18.4613552
20:03:49,18.04074
20:03:50,18.7164936
20:03:51,18.2062721
20:03:52,18.888525
20:03:53,18.3875179
20:03:54,18.6402035
20:03:55,19.3266926
20:03:56,18.7243271
20:03:57,19.00898
20:03:58,18.5092926
20:03:59,18.65269
20:04:00,18.8962688
20:04:01,18.8748283
20:04:02,19.5775681
20:04:03,18.9285755
20:04:04,18.449419
20:04:05,19.02782
20:04:06,18.896574
20:04:07,18.6592064
20:04:08,19.00968
20:04:09,18.5384636
20:04:10,18.32198
20:04:11,18.3279514
20:04:12,18.5175114
20:04:13,18.78335
20:04:14,18.4387417
20:04:15,18.9195938
20:04:16,18.4105034
20:04:17,18.8946342
20:04:18,18.72701
20:04:19,18.7863541
20:04:20,18.3360214
20:04:21,18.9336681
20:04:22,19.2437286
20:04:23,18.8189011
20:04:24,19.5615921
20:04:25,19.0140629
20:04:26,19.36064
20:04:27,18.8816147
20:04:28,18.9885311
20:04:29,19.2294083
20:04:30,18.6096478
20:04:31,18.6817245
20:04:32,18.6907558
20:04:33,18.5345173
20:04:34,18.3666325
20:04:35,18.7651386
20:04:36,18.8013382
20:04:37,18.91542
20:04:38,18.61492
20:04:39,18.7354488
20:04:40,18.5227718
20:04:41,18.4668617
20:04:42,18.5727959
20:04:43,18.2722225
20:04:44,19.1230011
20:04:45,18.4395256
20:04:46,19.0350838
20:04:47,18.563858
20:04:48,18.5235214
20:04:49,18.6642151
20:04:50,18.9193821
20:04:51,18.9598637
20:04:52,18.39061
20:04:53,18.6847458
20:04:54,18.65805
20:04:55,19.1562347
20:04:56,18.8775463
20:04:57,18.3396225
20:04:58,18.8191681
20:04:59,18.593317
20:05:00,19.1128979
20:05:01,18.2224369
20:05:02,18.7693462
20:05:03,18.1702518
20:05:04,18.6820068
20:05:05,18.6936073
20:05:06,18.8314571
20:05:07,17.9252548
20:05:08,18.7180462
20:05:09,18.4900036
20:05:10,19.2874165
20:05:11,18.3526344
20:05:12,17.7468872
20:05:13,17.2222061
20:05:14,16.89601
20:05:15,17.2252827
20:05:16,16.75148
20:05:17,17.655859
20:05:19,17.0709763
20:05:20,17.5474682
20:05:21,18.8041134
20:05:22,19.08995
20:05:23,18.7400322
20:05:24,18.8462486
20:05:25,18.2890282
20:05:26,19.101593
20:05:27,18.9878025
20:05:28,19.3542576
20:05:29,19.0304489
20:05:30,19.20923
20:05:31,18.1970139
20:05:32,18.5662651
20:05:33,18.4041386
20:05:34,19.03345
20:05:35,18.24645
20:05:36,18.1185818
20:05:37,18.9060841
20:05:38,18.7522259
20:05:39,18.9559
20:05:40,18.2168674
20:05:41,18.5422268
20:05:42,18.2308273
20:05:44,17.8843937
20:05:46,19.1499062
20:05:47,18.8021564
20:05:48,19.26311
20:05:49,18.3348389
20:05:50,18.4558372
20:05:51,18.67562
20:05:52,18.7846756
20:05:53,18.3397484
20:05:54,18.9185581
20:05:55,18.3619862
20:05:56,18.8679352
20:05:57,18.5571728
20:05:58,18.5081425
20:05:59,18.98443
20:06:00,18.7033234
20:06:01,18.9778214
20:06:02,18.2170887
20:06:03,18.908886
20:06:04,18.9613628
20:06:05,18.2757282
20:06:06,18.6938915
20:06:07,18.9032021
20:06:08,18.6240864
20:06:09,18.8177872
20:06:10,18.59457
20:06:11,18.6814079
20:06:12,18.6631927
20:06:13,18.6139069
20:06:14,18.712759
20:06:15,18.7086754
20:06:16,18.7820473
20:06:17,18.5375938
20:06:18,18.6537876
20:06:19,19.1331367
20:06:20,18.672327
20:06:21,19.28074
20:06:22,19.2790375
20:06:23,18.8293819
20:06:24,18.4300976
20:06:25,18.962532
20:06:26,19.069664
20:06:27,18.00879
20:06:28,19.2251854
20:06:29,18.4481754
20:06:30,18.4695034
20:06:31,18.6095219
20:06:32,19.06878
20:06:33,18.4477272
20:06:34,18.662
20:06:35,18.4096813
20:06:36,18.6429024
20:06:37,19.0223389
20:06:38,18.73311
20:06:39,18.6199284
20:06:40,18.1432686
20:06:41,18.7392883
20:06:42,18.7218819
20:06:43,18.8636379
20:06:44,18.0771
20:06:45,18.9484749
20:06:46,18.57253
20:06:47,18.80196
20:06:48,18.189806
20:06:49,18.7588577
20:06:50,18.94846
20:06:51,18.5591946
20:06:52,18.3958912
20:06:53,18.487875
20:06:54,18.66589
20:06:55,18.699831
20:06:56,18.7502346
20:06:57,18.62715
20:06:58,18.3902836
20:06:59,18.0683956
20:07:00,18.79849
20:07:01,19.1340961
20:07:02,19.1212311
20:07:03,19.09938
20:07:04,18.8579865
20:07:05,18.8241081
20:07:06,19.0718231
20:07:07,18.5487289
20:07:08,18.832058
20:07:09,18.5295563
20:07:10,19.4090576
20:07:11,19.1627789
20:07:12,17.6195145
20:07:13,18.3372936
20:07:14,17.8370438
20:07:15,17.6591568
20:07:16,16.9455547
20:07:17,17.19708
20:07:18,16.9411144
20:07:19,17.6167622
20:07:20,17.9496174
20:07:21,18.4852238
20:07:22,18.0399456
20:07:23,18.9868774
20:07:24,17.9003544
20:07:25,19.1027222
20:07:26,18.5938168
20:07:27,19.2566986
20:07:28,18.2449226
20:07:29,18.6485176
20:07:30,18.017252
20:07:31,18.4773388
20:07:32,18.3476219
20:07:33,18.3232
20:07:34,18.72762
20:07:35,18.2271042
20:07:36,18.3055058
20:07:37,18.6569653
20:07:38,18.5125427
20:07:39,18.383997
20:07:40,19.20875
20:07:41,18.9358521
20:07:42,18.6724358
20:07:43,18.8760529
20:07:44,19.0561218
20:07:45,18.212307
20:07:46,19.09856
20:07:47,18.8388519
20:07:48,19.5618725
20:07:49,18.8989086
20:07:50,18.3053112
20:07:51,18.9146423
20:07:52,18.7772846
20:07:53,18.9155865
20:07:54,18.8230076
20:07:55,18.3294964
20:07:56,19.3863354
20:07:57,18.21486
20:07:58,18.76818
20:07:59,18.8287449
20:08:00,18.56415
20:08:01,18.40091
20:08:02,18.701313
20:08:03,19.3524055
20:08:04,18.8758221
20:08:05,19.7074928
20:08:06,18.5376186
20:08:07,18.9562
20:08:08,18.7933617
20:08:09,18.7816124
20:08:10,18.891037
20:08:11,18.14494
20:08:12,18.4237061
20:08:13,18.4555321
20:08:14,18.9167156
20:08:15,18.5048885
20:08:16,18.8230171
20:08:17,18.7673817
20:08:18,19.0409412
20:08:20,18.5256519
20:08:21,18.8321552
20:08:22,19.0529652
20:08:23,18.25194
20:08:24,18.7818127
20:08:25,18.7100258
20:08:26,18.9587574
20:08:27,18.8792286
20:08:28,18.2144184
20:08:29,18.458147
20:08:30,18.3529549
20:08:31,18.6037312
20:08:32,18.1980629
20:08:33,18.6206455
20:08:34,18.6454048
20:08:35,18.6894073
20:08:36,19.1050968
20:08:37,18.113287
20:08:38,19.4381428
20:08:39,18.1362419
20:08:40,18.80752
20:08:41,18.5618572
20:08:42,18.8093548
20:08:43,18.274395
20:08:44,18.6560669
20:08:45,19.532589
20:08:46,18.6168728
20:08:47,19.323534
20:08:48,19.25535
20:08:49,19.6255188
20:08:51,19.2514725
20:08:52,18.613
20:08:53,18.5377426
20:08:54,18.07957
20:08:55,18.74956
20:08:56,18.2607059
20:08:57,18.8304119
20:08:58,18.6880169
20:08:59,18.4050846
20:09:00,19.02069
20:09:01,18.1956253
20:09:02,18.11955
20:09:03,18.78406
20:09:04,18.9095287
20:09:05,18.2938061
20:09:06,19.1352081
20:09:07,18.5302715
20:09:08,18.270565
20:09:09,18.6274471
20:09:10,18.6080151
20:09:11,18.772171
20:09:12,18.2485485
20:09:13,17.9773941
20:09:14,17.6222363
20:09:15,17.7042217
20:09:16,17.05133
20:09:17,17.795763
20:09:18,18.2784824
20:09:19,17.1963844
20:09:20,17.7119961
20:09:21,18.27369
20:09:22,18.55616
20:09:23,18.601944
20:09:24,18.31006
20:09:25,18.40343
20:09:26,18.6781616
20:09:27,18.8697071
20:09:28,18.4708633
20:09:29,19.2352371
20:09:30,18.6949883
20:09:31,19.2238235
20:09:32,18.609478
20:09:33,18.504549
20:09:34,18.1105251
20:09:35,18.489542
20:09:36,18.8660622
20:09:37,18.1136246
20:09:38,18.5687523
20:09:39,19.01803
20:09:40,19.7068768
20:09:41,19.08315
20:09:42,19.4505882
20:09:43,18.7316551
20:09:44,18.801096
20:09:45,18.8794518
20:09:46,18.6988258
20:09:47,18.9218121
20:09:48,18.9500027
20:09:49,19.2378159
20:09:50,18.5565319
20:09:51,18.7318859
20:09:52,18.7191753
20:09:53,18.7953243
20:09:54,18.81381
20:09:55,18.1615715
20:09:56,18.28958
20:09:57,19.2770538
20:09:58,18.88999
20:09:59,18.8784218
20:10:00,19.48535
20:10:01,19.2142277
20:10:02,19.0088749
20:10:03,19.4154186
20:10:04,19.1196117
20:10:05,19.01979
20:10:06,19.0419846
20:10:07,18.6350155
20:10:08,18.4395981
20:10:09,18.4494438
20:10:10,18.98232
20:10:11,18.74292
20:10:12,18.2358646
20:10:13,18.6333561
20:10:14,18.76117
20:10:15,18.7718163
20:10:16,19.0355015
20:10:17,17.826704
20:10:18,18.1949139
20:10:19,18.31451
20:10:20,18.6416779
20:10:21,18.4337368
20:10:22,18.5513611
20:10:23,19.5386219
20:10:24,19.1871586
20:10:25,19.37514
20:10:26,18.7453861
20:10:27,19.41517
20:10:28,18.5810375
20:10:29,18.48721
20:10:30,18.638567
20:10:31,18.1022644
20:10:32,18.760767
20:10:33,18.1105175
20:10:34,19.02998
20:10:35,18.4788361
20:10:36,18.6032181
20:10:37,18.4388542
20:10:38,18.6067657
20:10:39,18.16883
20:10:40,18.32909
20:10:41,18.741127
20:10:42,18.6320019
20:10:43,19.0484867
20:10:44,18.10842
20:10:45,18.9441051
20:10:46,18.96808
20:10:47,19.27065
20:10:48,18.808651
20:10:49,18.9156551
20:10:50,19.3137856
20:10:51,19.1999359
20:10:52,19.20613
20:10:53,18.8569317
20:10:54,19.4769173
20:10:55,19.7783279
20:10:56,19.391346
20:10:57,18.78594
20:10:58,18.5997772
20:10:59,19.3381176
20:11:00,19.1792717
20:11:01,19.3914661
20:11:02,19.2802868
20:11:03,19.2911453
20:11:04,19.897831
20:11:05,19.0548019
20:11:06,18.9114647
20:11:07,19.1439037
20:11:08,19.24773
20:11:09,19.7078037
20:11:10,18.88967
20:11:11,18.3185921
20:11:12,17.7458649
20:11:13,17.1521168
20:11:14,17.3326073
20:11:15,17.2503147
20:11:16,17.4982147
20:11:17,17.664402
20:11:18,17.751379
20:11:19,17.8207169
20:11:20,17.4356136
20:11:21,18.8736286
20:11:22,18.9221153
20:11:23,19.0290527
20:11:24,18.8765087
20:11:25,18.553648
20:11:26,18.3216171
20:11:27,18.30133
20:11:28,18.7605915
20:11:29,18.9415226
20:11:30,18.8140965
20:11:31,18.9449711
20:11:32,18.5678844
20:11:33,19.2209511
20:11:34,18.04211
20:11:35,18.7154446
20:11:36,18.7235241
20:11:37,18.1977367
20:11:38,18.9286156
20:11:39,19.0226841
20:11:40,19.1381035
20:11:41,18.3107185
20:11:42,18.3771343
20:11:43,18.5463562
20:11:44,18.6548367
20:11:45,18.66283
20:11:46,18.8910084
20:11:47,19.0413456
20:11:48,17.9355431
20:11:49,18.5798435
20:11:50,18.22975
20:11:51,18.46481
20:11:52,18.8898811
20:11:53,18.7866364
20:11:54,18.85798
20:11:55,19.08465
20:11:56,18.6483822
20:11:57,18.3577442
20:11:58,18.89886
20:11:59,18.5240135
20:12:00,18.7386341
20:12:02,19.17836
20:12:03,18.49149
20:12:04,18.0932579
20:12:05,18.8695
20:12:06,17.66882
20:12:07,18.4924335
20:12:08,18.6674271
20:12:09,18.9431
20:12:10,18.4355717
20:12:11,18.3600731
20:12:12,18.3807678
20:12:13,18.6597767
20:12:14,18.3765755
20:12:16,19.02228
20:12:17,19.1487846
20:12:19,18.7448139
20:12:20,18.165617
20:12:21,18.5610657
20:12:23,18.24874
20:12:24,18.8752384
20:12:25,17.7522583
20:12:26,18.4639912
20:12:27,17.97296
20:12:28,19.3089
20:12:29,18.51473
20:12:30,19.1083584
20:12:31,18.2989044
20:12:32,19.1255665
20:12:33,18.751112
20:12:34,18.9409313
20:12:35,18.7815514
20:12:36,17.9436188
20:12:37,18.8508339
20:12:38,17.8052864
20:12:39,18.6044
20:12:40,18.4845486
20:12:41,18.1186085
20:12:42,18.5207119
20:12:43,18.42905
20:12:44,18.2880974
20:12:45,18.5227776
20:12:46,19.0510578
20:12:47,18.5228577
20:12:48,18.768549
20:12:49,18.4467888
20:12:50,18.5443535
20:12:51,18.4785557
20:12:52,18.93637
20:12:53,18.1510944
20:12:54,18.9822273
20:12:55,19.088707
20:12:56,19.0838966
20:12:57,19.55681
20:12:58,19.2983551
20:12:59,19.08109
20:13:00,18.84565
20:13:01,18.9681282
20:13:02,18.4730453
20:13:03,18.6686249
20:13:04,18.9685955
20:13:05,18.4737282
20:13:06,18.607172
20:13:07,18.5259628
20:13:08,18.7453556
20:13:09,18.3168411
20:13:10,18.5976772
20:13:11,18.3179913
20:13:12,17.7400684
20:13:13,17.2195625
20:13:14,17.4315338
20:13:15,17.4303818
20:13:16,17.0105267
20:13:17,17.426712
20:13:18,17.9932556
20:13:19,17.4457588
20:13:20,17.7631264
20:13:21,18.7860775
20:13:22,18.9224644
20:13:23,18.141695
20:13:24,18.72731
20:13:25,18.8414059
20:13:26,18.6041355
20:13:27,18.6544952
20:13:28,18.2001362
20:13:29,18.1534653
20:13:30,19.02106
20:13:31,18.4289818
20:13:32,18.2838478
20:13:33,18.0868855
20:13:34,19.1372719
20:13:35,18.65457
20:13:36,18.93064
20:13:37,19.0290165
20:13:38,19.0468159
20:13:39,19.28587
20:13:40,19.2316818
20:13:41,19.1325512
20:13:42,19.1083126
20:13:43,18.30216
20:13:44,19.0844574
20:13:45,18.6769619
20:13:46,19.1550674
20:13:47,18.62231
20:13:48,18.4862175
20:13:49,18.25427
20:13:50,18.903162
20:13:51,18.6047039
20:13:52,18.5760155
20:13:53,19.2881413
20:13:54,19.4967346
20:13:55,19.68248
20:13:56,19.06069
20:13:57,19.0139
20:13:58,19.4642735
20:13:59,19.5964317
20:14:00,18.9385414
20:14:01,18.8488026
20:14:02,18.9190426
20:14:03,18.8368435
20:14:04,18.7728767
20:14:05,19.7479973
20:14:06,18.5343876
20:14:07,18.68883
20:14:08,18.6748314
20:14:09,18.8665123
20:14:10,18.4451466
20:14:11,18.7734261
20:14:12,19.1799984
20:14:13,18.6125088
20:14:14,19.07359
20:14:15,18.9449635
20:14:16,18.6464558
20:14:17,18.4707088
20:14:18,18.7318821
20:14:19,18.327919
20:14:20,18.8563747
20:14:21,18.5433922
20:14:22,18.8998127
20:14:23,18.9578838
20:14:24,17.8453579
20:14:25,19.1399326
20:14:26,18.1172714
20:14:27,18.90409
20:14:28,18.187212
20:14:29,18.5461273
20:14:30,17.8232822
20:14:31,18.9117241
20:14:32,18.6181526
20:14:33,18.6171761
20:14:34,18.6706562
20:14:35,19.1091518
20:14:36,18.6461048
20:14:37,17.9480667
20:14:38,18.78545
20:14:39,18.6418171
20:14:40,18.5472374
20:14:41,18.5688152
20:14:42,18.74978
20:14:43,18.278019
20:14:44,18.7307014
20:14:45,18.4652424
20:14:46,19.50211
20:14:47,18.3211136
20:14:48,18.5072117
20:14:49,18.2218151
20:14:50,18.71767
20:14:51,18.5956936
20:14:52,19.4716549
20:14:53,20.0432148
20:14:54,19.2777233
20:14:55,18.8780785
20:14:56,19.0888729
20:14:57,19.2240582
20:14:58,18.623764
20:14:59,18.4603367
20:15:00,19.0368443
20:15:01,18.7762184
20:15:02,18.6111736
20:15:03,18.9245586
20:15:04,18.631918
20:15:05,18.65017
20:15:06,18.7419586
20:15:07,18.4155235
20:15:08,18.61424
20:15:09,18.2518559
20:15:10,17.9262161
20:15:11,17.5839844
20:15:13,17.4113045
20:15:14,17.74286
20:15:15,17.13483
20:15:16,17.1762962
20:15:17,17.3537045
20:15:18,17.137907
20:15:19,17.4101086
20:15:20,18.7901325
20:15:21,18.5717182
20:15:22,18.5460987
20:15:23,18.1616039
20:15:24,18.6991138
20:15:25,18.70459
20:15:26,18.482275
20:15:27,18.5735264
20:15:28,18.2871017
20:15:29,18.5933361
20:15:30,18.3896751
20:15:31,18.6577587
20:15:32,18.7841187
20:15:33,18.7603111
20:15:34,18.6920853
20:15:35,18.3097038
20:15:36,18.5159187
20:15:37,18.8322086
20:15:38,18.56892
20:15:39,18.7743816
20:15:40,18.4278221
20:15:41,18.34413
20:15:42,18.9305916
20:15:43,18.7117844
20:15:44,18.4138985
20:15:45,18.7905445
20:15:46,19.2729664
20:15:47,18.4209671
20:15:48,18.34237
20:15:49,18.0688667
20:15:50,18.0849
20:15:51,18.8829346
20:15:52,18.4803753
20:15:53,18.3183784
20:15:54,18.9638748
20:15:55,18.7240849
20:15:56,18.37383
20:15:57,18.9081535
20:15:58,18.8847179
20:15:59,19.2171268
20:16:00,18.9809952
20:16:01,18.654295
20:16:02,19.22828
20:16:03,18.6494961
20:16:04,18.8755989
20:16:05,18.35594
20:16:06,18.1516762
20:16:07,18.6890354
20:16:08,17.9890327
20:16:09,18.5730953
20:16:10,18.7391167
20:16:11,18.5951443
20:16:12,18.2644157
20:16:13,19.0795441
20:16:14,19.2069912
20:16:15,18.6597252
20:16:16,18.6908455
20:16:17,18.687746
20:16:18,18.521843
20:16:19,18.3984547
20:16:20,18.8947983
20:16:21,18.3231182
20:16:22,19.1519375
20:16:23,18.3505974
20:16:24,18.4907055
20:16:25,18.57477
20:16:26,18.74963
20:16:27,18.03899
20:16:28,18.51243
20:16:29,18.4385281
20:16:30,18.9096413
20:16:31,18.6364155
20:16:32,18.4943886
20:16:33,18.9973621
20:16:34,18.9320164
20:16:35,19.66297
20:16:36,18.9961758
20:16:37,19.2904186
20:16:38,19.2589035
20:16:39,19.4092121
20:16:40,18.9153786
20:16:41,19.2604942
20:16:42,18.82734
20:16:43,18.9154415
20:16:44,18.8087215
20:16:45,17.78006
20:16:46,18.9813538
20:16:47,18.5525818
20:16:48,18.409235
20:16:49,18.2534981
20:16:50,18.7194252
20:16:51,18.5208988
20:16:52,18.5266514
20:16:53,18.9354076
20:16:54,18.5602016
20:16:55,18.9369774
20:16:56,18.82868
20:16:57,18.5563984
20:16:58,18.6791916
20:16:59,18.7006817
20:17:00,19.1364689
20:17:01,18.6139355
20:17:02,18.74919
20:17:03,18.8678837
20:17:04,18.87851
20:17:05,18.8701859
20:17:06,18.5003624
20:17:07,18.3331757
20:17:08,18.977808
20:17:09,18.4338017
20:17:10,17.7872257
20:17:11,17.75564
20:17:12,17.0651665
20:17:13,17.5424023
20:17:14,17.05574
20:17:15,16.7674274
20:17:16,17.2910957
20:17:17,17.53029
20:17:18,17.65114
20:17:19,17.6160564
20:17:20,18.6077
20:17:21,18.0788021
20:17:22,18.0873928
20:17:23,18.7326412
20:17:24,18.2868862
20:17:25,19.2261486
20:17:26,18.9556561
20:17:27,19.5361366
20:17:28,19.24943
20:17:29,18.6674728
20:17:30,19.26411
20:17:31,18.1603451
20:17:32,18.6333485
20:17:33,18.1909561
20:17:34,18.1278915
20:17:35,18.3784218
20:17:36,18.4345875
20:17:37,18.9435024
20:17:38,18.68426
20:17:39,18.0825539
20:17:40,19.1558189
20:17:41,18.2589684
20:17:42,18.0013123
20:17:43,19.1312943
20:17:44,18.55381
20:17:45,18.967205
20:17:46,18.0449867
20:17:47,18.752985
20:17:48,18.51277
20:17:49,18.7606087
20:17:50,17.8373718
20:17:51,18.8788147
20:17:52,18.8827057
20:17:53,18.32171
20:17:54,18.91531
20:17:55,18.3467045
20:17:56,18.6025543
20:17:57,18.31436
20:17:59,18.7993813
20:18:01,18.4027653
20:18:03,19.0072975
20:18:04,18.47064
20:18:05,18.32331
20:18:06,18.310957
20:18:07,19.20811
20:18:08,18.3971214
20:18:09,19.0498886
20:18:10,18.5267773
20:18:11,18.7143822
20:18:12,18.6743736
20:18:13,18.1056633
20:18:14,18.9337616
20:18:15,18.1040382
20:18:16,19.0511742
20:18:17,18.78956
20:18:18,18.6518631
20:18:19,18.4809551
20:18:20,18.8913078
20:18:21,18.773325
20:18:22,18.4910431
20:18:23,18.6289139
20:18:24,18.3546
20:18:25,18.5359573
20:18:26,18.2046356
20:18:27,18.5376339
20:18:28,18.132576
20:18:29,18.7067528
20:18:30,18.7544041
20:18:31,18.74081
20:18:32,18.28755
20:18:33,19.09238
20:18:34,18.4908524
20:18:35,18.7894516
20:18:36,18.9093113
20:18:37,19.23672
20:18:38,18.7746086
20:18:39,18.8303337
20:18:40,18.7305431
20:18:41,18.5261822
20:18:42,18.4106674
20:18:43,18.6480331
20:18:44,18.54149
20:18:45,18.1807213
20:18:46,18.3707066
20:18:47,18.3042583
20:18:48,19.0459785
20:18:49,19.139576
20:18:50,19.2461071
20:18:51,18.8590183
20:18:52,18.591486
20:18:53,18.5361233
20:18:54,18.9073925
20:18:55,18.52895
20:18:56,18.3219185
20:18:57,18.510067
20:18:58,18.5571423
20:18:59,19.0453644
20:19:00,18.8311958
20:19:01,18.6424046
20:19:02,19.07188
20:19:03,18.3069782
20:19:04,18.3759441
20:19:05,18.5318584
20:19:06,18.3940926
20:19:07,18.125761
20:19:08,18.7552319
20:19:09,18.8951511
20:19:10,19.1134815
20:19:11,17.2068329
20:19:12,17.12158
20:19:13,17.12862
20:19:14,17.4304428
20:19:15,17.0794086
20:19:16,17.1156025
20:19:17,16.66328
20:19:18,17.7747841
20:19:19,17.6990929
20:19:20,18.4744225
20:19:21,18.4523621
20:19:22,18.31411
20:19:23,18.1348915
20:19:24,18.58802
20:19:25,18.7393513
20:19:26,18.8697338
20:19:27,19.0435314
20:19:28,19.2032986
20:19:29,19.0914688
20:19:30,18.9026127
20:19:31,18.8545837
20:19:32,18.42715
20:19:33,18.3831844
20:19:34,18.5396156
20:19:35,18.6646061
20:19:36,18.8219433
20:19:37,18.7809772
20:19:38,18.7859917
20:19:39,18.4263744
20:19:40,18.6903877
20:19:41,18.446558
20:19:42,19.1102238
20:19:43,18.682869
20:19:44,19.0970821
20:19:45,17.8737736
20:19:46,19.4315758
20:19:47,19.03242
20:19:48,19.3363762
20:19:49,18.9965153
20:19:50,19.4811821
20:19:51,19.46301
20:19:52,18.2247257
20:19:53,19.6272087
20:19:54,18.8279381
20:19:55,19.04701
20:19:56,18.3621979
20:19:57,18.6129246
20:19:58,18.7130337
20:19:59,18.29309
20:20:00,18.5743179
20:20:01,18.3488941
20:20:02,19.1866665
20:20:03,18.8668461
20:20:04,18.1729717
20:20:05,18.7108822
20:20:06,18.5072784
20:20:07,18.361433
20:20:08,18.4308434
20:20:09,18.897541
20:20:10,18.511261
20:20:11,18.4921131
20:20:12,17.9134521
20:20:13,18.737339
20:20:14,18.30044
20:20:15,18.9739857
20:20:16,18.4670544
20:20:17,18.8919353
20:20:18,18.8422337
20:20:20,18.6631088
20:20:21,18.35555
20:20:22,18.8469582
20:20:23,18.3004036
20:20:24,19.0915546
20:20:25,18.9825878
20:20:26,18.7963047
20:20:27,18.7536316
20:20:28,18.1315727
20:20:29,18.2944679
20:20:30,18.2730179
20:20:31,18.9471645
20:20:32,17.8971767
20:20:33,18.32345
20:20:34,18.5874538
20:20:35,18.6773987
20:20:36,18.4501724
20:20:37,18.81366
20:20:38,18.7741718
20:20:39,18.7593117
20:20:40,18.54895
20:20:41,18.5046711
20:20:42,18.91915
20:20:43,18.42177
20:20:44,18.1332359
20:20:45,18.53434
20:20:46,18.4398289
20:20:47,18.47651
20:20:48,18.4677525
20:20:49,18.53881
20:20:50,19.17136
20:20:51,18.2561722
20:20:52,19.1691761
20:20:53,19.2092228
20:20:54,19.8286781
20:20:55,19.2389755
20:20:57,19.0041237
20:20:58,18.5002651
20:21:00,18.4398384
20:21:01,19.0411949
20:21:02,18.5242558
20:21:04,18.5980568
20:21:06,18.35165
20:21:07,18.54835
20:21:08,18.37699
20:21:09,18.8150768
20:21:10,18.433588
20:21:11,17.7957573
20:21:13,17.7028637
20:21:15,16.5072212
20:21:16,17.5774784
20:21:17,16.6146564
20:21:18,17.2839088
20:21:19,16.8845673
20:21:20,18.35556
20:21:21,18.789238
20:21:22,18.5271511
20:21:23,18.7211552
20:21:24,18.58123
20:21:25,18.9125957
20:21:26,18.42593
20:21:27,18.730793
20:21:28,18.4745045
20:21:29,18.1669731
20:21:30,18.5060234
20:21:31,18.1217422
20:21:32,18.258604
20:21:33,18.8638134
20:21:34,18.9308186
20:21:35,18.67041
20:21:36,18.7404633
20:21:37,18.8090134
20:21:38,18.52505
20:21:39,18.8596458
20:21:40,18.5171185
20:21:41,19.6105537
20:21:42,18.5340271
20:21:43,18.50631
20:21:44,18.80351
20:21:45,18.5090542
20:21:46,18.66157
20:21:47,19.10437
20:21:48,18.296051
20:21:49,18.3444767
20:21:50,18.2636
20:21:51,18.9714642
20:21:52,18.7467461
20:21:53,18.6337738
20:21:54,18.7377758
20:21:55,18.3632145
20:21:56,18.90903
20:21:57,18.60308
20:21:58,19.2173
20:21:59,18.7467251
20:22:00,18.4034
20:22:01,18.3077431
20:22:02,18.7842445
20:22:03,18.8279514
20:22:04,18.4649029
20:22:05,18.9433117
20:22:06,18.2929611
20:22:07,18.5481911
20:22:08,18.3752537
20:22:09,18.6201534
20:22:10,18.20932
20:22:11,18.4941158
20:22:12,18.63945
20:22:13,18.99701
20:22:14,18.2719746
20:22:15,18.0896168
20:22:16,18.4749012
20:22:17,18.8652821
20:22:18,18.82621
20:22:19,18.7660179
20:22:20,18.5235424
20:22:21,18.9223728
20:22:22,18.6815281
20:22:23,18.3525314
20:22:24,18.768158
20:22:25,18.1868858
20:22:26,18.5950527
20:22:27,18.9471474
20:22:28,18.09699
20:22:29,19.03545
20:22:30,18.9807777
20:22:31,19.0511036
20:22:32,18.5331554
20:22:33,19.1050587
20:22:34,19.1535358
20:22:35,18.8257713
20:22:36,18.1867733
20:22:37,18.75007
20:22:38,19.31203
20:22:39,18.260704
20:22:40,18.7001953
20:22:41,18.42735
20:22:42,18.9046726
20:22:43,18.55315
20:22:44,18.4758816
20:22:45,18.5883961
20:22:46,18.87369
20:22:47,18.6083946
20:22:48,18.5757313
20:22:49,18.80538
20:22:50,18.6076183
20:22:51,18.4210072
20:22:52,18.61133
20:22:53,18.7217388
20:22:54,19.8595486
20:22:55,19.0483761
20:22:56,19.7164154
20:22:57,18.8244877
20:22:58,18.5321388
20:22:59,19.3943615
20:23:00,19.3789711
20:23:01,18.8434086
20:23:02,18.8671741
20:23:03,19.1462879
20:23:04,19.3499355
20:23:05,19.0284882
20:23:06,19.2242413
20:23:07,19.08046
20:23:08,19.2330151
20:23:09,18.8532257
20:23:10,18.1818657
20:23:11,17.8232365
20:23:12,17.6581917
20:23:13,17.9434643
20:23:14,17.5140533
20:23:15,18.2241211
20:23:16,18.4006748
20:23:17,17.526144
20:23:18,17.50897
20:23:19,18.0520668
20:23:20,18.1670227
20:23:21,18.0820084
20:23:22,18.9283676
20:23:23,18.273016
20:23:24,17.9586067
20:23:25,18.616785
20:23:26,18.6650753
20:23:27,18.7195358
20:23:28,18.6873074
20:23:29,18.2958775
20:23:30,18.6005783
20:23:31,18.1761341
20:23:32,18.5664959
20:23:33,18.1581974
20:23:34,18.9613171
20:23:35,18.4730644
20:23:36,18.460535
20:23:37,18.2017879
20:23:38,18.8172913
20:23:39,18.0125713
20:23:40,18.84245
20:23:41,18.4290047
20:23:42,18.619894
20:23:43,18.8826981
20:23:44,18.64571
20:23:45,18.5566387
20:23:46,18.30336
20:23:47,18.4028549
20:23:48,18.4181213
20:23:49,18.8559628
20:23:50,18.20261
20:23:51,18.4178028
20:23:52,18.7231312
20:23:53,18.5543022
20:23:54,18.2784939
20:23:55,18.4801941
20:23:56,18.3910332
20:23:57,18.1465721
20:23:58,18.1034775
20:23:59,18.362772
20:24:00,18.0379047
20:24:02,18.6155167
20:24:03,18.489296
20:24:04,18.3862572
20:24:05,18.9190712
20:24:06,18.332
20:24:07,18.8618622
20:24:08,18.6630573
20:24:09,18.91034
20:24:10,18.2799358
20:24:11,18.80892
20:24:12,18.4437943
20:24:13,19.1626034
20:24:14,18.8721924
20:24:15,19.0239315
20:24:16,19.16463
20:24:17,18.2486057
20:24:18,18.5226917
20:24:19,18.5670738
20:24:20,18.499691
20:24:21,18.547369
20:24:22,18.7094688
20:24:23,18.5148945
20:24:24,17.8078842
20:24:25,18.897419
20:24:26,18.673748
20:24:27,19.0919437
20:24:28,18.75569
20:24:29,18.2255383
20:24:30,18.9391651
20:24:31,18.42391
20:24:32,19.02472
20:24:33,18.802763
20:24:34,18.87501
20:24:35,18.2230148
20:24:36,18.2798557
20:24:37,18.5971851
20:24:38,18.3283825
20:24:39,18.9377346
20:24:40,18.220768
20:24:41,18.848032
20:24:42,18.550457
20:24:43,18.4771938
20:24:44,18.5623875
20:24:45,18.3768139
20:24:46,19.17646
20:24:47,18.9392376
20:24:48,18.9587212
20:24:49,18.4186249
20:24:50,19.4544067
20:24:51,17.9502144
20:24:52,18.8988686
20:24:53,18.65742
20:24:54,18.863699
20:24:55,19.2806377
20:24:56,18.9831581
20:24:57,18.4313
20:24:58,18.5381451
20:24:59,18.3027668
20:25:00,19.1707077
20:25:01,18.6320438
20:25:02,18.4736061
20:25:03,18.4099541
20:25:04,18.26115
20:25:05,18.56884
20:25:06,18.308157
20:25:07,18.605299
20:25:08,18.960144
20:25:09,18.1265335
20:25:10,17.611351
20:25:11,17.8798637
20:25:12,18.2027454
20:25:13,16.4227562
20:25:14,17.5719929
20:25:15,17.2389488
20:25:16,17.0603733
20:25:17,16.97645
20:25:18,17.493803
20:25:19,18.1163712
20:25:20,19.0149746
20:25:21,17.8445511
20:25:22,18.7965031
20:25:23,18.6442451
20:25:24,18.8729382
20:25:25,18.33725
20:25:26,18.31726
20:25:27,18.7897625
20:25:28,18.9935284
20:25:29,18.39521
20:25:30,18.3359489
20:25:31,18.9088917
20:25:32,18.3737984
20:25:33,18.9593811
20:25:34,18.6011181
20:25:35,18.7044067
20:25:36,18.26416
20:25:37,19.132473
20:25:38,18.5861912
20:25:39,18.5828419
20:25:40,19.4844036
20:25:41,18.9044666
20:25:42,19.392168
20:25:43,18.9759026
20:25:44,18.8037567
20:25:45,18.8568649
20:25:46,18.72316
20:25:47,18.4324875
20:25:48,18.9475975
20:25:49,19.46986
20:25:50,19.187048
20:25:51,18.77592
20:25:52,18.54763
20:25:53,18.860054
20:25:54,18.427866
20:25:55,19.04278
20:25:56,18.3292
20:25:57,18.7160683
20:25:58,17.9810963
20:25:59,18.023386
20:26:00,18.2830353
20:26:01,19.21557
20:26:02,18.5350037
20:26:03,18.3711
20:26:04,18.7949734
20:26:05,17.6270313
20:26:06,18.2990055
20:26:07,19.0406132
20:26:08,17.6598663
20:26:09,19.1134243
20:26:10,17.89098
20:26:11,18.6276035
20:26:12,18.1447811
20:26:13,18.5666847
20:26:14,18.7795963
20:26:15,18.4456234
20:26:16,19.35281
20:26:17,18.3320484
20:26:18,18.7494717
20:26:20,18.41186
20:26:21,18.50252
20:26:22,18.5826569
20:26:23,19.0323048
20:26:24,18.8139076
20:26:25,18.3825665
20:26:26,18.7731171
20:26:27,19.1078358
20:26:28,18.393692
20:26:29,18.4513779
20:26:30,18.0372849
20:26:31,18.3735447
20:26:32,18.3413181
20:26:33,18.5256634
20:26:34,18.54997
20:26:35,18.3475647
20:26:36,18.7487583
20:26:37,18.3444519
20:26:38,18.60474
20:26:39,18.4342117
20:26:40,18.071907
20:26:41,19.5286026
20:26:42,18.0438614
20:26:43,18.6905174
20:26:44,18.4373074
20:26:45,18.5199661
20:26:46,18.57807
20:26:47,18.2916546
20:26:48,18.337141
20:26:49,18.3919353
20:26:50,18.209095
20:26:52,18.72984
20:26:53,18.9019032
20:26:54,18.1665421
20:26:55,18.6792011
20:26:56,18.1216965
20:26:57,18.0411644
20:26:58,18.0277615
20:26:59,18.4891357
20:27:01,18.5968742
20:27:03,19.37939
20:27:05,18.7816715
20:27:06,18.8884029
20:27:08,18.8483467
20:27:10,17.5459557
20:27:11,16.7085285
20:27:12,17.003149
20:27:13,17.2069263
20:27:14,17.36852
20:27:16,17.1943111
20:27:17,17.1208324
20:27:18,16.9948177
20:27:19,17.4444027
20:27:20,18.3727417
20:27:21,18.061367
20:27:22,18.46345
20:27:23,18.950943
20:27:24,18.01036
20:27:25,18.7321167
20:27:26,18.4026241
20:27:27,18.4895821
20:27:28,18.7481937
20:27:29,18.2611313
20:27:30,18.0500927
20:27:31,18.7138271
20:27:32,18.1370564
20:27:33,19.0655861
20:27:34,18.0285549
20:27:35,18.5478687
20:27:36,19.0925541
20:27:37,17.9469013
20:27:38,18.9834023
20:27:39,18.0900478
20:27:40,18.4450455
20:27:41,18.0287571
20:27:42,18.5423126
20:27:43,19.023838
20:27:44,18.0994549
20:27:45,18.8311729
20:27:46,18.3484821
20:27:47,19.0556469
20:27:48,19.5526772
20:27:49,18.2195721
20:27:50,18.7461
20:27:51,18.5802956
20:27:52,18.28792
20:27:53,18.58006
20:27:54,18.2875938
20:27:55,18.2446632
20:27:56,18.70771
20:27:57,18.3752422
20:27:58,18.65111
20:27:59,18.4872475
20:28:00,18.7465038
20:28:01,18.3790226
20:28:02,18.5579472
20:28:03,19.0453434
20:28:04,19.1543369
20:28:05,19.1045113
20:28:06,18.6651058
20:28:07,18.2438717
20:28:08,17.795784
20:28:09,18.2348289
20:28:10,17.93792
20:28:11,19.2873611
20:28:12,18.2928486
20:28:13,18.9050179
20:28:14,18.4827576
20:28:15,18.6829319
20:28:16,17.8954067
20:28:17,18.43552
20:28:18,18.1965523
20:28:19,17.734663
20:28:20,18.36408
20:28:21,18.5876541
20:28:22,18.4474754
20:28:23,18.6743183
20:28:24,17.4098454
20:28:25,19.0066986
20:28:26,18.6777821
20:28:27,18.9969673
20:28:28,18.73823
20:28:29,19.0066414
20:28:30,18.6816425
20:28:31,19.2077332
20:28:32,19.404583
20:28:33,18.8544884
20:28:34,18.7328186
20:28:35,19.5404015
20:28:36,18.6030464
20:28:37,19.5956516
20:28:38,18.596487
20:28:39,19.51434
20:28:40,18.8829556
20:28:41,19.0033665
20:28:42,18.6087265
20:28:43,19.1314716
20:28:44,18.5310822
20:28:45,18.4882374
20:28:46,18.5979977
20:28:47,18.6810474
20:28:48,18.4122162
20:28:49,18.712822
20:28:50,18.6181831
20:28:51,18.2316761
20:28:52,18.7356243
20:28:53,18.4390221
20:28:54,19.3145866
20:28:55,18.782
20:28:56,19.0956764
20:28:57,19.0517654
20:28:58,18.8788376
20:28:59,18.0630112
20:29:00,18.80324
20:29:01,18.587059
20:29:02,18.5295811
20:29:03,19.2550068
20:29:04,18.3719711
20:29:05,18.4541016
20:29:06,17.948103
20:29:07,18.6724186
20:29:08,18.9145336
20:29:09,17.5962772
20:29:10,17.5532532
20:29:11,17.6845474
20:29:12,16.9677677
20:29:13,17.25842
20:29:14,16.79897
20:29:15,17.5122929
20:29:16,17.2347775
20:29:17,17.0601139
20:29:18,17.222538
20:29:19,17.5593624
20:29:20,17.7145042
20:29:21,17.1687069
20:29:22,17.3359451
20:29:23,17.41673
20:29:24,17.9225216
20:29:25,17.0564747
20:29:26,17.44771
20:29:27,17.0070763
20:29:28,17.5014915
20:29:29,17.2907734
20:29:30,17.2652855
20:29:31,17.0744686
20:29:32,17.1163158
20:29:33,17.5099049
20:29:34,17.1091537
20:29:35,17.7509384
20:29:36,17.7537365
20:29:37,20.2691727
20:29:38,21.7466488
20:29:39,20.2255039
20:29:40,23.6440887
20:29:41,18.4309273
20:29:42,21.8424911
20:29:43,21.1653233
20:29:44,22.189909
20:29:45,20.0877285
20:29:46,19.9208221
20:29:47,23.2147312
20:29:48,10.1044092
20:29:49,5.5462203
20:29:50,5.327915
20:29:51,5.11809349
20:29:52,5.27756834
20:29:53,4.20032644
20:29:54,4.639059
20:29:55,5.11277771
20:29:56,4.761856
20:29:57,5.16160727
20:29:58,4.94841957
20:29:59,5.12602329
20:30:00,5.049531
20:30:01,4.680669
20:30:02,4.887193
20:30:03,4.55758429
20:30:04,4.55287552
20:30:05,4.8467474
20:30:06,4.748119
20:30:07,5.080394
20:30:08,4.806891
20:30:09,7.616495
20:30:10,9.256836
20:30:11,5.391853
20:30:12,5.136237
20:30:13,5.09503365
20:30:15,4.897399
20:30:16,4.699236
20:30:17,5.030274
20:30:18,4.84477
20:30:19,4.44795465
20:30:20,5.187899
20:30:21,5.04248333
20:30:22,4.80113554
20:30:23,4.55696535
20:30:24,4.595223
20:30:25,4.47358656
20:30:26,4.95122433
20:30:27,4.95962524
20:30:28,4.70594454
20:30:29,4.71909857
20:30:30,4.966623
20:30:31,4.735539
20:30:32,4.84506464
20:30:33,4.93954754
20:30:34,4.65001059
20:30:35,4.97545242
20:30:36,4.7829957
20:30:37,4.83512068
20:30:38,4.9381876
20:30:39,4.85586357
20:30:40,4.55817842
20:30:41,4.85591269
20:30:42,5.137859
20:30:43,4.562916
20:30:44,4.271232
20:30:45,4.66695452
20:30:46,4.722898
20:30:47,4.8648634
20:30:48,4.54013
20:30:49,4.38425636
20:30:50,4.75823069
20:30:51,4.693264
20:30:52,4.980278
20:30:53,4.858465
20:30:54,4.26015
20:30:55,4.289891
20:30:56,4.38386536
20:30:57,4.61818743
20:30:58,4.72964
20:30:59,4.72167969
20:31:00,4.523036
20:31:01,4.755465
20:31:02,4.53724527
20:31:03,4.49002028
20:31:04,4.64395952
20:31:05,4.88900757
20:31:06,5.176465
20:31:07,5.28777742
20:31:08,4.73439932
20:31:09,4.62054539
20:31:10,4.73243332
20:31:11,6.5446434
20:31:12,7.7968545
20:31:13,4.864762
20:31:14,4.760916
20:31:15,4.60361528
20:31:16,4.571406
20:31:17,4.775086
20:31:18,4.57654762
20:31:19,5.142071
20:31:20,4.62687969
20:31:21,4.66470146
20:31:22,4.552642
20:31:23,4.6131053
20:31:24,4.51955938
20:31:25,6.175044
20:31:26,18.598547
20:31:27,4.52031
20:31:28,4.29256248
20:31:29,4.39144135
20:31:30,4.704906
20:31:31,4.52262974
20:31:32,4.310738
20:31:33,5.10835838
20:31:34,4.91168976
20:31:35,4.59100628
20:31:36,5.191839
20:31:37,4.56395626
20:31:38,4.76992846
20:31:39,4.80622625
20:31:40,5.02093649
20:31:41,4.45446444
20:31:42,4.669616
20:31:43,4.914863
20:31:44,4.293798
20:31:45,4.280757
20:31:46,4.48113251
20:31:47,4.27085447
20:31:48,4.30920458
20:31:49,4.241073
20:31:50,3.45423985
20:31:51,3.54595423
20:31:52,4.413386
20:31:53,4.2803297
20:31:54,4.510648
20:31:55,4.2476716
20:31:56,4.81734133
20:31:57,4.964162
20:31:58,4.79814672
20:31:59,4.699468
20:32:00,4.70324
20:32:01,5.36711836
20:32:02,6.449805
20:32:03,5.0399375
20:32:04,4.786714
20:32:05,5.113793
20:32:06,4.762269
20:32:07,5.02144575
20:32:08,4.43485069
20:32:09,4.60039
20:32:10,5.20349169
20:32:11,5.752544
20:32:12,5.48519564
20:32:13,8.726586
20:32:14,6.12677765
20:32:15,4.741713
20:32:16,4.666191
20:32:17,4.84103251
20:32:18,4.901653
20:32:20,5.10565472
20:32:21,4.501552
20:32:22,5.57163954
20:32:23,4.974215
20:32:24,4.640577
20:32:25,4.73433542
20:32:26,4.70946074
20:32:27,5.15430546
20:32:28,4.46642733
20:32:29,4.450465
20:32:30,4.584029
20:32:31,5.129998
20:32:32,4.62079334
20:32:33,4.94593668
20:32:34,4.737463
20:32:35,4.7606287
20:32:36,4.86669159
20:32:37,4.631848
20:32:38,4.66582346
20:32:39,4.940993
20:32:40,4.570352
20:32:41,5.015254
20:32:42,4.96538
20:32:43,4.84034348
20:32:44,4.675958
20:32:45,4.664854
20:32:46,4.89367867
20:32:47,4.75636435
20:32:48,4.61347866
20:32:49,4.720204
20:32:50,4.91738462
20:32:51,4.88583565
20:32:52,4.65793657
20:32:53,4.38049126
20:32:54,4.55111742
20:32:55,4.942871
20:32:56,4.641957
20:32:57,5.049416
20:32:58,4.751563
20:32:59,4.73469543
20:33:00,4.947267
20:33:01,4.85140944
20:33:02,5.66419125
20:33:03,4.968812
20:33:04,5.429375
20:33:05,4.925362
20:33:06,4.91793776
20:33:07,4.43728876
20:33:08,4.637063
20:33:09,4.817705
20:33:10,4.637332
20:33:11,4.75904465
20:33:12,20.0426731
20:33:13,5.166051
20:33:14,11.10898
20:33:15,7.23908234
20:33:16,5.030524
20:33:17,4.538652
20:33:18,4.58700657
20:33:20,5.28346062
20:33:21,4.94127464
20:33:22,4.73065758
20:33:23,4.59679556
20:33:24,3.84341574
20:33:25,4.04562235
20:33:27,4.85133648
20:33:28,4.67519951
20:33:29,4.800864
20:33:30,4.834604
20:33:31,5.58152533
20:33:32,5.007636
20:33:33,4.49546671
20:33:34,4.58696365
20:33:35,4.652843
20:33:36,4.446069
20:33:37,4.944488
20:33:38,4.76793337
20:33:39,4.536793
20:33:40,4.66384
20:33:41,4.50171137
20:33:42,4.898256
20:33:43,4.77636957
20:33:44,4.834328
20:33:45,4.86492968
20:33:46,4.593985
20:33:47,4.789422
20:33:48,4.677525
20:33:49,4.93587637
20:33:50,4.87836456
20:33:51,4.80672455
20:33:52,4.87273
20:33:53,4.80434942
20:33:54,5.111113
20:33:55,4.72535
20:33:56,4.641919
20:33:57,4.77595
20:33:58,4.46825266
20:33:59,4.81071568
20:34:00,4.95465
20:34:01,4.77825356
20:34:02,4.907804
20:34:03,4.66341257
20:34:04,4.59186554
20:34:05,4.882886
20:34:06,4.889092
20:34:07,4.62413454
20:34:08,4.710217
20:34:09,4.75758028
20:34:10,5.03956
20:34:11,4.694083
20:34:12,4.8682394
20:34:13,4.84883833
20:34:14,4.715197
20:34:15,5.32577658
20:34:16,10.6652985
20:34:17,6.870828
20:34:18,4.915673
20:34:19,4.88541031
20:34:20,5.21431875
20:34:21,4.755157
20:34:22,4.767604
20:34:23,4.872604
20:34:24,4.71608
20:34:25,4.84359264
20:34:26,4.89736
20:34:27,4.795148
20:34:28,4.50691175
20:34:29,4.809937
20:34:30,4.68187952
20:34:31,4.892483
20:34:32,4.74119949
20:34:33,4.31555748
20:34:34,4.159274
20:34:35,4.166333
20:34:36,5.10263252
20:34:37,5.00432253
20:34:38,4.87373924
20:34:39,4.59600639
20:34:40,4.584066
20:34:41,4.726704
20:34:42,4.911101
20:34:43,4.833798
20:34:44,4.73945856
20:34:45,4.808275
20:34:46,4.823197
20:34:47,5.162775
20:34:48,4.374417
20:34:49,4.848994
20:34:50,4.733595
20:34:51,6.77667236
20:34:52,4.81356144
20:34:53,4.748415
20:34:54,4.7443
20:34:55,4.994093
20:34:56,5.169762
20:34:57,4.935676
20:34:58,4.81689453
20:34:59,4.544149
20:35:00,5.432507
20:35:01,4.959305
20:35:02,4.85143471
20:35:03,5.00932455
20:35:04,4.569845
20:35:05,4.894023
20:35:06,5.03411531
20:35:07,4.94643164
20:35:08,4.68840027
20:35:09,4.824828
20:35:10,4.808025
20:35:11,5.00746441
20:35:12,4.615235
20:35:13,4.828446
20:35:14,4.68906975
20:35:15,4.78845739
20:35:16,5.153983
20:35:17,8.080159
20:35:18,6.26673269
20:35:19,5.07658
20:35:20,5.45769024
20:35:21,4.80385828
20:35:22,4.88137341
20:35:23,4.508265
20:35:24,4.93451
20:35:25,4.598342
20:35:26,4.72997046
20:35:27,4.8725276
20:35:28,4.90902567
20:35:29,4.81199026
20:35:30,4.822511
20:35:31,4.814643
20:35:32,4.98837
20:35:33,4.84603453
20:35:34,4.513225
20:35:35,4.768768
20:35:36,4.88665152
20:35:37,4.69677162
20:35:38,4.636028
20:35:39,5.04034376
20:35:40,4.7700367
20:35:41,4.90803576
20:35:42,4.790298
20:35:43,4.88818455
20:35:44,4.712772
20:35:45,4.391958
20:35:46,3.69789171
20:35:47,4.120216
20:35:48,4.720995
20:35:49,4.94669247
20:35:50,3.69984055
20:35:51,3.89021778
20:35:52,3.76794982
20:35:53,3.656317
20:35:54,3.78878951
20:35:55,4.672098
20:35:56,4.11262226
20:35:57,4.14876366
20:35:59,4.17386341
20:36:00,4.720704
20:36:01,5.15110731
20:36:02,4.678347
20:36:03,5.03951359
20:36:04,4.557891
20:36:05,3.806406
20:36:06,4.60201454
20:36:07,4.79109335
20:36:08,4.762452
20:36:09,4.889159
20:36:10,4.83719444
20:36:11,4.980101
20:36:12,5.04061651
20:36:13,4.687284
20:36:14,4.835763
20:36:15,4.873021
20:36:16,4.81364536
20:36:17,4.90171242
20:36:18,4.73987532
20:36:19,8.890099
20:36:20,6.67649937
20:36:21,4.82272959
20:36:22,4.05968046
20:36:23,4.42188263
20:36:24,6.681742
20:36:25,10.6116438
20:36:26,4.62698269
20:36:27,4.79341125
20:36:28,4.90724039
20:36:29,5.40041637
20:36:30,5.416718
20:36:31,5.281368
20:36:32,5.322766
20:36:33,5.274135
20:36:34,5.39853954
20:36:35,5.39876
20:36:36,4.763356
20:36:37,4.336329
20:36:38,4.50319529
20:36:39,4.463811
20:36:40,4.703479
20:36:41,4.40532
20:36:42,4.5269146
20:36:43,4.516646
20:36:44,4.469389
20:36:45,4.378487
20:36:46,4.560054
20:36:47,4.8910017
20:36:48,4.643338
20:36:49,4.70630646
20:36:50,4.578485
20:36:51,4.925054
20:36:52,4.465608
20:36:53,4.32294464
20:36:54,4.40980053
20:36:55,4.46339846
20:36:56,4.468402
20:36:57,4.759172
20:36:58,4.65045452
20:36:59,4.414741
20:37:00,4.630247
20:37:01,4.75128555
20:37:02,4.765834
20:37:03,4.22462368
20:37:04,4.45140553
20:37:05,5.000665
20:37:06,5.04672575
20:37:07,5.292221
20:37:08,5.079704
20:37:09,4.970047
20:37:10,5.175629
20:37:11,5.044263
20:37:12,5.022705
20:37:13,4.491011
20:37:14,4.55469131
20:37:15,4.42931938
20:37:16,4.61745834
20:37:17,4.88854
20:37:18,4.44620037
20:37:19,4.26325464
20:37:20,10.3210354
20:37:21,6.51812
20:37:22,4.78188372
20:37:23,4.5368185
20:37:24,4.50042057
20:37:25,4.47386551
20:37:26,4.468549
20:37:27,4.579344
20:37:28,4.49613476
20:37:29,4.60198545
20:37:30,4.446575
20:37:31,4.549141
20:37:32,4.67982864
20:37:33,4.73931265
20:37:34,4.46511555
20:37:35,3.83962131
20:37:36,4.76822948
20:37:37,5.705432
20:37:38,4.418975
20:37:39,5.44378948
20:37:40,5.611271
20:37:41,5.452092
20:37:42,5.21613169
20:37:43,5.04156351
20:37:44,5.40562
20:37:45,5.55649
20:37:46,5.186697
20:37:47,5.34377432
20:37:48,4.622784
20:37:49,4.13579464
20:37:50,4.137067
20:37:51,4.16376066
20:37:52,4.15781164
20:37:53,4.35082769
20:37:54,3.982891
20:37:55,3.74981546
20:37:56,4.01361465
20:37:57,4.32693243
20:37:58,4.48644066
20:37:59,4.683029
20:38:00,4.93165255
20:38:01,5.007985
20:38:02,5.596981
20:38:03,7.589139
20:38:04,6.16498137
20:38:05,5.466839
20:38:06,5.54000854
20:38:07,5.493416
20:38:08,5.44790363
20:38:09,5.45357037
20:38:10,5.560456
20:38:11,5.563785
20:38:12,5.83024931
20:38:13,5.49948025
20:38:14,5.40271664
20:38:15,5.69743
20:38:16,5.655376
20:38:17,5.68710041
20:38:18,5.503065
20:38:19,4.658467
20:38:20,5.04151964
20:38:21,7.56093454
20:38:22,8.298416
20:38:23,5.62308836
20:38:24,5.52513075
20:38:25,5.54564857
20:38:26,5.728132
20:38:27,6.523503
20:38:28,5.684845
20:38:29,5.69847
20:38:30,5.763351
20:38:31,5.72361
20:38:32,5.686896
20:38:33,5.59596252
20:38:34,5.60976171
20:38:35,5.47039652
20:38:36,5.59857941
20:38:37,5.76563
20:38:38,5.139083
20:38:39,5.43245649
20:38:40,5.522443
20:38:41,5.56746769
20:38:42,5.651305
20:38:43,5.667714
20:38:44,5.4597
20:38:45,5.20534
20:38:46,5.70042753
20:38:47,5.61730576
20:38:48,5.543389
20:38:49,2.47861743
20:38:50,1.41009
20:38:51,1.432388
20:38:52,1.84366882
20:38:53,1.34797668
20:38:54,1.33715248
20:38:55,1.322452
20:38:56,1.85560393
20:38:57,1.46649337
20:38:58,1.47025335
20:38:59,1.70785224
20:39:00,2.76262379
20:39:01,1.79681778
20:39:02,1.77462864
20:39:03,1.93722725
20:39:04,1.84563792
20:39:05,1.39846241
20:39:06,1.47083914
20:39:07,1.44857538
20:39:08,1.34022212
20:39:09,1.53813386
20:39:10,3.79438353
20:39:11,4.056789
20:39:12,1.62800384
20:39:13,1.78268862
20:39:14,1.19468057
20:39:15,1.66572356
20:39:16,1.57203257
20:39:17,1.39478767
20:39:18,1.86325848
20:39:19,3.206894
20:39:20,2.24610949
20:39:21,1.26463282
20:39:22,5.990781
20:39:23,4.780134
20:39:24,1.90211618
20:39:25,2.04071951
20:39:26,1.46742475
20:39:27,2.034878
20:39:28,2.03067565
20:39:29,1.30792356
20:39:30,1.97491086
20:39:31,1.412364
20:39:32,1.52122223
20:39:33,3.30319262
20:39:35,1.55712128
20:39:36,1.41210318
20:39:37,1.49484944
20:39:38,1.53150463
20:39:39,1.48986745
20:39:40,1.84889936
20:39:41,1.44213092
20:39:42,1.85800481
20:39:43,1.27008069
20:39:44,1.41223931
20:39:45,1.335069
20:39:46,1.38860464
20:39:47,2.13643479
20:39:48,1.350065
20:39:49,1.814647
20:39:50,1.73915076
20:39:51,1.28759193
20:39:52,1.42113352
20:39:53,1.93216121
20:39:54,1.43891287
20:39:55,1.38028145
20:39:56,1.33515477
20:39:57,1.7579627
20:39:58,2.06869149
20:39:59,1.77465951
20:40:00,1.57041764
20:40:01,1.56885982
20:40:02,1.376211
20:40:03,1.360604
20:40:04,1.38094747
20:40:05,1.90010452
20:40:06,1.77970648
20:40:07,1.807794
20:40:08,1.34360754
20:40:09,1.39894867
20:40:10,1.2329874
20:40:11,1.31849718
20:40:12,1.4585346
20:40:13,2.23520732
20:40:14,2.06107235
20:40:15,1.29769659
20:40:16,1.30620551
20:40:17,1.86952114
20:40:18,1.313885
20:40:19,2.32345438
20:40:20,3.325339
20:40:21,1.26616824
20:40:22,1.72521043
20:40:23,1.44428861
20:40:24,5.615962
20:40:25,4.61410761
20:40:26,1.73420775
20:40:27,1.3779254
20:40:28,3.410706
20:40:29,1.82290053
20:40:30,2.05927467
20:40:31,1.46661818
20:40:32,1.43404
20:40:33,1.55264139
20:40:34,1.45845449
20:40:35,1.20111024
20:40:36,1.2815485
20:40:37,1.43873441
20:40:38,1.28577566
20:40:39,1.237093
20:40:40,1.24294031
20:40:41,1.42968714
20:40:42,2.87085772
20:40:43,5.26689
20:40:44,3.37903118
20:40:45,2.99555516
20:40:46,2.60837936
