,/gpu-intel/0xA7A1/power/0
Time,GPU Package
16:49:42,7.73201561
16:49:43,9.669923
16:49:44,7.64044142
16:49:45,13.3788557
16:49:46,12.522891
16:49:47,10.3253651
16:49:48,20.4567
16:49:49,18.8222942
16:49:50,17.0307
16:49:51,13.28531
16:49:52,9.920375
16:49:53,7.57226467
16:49:54,9.252043
16:49:55,5.6034174
16:49:56,5.94053936
16:49:57,8.441712
16:49:58,6.525008
16:49:59,9.171598
16:50:00,10.3437424
16:50:01,10.7516384
16:50:02,10.4443684
16:50:03,10.6015472
16:50:04,8.403115
16:50:05,8.376855
16:50:06,8.724546
16:50:07,7.873099
16:50:08,9.7834
16:50:09,7.257856
16:50:10,8.572601
16:50:11,8.235867
16:50:12,8.358572
16:50:13,8.958589
16:50:14,13.2064
16:50:15,12.1228218
16:50:16,8.878963
16:50:17,11.24642
16:50:18,9.961183
16:50:19,10.41478
16:50:20,15.8161774
16:50:21,14.5039415
16:50:22,13.9710875
16:50:23,11.3737373
16:50:24,11.8935013
16:50:25,15.7188148
16:50:26,11.1592884
16:50:27,15.6022539
16:50:28,11.1303749
16:50:29,12.3549166
16:50:30,10.7901525
16:50:31,11.6979418
16:50:32,11.9475756
16:50:33,10.1748133
16:50:34,9.109414
16:50:35,7.765045
16:50:36,6.36689568
16:50:37,9.111873
16:50:38,8.060298
16:50:39,6.54437876
16:50:40,9.772237
16:50:41,9.33097
16:50:42,9.75375
16:50:43,5.86320162
16:50:44,8.586717
16:50:45,10.4991035
16:50:46,9.615596
16:50:47,9.599943
16:50:48,9.063824
16:50:49,8.751885
16:50:50,8.943114
16:50:51,18.5842781
16:50:52,8.377716
16:50:53,11.5214338
16:50:54,21.7766724
16:50:55,20.88934
16:50:56,18.0819321
16:50:57,20.5740261
16:50:58,12.29968
16:50:59,8.983149
16:51:00,8.029496
16:51:01,8.756428
16:51:02,10.3500633
16:51:03,8.333721
16:51:04,8.331855
16:51:05,6.178192
16:51:06,8.448597
16:51:07,8.44579
16:51:08,11.643714
16:51:09,13.6473417
16:51:10,11.7454071
16:51:11,6.45299
16:51:12,20.0586
16:51:13,23.0755234
16:51:14,17.0078278
16:51:15,12.0578022
16:51:16,6.707465
16:51:17,5.913336
16:51:18,7.813851
16:51:19,5.382762
16:51:20,9.3931
16:51:21,8.611543
16:51:22,6.124043
16:51:23,5.90403366
16:51:24,4.82081842
16:51:25,5.157616
16:51:26,4.76255131
16:51:27,4.50319767
16:51:28,6.331801
16:51:29,4.84301567
16:51:30,4.78773069
16:51:31,7.450444
16:51:32,5.117632
16:51:33,9.544166
16:51:34,4.467548
16:51:35,6.867901
16:51:36,10.8515329
16:51:37,7.624564
16:51:38,10.8007431
16:51:39,19.34004
16:51:40,19.137188
16:51:41,19.0672417
16:51:42,18.49659
16:51:43,21.5518322
16:51:44,21.9340076
16:51:45,20.0034389
16:51:46,18.7784729
16:51:47,18.9228535
16:51:48,17.151947
16:51:49,12.5633774
16:51:50,11.4525127
16:51:51,11.6880894
16:51:52,11.171
16:51:53,11.2447462
16:51:54,11.3630619
16:51:55,11.7222824
16:51:56,11.5990562
16:51:57,11.4115191
16:51:58,11.6194763
16:51:59,11.4418678
16:52:00,11.6827173
16:52:01,11.6130781
16:52:02,11.40159
16:52:03,11.6443987
16:52:04,11.7660456
16:52:05,11.8740778
16:52:06,11.78183
16:52:07,12.2023649
16:52:08,11.62796
16:52:09,11.9667006
16:52:10,11.8761969
16:52:11,12.1726866
16:52:12,11.8142214
16:52:13,12.0656672
16:52:14,11.9075356
16:52:15,11.97894
16:52:16,11.9043961
16:52:17,12.4251156
16:52:18,11.7871313
16:52:19,12.0651722
16:52:20,12.074585
16:52:21,12.0776119
16:52:22,12.106554
16:52:23,12.1754246
16:52:24,12.1215954
16:52:25,11.7999239
16:52:26,12.2863493
16:52:27,11.915761
16:52:28,12.1822872
16:52:29,12.0324106
16:52:30,12.1108809
16:52:31,11.8191862
16:52:32,11.7247639
16:52:33,11.7961054
16:52:34,11.8363352
16:52:35,11.8110294
16:52:36,12.1766367
16:52:37,12.123229
16:52:38,11.9320154
16:52:39,11.8224916
16:52:40,12.12205
16:52:41,11.8746586
16:52:42,12.1807909
16:52:43,12.1965122
16:52:44,12.0952215
16:52:45,11.8648529
16:52:46,11.8048363
16:52:47,12.0234776
16:52:48,11.8916521
16:52:49,12.0464592
16:52:50,12.0546017
16:52:51,12.02184
16:52:52,12.1788168
16:52:53,12.075635
16:52:54,11.6984663
16:52:55,11.9579115
16:52:56,11.9681168
16:52:57,11.98913
16:52:58,11.9878235
16:52:59,11.9744949
16:53:00,12.014863
16:53:01,12.0822344
16:53:02,12.1254616
16:53:03,12.1834173
16:53:04,12.11479
16:53:05,11.8320055
16:53:06,12.2568159
16:53:07,12.2429495
16:53:08,11.577076
16:53:09,11.9644623
16:53:10,12.0189791
16:53:11,11.9502888
16:53:12,11.9615784
16:53:13,12.119832
16:53:14,11.9185448
16:53:15,11.9783249
16:53:16,12.183466
16:53:17,12.1123343
16:53:18,12.1470938
16:53:19,11.885644
16:53:20,12.0395136
16:53:21,11.9956207
16:53:22,12.00987
16:53:23,11.9591284
16:53:24,12.0151815
16:53:25,11.9447689
16:53:26,11.9027271
16:53:27,12.49281
16:53:28,12.1570482
16:53:29,12.11758
16:53:30,11.7959146
16:53:31,11.8112164
16:53:32,12.1268826
16:53:33,11.87319
16:53:34,11.7686224
16:53:35,12.2498255
16:53:36,11.8746433
16:53:37,11.8761292
16:53:38,11.9712372
16:53:39,11.9608231
16:53:40,12.14683
16:53:41,12.0042353
16:53:42,11.9868269
16:53:43,12.0163965
16:53:44,11.828352
16:53:45,12.0891914
16:53:46,12.1396179
16:53:47,8.815445
16:53:48,11.7624445
16:53:49,14.7479849
16:53:50,12.4517374
16:53:51,12.1703453
16:53:52,12.303
16:53:53,11.7167587
16:53:54,11.9069061
16:53:55,12.0352068
16:53:56,12.0400972
16:53:57,11.8300781
16:53:58,11.6852617
16:53:59,10.5694962
16:54:00,13.4234324
16:54:01,12.3682356
16:54:02,12.0915413
16:54:03,11.9979553
16:54:04,11.7578459
16:54:05,11.9388037
16:54:06,12.0796614
16:54:07,12.0600061
16:54:08,12.177886
16:54:09,11.7766829
16:54:10,11.9113159
16:54:11,12.1481619
16:54:12,12.1606455
16:54:13,12.27111
16:54:14,11.93603
16:54:15,11.85949
16:54:16,12.16263
16:54:17,12.2821922
16:54:18,11.7782059
16:54:19,12.3764954
16:54:20,12.26793
16:54:21,12.17473
16:54:22,12.1439228
16:54:23,11.8728323
16:54:24,11.9390011
16:54:25,11.8647184
16:54:26,12.1963243
16:54:27,12.1903114
16:54:28,11.9792423
16:54:29,11.843029
16:54:30,12.1579475
16:54:31,11.9592772
16:54:32,12.0452909
16:54:33,11.9485359
16:54:34,11.9374752
16:54:35,12.102747
16:54:36,11.7711191
16:54:37,12.0410137
16:54:38,12.2349167
16:54:39,12.1371574
16:54:40,11.9750767
16:54:41,12.0280123
16:54:42,12.0628471
16:54:43,11.9130268
16:54:44,11.9584007
16:54:45,12.1422358
16:54:46,12.2964115
16:54:47,11.9684553
16:54:48,12.0375872
16:54:49,12.1296749
16:54:50,12.0365639
16:54:51,12.2906494
16:54:52,11.9519815
16:54:53,12.12255
16:54:54,11.9131966
16:54:55,11.8310089
16:54:56,11.78917
16:54:57,12.0789042
16:54:58,12.1941071
16:54:59,11.74445
16:55:00,12.464448
16:55:01,12.2672415
16:55:02,11.8742752
16:55:03,11.570013
16:55:04,12.1319914
16:55:05,11.7831364
16:55:06,11.9157753
16:55:07,11.8326254
16:55:08,12.038229
16:55:09,11.9561424
16:55:10,11.7962275
16:55:11,12.4308405
16:55:12,11.6018124
16:55:13,12.2449474
16:55:14,12.2931824
16:55:15,12.6100693
16:55:16,11.161067
16:55:17,12.1320333
16:55:18,11.87269
16:55:19,11.88655
16:55:20,11.9083271
16:55:21,11.7392387
16:55:22,12.1407108
16:55:23,12.3488731
16:55:24,11.8440561
16:55:25,12.2299032
16:55:26,11.9706793
16:55:27,11.962059
16:55:28,11.955101
16:55:29,12.0554218
16:55:30,12.0901489
16:55:31,12.3034754
16:55:32,12.0809641
16:55:33,12.587842
16:55:34,11.9794149
16:55:35,12.0598917
16:55:36,12.0211868
16:55:37,12.2299089
16:55:38,12.1204443
16:55:39,12.2089548
16:55:40,12.3133268
16:55:41,12.2484465
16:55:42,11.9594164
16:55:43,11.9244776
16:55:44,12.0028143
16:55:45,11.9033375
16:55:46,11.9260225
16:55:47,11.9877367
16:55:48,12.3011446
16:55:49,11.9744682
16:55:50,11.9439783
16:55:51,12.2011948
16:55:52,12.39198
16:55:53,11.8711462
16:55:54,11.7702866
16:55:55,12.096529
16:55:56,11.8771181
16:55:57,11.8601055
16:55:58,12.1484241
16:55:59,11.9899292
16:56:00,11.59373
16:56:01,12.0908089
16:56:02,12.0026493
16:56:03,11.9638548
16:56:04,12.10597
16:56:05,11.8597908
16:56:06,12.1490164
16:56:07,12.1569014
16:56:08,12.2048874
16:56:09,11.9032316
16:56:10,12.134985
16:56:11,11.5720034
16:56:12,12.3208179
16:56:13,11.45253
16:56:14,12.143939
16:56:15,12.2202549
16:56:16,12.0382195
16:56:17,12.208005
16:56:18,11.82452
16:56:19,12.0565557
16:56:20,12.0509672
16:56:21,12.6423111
16:56:22,12.0323448
16:56:23,11.5904112
16:56:24,12.1117163
16:56:25,12.1266041
16:56:26,12.088479
16:56:28,12.05873
16:56:29,11.7671461
16:56:30,11.71725
16:56:31,11.7432
16:56:32,11.9731722
16:56:33,11.7554274
16:56:34,11.95819
16:56:35,12.0640068
16:56:36,11.7401066
16:56:37,12.1199446
16:56:38,12.0668859
16:56:39,12.4560843
16:56:40,12.02587
16:56:41,11.8331766
16:56:42,12.1028328
16:56:43,11.9947386
16:56:44,12.0595407
16:56:45,12.0768929
16:56:46,12.3296051
16:56:47,11.7296553
16:56:48,11.5756359
16:56:49,12.1405869
16:56:50,12.08416
16:56:51,11.8895168
16:56:52,12.0786219
16:56:53,11.970746
16:56:54,12.093502
16:56:55,12.2301712
16:56:56,12.094656
16:56:57,11.9541245
16:56:58,12.0441685
16:56:59,12.0907593
16:57:00,12.1191607
16:57:01,12.0980215
16:57:02,12.0439758
16:57:03,11.73434
16:57:04,11.8100157
16:57:05,12.1049347
16:57:06,11.8788462
16:57:07,12.1069727
16:57:08,12.2378454
16:57:09,11.7533531
16:57:10,12.062705
16:57:11,12.5721741
16:57:12,12.2456007
16:57:13,11.9125729
16:57:14,12.07727
16:57:15,11.9281025
16:57:16,12.2053452
16:57:17,11.9859095
16:57:18,11.911787
16:57:19,12.103323
16:57:20,12.0513248
16:57:21,11.8247776
16:57:22,11.8920727
16:57:23,12.0553389
16:57:24,11.9068584
16:57:25,11.959116
16:57:26,11.935955
16:57:27,11.7327595
16:57:28,12.0765181
16:57:29,11.8138752
16:57:30,12.1364851
16:57:31,11.98837
16:57:32,12.0412645
16:57:33,12.096982
16:57:34,12.077219
16:57:35,12.2154779
16:57:36,11.8974113
16:57:37,12.3522911
16:57:38,11.8965273
16:57:39,12.0532274
16:57:40,12.136
16:57:41,12.1259251
16:57:42,12.1631365
16:57:43,11.8110819
16:57:44,12.1861
16:57:45,12.10273
16:57:46,11.8790445
16:57:47,12.0131855
16:57:48,11.8547392
16:57:49,11.7936735
16:57:50,12.2949352
16:57:51,12.26003
16:57:52,11.886981
16:57:53,11.7437878
16:57:54,11.915679
16:57:55,12.2780237
16:57:56,12.342454
16:57:57,12.05984
16:57:58,12.0544987
16:57:59,12.06242
16:58:00,12.2921009
16:58:01,11.971736
16:58:02,12.2205439
16:58:03,11.7159958
16:58:04,12.33011
16:58:05,12.1343136
16:58:06,12.1813574
16:58:07,12.0261889
16:58:08,12.1867895
16:58:09,12.1265039
16:58:10,12.0349712
16:58:11,12.1062765
16:58:12,12.0377693
16:58:13,11.9616671
16:58:14,11.857482
16:58:15,11.8098183
16:58:16,11.9594889
16:58:17,12.2803879
16:58:18,12.0341625
16:58:19,11.9876919
16:58:20,11.8665771
16:58:21,11.8917952
16:58:22,12.2432013
16:58:23,12.1583767
16:58:24,11.9933214
16:58:25,12.1145344
16:58:26,11.9482107
16:58:27,12.2914667
16:58:28,11.8575611
16:58:29,11.59634
16:58:30,12.2758646
16:58:31,12.3222036
16:58:32,11.9298143
16:58:33,12.1217594
16:58:34,12.1194134
16:58:35,12.2679863
16:58:36,11.7169819
16:58:37,12.1283627
16:58:38,12.307271
16:58:39,12.4275589
16:58:40,12.3265877
16:58:41,12.10646
16:58:42,11.843606
16:58:43,11.9251776
16:58:44,12.0085382
16:58:45,11.8097792
16:58:46,12.2140408
16:58:47,12.06307
16:58:48,12.4784737
16:58:49,11.6914511
16:58:50,12.03498
16:58:51,11.9237852
16:58:52,12.0476847
16:58:53,11.794816
16:58:54,12.2814131
16:58:55,12.3764248
16:58:56,12.01304
16:58:57,11.7080278
16:58:58,11.7353449
16:58:59,12.25614
16:59:00,11.9986725
16:59:01,11.8350134
16:59:02,12.0621548
16:59:03,11.8312206
16:59:04,11.9501619
16:59:05,11.9587345
16:59:06,11.9972105
16:59:07,11.6372
16:59:08,12.0241356
16:59:09,12.0041208
16:59:10,11.8995438
16:59:11,12.2850332
16:59:12,11.8380928
16:59:13,11.9198427
16:59:14,12.08276
16:59:15,11.9352064
16:59:16,12.1107311
16:59:17,11.5722752
16:59:18,11.983572
16:59:19,12.1319456
16:59:20,12.0409155
16:59:21,12.1215553
16:59:22,12.1091433
16:59:23,11.9977684
16:59:24,11.8681192
16:59:25,12.2092552
16:59:26,12.1670885
16:59:27,12.152586
16:59:28,11.9418278
16:59:29,12.1012917
16:59:30,12.4517469
16:59:31,12.049531
16:59:32,12.1987457
16:59:33,12.0884886
16:59:34,12.0233612
16:59:35,12.194725
16:59:36,11.8482008
16:59:37,11.9279041
16:59:38,12.079051
16:59:39,11.8286295
16:59:40,12.0987377
16:59:41,12.0192423
16:59:42,11.9253
16:59:43,11.852396
16:59:44,12.206377
16:59:45,11.508194
16:59:46,11.99252
16:59:47,12.0432959
16:59:48,12.3889723
16:59:49,11.7943573
16:59:50,12.2595243
16:59:51,11.9275169
16:59:52,12.1093616
16:59:53,12.0352621
16:59:54,12.2965136
16:59:55,12.0563765
16:59:56,11.9239178
16:59:57,11.9119177
16:59:58,11.8853683
16:59:59,11.8135786
17:00:00,12.0613136
17:00:01,11.9367867
17:00:02,11.7112064
17:00:03,12.21229
17:00:04,12.0352287
17:00:05,12.01559
17:00:06,12.2281189
17:00:07,12.169735
17:00:08,11.782177
17:00:09,12.1363964
17:00:10,12.4416666
17:00:11,12.031909
17:00:12,12.0851707
17:00:13,12.0627718
17:00:14,11.9198837
17:00:15,11.9010382
17:00:16,12.33619
17:00:17,11.75378
17:00:18,11.9314346
17:00:19,12.0596638
17:00:20,12.0689526
17:00:21,11.978199
17:00:22,12.4844294
17:00:23,11.830945
17:00:24,12.3777819
17:00:25,11.93392
17:00:26,12.1483431
17:00:27,12.40098
17:00:28,11.7531395
17:00:29,11.7581205
17:00:30,11.9353714
17:00:31,11.9435215
17:00:32,12.2489109
17:00:33,12.0295048
17:00:34,12.3874121
17:00:35,11.682332
17:00:36,12.2964811
17:00:37,12.2252245
17:00:38,12.0951366
17:00:39,12.2273674
17:00:40,12.0578728
17:00:41,12.3068094
17:00:42,11.7978344
17:00:43,11.9930134
17:00:44,11.9246149
17:00:45,12.5899057
17:00:46,11.6963959
17:00:47,12.1710281
17:00:48,11.87795
17:00:49,11.943512
17:00:50,12.1177616
17:00:51,11.7018051
17:00:52,12.3633423
17:00:53,11.8258047
17:00:54,11.9920731
17:00:55,12.56572
17:00:56,11.3051424
17:00:57,12.1998892
17:00:58,12.5598307
17:00:59,12.0446043
17:01:00,12.360424
17:01:01,12.7340736
17:01:02,11.6128559
17:01:03,12.1479549
17:01:04,11.9727621
17:01:05,11.9716825
17:01:06,11.7356281
17:01:07,11.9413719
17:01:08,12.0792093
17:01:09,12.1060324
17:01:10,12.0659351
17:01:11,12.2043858
17:01:12,12.1358376
17:01:13,12.1143188
17:01:14,11.9488249
17:01:15,11.9525728
17:01:16,12.332552
17:01:17,12.1098757
17:01:18,12.1236715
17:01:19,11.921936
17:01:20,12.0056152
17:01:21,11.8669329
17:01:22,12.1394682
17:01:23,12.0514784
17:01:24,12.12895
17:01:25,12.1189194
17:01:26,11.85157
17:01:27,11.9442663
17:01:28,12.116745
17:01:29,11.9364538
17:01:30,12.1383018
17:01:31,11.9753075
17:01:32,12.1815805
17:01:33,11.88671
17:01:34,12.0929632
17:01:35,11.6513577
17:01:36,11.9311676
17:01:37,11.9320717
17:01:38,11.8073435
17:01:39,12.0274868
17:01:40,12.0540161
17:01:41,12.0479078
17:01:42,11.9592047
17:01:43,12.139883
17:01:44,11.8770723
17:01:45,12.4796066
17:01:46,11.7316675
17:01:47,11.8828917
17:01:48,12.0592155
17:01:49,11.9142742
17:01:50,12.0624971
17:01:51,11.9650612
17:01:52,11.916667
17:01:53,11.9279566
17:01:54,12.3406343
17:01:55,12.2332573
17:01:56,12.0803556
17:01:57,11.79764
17:01:58,12.0773735
17:01:59,11.9999256
17:02:00,11.9779921
17:02:01,11.6565018
17:02:02,12.0058613
17:02:03,12.3591013
17:02:04,12.4404688
17:02:05,12.0689955
17:02:06,12.2503233
17:02:07,12.0535717
17:02:08,11.5514441
17:02:09,12.3810778
17:02:10,12.0276318
17:02:11,11.8925285
17:02:12,12.1935167
17:02:13,12.1672535
17:02:14,12.22604
17:02:15,12.35754
17:02:16,12.0244036
17:02:17,11.6244736
17:02:18,12.0075874
17:02:19,12.0389166
17:02:20,11.8865786
17:02:21,12.1828709
17:02:22,12.0538712
17:02:23,12.22866
17:02:24,12.1739721
17:02:25,12.0383549
17:02:26,12.1171207
17:02:27,12.0129824
17:02:28,11.9242086
17:02:29,11.9696169
17:02:30,12.3409138
17:02:31,11.9654217
17:02:32,12.1706038
17:02:33,12.0703087
17:02:34,11.8966055
17:02:35,12.006011
17:02:36,11.8610554
17:02:37,12.2844439
17:02:38,11.7523766
17:02:39,12.1967
17:02:40,11.841876
17:02:41,11.9483843
17:02:42,11.8221874
17:02:43,12.0531874
17:02:44,12.4573841
17:02:45,11.8641691
17:02:46,11.756012
17:02:47,12.0184
17:02:48,11.8813725
17:02:49,12.0908756
17:02:50,12.145093
17:02:51,12.1482677
17:02:52,11.8514585
17:02:53,11.7559719
17:02:54,12.4662952
17:02:55,11.4407415
17:02:56,12.055438
17:02:57,12.0136747
17:02:58,11.7564011
17:02:59,12.26772
17:03:00,12.0703468
17:03:01,12.11805
17:03:02,11.8827391
17:03:03,12.1204653
17:03:04,12.175458
17:03:05,11.4333839
17:03:06,12.0113821
17:03:07,12.0727644
17:03:08,11.9928665
17:03:09,11.7685261
17:03:10,12.1655741
17:03:11,12.1026726
17:03:12,11.8141308
17:03:13,11.808527
17:03:14,11.8990278
17:03:15,11.9092989
17:03:16,12.1023321
17:03:17,11.9273567
17:03:18,11.9899359
17:03:19,12.5682831
17:03:20,11.5501652
17:03:21,11.97528
17:03:22,12.1401939
17:03:23,12.1799545
17:03:24,11.7471828
17:03:25,12.0288563
17:03:26,12.0080929
17:03:27,12.2569475
17:03:28,11.7787523
17:03:29,12.1256533
17:03:30,12.0990562
17:03:31,11.7910194
17:03:32,11.977354
17:03:33,11.9147453
17:03:34,12.0740919
17:03:35,11.9678774
17:03:36,11.8902721
17:03:37,12.2039757
17:03:38,11.8684549
17:03:39,12.2275009
17:03:40,12.4413052
17:03:41,11.82928
17:03:42,11.8054543
17:03:43,12.1932945
17:03:44,12.0455742
17:03:45,12.25207
17:03:46,11.8595486
17:03:47,11.70596
17:03:48,12.0185194
17:03:49,12.3564138
17:03:50,12.0299053
17:03:51,12.0681276
17:03:52,12.2141647
17:03:53,11.9719515
17:03:54,12.11201
17:03:55,12.3850317
17:03:56,12.3119011
17:03:57,12.1251774
17:03:58,11.8670139
17:03:59,11.9009438
17:04:00,11.7940712
17:04:01,12.21493
17:04:02,11.9146843
17:04:03,11.9534616
17:04:04,12.5256977
17:04:05,12.122426
17:04:06,12.1308317
17:04:07,12.14072
17:04:08,12.18553
17:04:09,11.9189558
17:04:10,12.0296745
17:04:11,12.2601566
17:04:12,12.089715
17:04:13,12.361701
17:04:14,12.1084509
17:04:15,11.7555923
17:04:16,11.9852867
17:04:17,11.8739109
17:04:18,12.0799465
17:04:19,12.033886
17:04:20,11.7716045
17:04:21,11.94013
17:04:22,12.310648
17:04:23,11.82474
17:04:24,12.1766968
17:04:25,11.8796072
17:04:26,12.07028
17:04:27,11.9089947
17:04:28,12.1278963
17:04:29,12.3251991
17:04:30,11.7801838
17:04:31,12.1006126
17:04:32,12.2579107
17:04:33,11.7557316
17:04:34,11.7357988
17:04:35,12.2532845
17:04:36,12.2775011
17:04:37,12.0631952
17:04:38,12.12469
17:04:39,11.8985691
17:04:40,11.91198
17:04:41,12.0543385
17:04:42,12.2796183
17:04:43,12.1876078
17:04:44,11.9940424
17:04:45,12.3929586
17:04:46,12.134263
17:04:47,11.9988689
17:04:48,12.1916656
17:04:49,12.3451214
17:04:50,11.968
17:04:51,11.9950838
17:04:52,11.7881927
17:04:53,11.70346
17:04:54,12.1627941
17:04:55,11.96657
17:04:56,11.5421925
17:04:57,12.3295879
17:04:58,12.4544935
17:04:59,11.9925194
17:05:00,12.0808306
17:05:01,12.1315
17:05:02,11.69401
17:05:03,11.8395891
17:05:04,12.1197348
17:05:05,11.7343845
17:05:06,12.1549864
17:05:07,12.2996941
17:05:08,11.8808517
17:05:09,11.8426533
17:05:10,11.9697933
17:05:11,11.9067974
17:05:12,12.0188522
17:05:13,12.02201
17:05:14,12.3386068
17:05:15,11.7639694
17:05:16,12.0536261
17:05:17,12.0540733
17:05:18,12.3013134
17:05:19,12.0984812
17:05:20,12.0453882
17:05:21,12.2097425
17:05:22,11.9117327
17:05:23,11.8509579
17:05:24,12.0516043
17:05:25,11.8695431
17:05:26,12.0250511
17:05:27,12.0815268
17:05:28,11.9173193
17:05:29,12.08657
17:05:30,12.1563435
17:05:31,12.13959
17:05:32,11.8059549
17:05:33,11.6398277
17:05:34,11.7286758
17:05:35,12.086689
17:05:36,11.8029261
17:05:37,12.2069807
17:05:38,11.8077717
17:05:39,12.364604
17:05:40,12.374238
17:05:41,11.9172049
17:05:42,12.1716661
17:05:43,12.0779791
17:05:44,12.0941038
17:05:45,11.8040218
17:05:46,12.118207
17:05:47,12.4141293
17:05:48,11.6776953
17:05:49,11.8244467
17:05:50,12.0436716
17:05:51,11.9607544
17:05:52,11.6957188
17:05:53,12.5211315
17:05:54,12.0845118
17:05:55,12.04448
17:05:56,12.0643749
17:05:57,11.97019
17:05:58,12.2513485
17:05:59,11.9940767
17:06:00,12.147501
17:06:01,11.9329243
17:06:02,11.8128738
17:06:03,11.6110783
17:06:04,11.6906805
17:06:05,12.1873026
17:06:06,11.9991484
17:06:07,12.4319448
17:06:08,11.7079163
17:06:09,11.91422
17:06:10,12.0924
17:06:11,12.064312
17:06:12,12.0844088
17:06:13,11.8779888
17:06:14,12.1157866
17:06:15,12.050683
17:06:16,11.9999323
17:06:17,12.1809063
17:06:18,11.7825832
17:06:19,11.969162
17:06:20,12.46352
17:06:21,11.7703466
17:06:22,11.8697758
17:06:23,11.990077
17:06:24,11.9856958
17:06:25,11.8923845
17:06:26,12.0611429
17:06:27,11.6633291
17:06:28,11.9630232
17:06:29,11.8715973
17:06:30,12.4891405
17:06:31,11.6900787
17:06:32,12.0013218
17:06:33,12.0736418
17:06:34,11.7748022
17:06:35,12.0731974
17:06:36,11.9540234
17:06:37,11.9137564
17:06:38,11.993721
17:06:39,12.30698
17:06:40,11.8998938
17:06:41,11.789423
17:06:42,12.1922588
17:06:43,12.0564327
17:06:44,12.0616741
17:06:45,11.8618917
17:06:46,12.1165247
17:06:47,11.7179375
17:06:48,12.4899578
17:06:49,11.9873857
17:06:50,12.232873
17:06:51,12.2088184
17:06:52,12.2257147
17:06:53,11.6858912
17:06:54,11.92654
17:06:55,12.1747732
17:06:56,12.3085051
17:06:57,11.8472157
17:06:58,12.0271521
17:06:59,12.0600882
17:07:00,12.2234125
17:07:01,12.1059952
17:07:02,11.7041225
17:07:03,12.240221
17:07:04,12.1289721
17:07:05,12.1053715
17:07:06,11.9246244
17:07:07,12.3108187
17:07:08,11.8904953
17:07:09,12.2175226
17:07:10,12.5543375
17:07:11,12.3815317
17:07:12,12.1971607
17:07:13,11.9568768
17:07:14,12.3062305
17:07:15,11.9685431
17:07:16,11.8160582
17:07:17,11.9357576
17:07:18,12.1403227
17:07:19,11.9727745
17:07:20,12.1506186
17:07:21,11.9816694
17:07:22,12.1242456
17:07:23,12.3101444
17:07:24,11.9124756
17:07:25,12.048337
17:07:26,11.981329
17:07:27,12.3453026
17:07:28,11.8402519
17:07:30,12.1011505
17:07:31,12.0097122
17:07:32,12.0620594
17:07:33,11.9748878
17:07:34,11.8991995
17:07:35,11.8498793
17:07:36,12.3371325
17:07:37,12.0224171
17:07:38,12.4078054
17:07:39,11.6790218
17:07:40,11.71095
17:07:41,11.82248
17:07:42,11.8549957
17:07:43,11.677104
17:07:44,12.1922226
17:07:45,12.0860977
17:07:46,12.0313978
17:07:47,12.0729675
17:07:48,11.7877054
17:07:49,12.1530457
17:07:50,12.01072
17:07:51,11.6449814
17:07:52,12.1439762
17:07:53,11.994009
17:07:54,11.88321
17:07:55,11.9552631
17:07:56,11.8393335
17:07:57,12.0318937
17:07:58,12.2014723
17:07:59,11.078989
17:08:00,12.2845411
17:08:01,12.3224134
17:08:02,11.7816029
17:08:03,12.0028505
17:08:04,12.0431871
17:08:05,11.8624754
17:08:06,11.9735184
17:08:07,11.8441868
17:08:08,11.4649115
17:08:09,11.5319614
17:08:10,12.5136786
17:08:11,11.9746227
17:08:12,11.8770924
17:08:13,12.2669239
17:08:14,11.629323
17:08:15,11.4202051
17:08:16,12.12443
17:08:17,12.0279408
17:08:18,12.1108341
17:08:19,11.8343163
17:08:20,11.8384171
17:08:21,12.2366123
17:08:22,12.0387869
17:08:23,12.2089615
17:08:24,12.1739683
17:08:25,12.2322578
17:08:26,12.03975
17:08:27,12.3025322
17:08:29,12.0684376
17:08:30,11.9020691
17:08:31,12.3236084
17:08:33,12.3831224
17:08:34,12.0001936
17:08:35,12.0689163
17:08:36,12.0060148
17:08:37,12.1292067
17:08:38,11.588089
17:08:39,12.4594517
17:08:40,11.7635832
17:08:41,12.2382908
17:08:42,12.1621637
17:08:43,11.9801874
17:08:44,12.2955465
17:08:45,11.9850149
17:08:46,12.0726748
17:08:47,12.0260906
17:08:48,12.3153133
17:08:49,12.1113958
17:08:50,12.1267815
17:08:52,11.970603
17:08:53,12.1081953
17:08:54,11.9412823
17:08:55,12.2001429
17:08:56,11.7719679
17:08:57,12.0135851
17:08:59,12.0080118
17:09:01,12.1963625
17:09:02,12.0301752
17:09:03,11.8492737
17:09:05,12.1620674
17:09:07,12.1748352
17:09:09,12.2963972
17:09:10,11.814909
17:09:11,12.160388
17:09:13,12.2589893
17:09:14,11.6828814
17:09:15,12.0119057
17:09:16,12.1405087
17:09:17,11.7757053
17:09:18,12.0725746
17:09:19,12.0700846
17:09:20,12.0208855
17:09:21,12.1911812
17:09:22,11.7951736
17:09:23,11.8709774
17:09:24,11.9413719
17:09:25,12.0319738
17:09:26,12.4457932
17:09:27,11.9670887
17:09:28,12.2389584
17:09:29,12.1815691
17:09:30,12.132184
17:09:31,12.297658
17:09:32,11.7600708
17:09:33,12.5994406
17:09:34,12.3761082
17:09:35,12.1631451
17:09:36,12.0023451
17:09:37,11.7291355
17:09:38,11.8542337
17:09:39,12.2561264
17:09:40,11.7933893
17:09:41,11.9663811
17:09:42,12.2331161
17:09:43,11.5850458
17:09:44,12.0633307
17:09:45,12.5237112
17:09:46,11.570118
17:09:47,12.0851316
17:09:48,12.2645
17:09:49,12.0425882
17:09:50,12.1002483
17:09:51,12.3609314
17:09:52,11.908658
17:09:53,12.2181988
17:09:54,12.0089436
17:09:55,12.124115
17:09:56,11.7927752
17:09:57,12.70173
17:09:58,11.9840527
17:09:59,12.2416658
17:10:00,12.2782278
17:10:01,11.8938141
17:10:02,12.3898764
17:10:03,11.8727255
17:10:04,11.9625673
17:10:05,11.9024429
17:10:06,12.3548746
17:10:07,11.7814074
17:10:08,12.0716743
17:10:09,12.2973423
17:10:10,11.9046307
17:10:11,12.0304594
17:10:12,12.0313263
17:10:13,11.5449047
17:10:14,12.3874435
17:10:15,12.2313728
17:10:16,12.0441284
17:10:17,11.8003855
17:10:18,12.0954666
17:10:19,12.2704821
17:10:20,12.086092
17:10:21,12.1860409
17:10:22,11.5620384
17:10:23,11.7819138
17:10:24,12.1985607
17:10:25,12.01886
17:10:26,12.2533751
17:10:27,11.569562
17:10:28,12.23597
17:10:29,12.0078392
17:10:30,12.0610771
17:10:31,12.3012142
17:10:32,12.361515
17:10:33,12.2528477
17:10:34,11.7946186
17:10:35,12.1598911
17:10:36,12.1815386
17:10:37,12.2370739
17:10:38,11.7391014
17:10:39,11.9687223
17:10:40,11.842618
17:10:41,12.078783
17:10:42,11.8112783
17:10:43,11.7212458
17:10:44,12.11113
17:10:45,11.8849764
17:10:46,11.8813047
17:10:47,11.5737782
17:10:48,11.818327
17:10:49,11.9635639
17:10:50,12.2045164
17:10:51,11.6933765
17:10:52,12.2208519
17:10:53,11.9541063
17:10:54,11.8567114
17:10:55,12.1438189
17:10:56,12.06871
17:10:57,11.93694
17:10:58,11.8273554
17:10:59,12.209856
17:11:00,12.0645981
17:11:01,11.8804445
17:11:02,11.832921
17:11:03,11.8665266
17:11:04,11.9211168
17:11:05,11.8265257
17:11:06,11.6742678
17:11:07,11.772666
17:11:08,11.9495163
17:11:09,12.0924778
17:11:10,12.0904388
17:11:11,11.9935551
17:11:12,12.1661682
17:11:13,11.99636
17:11:14,11.9510155
17:11:15,12.1302805
17:11:16,12.0971584
17:11:17,12.0193233
17:11:18,11.9894323
17:11:19,11.9596834
17:11:20,12.3423586
17:11:21,12.2880821
17:11:22,11.9623117
17:11:23,11.8705063
17:11:24,11.9020319
17:11:25,11.7996283
17:11:26,11.8507862
17:11:27,12.0012875
17:11:28,11.7837954
17:11:29,11.9388227
17:11:30,11.9046679
17:11:31,12.0088081
17:11:32,12.0023193
17:11:33,11.9493265
17:11:34,11.9397182
17:11:35,11.9452953
17:11:36,12.0036144
17:11:37,11.8067789
17:11:38,12.18968
17:11:39,12.2270584
17:11:40,12.1052008
17:11:41,12.1579447
17:11:42,11.9711161
17:11:43,11.8844681
17:11:44,11.8646946
17:11:45,11.9005976
17:11:46,11.880394
17:11:47,11.8166885
17:11:48,12.4025583
17:11:49,12.1818609
17:11:50,12.0169487
17:11:51,11.9162407
17:11:52,12.2962513
17:11:53,11.9110584
17:11:54,11.8594017
17:11:55,12.0001354
17:11:56,11.9028683
17:11:57,11.9169493
17:11:58,12.1003017
17:11:59,12.1116333
17:12:00,12.2436638
17:12:01,11.8993168
17:12:02,12.2548208
17:12:03,11.9192
17:12:04,12.0952644
17:12:05,11.8878536
17:12:06,12.0309019
17:12:07,11.7405252
17:12:08,11.6384468
17:12:09,11.9981337
17:12:10,11.99637
17:12:11,12.0467548
17:12:12,12.0500574
17:12:13,11.9839239
17:12:14,12.1709394
17:12:15,12.0037527
17:12:16,12.0546207
17:12:17,11.9456444
17:12:18,12.1343555
17:12:19,12.065218
17:12:20,12.2785463
17:12:21,12.2219658
17:12:22,11.9600811
17:12:23,11.8607616
17:12:24,11.8806419
17:12:25,12.1025276
17:12:26,12.3820744
17:12:27,12.3248758
17:12:28,12.3028145
17:12:29,11.934454
17:12:30,11.8815308
17:12:31,11.7439728
17:12:32,12.2834578
17:12:33,11.8977079
17:12:34,12.0518
17:12:35,11.9311266
17:12:36,11.9081535
17:12:37,11.9727535
17:12:38,12.0259867
17:12:39,11.9855051
17:12:40,11.8211451
17:12:41,12.0492592
17:12:42,12.542902
17:12:43,11.837801
17:12:44,12.3949518
17:12:45,11.837779
17:12:46,11.5402355
17:12:47,11.9459581
17:12:48,12.149785
17:12:49,12.4392
17:12:50,12.0196381
17:12:51,11.9817543
17:12:52,12.045783
17:12:53,12.03672
17:12:54,11.924222
17:12:55,11.7556639
17:12:56,11.9059572
17:12:57,12.224349
17:12:58,12.1218843
17:12:59,11.9268885
17:13:00,11.9491472
17:13:01,12.3566294
17:13:02,11.7513351
17:13:03,12.0748539
17:13:04,12.0721846
17:13:05,11.7089863
17:13:06,12.1628246
17:13:07,12.1313057
17:13:08,11.8586245
17:13:09,11.892951
17:13:10,11.6514091
17:13:11,12.1231623
17:13:12,12.2106953
17:13:13,11.9271545
17:13:14,11.9849834
17:13:15,11.8727074
17:13:16,12.1610537
17:13:17,12.22274
17:13:18,11.8538179
17:13:19,12.100091
17:13:20,11.5903187
17:13:21,11.6176052
17:13:22,12.4316845
17:13:23,12.06357
17:13:24,11.85773
17:13:25,12.1186256
17:13:26,11.6976976
17:13:27,12.2297173
17:13:28,12.1802855
17:13:29,12.2091894
17:13:30,12.1947374
17:13:31,12.5894442
17:13:32,11.5752754
17:13:33,12.0149117
17:13:34,12.0760708
17:13:35,11.6801891
17:13:36,12.0394077
17:13:37,12.0493069
17:13:38,12.0953922
17:13:39,12.2886763
17:13:40,12.1403408
17:13:41,11.669241
17:13:42,11.7531672
17:13:43,11.8681793
17:13:44,11.8315125
17:13:45,12.1219826
17:13:46,11.92717
17:13:47,11.7370558
17:13:48,11.7842827
17:13:49,12.2032366
17:13:50,11.90992
17:13:51,11.891715
17:13:52,11.7805882
17:13:53,11.8467045
17:13:54,11.98719
17:13:55,11.8742285
17:13:56,12.3606281
17:13:57,12.1821041
17:13:58,12.0503845
17:13:59,12.2286577
17:14:00,12.1681356
17:14:01,11.9262781
17:14:02,12.4605637
17:14:03,12.1761532
17:14:04,12.286006
17:14:05,12.0996494
17:14:06,12.1303864
17:14:07,12.1902876
17:14:08,11.8146162
17:14:09,12.27765
17:14:10,12.1091938
17:14:11,11.6030273
17:14:12,11.9403477
17:14:13,12.1146984
17:14:14,11.85058
17:14:15,12.0916443
17:14:16,12.0253782
17:14:17,11.7640066
17:14:18,12.1219082
17:14:19,12.0707979
17:14:20,11.9386806
17:14:21,12.0217972
17:14:22,12.24465
17:14:23,11.9353533
17:14:24,12.3770342
17:14:25,12.0655556
17:14:26,12.21491
17:14:27,12.1126976
17:14:28,11.7844028
17:14:29,11.8847189
17:14:30,11.8101387
17:14:31,12.0560093
17:14:32,12.384738
17:14:33,11.91706
17:14:34,12.3361387
17:14:35,11.96171
17:14:36,12.2544851
17:14:37,11.9163132
17:14:38,11.9266367
17:14:39,11.9352112
17:14:40,12.3964682
17:14:41,11.9996309
17:14:42,12.1266193
17:14:43,12.0054979
17:14:44,12.2919359
17:14:45,11.3757877
17:14:46,12.1681395
17:14:47,11.932148
17:14:48,12.2039042
17:14:49,11.9084244
17:14:50,12.0248117
17:14:51,12.0533218
17:14:52,12.312767
17:14:53,12.0628157
17:14:54,11.984355
17:14:55,12.11346
17:14:56,11.92785
17:14:57,12.3331232
17:14:58,12.1249638
17:14:59,11.8613691
17:15:00,12.044138
17:15:01,12.0097628
17:15:02,11.8251686
17:15:03,12.026062
17:15:04,12.164197
17:15:05,11.5471954
17:15:06,12.1215973
17:15:07,12.6210213
17:15:08,11.5789557
17:15:09,12.1039524
17:15:10,12.1678123
17:15:11,11.9921989
17:15:12,12.0819378
17:15:13,12.0675793
17:15:14,11.8431206
17:15:15,12.3343592
17:15:16,12.1281309
17:15:17,12.2092323
17:15:18,12.2700052
17:15:19,12.3255014
17:15:20,12.3384609
17:15:21,11.4955568
17:15:22,11.8233042
17:15:23,12.5251036
17:15:24,11.7745562
17:15:25,12.3676414
17:15:26,12.0088863
17:15:27,12.0599
17:15:28,12.0147209
17:15:29,11.814374
17:15:30,11.91666
17:15:31,12.0226345
17:15:32,12.1656408
17:15:33,12.2221165
17:15:34,12.3255768
17:15:35,12.049386
17:15:36,11.9634809
17:15:37,12.1060219
17:15:38,12.0411921
17:15:39,12.242959
17:15:40,11.9144669
17:15:41,10.6056929
17:15:42,10.7801151
17:15:43,14.1806631
17:15:44,13.35343
17:15:45,11.71005
17:15:46,12.2887907
17:15:47,12.0377188
17:15:48,12.0351391
17:15:49,11.7156715
17:15:50,11.8859711
17:15:51,11.68095
17:15:52,12.1719027
17:15:53,11.8730955
17:15:54,12.2479639
17:15:55,11.9614277
17:15:56,11.8676014
17:15:57,12.0233126
17:15:58,12.1568775
17:15:59,11.96805
17:16:00,11.6675491
17:16:01,11.9245958
17:16:02,11.9761953
17:16:03,12.0408926
17:16:04,12.0867424
17:16:05,12.0873766
17:16:06,12.0030746
17:16:07,12.0549812
17:16:08,11.9945374
17:16:09,11.7852278
17:16:10,12.1494093
17:16:11,12.083087
17:16:12,12.126298
17:16:13,11.89653
17:16:14,11.8416548
17:16:15,12.12006
17:16:16,11.9725666
17:16:17,11.8544359
17:16:18,12.0020447
17:16:19,11.8592768
17:16:20,12.13302
17:16:21,12.1714411
17:16:22,12.0422029
17:16:23,12.0675278
17:16:24,11.7497759
17:16:25,11.8494263
17:16:26,12.0021782
17:16:27,12.2462683
17:16:28,12.2076979
17:16:29,11.9746056
17:16:30,12.0044374
17:16:31,12.1039019
17:16:32,11.9368057
17:16:33,11.9569292
17:16:34,12.1699238
17:16:35,11.8491507
17:16:36,12.0582571
17:16:37,12.1143417
17:16:38,11.67161
17:16:39,11.97216
17:16:40,11.9904871
17:16:41,11.6620359
17:16:42,12.20379
17:16:43,12.129446
17:16:44,11.8848858
17:16:45,12.1646757
17:16:46,12.3413219
17:16:47,12.1848888
17:16:48,11.92079
17:16:49,11.9544392
17:16:50,11.9774475
17:16:51,12.0539589
17:16:52,12.3266535
17:16:53,11.8450928
17:16:54,11.4521265
17:16:55,12.0136576
17:16:56,12.3363733
17:16:57,11.7131023
17:16:58,12.0565319
17:16:59,12.1579285
17:17:00,11.5403576
17:17:01,11.8284254
17:17:02,12.3746729
17:17:03,12.0466785
17:17:04,12.1876106
17:17:05,12.1985521
17:17:06,11.7954292
17:17:07,12.0462713
17:17:08,11.875577
17:17:09,11.8223352
17:17:10,12.1179314
17:17:11,12.2056561
17:17:12,11.6930027
17:17:13,12.125865
17:17:14,12.071785
17:17:15,12.1695242
17:17:16,11.941865
17:17:18,12.3440866
17:17:19,11.776
17:17:20,11.9655647
17:17:21,11.9704762
17:17:22,12.302784
17:17:23,11.8951216
17:17:24,12.1435328
17:17:25,12.0755644
17:17:26,11.9285746
17:17:27,12.2937622
17:17:28,11.84152
17:17:29,11.8994589
17:17:30,11.87006
17:17:31,11.8291731
17:17:32,12.1383514
17:17:33,12.1840105
17:17:34,11.957695
17:17:35,12.1135244
17:17:36,11.7388477
17:17:37,11.9679184
17:17:38,12.0579281
17:17:39,12.0756721
17:17:40,12.3372135
17:17:41,12.0537672
17:17:43,12.0927477
17:17:45,12.1713295
17:17:46,11.8674994
17:17:48,12.0899429
17:17:49,12.0257235
17:17:50,12.2419167
17:17:52,12.4112959
17:17:53,12.14343
17:17:55,12.2033424
17:17:56,12.3722868
17:17:57,12.3606024
17:17:58,11.9462929
17:18:00,12.2243261
17:18:01,11.8260231
17:18:02,11.9860067
17:18:03,12.1759958
17:18:04,12.1047258
17:18:05,12.0171547
17:18:06,12.0077448
17:18:07,11.78331
17:18:08,11.901248
17:18:09,11.90104
17:18:10,11.9965858
17:18:11,12.0097885
17:18:12,11.9342623
17:18:13,11.8604631
17:18:14,12.0035048
17:18:15,11.9478273
17:18:16,12.1103086
17:18:17,11.8983879
17:18:18,11.8342066
17:18:19,12.0607147
17:18:20,11.9062672
17:18:21,12.0517864
17:18:22,12.0523434
17:18:23,12.1241007
17:18:24,11.886322
17:18:25,12.0517921
17:18:26,12.1197929
17:18:27,11.9413319
17:18:28,11.93818
17:18:29,11.8891182
17:18:30,12.0107622
17:18:31,12.1830664
17:18:32,12.1797791
17:18:33,12.1497469
17:18:34,12.0404692
17:18:35,12.1689663
17:18:36,12.0127306
17:18:37,11.9731064
17:18:38,12.12072
17:18:39,11.7629194
17:18:40,12.0047626
17:18:41,12.1373835
17:18:42,11.8533812
17:18:43,11.7398071
17:18:44,12.1366472
17:18:45,12.1386089
17:18:46,11.7787724
17:18:47,12.0462761
17:18:48,12.3419676
17:18:49,11.9214554
17:18:50,12.0032358
17:18:51,12.0701666
17:18:52,11.9791451
17:18:53,12.2796335
17:18:54,11.8664808
17:18:55,12.324481
17:18:56,12.0723372
17:18:57,12.040082
17:18:58,11.8941
17:18:59,12.2491941
17:19:00,12.14862
17:19:01,11.9839621
17:19:02,11.9882154
17:19:03,11.6779337
17:19:04,12.0051937
17:19:05,12.04189
17:19:06,12.0777731
17:19:07,12.0579453
17:19:08,11.7664032
17:19:09,11.83065
17:19:10,11.8824539
17:19:11,11.9233494
17:19:12,11.9933786
17:19:13,12.1062775
17:19:14,12.10407
17:19:15,11.9676332
17:19:16,12.1641111
17:19:17,11.8491812
17:19:18,11.9901638
17:19:19,11.99424
17:19:20,12.0838785
17:19:21,11.9949427
17:19:22,11.9945745
17:19:23,12.1503019
17:19:24,11.95367
17:19:25,12.2679386
17:19:26,12.27822
17:19:27,12.3548975
17:19:28,12.0626106
17:19:29,12.0580206
17:19:30,11.7666464
17:19:31,11.79653
17:19:32,11.9712515
17:19:33,11.9636106
17:19:34,12.1470585
17:19:35,11.854907
17:19:36,12.45212
17:19:37,12.0915375
17:19:38,12.14437
17:19:39,11.9104271
17:19:40,11.8746805
17:19:41,11.84356
17:19:42,12.112
17:19:43,12.153163
17:19:44,12.0389538
17:19:45,11.8980618
17:19:46,11.8630638
17:19:47,11.7768164
17:19:48,12.099822
17:19:49,12.0590267
17:19:50,11.9658165
17:19:51,11.9979887
17:19:52,11.8926134
17:19:53,12.0586348
17:19:54,12.3389864
17:19:55,12.4558678
17:19:56,11.873518
17:19:57,11.8351011
17:19:58,11.9841347
17:19:59,12.0178261
17:20:00,11.9129362
17:20:01,12.35789
17:20:02,11.9246149
17:20:03,11.9118471
17:20:04,12.07387
17:20:05,12.0455275
17:20:06,12.0866613
17:20:07,12.07534
17:20:08,11.90712
17:20:09,11.418705
17:20:10,12.0745516
17:20:11,11.8759689
17:20:12,12.1094522
17:20:13,11.9357328
17:20:14,11.9968681
17:20:15,12.0035086
17:20:16,11.9705467
17:20:17,12.0865374
17:20:18,11.9032974
17:20:19,12.5767317
17:20:20,11.9581165
17:20:21,11.9220209
17:20:22,12.1493883
17:20:23,12.0822153
17:20:24,12.0374384
17:20:25,11.967494
17:20:26,11.9931908
17:20:27,12.1018057
17:20:28,12.1206274
17:20:29,12.0542631
17:20:30,12.2191153
17:20:31,11.9364605
17:20:32,12.113205
17:20:33,11.8834248
17:20:34,12.17531
17:20:35,12.1838112
17:20:36,12.142622
17:20:37,11.8885536
17:20:38,11.9503736
17:20:39,11.6573172
17:20:40,12.0254078
17:20:41,12.0445671
17:20:42,12.18119
17:20:43,11.8551617
17:20:44,11.9856367
17:20:45,11.7922354
17:20:46,12.1591358
17:20:47,11.9990788
17:20:48,12.0008469
17:20:49,12.3002405
17:20:50,12.2996416
17:20:51,11.9856615
17:20:52,12.0724173
17:20:53,11.8552246
17:20:54,12.11577
17:20:55,12.0960627
17:20:56,12.0128822
17:20:57,12.1757355
17:20:58,12.026288
17:20:59,12.1409664
17:21:00,12.1348829
17:21:01,11.6914148
17:21:02,11.6111622
17:21:03,11.913209
17:21:04,11.8354788
17:21:05,12.0651464
17:21:06,12.0479383
17:21:07,11.9759445
17:21:08,12.085515
17:21:09,11.76625
17:21:10,12.1478558
17:21:11,11.8988485
17:21:12,12.0898609
17:21:13,12.1577187
17:21:14,11.8084641
17:21:15,11.9167461
17:21:16,11.9475155
17:21:17,11.8748407
17:21:18,12.3226776
17:21:19,12.2723236
17:21:20,12.1936283
17:21:21,12.010622
17:21:22,12.03326
17:21:23,12.1353111
17:21:24,11.9624844
17:21:25,11.7447567
17:21:26,12.0719948
17:21:27,12.399087
17:21:28,11.9520226
17:21:29,11.9291506
17:21:30,11.8317976
17:21:31,11.8812532
17:21:32,11.9452152
17:21:33,11.9635658
17:21:34,12.1224651
17:21:35,11.8449249
17:21:36,11.890584
17:21:37,12.4535608
17:21:38,12.0222387
17:21:39,12.318531
17:21:40,12.0013151
17:21:41,12.1834173
17:21:42,12.1177225
17:21:43,12.2895746
17:21:44,12.2616072
17:21:45,12.0825682
17:21:46,11.9733505
17:21:47,12.0011635
17:21:48,12.00914
17:21:49,12.0439816
17:21:50,12.0514946
17:21:51,12.0905218
17:21:52,12.1137094
17:21:53,11.9725542
17:21:54,11.9998322
17:21:55,11.8303566
17:21:56,11.9206429
17:21:57,11.9712343
17:21:58,12.0378752
17:21:59,12.1424961
17:22:00,12.3975763
17:22:01,11.7067041
17:22:02,12.4496613
17:22:03,11.9593611
17:22:04,11.9895372
17:22:05,12.0381708
17:22:06,11.9616165
17:22:07,12.0457392
17:22:08,11.8860312
17:22:09,12.2057047
17:22:10,12.04942
17:22:11,11.56913
17:22:12,12.1011381
17:22:13,12.1289244
17:22:14,12.0305138
17:22:15,11.933322
17:22:16,11.994771
17:22:17,11.5552645
17:22:18,12.2245483
17:22:19,12.0588121
17:22:20,11.8469305
17:22:21,11.5952406
17:22:22,12.2992878
17:22:23,11.99128
17:22:24,12.1344194
17:22:25,12.0188646
17:22:26,11.865921
17:22:27,11.8464451
17:22:28,12.3796072
17:22:29,12.3242416
17:22:30,11.6779337
17:22:31,12.706358
17:22:32,11.972477
17:22:33,12.0539351
17:22:34,12.057868
17:22:35,12.0257711
17:22:36,12.0014811
17:22:37,12.0829363
17:22:38,11.9402685
17:22:39,12.0824127
17:22:40,11.9001541
17:22:41,12.464633
17:22:42,12.0545588
17:22:43,11.9486742
17:22:44,12.1036425
17:22:45,12.04577
17:22:46,11.9920263
17:22:47,12.101368
17:22:48,12.1946754
17:22:49,11.8148975
17:22:50,11.9646807
17:22:51,12.0382977
17:22:52,12.03951
17:22:53,11.9407558
17:22:54,11.97819
17:22:55,11.78513
17:22:56,11.9743643
17:22:57,12.0349455
17:22:58,12.2055826
17:22:59,12.3808985
17:23:00,11.8420982
17:23:01,11.8401575
17:23:02,11.7466879
17:23:03,12.14667
17:23:04,11.9640846
17:23:05,12.1547127
17:23:06,12.1181412
17:23:07,12.2098265
17:23:08,11.8679914
17:23:09,11.9382639
17:23:10,12.1616087
17:23:11,11.8250723
17:23:12,12.0859919
17:23:13,11.862628
17:23:14,11.8787165
17:23:15,12.0842228
17:23:16,12.0094748
17:23:17,12.298214
17:23:18,12.0786905
17:23:19,11.78628
17:23:20,11.9504042
17:23:21,11.7797871
17:23:22,12.3529186
17:23:23,11.9345169
17:23:24,12.1200647
17:23:25,12.01165
17:23:26,11.8278151
17:23:27,12.2137089
17:23:28,11.9302425
17:23:29,11.93342
17:23:30,11.8789921
17:23:31,11.85954
17:23:32,12.0800972
17:23:33,11.893651
17:23:34,11.8640661
17:23:35,12.2401495
17:23:36,12.0046749
17:23:37,12.0882616
17:23:38,12.20443
17:23:39,11.9871931
17:23:40,12.2712288
17:23:41,12.0163774
17:23:42,11.96124
17:23:43,11.8192959
17:23:44,12.1224136
17:23:45,12.1868238
17:23:46,12.1339941
17:23:47,12.138834
17:23:48,11.7708483
17:23:49,12.163125
17:23:50,12.1150522
17:23:51,12.2117043
17:23:52,12.0479841
17:23:53,12.1685734
17:23:54,11.8518429
17:23:55,11.7640343
17:23:56,12.1368752
17:23:57,11.7139168
17:23:58,12.2191525
17:23:59,12.1425886
17:24:00,11.9903545
17:24:01,12.1227856
17:24:02,11.8037062
17:24:03,12.0431147
17:24:04,11.6336708
17:24:05,11.9723587
17:24:06,12.0171
17:24:07,12.1815424
17:24:08,12.0308485
17:24:09,12.0084772
17:24:10,12.173008
17:24:11,11.8473225
17:24:12,12.0040283
17:24:13,12.2138481
17:24:14,12.2107573
17:24:15,12.0714035
17:24:16,12.0392656
17:24:17,11.9664965
17:24:18,12.26151
17:24:19,11.99692
17:24:20,11.9528961
17:24:21,11.8883886
17:24:22,12.05919
17:24:23,12.0809822
17:24:24,12.4633951
17:24:25,11.93215
17:24:26,12.2154961
17:24:27,11.64666
17:24:28,12.1861172
17:24:30,12.3294916
17:24:31,11.872736
17:24:32,12.1992464
17:24:33,12.0336542
17:24:34,11.9633255
17:24:35,11.3757839
17:24:36,12.1963453
17:24:37,11.6760607
17:24:38,11.7701769
17:24:39,12.1123524
17:24:40,11.97888
17:24:41,12.0128918
17:24:42,12.1096935
17:24:43,12.1891317
17:24:44,12.6132441
17:24:45,11.65807
17:24:46,12.5259571
17:24:47,11.9821224
17:24:48,11.6500292
17:24:50,11.8973675
17:24:51,12.335248
17:24:52,12.2643461
17:24:53,12.0260258
17:24:55,12.0908432
17:24:56,12.0351009
17:24:57,11.7141666
17:24:59,12.1990223
17:25:00,12.1796913
17:25:01,11.9927349
17:25:02,12.1524916
17:25:03,12.0683069
17:25:04,12.06632
17:25:05,11.9205732
17:25:06,12.3803329
17:25:07,12.1311817
17:25:08,12.18675
17:25:09,11.9857025
17:25:10,11.9009161
17:25:11,11.9553394
17:25:12,12.1281939
17:25:13,12.1693325
17:25:14,11.8703566
17:25:15,11.958765
17:25:16,11.8328171
17:25:17,12.2321606
17:25:18,11.9124146
17:25:19,11.6339693
17:25:20,11.989852
17:25:21,11.9244318
17:25:22,12.433773
17:25:23,12.2556763
17:25:24,11.6866808
17:25:25,11.9324207
17:25:26,12.20767
17:25:27,12.0843124
17:25:28,11.9916859
17:25:29,12.4608841
17:25:30,12.0619793
17:25:31,12.136054
17:25:32,12.0933542
17:25:33,12.0156269
17:25:34,11.9926815
17:25:35,12.0264626
17:25:36,12.2059078
17:25:37,12.1548738
17:25:38,11.9510756
17:25:39,12.2187958
17:25:40,12.1072817
17:25:41,12.1388159
17:25:42,11.9509792
17:25:43,11.8667583
17:25:44,11.9894457
17:25:45,12.2780037
17:25:46,11.8539457
17:25:47,12.0291338
17:25:48,11.7234755
17:25:49,12.0476046
17:25:50,12.170887
17:25:51,11.80279
17:25:52,12.0767126
17:25:53,12.44733
17:25:54,12.0439281
17:25:55,12.0916872
17:25:56,11.885273
17:25:57,12.0321817
17:25:58,12.0945072
17:25:59,12.1130238
17:26:00,12.1616888
17:26:01,11.8319263
17:26:02,12.1014175
17:26:03,12.0275631
17:26:04,11.9372454
17:26:05,11.8986855
17:26:06,12.0192175
17:26:07,12.0769577
17:26:08,11.9701471
17:26:09,12.14306
17:26:10,12.2821445
17:26:11,12.1599646
17:26:12,12.0410528
17:26:13,11.980341
17:26:14,12.0023861
17:26:15,11.9638548
17:26:16,12.2012558
17:26:17,11.9992409
17:26:18,12.0888615
17:26:19,11.7817049
17:26:20,12.0948086
17:26:21,12.1205444
17:26:22,11.9146433
17:26:23,12.2971973
17:26:24,12.0983725
17:26:25,12.1813116
17:26:26,11.8355045
17:26:27,11.9719791
17:26:28,11.9985952
17:26:29,12.3662806
17:26:30,12.0390911
17:26:31,11.8347178
17:26:32,12.2845888
17:26:33,11.6564989
17:26:34,12.2238941
17:26:35,11.7552938
17:26:36,11.92082
17:26:37,12.3247938
17:26:38,11.8566952
17:26:39,12.0048447
17:26:40,11.9498882
17:26:41,12.2415333
17:26:42,11.9479761
17:26:43,11.99504
17:26:44,11.9972105
17:26:45,12.1962051
17:26:46,11.7885523
17:26:47,12.0183182
17:26:48,12.0817385
17:26:49,12.0833654
17:26:50,12.144351
17:26:51,12.3742819
17:26:52,11.5563889
17:26:53,12.1272964
17:26:54,12.0349751
17:26:55,11.94191
17:26:56,11.9950657
17:26:57,12.0868511
17:26:58,11.9923038
17:26:59,12.0566721
17:27:00,11.9607239
17:27:01,12.06623
17:27:02,12.3739309
17:27:03,11.9912672
17:27:04,12.14371
17:27:05,12.3172092
17:27:06,11.58183
17:27:07,11.8850155
17:27:08,12.0916328
17:27:09,12.1788015
17:27:10,12.0438309
17:27:11,11.7447186
17:27:12,12.1043463
17:27:13,11.9733133
17:27:14,12.0084629
17:27:15,11.8648977
17:27:16,12.1930113
17:27:17,12.1197329
17:27:18,12.1744652
17:27:19,12.1065187
17:27:20,11.9964151
17:27:21,11.8936958
17:27:22,12.0613976
17:27:23,12.2002716
17:27:24,12.1595192
17:27:25,11.9102173
17:27:26,12.0701838
17:27:27,12.134059
17:27:28,12.1590233
17:27:29,11.9871321
17:27:30,11.8375483
17:27:31,12.1101446
17:27:32,11.89263
17:27:33,11.6006021
17:27:34,12.3612623
17:27:35,11.9819288
17:27:36,12.0548668
17:27:37,12.0672388
17:27:38,12.0677891
17:27:39,11.9798584
17:27:40,12.1557484
17:27:41,12.0348892
17:27:42,11.825182
17:27:43,11.8868532
17:27:44,12.2556009
17:27:45,11.8655043
17:27:46,11.8569994
17:27:47,11.962883
17:27:48,12.0470095
17:27:49,11.9565411
17:27:50,12.1005411
17:27:51,11.925643
17:27:52,12.3034554
17:27:53,11.9562149
17:27:54,11.7899075
17:27:55,12.0646191
17:27:56,12.2800827
17:27:57,12.0588923
17:27:58,11.6956244
17:27:59,12.2129593
17:28:00,11.8783808
17:28:01,12.0108414
17:28:02,12.157671
17:28:03,11.7815838
17:28:04,11.9519749
17:28:05,12.0039616
17:28:06,12.2695627
17:28:07,12.1358585
17:28:08,11.6517591
17:28:09,11.9748688
17:28:10,11.9260445
17:28:11,11.8068523
17:28:12,11.9382467
17:28:13,11.9401016
17:28:14,11.7805338
17:28:15,11.9012747
17:28:16,11.7804928
17:28:17,12.4211845
17:28:18,12.0556726
17:28:19,11.9800186
17:28:20,12.0603027
17:28:21,11.8811836
17:28:22,12.0207329
17:28:23,12.2955618
17:28:24,12.1754675
17:28:25,12.0607719
17:28:26,12.0804815
17:28:27,12.3397655
17:28:28,11.9126053
17:28:29,12.1125984
17:28:30,11.70585
17:28:31,12.0450191
17:28:32,12.1825085
17:28:33,11.9596338
17:28:34,12.0694723
17:28:35,12.082696
17:28:36,12.1499386
17:28:37,11.8581371
17:28:38,12.1866741
17:28:39,12.3965082
17:28:40,11.9593124
17:28:41,11.8952656
17:28:42,11.9902134
17:28:43,11.7952538
17:28:44,12.1585064
17:28:45,12.037632
17:28:46,12.0903482
17:28:47,12.2085915
17:28:48,12.0342264
17:28:49,11.8004827
17:28:50,11.9439859
17:28:51,11.7984877
17:28:52,12.2099838
17:28:53,12.15458
17:28:54,11.9595032
17:28:55,11.9223938
17:28:56,12.0443859
17:28:57,11.6926813
17:28:58,12.3118534
17:28:59,11.7713623
17:29:00,11.7544441
17:29:01,11.6465826
17:29:02,12.0023165
17:29:03,12.1202574
17:29:04,11.916501
17:29:05,11.5030727
17:29:06,11.886302
17:29:07,12.088768
17:29:08,11.8015041
17:29:09,12.4324169
17:29:10,12.1952152
17:29:11,11.7406626
17:29:12,12.016448
17:29:13,11.9170265
17:29:14,11.8827286
17:29:15,12.3467321
17:29:16,12.1726446
17:29:17,12.0248556
17:29:18,11.9868956
17:29:19,12.2047977
17:29:20,11.8936529
17:29:21,12.3021507
17:29:22,12.0410013
17:29:23,12.17626
17:29:24,11.97556
17:29:25,12.066432
17:29:26,11.9335423
17:29:27,12.255394
17:29:28,11.8382282
17:29:29,11.9082966
17:29:30,12.1625919
17:29:31,12.1405077
17:29:32,12.0525646
17:29:33,12.0358229
17:29:34,12.161273
17:29:35,12.1381569
17:29:36,12.0466862
17:29:37,12.048172
17:29:38,12.0796928
17:29:39,11.8724766
17:29:40,12.1373215
17:29:41,11.8746834
17:29:42,12.3891315
17:29:43,11.7266493
17:29:44,12.2348728
17:29:45,11.7322636
17:29:46,12.1393328
17:29:47,12.1001091
17:29:48,12.0910339
17:29:49,12.1508236
17:29:50,11.9962864
17:29:51,12.1276674
17:29:52,11.842495
17:29:53,12.13655
17:29:54,12.0002489
17:29:55,11.995862
17:29:56,11.6546545
17:29:57,12.0390463
17:29:58,12.1246386
17:29:59,12.3040524
17:30:00,11.7999411
17:30:01,12.0400572
17:30:02,12.3098183
17:30:03,12.3071461
17:30:04,12.331666
17:30:05,11.943902
17:30:06,11.9695883
17:30:07,12.1368065
17:30:08,11.9504433
17:30:09,12.144969
17:30:10,12.0319843
17:30:11,12.1270218
17:30:12,12.1056108
17:30:13,12.0277872
17:30:14,12.0139923
17:30:15,11.8203039
17:30:16,11.9767742
17:30:17,12.02121
17:30:18,12.3546114
17:30:19,12.1783953
17:30:20,12.1701136
17:30:21,11.869173
17:30:22,12.0738726
17:30:23,12.012085
17:30:24,12.0920048
17:30:25,12.2018347
17:30:26,12.15023
17:30:27,12.312501
17:30:28,12.2238274
17:30:29,12.2381487
17:30:30,12.09347
17:30:31,11.72259
17:30:32,11.9888859
17:30:33,12.151638
17:30:34,12.077755
17:30:35,11.9311466
17:30:36,11.8624449
17:30:37,11.8463106
17:30:38,12.1183987
17:30:39,12.1840973
17:30:40,11.9243288
17:30:41,11.7834463
17:30:42,12.3993168
17:30:43,12.1348648
17:30:44,11.8607693
17:30:45,11.899581
17:30:46,12.0396242
17:30:47,11.8997917
17:30:48,11.8993874
17:30:49,11.9487543
17:30:50,11.6131907
17:30:51,12.2628937
17:30:52,12.1888914
17:30:53,12.1690016
17:30:54,12.2327967
17:30:55,11.6380005
17:30:56,12.1790218
17:30:57,12.2129154
17:30:58,12.0656757
17:30:59,11.9415655
17:31:00,11.8838186
17:31:01,12.125083
17:31:02,11.9648829
17:31:03,11.9322872
17:31:04,12.1378117
17:31:05,11.9946032
17:31:06,11.8448381
17:31:07,12.0818138
17:31:08,11.5684443
17:31:09,12.0024347
17:31:10,11.8674688
17:31:11,11.8859529
17:31:12,11.6838932
17:31:13,12.390583
17:31:14,11.7888947
17:31:15,11.72367
17:31:16,12.2448874
17:31:17,12.26625
17:31:18,12.1508846
17:31:19,11.6700764
17:31:20,12.2631731
17:31:21,12.0781546
17:31:22,12.1982
17:31:23,11.84571
17:31:24,11.9326115
17:31:25,12.3529844
17:31:26,12.4363155
17:31:27,11.9060793
17:31:28,12.1271639
17:31:29,11.7753363
17:31:30,12.7704458
17:31:31,11.3941832
17:31:32,12.3007374
17:31:33,11.8934908
17:31:34,12.0082073
17:31:35,11.9028139
17:31:36,11.8508263
17:31:37,12.2844563
17:31:38,11.8298941
17:31:39,12.0812006
17:31:40,12.0405674
17:31:41,11.8929577
17:31:42,11.9990368
17:31:43,12.0490675
17:31:44,12.0704966
17:31:45,11.9384861
17:31:46,12.1190472
17:31:47,12.0845852
17:31:48,12.3505287
17:31:49,12.0875216
17:31:50,11.8010521
17:31:51,11.9126415
17:31:52,11.818841
17:31:53,12.1186352
17:31:54,11.9431086
17:31:55,12.0215979
17:31:56,12.0249281
17:31:57,12.0434036
17:31:58,12.2377691
17:31:59,11.9821892
17:32:00,11.9045248
17:32:01,12.0003939
17:32:02,12.0674791
17:32:03,12.0239305
17:32:04,12.1327257
17:32:05,11.8729391
17:32:06,11.9515772
17:32:07,12.0200186
17:32:08,12.0836477
17:32:09,12.1606264
17:32:10,12.4440594
17:32:11,12.0050049
17:32:12,12.1465778
17:32:13,11.9647179
17:32:14,12.0666895
17:32:15,11.804203
17:32:16,12.2128305
17:32:17,12.008604
17:32:18,11.998271
17:32:19,12.0785
17:32:20,11.9967642
17:32:21,12.259881
17:32:22,11.9188108
17:32:23,11.8655376
17:32:24,11.9968023
17:32:25,12.0981846
17:32:26,12.29696
17:32:27,12.1413984
17:32:28,12.0218182
17:32:29,12.0395317
17:32:30,11.7104015
17:32:31,11.9723434
17:32:32,12.1822357
17:32:33,12.1395626
17:32:34,11.9469786
17:32:35,11.9066286
17:32:36,12.1913872
17:32:37,12.1811266
17:32:38,12.0720625
17:32:39,11.8709526
17:32:40,12.18139
17:32:41,11.9090624
17:32:42,11.9817171
17:32:43,12.1963053
17:32:44,12.1103964
17:32:45,12.2488794
17:32:46,11.8893557
17:32:47,12.1291742
17:32:48,12.0388508
17:32:49,12.140686
17:32:50,11.6908579
17:32:51,12.0186243
17:32:52,11.8816214
17:32:53,12.1394634
17:32:54,12.21335
17:32:55,11.7958145
17:32:56,12.0808353
17:32:57,12.3502979
17:32:58,12.064312
17:32:59,12.1173153
17:33:00,12.0359039
17:33:01,12.101162
17:33:02,12.3536558
17:33:03,12.0873337
17:33:04,12.1660061
17:33:05,12.022563
17:33:06,11.9032621
17:33:07,12.1078568
17:33:08,12.2176676
17:33:09,12.0660868
17:33:10,11.9954872
17:33:11,11.9753532
17:33:12,12.0119572
17:33:13,12.1468172
17:33:14,12.0992317
17:33:15,12.0948515
17:33:16,12.0371675
17:33:17,11.8520966
17:33:18,12.1969109
17:33:19,12.30277
17:33:20,12.0461979
17:33:21,11.95756
17:33:22,12.1484375
17:33:23,12.0998631
17:33:24,12.138258
17:33:25,12.2471132
17:33:26,11.9663057
17:33:27,11.8983259
17:33:29,12.2577152
17:33:30,12.1994057
17:33:31,11.9436474
17:33:32,11.376915
17:33:33,12.1306286
17:33:34,12.2552643
17:33:35,11.990181
17:33:36,12.125227
17:33:37,12.3809061
17:33:38,12.0812693
17:33:39,12.1427546
17:33:40,12.26894
17:33:41,11.919795
17:33:42,12.5522108
17:33:43,12.0877924
17:33:44,12.3180046
17:33:45,11.9112129
17:33:46,12.1011992
17:33:47,12.0019817
17:33:48,11.9195452
17:33:49,11.9723692
17:33:50,12.1214628
17:33:51,12.3703814
17:33:52,11.8711481
17:33:54,12.0053434
17:33:55,12.03123
17:33:56,12.0086012
17:33:58,12.1602964
17:33:59,12.1836519
17:34:00,12.0358667
17:34:01,12.1912975
17:34:03,11.8755484
17:34:04,11.95905
17:34:05,12.1991768
17:34:06,12.2029648
17:34:07,12.011775
17:34:08,12.282548
17:34:09,12.0755768
17:34:10,12.2603245
17:34:11,11.8593206
17:34:12,12.0446739
17:34:13,12.0962982
17:34:14,11.9805212
17:34:15,11.95524
17:34:16,12.0643482
17:34:17,12.3452082
17:34:18,11.9801331
17:34:19,12.0534658
17:34:20,12.09206
17:34:21,12.0227985
17:34:22,11.9094782
17:34:23,12.1227131
17:34:24,11.99326
17:34:25,12.25457
17:34:26,12.0342216
17:34:27,12.2483015
17:34:28,12.0938911
17:34:29,12.0391312
17:34:30,11.92086
17:34:31,11.7547169
17:34:32,12.1618557
17:34:33,11.607481
17:34:34,11.997489
17:34:35,12.2175913
17:34:36,12.30544
17:34:37,11.6845131
17:34:38,12.2351084
17:34:39,11.9107409
17:34:40,12.0475044
17:34:41,12.0231428
17:34:42,12.161974
17:34:43,11.8901043
17:34:44,11.8354988
17:34:45,11.9580975
17:34:46,12.0157442
17:34:47,11.8871841
17:34:48,12.0850563
17:34:49,11.9715691
17:34:50,12.1625233
17:34:51,11.8983135
17:34:52,11.85088
17:34:53,12.1458073
17:34:54,12.2761383
17:34:55,12.1347685
17:34:56,11.8815641
17:34:57,11.8651991
17:34:58,12.1062574
17:34:59,11.9100313
17:35:00,12.1453686
17:35:01,11.8644581
17:35:02,12.0417566
17:35:03,11.9529076
17:35:04,11.9744654
17:35:05,12.2286024
17:35:06,12.2892857
17:35:07,12.076704
17:35:08,11.9295216
17:35:09,12.27945
17:35:10,11.8820534
17:35:11,11.8681631
17:35:12,12.2893486
17:35:13,12.023242
17:35:14,11.8460894
17:35:15,12.0254536
17:35:16,12.0126791
17:35:17,12.2274055
17:35:18,11.7282333
17:35:19,12.3727684
17:35:20,11.7432289
17:35:21,12.2201061
17:35:22,12.0064068
17:35:23,12.13734
17:35:24,12.118206
17:35:25,12.1601067
17:35:26,11.983407
17:35:27,11.89361
17:35:28,12.1039772
17:35:29,12.13623
17:35:30,12.0038395
17:35:31,12.2256145
17:35:32,11.8913
17:35:33,11.9490938
17:35:34,12.2496471
17:35:35,12.21664
17:35:36,12.1677942
17:35:37,12.1752605
17:35:38,12.1066875
17:35:39,12.1180792
17:35:40,11.95748
17:35:41,12.04576
17:35:42,12.3533792
17:35:43,12.0916214
17:35:44,12.1511192
17:35:45,11.8544664
17:35:46,12.2607613
17:35:47,11.5744238
17:35:48,12.0280361
17:35:49,12.2508354
17:35:50,11.9128714
17:35:51,12.2829132
17:35:52,11.617898
17:35:53,11.853816
17:35:54,12.11388
17:35:55,12.10805
17:35:56,12.2138834
17:35:57,12.6825581
17:35:58,12.042532
17:35:59,11.8432121
17:36:00,12.0465889
17:36:01,12.122633
17:36:02,12.0395041
17:36:03,11.9456062
17:36:04,11.979351
17:36:05,12.0832958
17:36:06,11.9957495
17:36:07,12.1633863
17:36:08,11.9881477
17:36:09,12.2349911
17:36:10,12.0732327
17:36:11,12.1206894
17:36:12,11.7699223
17:36:13,12.0339584
17:36:14,12.1798363
17:36:15,11.9684391
17:36:16,11.9881115
17:36:17,12.0427084
17:36:18,11.86958
17:36:19,11.9133272
17:36:20,11.748436
17:36:21,12.0850868
17:36:22,11.983737
17:36:23,12.0945253
17:36:24,11.9213209
17:36:25,12.0426941
17:36:26,12.1430483
17:36:27,12.0160751
17:36:28,12.1468163
17:36:29,11.6995907
17:36:30,12.109128
17:36:31,12.021265
17:36:32,11.8782444
17:36:33,12.0909
17:36:34,11.8085985
17:36:35,12.0500851
17:36:36,11.9489689
17:36:37,12.2034807
17:36:38,12.0069218
17:36:39,11.85658
17:36:40,12.1019907
17:36:41,12.0876436
17:36:42,12.1102848
17:36:43,11.91794
17:36:44,12.1451645
17:36:45,12.0758715
17:36:46,12.3005133
17:36:47,11.9329329
17:36:48,12.0547342
17:36:49,12.24868
17:36:50,12.0918884
17:36:51,12.0773287
17:36:52,11.8466339
17:36:53,11.8574238
17:36:54,12.1719666
17:36:55,12.1186247
17:36:56,11.8153839
17:36:57,12.0787611
17:36:58,11.9652872
17:36:59,12.2329111
17:37:00,11.9453087
17:37:01,11.9861069
17:37:02,11.624876
17:37:03,11.9605284
17:37:04,12.0375338
17:37:05,12.3326483
17:37:06,11.9433432
17:37:07,12.1085863
17:37:08,11.9111738
17:37:09,11.7828884
17:37:10,12.1769066
17:37:11,11.8466711
17:37:12,12.0722685
17:37:13,11.7596292
17:37:14,12.05525
17:37:15,12.090682
17:37:16,12.0506153
17:37:17,12.1000175
17:37:18,12.3352575
17:37:19,12.1093607
17:37:20,11.6364889
17:37:21,12.1797628
17:37:22,12.4003592
17:37:23,12.2974167
17:37:24,11.88309
17:37:25,11.99477
17:37:26,12.1416359
17:37:27,12.0436964
17:37:29,12.0076151
17:37:30,12.3853607
17:37:31,11.9113655
17:37:32,11.8961277
17:37:33,12.1430845
17:37:34,12.0625238
17:37:35,12.1497126
17:37:36,11.9795036
17:37:37,11.3784771
17:37:38,12.0910854
17:37:39,11.8738775
17:37:40,12.1377144
17:37:41,12.0730829
17:37:42,12.0005856
17:37:43,12.23283
17:37:44,11.9994326
17:37:45,11.9616232
17:37:46,12.4087429
17:37:47,12.1417685
17:37:49,11.9745932
17:37:50,12.2942085
17:37:52,12.1965485
17:37:53,11.9947605
17:37:55,12.0738411
17:37:56,11.840415
17:37:57,12.0675488
17:37:58,12.0492659
17:37:59,11.8642092
17:38:00,12.1477556
17:38:01,12.12522
17:38:02,11.6351137
17:38:03,12.29899
17:38:04,12.1387529
17:38:05,11.704073
17:38:06,12.0356064
17:38:07,11.8787
17:38:08,11.9147825
17:38:09,11.9073086
17:38:10,12.204752
17:38:11,12.25459
17:38:12,12.0661812
17:38:13,12.3025885
17:38:14,12.1214943
17:38:15,12.1595964
17:38:16,11.9264441
17:38:17,12.1171064
17:38:18,12.087635
17:38:19,11.9018669
17:38:20,11.9554892
17:38:21,11.9304447
17:38:22,12.2402525
17:38:23,11.9422121
17:38:24,12.2450027
17:38:25,12.0874233
17:38:26,11.9365788
17:38:27,12.04923
17:38:29,11.8379488
17:38:30,12.0748367
17:38:31,11.9254885
17:38:32,11.9541731
17:38:33,11.9905214
17:38:34,11.6720943
17:38:35,12.0425806
17:38:36,11.9822111
17:38:37,12.0113411
17:38:38,12.0608082
17:38:39,11.9994736
17:38:40,11.8390055
17:38:41,11.9279919
17:38:42,12.1234217
17:38:43,12.0216951
17:38:44,11.957634
17:38:45,12.17147
17:38:46,11.8456879
17:38:47,12.2609949
17:38:48,11.9875507
17:38:49,11.9708147
17:38:50,12.1469488
17:38:51,11.8128433
17:38:52,12.2630224
17:38:53,11.80981
17:38:54,12.3046961
17:38:55,12.0783415
17:38:56,12.1334391
17:38:57,12.115551
17:38:58,11.9851751
17:38:59,11.9881592
17:39:00,12.2893429
17:39:01,11.7833824
17:39:02,11.866271
17:39:03,11.9984913
17:39:04,12.1839066
17:39:05,12.3261328
17:39:06,11.8984613
17:39:07,12.1701813
17:39:08,12.0614414
17:39:09,12.0577316
17:39:10,11.9986362
17:39:11,12.1966476
17:39:12,12.1907177
17:39:13,11.8215885
17:39:14,11.9735556
17:39:15,11.9303246
17:39:16,12.126544
17:39:17,11.9114838
17:39:18,12.1393414
17:39:19,11.9686613
17:39:20,11.831995
17:39:21,12.097147
17:39:22,12.07361
17:39:23,11.6577148
17:39:24,12.0884018
17:39:25,12.0231028
17:39:26,12.05608
17:39:28,11.7567616
17:39:29,12.0027332
17:39:30,12.2671967
17:39:31,11.8583755
17:39:32,12.1039753
17:39:34,11.9102468
17:39:35,11.8448477
17:39:36,12.2501688
17:39:38,12.009757
17:39:40,12.0581207
17:39:41,11.9972763
17:39:42,12.2060385
17:39:44,12.0653276
17:39:45,11.7584543
17:39:46,12.32805
17:39:47,11.8467684
17:39:48,11.9300051
17:39:49,12.1139269
17:39:50,11.9518976
17:39:51,12.1271725
17:39:52,12.0726109
17:39:53,11.9874
17:39:54,11.7331991
17:39:55,12.3252325
17:39:56,11.7517958
17:39:57,12.3236189
17:39:58,12.3213692
17:39:59,12.107626
17:40:00,12.1469278
17:40:01,12.1914015
17:40:02,11.99315
17:40:03,12.2887592
17:40:04,11.9492912
17:40:05,12.0614386
17:40:06,12.1015034
17:40:07,12.1014681
17:40:08,12.0741043
17:40:09,12.0293274
17:40:10,12.2149582
17:40:11,11.91519
17:40:12,12.2327328
17:40:13,11.4464388
17:40:14,12.0795488
17:40:15,11.7956543
17:40:16,12.0032816
17:40:17,11.8518372
17:40:18,12.0292931
17:40:19,11.7970457
17:40:20,11.7687283
17:40:21,12.1783819
17:40:22,11.8297882
17:40:23,12.24979
17:40:24,12.2380486
17:40:25,11.57627
17:40:26,11.9815321
17:40:27,12.006628
17:40:28,12.0299263
17:40:29,11.555234
17:40:30,11.5450315
17:40:31,12.5859108
17:40:32,12.3839674
17:40:33,11.7788687
17:40:34,11.8400316
17:40:35,12.05565
17:40:36,11.7639627
17:40:37,12.0181
17:40:38,12.2432756
17:40:39,12.3113623
17:40:40,11.7468233
17:40:41,11.9420147
17:40:42,11.9930172
17:40:43,11.9885168
17:40:44,11.6925116
17:40:45,12.3689318
17:40:46,12.0777712
17:40:47,12.1195107
17:40:48,11.8587141
17:40:49,12.0280161
17:40:50,11.8827372
17:40:51,9.275478
17:40:52,13.8426313
17:40:53,14.0711088
17:40:54,12.6252384
17:40:55,11.8154106
17:40:56,11.8087921
17:40:57,11.530654
17:40:58,12.171525
17:40:59,11.9276724
17:41:00,11.90928
17:41:01,12.1419287
17:41:02,11.9138155
17:41:03,12.0888233
17:41:04,12.2157307
17:41:05,12.2020674
17:41:06,11.8247147
17:41:07,11.8016329
17:41:08,11.9755
17:41:09,12.2241879
17:41:10,12.0835419
17:41:11,12.0195055
17:41:12,12.0072126
17:41:13,12.2194319
17:41:14,11.8836784
17:41:15,12.3166208
17:41:16,12.1485081
17:41:17,12.1515474
17:41:18,12.0605278
17:41:19,12.0750055
17:41:20,12.1281538
17:41:21,12.3437757
17:41:22,11.9132071
17:41:23,12.1341343
17:41:24,12.007534
17:41:25,11.8222828
17:41:26,11.8878927
17:41:27,12.0157738
17:41:28,12.1052637
17:41:29,11.9406824
17:41:30,12.008317
17:41:31,12.02216
17:41:32,11.9804049
17:41:33,11.9583817
17:41:34,11.7035246
17:41:35,12.1011162
17:41:36,12.1494675
17:41:37,12.1492434
17:41:38,12.0707111
17:41:39,11.8664055
17:41:40,12.3057632
17:41:41,11.6537685
17:41:42,11.9130573
17:41:43,12.0506983
17:41:44,12.0704679
17:41:45,12.1395721
17:41:46,12.0796452
17:41:47,11.7641945
17:41:48,12.0347977
17:41:49,12.4261541
17:41:50,11.9732981
17:41:51,11.9780273
17:41:52,12.0108385
17:41:53,12.0698643
17:41:54,12.0294313
17:41:55,12.0281878
17:41:56,12.0595245
17:41:57,12.0191317
17:41:58,12.2241611
17:41:59,12.3318472
17:42:00,11.6894608
17:42:01,12.0943632
17:42:02,12.1177578
17:42:03,12.0855751
17:42:04,12.4644823
17:42:05,11.98386
17:42:06,12.1733093
17:42:07,11.8921824
17:42:08,12.1602554
17:42:09,11.8674355
17:42:10,12.294939
17:42:11,11.9770174
17:42:12,12.1558733
17:42:13,11.8767424
17:42:14,12.06045
17:42:15,11.9799271
17:42:16,12.03053
17:42:17,12.2008553
17:42:18,12.0531588
17:42:19,12.0539942
17:42:20,12.0005312
17:42:21,11.7960043
17:42:22,11.9497795
17:42:23,11.9366226
17:42:24,12.1163988
17:42:25,12.0777607
17:42:26,12.2311907
17:42:27,11.9613371
17:42:28,12.1501675
17:42:29,11.8482714
17:42:30,12.1991587
17:42:31,11.9015045
17:42:32,12.1685448
17:42:33,11.9816437
17:42:34,12.1214352
17:42:35,11.8782663
17:42:36,11.9637365
17:42:37,11.9324646
17:42:38,12.1087112
17:42:39,12.1799822
17:42:40,11.7796478
17:42:41,11.7592583
17:42:42,12.0629177
17:42:43,11.85134
17:42:44,12.3815527
17:42:45,11.9226789
17:42:46,12.170805
17:42:47,11.6063318
17:42:48,11.8577023
17:42:49,12.2132549
17:42:50,12.1897564
17:42:51,12.2453594
17:42:52,12.2132387
17:42:53,11.9515762
17:42:54,11.7001419
17:42:55,12.12711
17:42:56,12.08718
17:42:57,12.1817141
17:42:58,12.0326462
17:42:59,12.40402
17:43:00,11.67044
17:43:01,12.0387506
17:43:02,12.1235237
17:43:03,12.1185961
17:43:04,11.9851074
17:43:05,11.9945316
17:43:06,11.9763536
17:43:07,11.937952
17:43:08,12.3351936
17:43:09,11.9423676
17:43:10,11.6916294
17:43:11,12.357914
17:43:12,12.0302048
17:43:13,12.0163736
17:43:14,11.8687725
17:43:15,11.7979813
17:43:16,12.0293217
17:43:17,11.8125229
17:43:18,12.40332
17:43:19,12.2272568
17:43:20,11.7924309
17:43:21,12.2085495
17:43:22,12.1744213
17:43:23,12.0552063
17:43:24,11.8533049
17:43:25,12.3280735
17:43:26,12.0898819
17:43:27,12.1338863
17:43:28,11.958663
17:43:29,12.13714
17:43:30,12.1032934
17:43:31,12.4452076
17:43:32,11.697278
17:43:33,11.9684
17:43:34,11.7928143
17:43:35,11.9939384
17:43:36,12.166275
17:43:37,12.0904026
17:43:38,11.9876356
17:43:39,12.0432062
17:43:40,12.02776
17:43:41,12.1655655
17:43:42,12.01856
17:43:43,11.9602165
17:43:44,12.0451832
17:43:45,11.9650469
17:43:46,11.9865494
17:43:47,12.1510515
17:43:48,11.8185205
17:43:49,12.0876331
17:43:50,11.9111443
17:43:51,11.6725988
17:43:52,11.8564186
17:43:53,12.26888
17:43:54,12.0016413
17:43:55,12.14759
17:43:56,11.7263794
17:43:57,12.1718273
17:43:58,11.8783064
17:43:59,12.2482853
17:44:00,12.244627
17:44:01,12.1584721
17:44:02,12.2472248
17:44:03,11.9758482
17:44:04,11.861124
17:44:05,11.9456635
17:44:06,12.1044006
17:44:07,11.979248
17:44:08,12.0679674
17:44:09,11.8926916
17:44:10,12.3289261
17:44:11,12.1741486
17:44:12,12.0342884
17:44:13,12.0056734
17:44:14,11.9853382
17:44:15,12.1475258
17:44:16,11.7976418
17:44:17,12.0381613
17:44:18,11.6709423
17:44:19,12.0917711
17:44:20,12.0716743
17:44:21,12.0810642
17:44:22,12.2407227
17:44:23,12.0597439
17:44:24,11.9054718
17:44:25,11.9122829
17:44:26,12.0326042
17:44:27,12.1378059
17:44:28,12.25656
17:44:29,12.0530424
17:44:30,12.0612431
17:44:31,11.9817142
17:44:32,11.8646612
17:44:33,11.91245
17:44:34,12.0399981
17:44:35,12.218648
17:44:36,12.0386
17:44:37,11.8417015
17:44:38,12.2798357
17:44:39,12.26489
17:44:40,11.8871536
17:44:41,12.078495
17:44:42,12.2239561
17:44:43,11.9045782
17:44:44,12.0543909
17:44:45,12.3047781
17:44:46,11.8317041
17:44:47,11.8437576
17:44:48,12.2026072
17:44:49,12.1259546
17:44:50,12.1202183
17:44:51,11.9380455
17:44:52,11.836319
17:44:53,12.0532293
17:44:54,12.118763
17:44:55,11.9292765
17:44:56,11.8824091
17:44:57,11.9908648
17:44:58,11.9898205
17:44:59,11.8558836
17:45:00,12.0703135
17:45:01,12.0162764
17:45:02,12.0655136
17:45:03,11.8654108
17:45:04,11.9413652
17:45:05,12.256896
17:45:06,12.2682743
17:45:07,11.8401966
17:45:08,12.2712708
17:45:09,12.0624886
17:45:10,11.986227
17:45:11,11.98241
17:45:12,11.8866863
17:45:13,12.0204887
17:45:14,11.906004
17:45:15,11.8122816
17:45:16,11.9385748
17:45:17,11.8479891
17:45:18,11.5655346
17:45:19,12.15833
17:45:20,12.0841446
17:45:21,12.0954695
17:45:22,12.02173
17:45:23,11.97441
17:45:24,11.9679041
17:45:25,12.233489
17:45:26,11.9382515
17:45:27,12.1181059
17:45:28,11.6772537
17:45:30,13.1190643
17:45:31,12.0851393
17:45:32,11.7961445
17:45:33,11.8510094
17:45:34,12.0004473
17:45:35,11.9394646
17:45:36,12.1682825
17:45:37,11.8148451
17:45:38,12.0813618
17:45:39,11.9758472
17:45:40,12.1345921
17:45:41,11.7953205
17:45:42,11.9590416
17:45:43,11.9917822
17:45:44,11.6668434
17:45:45,11.903903
17:45:46,11.9482155
17:45:47,11.99043
17:45:48,11.972065
17:45:49,11.9613914
17:45:50,11.8976
17:45:51,11.7694426
17:45:52,12.0607471
17:45:53,12.1133881
17:45:54,11.9901085
17:45:55,12.2743711
17:45:56,12.1083288
17:45:57,12.3507967
17:45:58,11.9452705
17:45:59,12.2487574
17:46:00,11.9736423
17:46:01,11.9313536
17:46:02,12.0133581
17:46:03,12.0442381
17:46:04,11.9908018
17:46:05,11.882164
17:46:06,12.1844931
17:46:07,12.2914629
17:46:08,11.9390984
17:46:09,12.1495466
17:46:10,12.0486546
17:46:11,11.8526583
17:46:12,11.846242
17:46:13,12.0769625
17:46:14,12.10516
17:46:15,12.1636972
17:46:16,11.9391165
17:46:17,11.703928
17:46:18,12.143528
17:46:19,12.230032
17:46:20,12.0078535
17:46:21,11.9038191
17:46:22,12.0312891
17:46:23,12.1350965
17:46:24,12.37316
17:46:25,12.1262741
17:46:26,12.0611105
17:46:27,11.789216
17:46:29,12.1037846
17:46:30,12.003212
17:46:31,11.7250414
17:46:32,11.8652124
17:46:33,12.2168188
17:46:34,11.7752914
17:46:35,12.3645792
17:46:36,12.01713
17:46:37,12.139348
17:46:38,12.1211615
17:46:39,12.2613382
17:46:40,11.9906292
17:46:41,11.8881369
17:46:42,11.8233557
17:46:43,11.9250441
17:46:44,12.0674391
17:46:45,12.0984316
17:46:46,12.0559568
17:46:47,12.0422506
17:46:48,12.1991148
17:46:49,12.2327986
17:46:50,11.9123449
17:46:51,11.9283562
17:46:52,12.1678734
17:46:53,12.2034492
17:46:54,11.8064156
17:46:55,12.1357985
17:46:56,12.174367
17:46:57,11.8164577
17:46:58,12.02968
17:46:59,12.1260729
17:47:00,11.99477
17:47:01,11.8247871
17:47:02,11.8528357
17:47:03,12.2569847
17:47:04,11.9485826
17:47:05,11.778532
17:47:06,12.0814333
17:47:07,11.7850628
17:47:08,11.8841877
17:47:09,12.2858973
17:47:10,12.0419636
17:47:11,11.8508177
17:47:12,11.9781046
17:47:13,12.1464691
17:47:14,12.1265211
17:47:15,11.6881771
17:47:16,11.95728
17:47:17,11.6272879
17:47:18,12.32833
17:47:19,12.0635786
17:47:20,12.0582418
17:47:21,11.8609877
17:47:22,11.8881807
17:47:24,12.0825462
17:47:26,12.215703
17:47:27,11.8872623
17:47:28,12.0426188
17:47:29,12.17013
17:47:30,12.0527372
17:47:31,12.0812855
17:47:32,11.985178
17:47:33,12.1854076
17:47:34,11.8786745
17:47:36,12.2232218
17:47:37,11.8958788
17:47:38,12.0418806
17:47:39,12.2084932
17:47:40,11.8288269
17:47:41,12.0146723
17:47:42,12.089242
17:47:44,11.9378633
17:47:45,11.8819885
17:47:46,12.1742134
17:47:47,12.03724
17:47:48,12.4042912
17:47:49,12.1533413
17:47:50,11.9722509
17:47:51,11.9969578
17:47:53,12.1083317
17:47:54,12.1900473
17:47:55,11.9412041
17:47:56,11.7757406
17:47:57,12.1584978
17:47:58,12.2571573
17:47:59,12.1375942
17:48:00,11.9397955
17:48:01,11.93892
17:48:02,12.0409927
17:48:03,11.9268694
17:48:04,12.1777277
17:48:05,12.0345488
17:48:06,12.2611837
17:48:07,12.0708838
17:48:08,12.1036654
17:48:09,12.44409
17:48:10,12.1346264
17:48:11,11.9278316
17:48:12,11.9414787
17:48:13,12.0068235
17:48:14,12.0620937
17:48:15,11.9849911
17:48:16,11.8757267
17:48:17,11.9724779
17:48:18,11.8766165
17:48:19,12.1839466
17:48:20,11.5666008
17:48:21,12.2946672
17:48:22,12.0607319
17:48:23,11.8290176
17:48:24,12.25892
17:48:25,12.059123
17:48:26,11.9919939
17:48:27,12.1087437
17:48:28,11.7257824
17:48:29,12.0172281
17:48:30,11.8265219
17:48:31,12.2279682
17:48:32,12.1746178
17:48:33,11.9169788
17:48:34,11.9788094
17:48:35,12.0108118
17:48:36,12.02123
17:48:37,12.12632
17:48:38,12.0136356
17:48:39,12.0313
17:48:40,12.2657242
17:48:41,12.2042694
17:48:42,12.1176386
17:48:43,11.8293142
17:48:44,11.922781
17:48:45,12.0489111
17:48:46,12.0221071
17:48:47,12.2075558
17:48:48,11.9607954
17:48:49,12.31288
17:48:50,11.9649267
17:48:51,12.2413445
17:48:52,11.8996868
17:48:53,12.1140051
17:48:54,12.265789
17:48:55,11.7978945
17:48:56,11.8702784
17:48:57,11.8222609
17:48:58,11.9203968
17:48:59,12.25064
17:49:00,12.1617212
17:49:01,11.9170856
17:49:02,12.183095
17:49:03,11.8873816
17:49:04,12.0444088
17:49:05,11.9702759
17:49:06,12.1045685
17:49:07,11.950654
17:49:08,12.2091436
17:49:09,12.1057272
17:49:10,12.001112
17:49:11,11.9701653
17:49:12,11.6684046
17:49:13,12.0978622
17:49:14,12.3646955
17:49:15,11.9238386
17:49:16,12.1518335
17:49:17,12.1313982
17:49:18,12.1328106
17:49:19,12.1259861
17:49:20,12.186697
17:49:21,11.8095989
17:49:22,12.2510519
17:49:23,11.7854519
17:49:24,11.8762531
17:49:25,11.9407654
17:49:26,12.4536552
17:49:27,11.76558
17:49:28,11.9763889
17:49:29,12.1865234
17:49:30,11.9069548
17:49:31,11.8992195
17:49:32,11.8606606
17:49:33,11.7996492
17:49:34,11.8994646
17:49:35,11.9525023
17:49:36,12.1173267
17:49:37,12.0384779
17:49:38,12.0650425
17:49:39,11.8898134
17:49:40,11.8597822
17:49:41,12.020215
17:49:42,11.8839054
17:49:43,12.1936579
17:49:44,12.0865822
17:49:45,12.0805874
17:49:46,11.9620552
17:49:47,11.8932276
17:49:48,11.9843292
17:49:49,12.0960522
17:49:50,12.1142492
17:49:51,11.9457026
17:49:52,11.9875593
17:49:53,11.9645786
17:49:54,12.1234627
17:49:55,12.0549517
17:49:56,11.72091
17:49:57,11.8220158
17:49:58,12.4135828
17:49:59,11.9715309
17:50:00,12.1651335
17:50:01,12.4691763
17:50:02,11.8797636
17:50:03,11.94934
17:50:04,12.43404
17:50:05,12.3612509
17:50:06,11.9149456
17:50:07,12.21108
17:50:08,12.0548887
17:50:09,11.8648663
17:50:10,11.9632244
17:50:11,11.90114
17:50:12,11.8621464
17:50:13,11.9910946
17:50:14,12.3403921
17:50:15,11.9139462
17:50:16,11.9301624
17:50:17,11.8599815
17:50:18,11.8958168
17:50:19,11.7695665
17:50:20,12.2543449
17:50:21,11.8959188
17:50:22,12.0325136
17:50:23,12.1933947
17:50:24,11.8494139
17:50:25,11.8587666
17:50:26,11.9161568
17:50:27,12.1193933
17:50:28,11.9551239
17:50:29,11.9884949
17:50:30,11.7734118
17:50:31,12.2277832
17:50:32,11.7297316
17:50:33,11.8126011
17:50:34,11.8996563
17:50:35,12.303236
17:50:36,11.8833876
17:50:37,12.0235662
17:50:38,11.6629314
17:50:39,12.2419405
17:50:40,12.2724752
17:50:41,11.8909235
17:50:42,12.1090679
17:50:43,11.9223127
17:50:44,11.9081745
17:50:45,11.6749582
17:50:46,12.22755
17:50:47,12.0832224
17:50:48,12.0795221
17:50:49,12.2154789
17:50:50,12.2976446
17:50:51,12.0102453
17:50:52,11.9535322
17:50:53,12.0209332
17:50:54,11.8338118
17:50:55,11.9180679
17:50:56,12.1785831
17:50:57,11.8255529
17:50:58,11.8200493
17:50:59,11.9677382
17:51:00,12.2209244
17:51:01,12.1045389
17:51:02,11.9971323
17:51:03,12.284688
17:51:04,12.0267477
17:51:05,12.0551624
17:51:06,11.805172
17:51:07,11.7958326
17:51:08,12.1108589
17:51:09,11.9341221
17:51:10,12.2125654
17:51:11,11.78928
17:51:12,12.0473356
17:51:13,11.9580793
17:51:14,11.9140282
17:51:15,11.9889278
17:51:16,12.3337469
17:51:17,11.8516207
17:51:18,12.128828
17:51:19,11.5640736
17:51:20,12.1221676
17:51:21,12.0687342
17:51:22,12.24091
17:51:23,12.1133442
17:51:24,12.0036106
17:51:25,11.9937019
17:51:26,11.8444986
17:51:27,12.0646152
17:51:28,12.1604042
17:51:29,11.93556
17:51:30,12.0174456
17:51:31,12.1531067
17:51:32,11.8485184
17:51:33,11.67474
17:51:34,11.8451967
17:51:35,12.125639
17:51:36,12.1023874
17:51:37,12.3484573
17:51:38,12.1118536
17:51:39,12.0553942
17:51:40,12.2477188
17:51:41,11.8086815
17:51:42,11.7484331
17:51:43,11.981657
17:51:44,11.9909172
17:51:45,12.0295954
17:51:46,11.9719753
17:51:47,12.2262154
17:51:48,12.0736856
17:51:49,12.2469807
17:51:50,12.19008
17:51:51,12.0155334
17:51:52,12.0983725
17:51:53,12.1043615
17:51:54,12.1754456
17:51:55,11.8864422
17:51:56,11.7264805
17:51:57,11.9511223
17:51:58,11.9710932
17:51:59,12.0388069
17:52:00,12.0024662
17:52:01,12.0109844
17:52:02,12.161808
17:52:03,11.9212933
17:52:04,12.0855474
17:52:05,12.1866531
17:52:06,12.1678467
17:52:07,11.9507723
17:52:08,11.8782787
17:52:09,12.08582
17:52:10,12.02473
17:52:11,12.0888052
17:52:12,11.3828039
17:52:13,11.929615
17:52:14,12.02664
17:52:15,12.1285343
17:52:16,11.8883009
17:52:17,12.2039423
17:52:18,11.9208841
17:52:19,12.3250046
17:52:20,11.9204664
17:52:21,12.1490564
17:52:22,12.1736393
17:52:23,11.9952345
17:52:24,12.054287
17:52:25,12.0655479
17:52:26,11.9294558
17:52:27,11.8254375
17:52:28,12.1814556
17:52:30,12.1595545
17:52:31,11.8217659
17:52:32,11.85954
17:52:33,12.2406731
17:52:34,12.2185154
17:52:35,11.9963913
17:52:36,12.1444225
17:52:37,12.1387348
17:52:38,11.9781427
17:52:39,12.1886644
17:52:40,11.9554205
17:52:41,12.0275993
17:52:42,11.8846855
17:52:43,11.9695892
17:52:44,12.1624327
17:52:45,12.0087547
17:52:46,12.1073742
17:52:47,12.0608845
17:52:48,11.8804016
17:52:49,11.9854641
17:52:50,11.912219
17:52:51,12.043457
17:52:52,11.8178263
17:52:53,11.882596
17:52:54,11.870739
17:52:55,11.9985828
17:52:56,12.0132856
17:52:57,12.1986961
17:52:58,11.88153
17:52:59,12.1869707
17:53:00,11.8883448
17:53:01,11.9831791
17:53:02,12.1883783
17:53:03,11.6599407
17:53:04,12.0206718
17:53:05,12.1415319
17:53:06,12.1845
17:53:07,12.2760582
17:53:08,11.9905663
17:53:09,12.1477165
17:53:10,12.1458235
17:53:11,12.0285864
17:53:12,12.0053644
17:53:13,12.0469074
17:53:14,12.1027575
17:53:15,12.0933981
17:53:16,12.0612755
17:53:17,12.0471106
17:53:18,12.04089
17:53:19,12.1227827
17:53:20,11.8772831
17:53:21,12.1419544
17:53:22,12.04423
17:53:23,12.18494
17:53:24,11.7575245
17:53:25,11.9934654
17:53:26,12.0290527
17:53:27,11.897233
17:53:29,11.9649916
17:53:30,12.0004892
17:53:31,11.9001274
17:53:32,11.8906212
17:53:33,11.9177895
17:53:34,11.9076738
17:53:35,12.331172
17:53:36,12.1529
17:53:37,12.2090816
17:53:38,12.0002012
17:53:39,11.89792
17:53:40,11.9912968
17:53:41,11.9468765
17:53:42,12.2077675
17:53:43,12.1100912
17:53:44,11.9647465
17:53:45,12.0776529
17:53:46,11.9831
17:53:47,12.0525179
17:53:48,12.0007687
17:53:49,12.039073
17:53:50,11.9524517
17:53:51,12.1762943
17:53:52,11.8859978
17:53:53,12.0183315
17:53:54,11.925705
17:53:55,11.8941412
17:53:56,11.8540182
17:53:57,12.0797672
17:53:58,12.3004656
17:53:59,12.2109537
17:54:00,12.20545
17:54:01,12.2347593
17:54:02,11.8751974
17:54:03,12.0026913
17:54:05,12.0680285
17:54:06,12.1572027
17:54:08,11.8416967
17:54:09,12.169055
17:54:10,11.87408
17:54:11,12.2225142
17:54:12,12.0439091
17:54:13,12.15193
17:54:15,11.7949266
17:54:16,12.1214237
17:54:18,11.99211
17:54:19,12.1601534
17:54:20,12.0764484
17:54:22,11.9962521
17:54:24,11.9597836
17:54:26,12.1571732
17:54:27,12.2715015
17:54:28,11.7696791
17:54:29,12.0347919
17:54:30,11.7537565
17:54:31,12.5907745
17:54:32,11.6075344
17:54:33,12.3318443
17:54:34,11.8774681
17:54:35,12.1600084
17:54:36,12.0739756
17:54:37,12.0742884
17:54:38,12.0770721
17:54:39,11.9146614
17:54:40,12.2432175
17:54:41,12.3667564
17:54:42,12.1158457
17:54:43,12.2190514
17:54:44,11.8467541
17:54:45,12.038661
17:54:46,11.8525143
17:54:47,11.7730045
17:54:48,11.9785833
17:54:49,11.8034363
17:54:50,12.1008425
17:54:51,11.98596
17:54:52,12.2118769
17:54:53,12.0126152
17:54:54,12.1031761
17:54:55,12.0029116
17:54:56,12.17692
17:54:57,12.2564745
17:54:58,11.9000816
17:54:59,11.7916842
17:55:00,12.1470156
17:55:01,11.8106318
17:55:02,12.1556683
17:55:03,11.8572111
17:55:04,12.102334
17:55:05,12.0672321
17:55:06,12.2591476
17:55:07,12.0674963
17:55:08,11.924551
17:55:09,12.142601
17:55:10,12.1683044
17:55:11,12.1598206
17:55:12,12.1034336
17:55:13,11.9227962
17:55:14,12.02998
17:55:15,11.7062645
17:55:16,12.0678253
17:55:17,12.0129967
17:55:18,12.287035
17:55:19,11.9134741
17:55:20,12.14162
17:55:21,11.9881
17:55:22,12.1693487
17:55:23,11.9832335
17:55:24,11.929883
17:55:25,12.0454216
17:55:26,12.1448383
17:55:27,11.9678383
17:55:28,12.1674519
17:55:29,11.9968328
17:55:30,11.9638128
17:55:31,12.1248837
17:55:32,12.0718622
17:55:33,11.9980936
17:55:34,11.9165058
17:55:35,12.0508585
17:55:36,11.8539114
17:55:37,11.9413033
17:55:38,11.9228029
17:55:39,12.0033035
17:55:40,11.88412
17:55:41,12.21849
17:55:42,12.1499367
17:55:43,12.0583363
17:55:44,11.9559326
17:55:45,12.1280022
17:55:46,12.3322887
17:55:47,11.9748659
17:55:48,12.2090979
17:55:49,11.6949415
17:55:50,12.1060877
17:55:51,11.9756021
17:55:52,12.0611563
17:55:53,11.9764013
17:55:54,12.02075
17:55:55,12.20451
17:55:56,12.0114994
17:55:57,12.0731039
17:55:58,12.0181513
17:55:59,12.0001049
17:56:00,12.19352
17:56:01,11.8762236
17:56:02,11.740283
17:56:03,11.8536682
17:56:04,11.9581947
17:56:05,11.9749594
17:56:06,12.25167
17:56:07,12.1760569
17:56:08,12.0035324
17:56:09,12.1693459
17:56:10,12.0592546
17:56:11,11.9577751
17:56:12,11.9200287
17:56:13,12.090066
17:56:14,12.0214052
17:56:15,12.203269
17:56:16,11.9512587
17:56:17,12.1428576
17:56:18,11.9673777
17:56:19,12.0806742
17:56:20,12.0410833
17:56:21,12.0839109
17:56:22,12.29345
17:56:23,12.0399818
17:56:24,12.0377064
17:56:25,11.9937162
17:56:26,11.9041824
17:56:27,12.2767124
17:56:28,12.1197062
17:56:29,12.1649246
17:56:30,12.1446333
17:56:31,11.6923676
17:56:32,12.2463207
17:56:33,12.05721
17:56:34,11.8578672
17:56:35,12.100317
17:56:36,12.0306606
17:56:37,12.1938162
17:56:38,12.0348663
17:56:39,12.0556488
17:56:40,11.99506
17:56:41,12.0826359
17:56:42,12.0850563
17:56:43,12.0662022
17:56:44,11.8702259
17:56:45,12.1122169
17:56:46,12.0741453
17:56:47,12.1231785
17:56:48,11.1703691
17:56:49,12.1188
17:56:50,11.9640732
17:56:51,11.9095516
17:56:52,12.0601215
17:56:53,12.156168
17:56:54,12.0985432
17:56:55,11.925703
17:56:56,11.8931093
17:56:57,11.7710142
17:56:58,11.73155
17:56:59,12.8662815
17:57:00,12.2399158
17:57:01,11.8458462
17:57:02,11.9261217
17:57:03,11.9906549
17:57:04,11.85865
17:57:05,12.0219622
17:57:06,12.0794535
17:57:07,11.8199244
17:57:08,11.994854
17:57:09,12.1358862
17:57:10,12.0705185
17:57:11,12.24335
17:57:12,12.1005411
17:57:13,11.9498367
17:57:14,12.14935
17:57:15,11.883585
17:57:16,12.0846148
17:57:17,12.0856285
17:57:18,11.8930092
17:57:19,12.1644363
17:57:20,12.1371775
17:57:21,11.90898
17:57:22,12.5043554
17:57:23,12.1092873
17:57:24,11.965044
17:57:25,11.55975
17:57:26,11.7384462
17:57:27,11.7965622
17:57:28,12.1683111
17:57:29,12.0077915
17:57:30,12.0146589
17:57:31,12.0415707
17:57:32,12.246871
17:57:33,11.9456015
17:57:34,12.1585751
17:57:35,12.1078558
17:57:36,11.821599
17:57:37,12.2157335
17:57:38,11.9425859
17:57:39,11.7842293
17:57:40,12.2846966
17:57:41,11.8213091
17:57:42,11.990365
17:57:43,12.0303888
17:57:44,12.1773748
17:57:45,11.8884468
17:57:46,12.1612
17:57:47,12.1184483
17:57:48,12.2419462
17:57:49,12.2195883
17:57:50,12.22071
17:57:51,11.9966135
17:57:52,11.8821249
17:57:53,12.0777988
17:57:54,11.8417625
17:57:55,12.1530523
17:57:56,11.9036636
17:57:57,12.0786037
17:57:58,12.0124807
17:57:59,12.0363712
17:58:00,12.2556934
17:58:01,12.3627768
17:58:02,12.1820974
17:58:03,11.6909361
17:58:04,12.1473207
17:58:05,12.0656376
17:58:06,12.0354118
17:58:07,12.1485691
17:58:08,12.1056623
17:58:09,11.7609215
17:58:10,12.0038319
17:58:11,12.1242914
17:58:12,12.002224
17:58:13,12.00822
17:58:14,11.91993
17:58:15,11.98013
17:58:16,12.18754
17:58:17,12.1439466
17:58:18,11.8512945
17:58:19,12.1405735
17:58:20,12.055727
17:58:21,11.8065138
17:58:22,12.1385851
17:58:23,11.9279442
17:58:24,11.9679136
17:58:25,12.04564
17:58:26,12.1285734
17:58:27,11.8780413
17:58:28,11.94151
17:58:29,12.0891466
17:58:30,12.0007877
17:58:31,11.8278418
17:58:32,11.96742
17:58:33,11.9111366
17:58:34,11.7782307
17:58:35,12.1334686
17:58:36,12.29911
17:58:37,11.9641953
17:58:38,12.01741
17:58:39,12.1229134
17:58:40,12.0203953
17:58:41,11.9901457
17:58:42,12.2024374
17:58:43,12.0651884
17:58:44,12.0162392
17:58:45,11.8480883
17:58:46,11.9447613
17:58:47,11.91774
17:58:48,11.9797058
17:58:49,12.02515
17:58:50,12.0638237
17:58:51,12.0147982
17:58:52,12.2434235
17:58:53,11.9756823
17:58:54,11.6158791
17:58:55,11.7045221
17:58:56,12.0916176
17:58:57,11.9423456
17:58:58,11.926054
17:58:59,12.1671743
17:59:00,12.0369816
17:59:01,11.8022957
17:59:02,12.138361
17:59:03,11.9986916
17:59:04,12.0137854
17:59:05,11.7296581
17:59:06,11.9887056
17:59:07,11.8882732
17:59:08,11.1775827
17:59:09,12.0599813
17:59:10,11.8129921
17:59:11,12.2116423
17:59:12,12.0185547
17:59:13,11.91459
17:59:14,11.9229555
17:59:15,12.247304
17:59:16,11.8222256
17:59:17,12.2629089
17:59:18,12.2975111
17:59:19,12.3955984
17:59:20,12.1509008
17:59:21,12.0423431
17:59:22,11.8746223
17:59:23,11.9268007
17:59:24,12.0081606
17:59:25,12.0533
17:59:26,12.0319347
17:59:27,12.1957712
17:59:28,11.97534
17:59:29,11.9928131
17:59:30,12.06929
17:59:31,11.9023762
17:59:32,12.0913582
17:59:33,12.2030849
17:59:34,11.96079
17:59:35,11.9569464
17:59:36,11.9034777
17:59:37,12.16018
17:59:38,11.8611956
17:59:39,11.9660034
17:59:40,12.0447464
17:59:41,11.8725157
17:59:42,12.1111231
17:59:43,11.8950319
17:59:44,11.8185568
17:59:45,12.0502539
17:59:46,12.0977764
17:59:47,11.8746138
17:59:48,12.0576534
17:59:49,11.9038057
17:59:50,11.949
17:59:51,12.0775461
17:59:52,11.9556665
17:59:53,11.90071
17:59:54,12.3052807
17:59:55,12.135972
17:59:56,11.8920708
17:59:57,11.8720989
17:59:58,11.9890776
17:59:59,11.9519949
18:00:00,11.9654036
18:00:01,12.0372725
18:00:02,12.2863426
18:00:03,12.0222826
18:00:04,11.7267828
18:00:05,12.2771912
18:00:06,12.0933056
18:00:07,11.9814129
18:00:08,11.9271545
18:00:09,12.1579323
18:00:10,11.9342613
18:00:11,11.8806839
18:00:12,11.9447145
18:00:13,12.0121889
18:00:14,11.9324512
18:00:15,11.9266644
18:00:16,12.038414
18:00:17,12.0919466
18:00:18,11.9938068
18:00:19,12.0971537
18:00:20,12.329175
18:00:21,12.0028906
18:00:22,12.3155947
18:00:23,11.998167
18:00:24,12.1001225
18:00:25,12.0078754
18:00:26,11.8779259
18:00:27,11.9792366
18:00:28,12.0827446
18:00:29,11.7934694
18:00:30,12.2057772
18:00:31,11.7256575
18:00:32,11.9688272
18:00:33,11.8947983
18:00:34,11.9139509
18:00:35,12.2318478
18:00:36,12.0489626
18:00:37,11.9932365
18:00:38,11.9497881
18:00:39,11.9647608
18:00:40,11.8774681
18:00:41,12.1741867
18:00:42,12.0137081
18:00:43,12.0593767
18:00:44,11.8257475
18:00:45,12.177083
18:00:46,12.29681
18:00:47,12.292285
18:00:48,12.07857
18:00:49,11.872674
18:00:50,12.0424585
18:00:51,11.9470406
18:00:52,12.07681
18:00:53,11.9707451
18:00:54,12.05076
18:00:55,12.3207655
18:00:56,12.1168337
18:00:57,12.1973438
18:00:58,12.0985126
18:00:59,11.7777348
18:01:00,12.1367359
18:01:01,11.8124285
18:01:02,12.1418552
18:01:03,11.8166008
18:01:04,11.8488512
18:01:05,12.0996275
18:01:06,11.9041224
18:01:07,12.1046524
18:01:08,12.1589775
18:01:09,11.8395
18:01:10,11.8805561
18:01:11,12.0076895
18:01:12,11.8462734
18:01:13,11.9765272
18:01:14,11.8102894
18:01:15,12.1587315
18:01:16,11.9353313
18:01:17,11.97531
18:01:18,12.145771
18:01:19,12.01507
18:01:20,11.8815746
18:01:21,11.9490156
18:01:22,11.8112326
18:01:23,11.8159418
18:01:24,12.0932779
18:01:25,12.19045
18:01:26,11.4437132
18:01:27,12.007926
18:01:29,12.1614189
18:01:30,12.1607656
18:01:31,12.0416
18:01:32,12.0444746
18:01:33,12.0226278
18:01:34,12.01411
18:01:35,11.982482
18:01:36,11.59021
18:01:37,12.4419174
18:01:38,11.9903078
18:01:39,12.0086374
18:01:40,12.12357
18:01:41,12.1923609
18:01:42,12.1699238
18:01:43,12.069706
18:01:44,11.9718981
18:01:45,11.8931866
18:01:46,11.9854584
18:01:47,12.0515347
18:01:48,11.8807049
18:01:49,11.864356
18:01:50,12.2192669
18:01:51,11.9284382
18:01:52,11.7725754
18:01:53,12.1607533
18:01:54,11.9753714
18:01:55,11.8726959
18:01:56,11.8542557
18:01:57,12.1233807
18:01:58,12.0717363
18:01:59,11.9981012
18:02:00,12.0426922
18:02:01,12.1684942
18:02:02,11.99565
18:02:03,11.9427929
18:02:04,11.9293489
18:02:05,12.0542135
18:02:06,12.02449
18:02:07,12.2074022
18:02:08,11.8804531
18:02:09,11.5751276
18:02:10,12.5576057
18:02:11,12.1395559
18:02:12,12.03159
18:02:13,12.0927334
18:02:14,12.1346493
18:02:15,12.0131855
18:02:16,12.05532
18:02:17,12.0961361
18:02:18,12.3997917
18:02:19,11.9761171
18:02:20,12.195961
18:02:21,11.9161367
18:02:22,11.9991808
18:02:23,12.0367174
18:02:24,11.9457207
18:02:25,12.1338434
18:02:26,12.2437439
18:02:27,12.0104637
18:02:29,11.9733143
18:02:30,12.1111116
18:02:31,12.0632
18:02:32,11.8802023
18:02:33,12.1119852
18:02:34,12.0317211
18:02:35,12.0991745
18:02:36,11.95145
18:02:37,11.9588995
18:02:38,12.1008968
18:02:39,12.0458183
18:02:40,12.2449074
18:02:41,12.2098379
18:02:42,11.9059916
18:02:43,12.0032816
18:02:44,11.9265785
18:02:45,12.0637512
18:02:46,12.0178881
18:02:47,11.896266
18:02:48,11.9538431
18:02:49,11.9121609
18:02:50,12.3130255
18:02:51,11.973587
18:02:52,12.0433054
18:02:53,12.097477
18:02:54,12.1394911
18:02:55,12.0647907
18:02:56,12.0213451
18:02:57,11.9179859
18:02:58,11.8239622
18:02:59,12.0651665
18:03:00,12.0666876
18:03:01,12.030489
18:03:02,12.1872139
18:03:03,12.0370121
18:03:04,12.09561
18:03:05,11.8181534
18:03:06,11.938488
18:03:07,11.8453445
18:03:08,11.9827833
18:03:09,11.9922314
18:03:10,11.9339838
18:03:11,12.1763887
18:03:12,11.9362679
18:03:13,12.1678953
18:03:14,11.6731281
18:03:16,12.2839375
18:03:17,11.981636
18:03:18,12.12407
18:03:19,12.0049248
18:03:21,12.1199713
18:03:22,11.9024191
18:03:23,12.0016613
18:03:24,12.31174
18:03:25,12.0780191
18:03:26,12.1234989
18:03:27,12.1077881
18:03:28,12.2195826
18:03:29,11.7755442
18:03:30,11.8216305
18:03:32,12.0224056
18:03:33,11.9315071
18:03:35,11.8819189
18:03:36,11.8238373
18:03:38,12.09187
18:03:39,11.9703579
18:03:40,12.1240444
18:03:41,12.0307779
18:03:42,11.91561
18:03:43,11.9289494
18:03:44,11.8780489
18:03:45,11.8207531
18:03:47,12.1013451
18:03:49,11.8234434
18:03:50,11.981122
18:03:51,11.9541931
18:03:52,12.04476
18:03:53,11.9823608
18:03:54,12.2762489
18:03:55,12.0137606
18:03:56,12.1771822
18:03:57,11.521781
18:03:58,11.9177589
18:03:59,12.0288572
18:04:00,12.1225805
18:04:01,12.3248615
18:04:02,12.2531137
18:04:03,12.20515
18:04:04,12.2558737
18:04:05,11.9952774
18:04:06,11.892417
18:04:07,11.792922
18:04:08,12.2047272
18:04:09,12.2341728
18:04:10,12.3240166
18:04:11,11.8260641
18:04:12,11.9175739
18:04:13,12.0288935
18:04:14,11.9898787
18:04:15,12.0488615
18:04:16,10.404048
18:04:17,11.6646748
18:04:18,14.2240858
18:04:19,12.5736189
18:04:20,12.028017
18:04:21,11.9717064
18:04:22,12.2144022
18:04:23,11.6664143
18:04:24,11.8865433
18:04:25,12.0157671
18:04:26,11.8911114
18:04:27,11.9957485
18:04:28,12.1636381
18:04:29,12.26832
18:04:30,11.7207928
18:04:31,11.8734322
18:04:32,12.0529623
18:04:33,11.6248274
18:04:34,11.6379623
18:04:35,11.9508734
18:04:36,12.0574837
18:04:37,12.1020546
18:04:38,12.2818546
18:04:39,11.8721581
18:04:40,12.3061476
18:04:41,12.2304144
18:04:42,11.9616146
18:04:43,12.0047626
18:04:44,12.2960663
18:04:45,12.0200253
18:04:46,11.9356232
18:04:47,11.75771
18:04:48,12.1614485
18:04:49,11.8766794
18:04:50,12.3299465
18:04:51,11.5823631
18:04:52,12.3905325
18:04:53,12.004571
18:04:54,11.8467484
18:04:55,11.9306068
18:04:56,12.0521641
18:04:57,11.9567633
18:04:58,12.013834
18:04:59,12.1370792
18:05:00,11.8987226
18:05:01,12.19499
18:05:02,11.9188328
18:05:03,12.0776424
18:05:04,12.1754789
18:05:05,12.0377522
18:05:06,12.0275421
18:05:07,11.9293823
18:05:08,12.0161476
18:05:09,11.9387255
18:05:10,12.1971407
18:05:11,12.1031218
18:05:12,11.8456554
18:05:13,11.9992628
18:05:14,12.0144329
18:05:15,11.8586349
18:05:16,12.0855608
18:05:17,12.1071148
18:05:18,11.5829144
18:05:19,12.0711756
18:05:20,11.9581985
18:05:21,12.1498165
18:05:22,11.9818954
18:05:23,11.9273949
18:05:24,12.1603
18:05:25,12.198226
18:05:26,12.20749
18:05:27,11.9725952
18:05:28,12.2638378
18:05:29,11.9140215
18:05:30,11.9938946
18:05:31,11.9489365
18:05:32,12.0865593
18:05:33,12.0626
18:05:34,11.9882021
18:05:35,12.224968
18:05:36,11.8971844
18:05:37,11.920414
18:05:38,11.8655319
18:05:39,12.0712051
18:05:40,12.1248646
18:05:41,12.0530519
18:05:42,12.2216635
18:05:43,12.0641289
18:05:44,11.89505
18:05:45,12.2970972
18:05:46,12.0922585
18:05:47,11.8606472
18:05:48,11.8650713
18:05:49,11.9557123
18:05:50,12.2387667
18:05:51,11.8833408
18:05:52,11.7701254
18:05:53,12.10959
18:05:54,11.9661636
18:05:55,12.3379107
18:05:56,11.9549828
18:05:57,12.414
18:05:58,11.7985945
18:05:59,12.1280756
18:06:00,12.2687988
18:06:01,11.9404106
18:06:02,12.1925373
18:06:03,12.0979729
18:06:04,12.3734484
18:06:05,11.9509583
18:06:06,12.0883036
18:06:07,12.0775385
18:06:08,11.9700222
18:06:09,11.9279852
18:06:10,12.1383848
18:06:11,11.9419889
18:06:12,11.9225378
18:06:13,11.92335
18:06:14,12.1116772
18:06:15,12.3320417
18:06:16,12.0563068
18:06:17,11.9673719
18:06:18,12.1949329
18:06:19,11.7783136
18:06:20,11.9629765
18:06:21,11.8175468
18:06:22,12.0627594
18:06:23,12.0661049
18:06:24,12.1147518
18:06:25,11.8442917
18:06:26,11.3252583
18:06:27,11.9095592
18:06:28,12.2598314
18:06:29,11.9071627
18:06:30,12.33392
18:06:31,12.05521
18:06:32,12.1350832
18:06:33,11.8600225
18:06:34,12.3457222
18:06:35,11.6704912
18:06:36,12.3841772
18:06:37,11.9422407
18:06:38,11.7861528
18:06:39,11.7681026
18:06:40,12.3016834
18:06:41,12.1813231
18:06:42,11.8592243
18:06:43,11.97869
18:06:44,11.9354258
18:06:45,12.146884
18:06:46,11.9196882
18:06:47,11.818119
18:06:48,12.0740976
18:06:49,12.163168
18:06:50,11.8893957
18:06:51,12.223938
18:06:52,12.1502171
18:06:53,11.9434328
18:06:54,11.90263
18:06:55,11.9572563
18:06:56,12.2493782
18:06:57,12.1605663
18:06:58,11.8710012
18:06:59,11.91428
18:07:00,11.8664417
18:07:01,12.1728373
18:07:02,11.8540945
18:07:03,12.1336393
18:07:04,12.0199976
18:07:05,12.3170929
18:07:06,12.0648384
18:07:07,11.751358
18:07:08,12.1377325
18:07:09,12.0942011
18:07:10,11.842823
18:07:11,11.9913673
18:07:12,11.9137049
18:07:13,12.0560837
18:07:14,12.0203667
18:07:15,11.8589144
18:07:16,12.3134317
18:07:17,12.1133633
18:07:18,12.1700048
18:07:19,12.2235336
18:07:20,12.01568
18:07:21,11.944376
18:07:22,11.9143734
18:07:23,12.0416622
18:07:24,12.0140743
18:07:25,12.1386566
18:07:26,12.0390682
18:07:27,11.9775229
18:07:28,12.0219717
18:07:29,12.20016
18:07:30,12.2138405
18:07:31,12.077774
18:07:32,11.9246531
18:07:33,12.1320257
18:07:34,12.0297308
18:07:35,11.7730417
18:07:36,12.0684719
18:07:37,11.9773369
18:07:38,12.2976274
18:07:39,11.8739147
18:07:40,11.9765577
18:07:41,12.028019
18:07:42,12.2895927
18:07:43,12.1525431
18:07:44,12.1316309
18:07:45,11.9356623
18:07:46,12.3170385
18:07:47,11.765296
18:07:48,12.0634146
18:07:49,12.0122108
18:07:50,11.951685
18:07:51,11.8330536
18:07:52,12.2722282
18:07:53,12.0730705
18:07:54,12.081151
18:07:55,12.17704
18:07:56,12.1487207
18:07:57,11.6841478
18:07:58,12.2659721
18:07:59,12.0090494
18:08:00,11.7539358
18:08:01,11.6146431
18:08:02,12.1138039
18:08:03,12.0906353
18:08:04,12.3451824
18:08:05,12.0029573
18:08:06,12.18786
18:08:07,11.9464369
18:08:08,12.1251364
18:08:09,11.8273268
18:08:10,12.3013535
18:08:11,12.1200981
18:08:12,11.9626141
18:08:13,12.1066217
18:08:14,12.0412884
18:08:15,12.2683887
18:08:16,11.7544413
18:08:17,12.0043478
18:08:18,12.1270437
18:08:19,11.9838362
18:08:20,11.9090433
18:08:21,12.1762762
18:08:22,12.0977144
18:08:23,12.0565758
18:08:24,11.8243437
18:08:25,12.1582689
18:08:26,11.6845751
18:08:27,11.939291
18:08:29,12.0694828
18:08:30,12.25365
18:08:31,12.161108
18:08:32,11.6949606
18:08:33,12.1179819
18:08:34,11.8822422
18:08:35,11.89424
18:08:36,11.9640379
18:08:37,12.2499075
18:08:38,11.9504728
18:08:39,11.9325523
18:08:40,11.7792778
18:08:41,12.2807665
18:08:42,11.9208927
18:08:43,11.8517923
18:08:44,12.2016792
18:08:45,12.2509317
18:08:46,12.0204525
18:08:47,12.1027842
18:08:48,11.8766479
18:08:49,12.0771093
18:08:50,12.1306028
18:08:51,12.152729
18:08:52,12.2714968
18:08:53,12.02278
18:08:54,12.035615
18:08:55,11.8793621
18:08:56,11.7185106
18:08:57,11.9728012
18:08:58,11.8372774
18:08:59,12.0943775
18:09:00,11.9514112
18:09:01,11.9573832
18:09:02,11.9495411
18:09:03,11.9170933
18:09:04,12.080286
18:09:05,11.9121494
18:09:06,11.7827253
18:09:07,12.1159086
18:09:08,12.2586317
18:09:09,11.6564417
18:09:10,12.09454
18:09:11,12.2325172
18:09:12,12.2209282
18:09:13,12.0750065
18:09:14,12.1500626
18:09:15,11.93876
18:09:16,12.2554674
18:09:17,11.9168959
18:09:18,12.0702734
18:09:19,12.0420179
18:09:20,12.2453012
18:09:21,11.8930092
18:09:22,11.9456253
18:09:23,11.9386244
18:09:24,12.1582451
18:09:25,11.8394127
18:09:26,11.7014236
18:09:27,12.1119967
18:09:28,12.0520706
18:09:30,12.2097321
18:09:31,12.4557734
18:09:32,12.3078327
18:09:33,11.8694363
18:09:34,12.0001192
18:09:35,12.2523365
18:09:36,12.1319571
18:09:37,11.9790392
18:09:38,12.1728029
18:09:39,12.1388769
18:09:40,12.1978226
18:09:41,11.7084208
18:09:42,12.296463
18:09:43,11.8686714
18:09:44,11.9329319
18:09:45,11.7590656
18:09:46,12.1411133
18:09:47,12.2228737
18:09:48,11.9340878
18:09:49,12.0312042
18:09:50,11.9327526
18:09:51,11.7007637
18:09:52,12.0873451
18:09:53,12.2299232
18:09:54,11.8728657
18:09:55,11.9213657
18:09:56,12.12585
18:09:57,12.0722446
18:09:58,12.0811939
18:09:59,11.7041349
18:10:00,12.3164635
18:10:01,11.8890915
18:10:02,12.0303469
18:10:03,12.19526
18:10:04,11.74612
18:10:05,12.1122532
18:10:06,11.995347
18:10:07,12.1705685
18:10:08,11.9384642
18:10:09,12.0571175
18:10:10,12.0838518
18:10:11,12.23897
18:10:12,11.639039
18:10:13,11.8479881
18:10:14,12.0704317
18:10:15,11.8027945
18:10:16,11.848937
18:10:17,12.36579
18:10:18,12.1930628
18:10:19,12.1628714
18:10:20,11.92424
18:10:21,12.013916
18:10:22,12.0430317
18:10:23,12.0071888
18:10:24,11.8857174
18:10:25,12.0662022
18:10:26,11.8528385
18:10:27,12.0416422
18:10:28,12.1431322
18:10:30,11.84653
18:10:31,11.9321508
18:10:32,11.6801767
18:10:33,12.0366716
18:10:35,11.8620625
18:10:36,12.0314369
18:10:37,12.0093784
18:10:39,11.9885187
18:10:40,12.0501041
18:10:41,12.022522
18:10:42,11.9005671
18:10:43,11.9145288
18:10:44,12.3570509
18:10:46,12.0001011
18:10:47,12.4036283
18:10:49,11.9639578
18:10:50,11.9673977
18:10:51,11.8994884
18:10:52,11.8710947
18:10:53,12.107007
18:10:54,12.2171354
18:10:55,12.0216522
18:10:56,11.9386091
18:10:57,12.1179132
18:10:58,12.1788912
18:10:59,11.9909706
18:11:00,11.8507814
18:11:01,12.3506632
18:11:02,11.6774054
18:11:03,12.154314
18:11:04,11.9258718
18:11:05,11.8431482
18:11:06,12.2799149
18:11:07,12.3652782
18:11:08,11.932291
18:11:09,12.0166636
18:11:10,11.9088926
18:11:11,12.0818186
18:11:12,11.9156809
18:11:13,12.7374563
18:11:14,11.8954144
18:11:15,11.8531055
18:11:16,11.9505129
18:11:17,12.1793394
18:11:18,12.097456
18:11:19,12.0269995
18:11:20,12.1159239
18:11:21,12.1463223
18:11:22,12.1315155
18:11:23,11.877677
18:11:24,11.9638071
18:11:25,12.2840881
18:11:26,12.2796173
18:11:27,11.8979006
18:11:28,12.07549
18:11:29,12.2986193
18:11:30,12.0957918
18:11:31,12.0614271
18:11:32,11.9208231
18:11:33,11.98037
18:11:34,12.1297522
18:11:35,12.0975056
18:11:36,12.0615282
18:11:37,12.4123592
18:11:38,11.9308872
18:11:39,11.8386869
18:11:40,12.1389914
18:11:41,12.1467361
18:11:42,12.3010893
18:11:43,11.8973713
18:11:44,12.0004826
18:11:45,11.82106
18:11:46,12.1248293
18:11:47,12.3130188
18:11:48,12.0955429
18:11:49,12.0822926
18:11:50,12.0025492
18:11:51,11.8767662
18:11:52,11.9412689
18:11:53,12.0131855
18:11:54,12.1619806
18:11:55,11.92208
18:11:56,11.983798
18:11:57,12.074441
18:11:58,11.9661608
18:11:59,11.9857559
18:12:00,12.0082083
18:12:01,12.0414162
18:12:02,12.2139711
18:12:03,12.0031185
18:12:04,11.8390417
18:12:05,12.0640173
18:12:06,11.9442129
18:12:07,11.8255844
18:12:08,11.7832518
18:12:09,11.7608109
18:12:10,11.91656
18:12:11,12.4284887
18:12:12,12.0320787
18:12:13,11.9503441
18:12:14,12.1871767
18:12:15,12.2629471
18:12:16,11.8530369
18:12:17,12.31111
18:12:18,11.9873943
18:12:19,12.3579168
18:12:20,11.9236546
18:12:21,11.9745712
18:12:22,11.8095226
18:12:23,12.1199217
18:12:24,11.9869423
18:12:25,12.1007824
18:12:26,11.7917728
18:12:27,12.1188412
18:12:28,11.8873072
18:12:29,11.9796638
18:12:30,12.0007172
18:12:31,12.2777348
18:12:32,11.9722958
18:12:33,12.2424631
18:12:34,11.9715872
18:12:35,12.0689163
18:12:36,11.7935619
18:12:37,12.05023
18:12:38,11.9566422
18:12:39,12.0251141
18:12:40,11.9645958
18:12:41,12.0442705
18:12:42,11.95123
18:12:43,11.7633333
18:12:44,12.0883579
18:12:45,12.0009661
18:12:46,11.7974539
18:12:47,11.8950787
18:12:48,11.9753675
18:12:49,12.1501007
18:12:50,12.2974663
18:12:51,12.0255861
18:12:52,12.1133213
18:12:53,11.8390331
18:12:54,12.165019
18:12:55,11.9571342
18:12:56,12.0062962
18:12:57,11.8398113
18:12:58,11.9719095
18:12:59,12.0635633
18:13:00,12.0797453
18:13:01,12.1093683
18:13:02,12.2169437
18:13:03,11.86945
18:13:04,11.8170042
18:13:05,12.0547123
18:13:06,11.8699646
18:13:07,12.0109453
18:13:08,11.969574
18:13:09,12.3646011
18:13:10,12.0168848
18:13:11,12.0963821
18:13:12,12.20642
18:13:13,12.17016
18:13:14,12.0413666
18:13:15,11.9437265
18:13:16,11.9487333
18:13:17,11.96528
18:13:18,11.9660463
18:13:19,11.68756
18:13:20,12.1177263
18:13:21,12.0138712
18:13:22,11.9606991
18:13:23,12.4227743
18:13:24,11.822072
18:13:25,12.2028627
18:13:26,11.966568
18:13:27,12.10084
18:13:28,11.7829323
18:13:29,11.7177334
18:13:30,13.153347
18:13:31,12.0430527
18:13:32,12.0839539
18:13:33,12.0490818
18:13:34,12.1975384
18:13:35,12.2410269
18:13:36,12.1121712
18:13:37,12.02462
18:13:38,12.0271139
18:13:39,12.0797415
18:13:40,11.9928741
18:13:41,12.0474672
18:13:42,12.1032457
18:13:43,12.0633154
18:13:44,11.9685812
18:13:45,12.1252813
18:13:46,11.943511
18:13:47,12.047657
18:13:48,12.0192013
18:13:49,11.8836374
18:13:50,11.9814644
18:13:51,12.4134178
18:13:52,11.913909
18:13:53,12.02003
18:13:54,11.829648
18:13:55,12.04978
18:13:56,11.9071465
18:13:57,11.9691391
18:13:58,12.1469927
18:13:59,12.06574
18:14:00,11.7467966
18:14:01,12.2565
18:14:02,11.6583071
18:14:03,12.3301344
18:14:04,11.9883595
18:14:05,12.2718887
18:14:06,11.934041
18:14:07,12.0855751
18:14:08,12.3577557
18:14:09,12.0450573
18:14:10,12.1094475
18:14:11,12.0943365
18:14:12,12.1014071
18:14:13,12.0621481
18:14:14,12.22535
18:14:15,11.9934587
18:14:16,11.9355516
18:14:17,11.8482428
18:14:18,12.1147738
18:14:19,11.9972439
18:14:20,12.1374807
18:14:21,11.7566156
18:14:22,12.0973253
18:14:23,12.1091366
18:14:24,11.9318361
18:14:25,12.0854216
18:14:26,12.0657873
18:14:27,12.2245226
18:14:28,11.902915
18:14:29,12.0976706
18:14:30,11.8585186
18:14:31,12.0347147
18:14:32,12.0501814
18:14:33,11.8619423
18:14:34,12.2504282
18:14:35,12.0293884
18:14:36,12.2575474
18:14:37,12.1389227
18:14:38,12.0487337
18:14:39,11.9947309
18:14:40,12.1853247
18:14:41,12.0728855
18:14:42,12.1473989
18:14:43,11.9374962
18:14:44,11.94833
18:14:45,11.9109411
18:14:46,12.0585432
18:14:47,11.9069586
18:14:48,12.0433311
18:14:49,11.8723125
18:14:50,12.1717691
18:14:51,11.8471746
18:14:52,12.0858145
18:14:53,11.991518
18:14:54,12.1205378
18:14:55,11.8896494
18:14:56,11.8860512
18:14:57,12.0340338
18:14:58,11.9647846
18:14:59,11.96639
18:15:00,12.2645407
18:15:01,12.2343893
18:15:02,11.890233
18:15:03,11.9731627
18:15:04,11.868845
18:15:05,11.9625711
18:15:06,12.1061144
18:15:07,11.8662968
18:15:08,12.481391
18:15:09,12.2294607
18:15:10,11.668519
18:15:11,12.1519909
18:15:12,12.079998
18:15:13,12.0523119
18:15:14,12.0196238
18:15:15,12.00212
18:15:16,12.1403294
18:15:17,11.8117533
18:15:18,12.2506742
18:15:19,12.32921
18:15:20,11.9391928
18:15:21,12.0762711
18:15:22,12.1034279
18:15:23,12.135004
18:15:24,11.6885662
18:15:25,11.9892025
18:15:26,12.1217289
18:15:27,11.9238739
18:15:28,11.762311
18:15:30,12.226594
18:15:31,12.12327
18:15:32,12.0060139
18:15:33,12.06184
18:15:34,12.030304
18:15:35,12.0846157
18:15:36,12.2964725
18:15:37,11.6696463
18:15:38,12.1956091
18:15:39,12.315671
18:15:40,12.09694
18:15:41,11.9642582
18:15:42,12.0033932
18:15:43,12.2165051
18:15:44,12.1640759
18:15:45,11.8613482
18:15:46,12.0255871
18:15:47,12.3515987
18:15:48,12.2565079
18:15:49,11.9729691
18:15:50,11.8367386
18:15:51,12.3081865
18:15:52,11.911315
18:15:53,11.9480133
18:15:54,12.1971979
18:15:55,11.97813
18:15:56,12.0999823
18:15:57,11.9373627
18:15:58,11.8172369
18:15:59,12.0235605
18:16:00,12.2941837
18:16:01,11.7491837
18:16:02,11.9970274
18:16:03,12.0896225
18:16:04,11.8838387
18:16:05,11.9581079
18:16:06,11.84701
18:16:07,12.0991144
18:16:08,12.0811539
18:16:09,12.0050068
18:16:10,11.891963
18:16:11,12.2932243
18:16:12,11.9422
18:16:13,11.9474583
18:16:14,11.9856529
18:16:15,12.0400686
18:16:16,12.066083
18:16:17,11.7098484
18:16:18,12.0047913
18:16:19,11.9661322
18:16:20,12.3922
18:16:21,12.1568775
18:16:22,12.1572895
18:16:23,12.0864058
18:16:25,12.1426048
18:16:26,11.8714113
18:16:27,11.8752966
18:16:29,11.9302616
18:16:30,12.31018
18:16:31,11.9857416
18:16:33,11.938159
18:16:34,12.0610619
18:16:36,12.0025187
18:16:37,11.9432573
18:16:38,11.9607744
18:16:39,11.9732723
18:16:40,12.3264236
18:16:41,11.7268534
18:16:42,12.0929165
18:16:43,12.1335936
18:16:44,11.8193541
18:16:45,12.08466
18:16:46,12.0428333
18:16:47,11.98638
18:16:48,11.9852257
18:16:49,12.0242319
18:16:50,11.8666086
18:16:51,11.89685
18:16:52,12.2223511
18:16:53,11.8975878
18:16:54,12.1187038
18:16:55,12.0318661
18:16:56,12.0799437
18:16:57,11.8743534
18:16:58,12.1049948
18:16:59,12.0559149
18:17:01,11.808217
18:17:02,11.7170029
18:17:03,11.8453789
18:17:04,11.9904442
18:17:05,12.0490723
18:17:06,12.1281891
18:17:07,11.8481016
18:17:08,11.9435329
18:17:09,11.9468412
18:17:10,12.1034212
18:17:11,11.8895721
18:17:12,12.00622
18:17:13,11.8641644
18:17:14,12.364624
18:17:15,12.0177164
18:17:16,11.92569
18:17:17,12.1385508
18:17:18,11.9951353
18:17:19,12.1282349
18:17:20,12.2033472
18:17:21,11.8507614
18:17:22,11.925621
18:17:23,12.0927181
18:17:24,12.2757921
18:17:25,11.775876
18:17:26,12.1739159
18:17:27,11.8556471
18:17:28,12.0828495
18:17:29,12.1495991
18:17:30,12.0277185
18:17:31,12.1064444
18:17:32,11.8425417
18:17:33,11.9233665
18:17:34,11.9717627
18:17:35,11.9327755
18:17:36,12.0762806
18:17:37,12.1395464
18:17:38,12.1282578
18:17:39,11.9723005
18:17:40,12.1134434
18:17:41,12.1478634
18:17:42,12.2497616
18:17:43,12.0410595
18:17:44,12.0006027
18:17:45,12.1878443
18:17:46,12.12254
18:17:47,12.1732855
18:17:48,11.8064137
18:17:49,12.1941528
18:17:50,12.079915
18:17:51,11.6534605
18:17:52,12.1249962
18:17:53,11.9956
18:17:54,11.636713
18:17:55,11.5940342
18:17:56,12.386054
18:17:57,12.0320635
18:17:58,12.2856245
18:17:59,11.9640541
18:18:00,11.8308458
18:18:01,12.3035288
18:18:02,12.17343
18:18:03,11.92581
18:18:04,12.0799456
18:18:05,12.376914
18:18:06,11.99887
18:18:07,11.6849289
18:18:08,12.0484867
18:18:09,12.1722383
18:18:10,12.1485271
18:18:11,11.91068
18:18:12,12.0211086
18:18:13,12.0343037
18:18:14,11.9273872
18:18:15,12.1261139
18:18:16,11.9393969
18:18:17,11.8634424
18:18:18,11.890029
18:18:19,12.1314106
18:18:20,12.3185539
18:18:21,11.6111784
18:18:22,12.0694008
18:18:23,12.1902571
18:18:24,12.3073492
18:18:25,11.6735029
18:18:26,11.90421
18:18:27,11.829318
18:18:28,12.1100779
18:18:29,11.7483721
18:18:30,12.0293407
18:18:31,11.8312826
18:18:32,11.8564272
18:18:33,12.138648
18:18:34,12.1301165
18:18:35,12.1562634
18:18:36,12.0202494
18:18:37,11.81632
18:18:38,12.0555315
18:18:39,11.9867191
18:18:40,12.0137815
18:18:41,12.2174845
18:18:42,11.8733778
18:18:43,11.9283867
18:18:44,12.2360134
18:18:45,11.9270515
18:18:46,11.9137945
18:18:47,12.2253942
18:18:48,12.37358
18:18:49,12.0824289
18:18:50,12.0550346
18:18:51,11.7554913
18:18:52,12.2225924
18:18:53,12.1907921
18:18:54,11.913188
18:18:55,11.8320465
18:18:56,11.9325571
18:18:57,11.8910332
18:18:58,12.0712919
18:18:59,12.0493593
18:19:00,12.3079281
18:19:01,12.0154152
18:19:02,11.8806076
18:19:03,12.0124855
18:19:04,11.9371214
18:19:05,11.7560711
18:19:06,11.7347412
18:19:07,12.0824814
18:19:08,12.2661438
18:19:09,12.0977659
18:19:10,11.9902716
18:19:11,11.756135
18:19:12,11.8383017
18:19:13,12.111784
18:19:14,12.2467308
18:19:15,11.8397
18:19:16,11.9897728
18:19:17,11.954175
18:19:18,12.276495
18:19:19,12.1401615
18:19:20,11.9620457
18:19:21,12.1283712
18:19:22,12.0048571
18:19:23,11.8094482
18:19:24,11.9924669
18:19:25,12.1925793
18:19:26,12.0915337
18:19:27,12.06077
18:19:28,12.0610561
18:19:29,11.9845982
18:19:30,12.1216373
18:19:31,12.1239548
18:19:32,12.1591978
18:19:33,12.0310411
18:19:34,11.9843607
18:19:35,12.0242357
18:19:36,11.9612484
18:19:37,12.0294743
18:19:38,12.307476
18:19:39,11.9514961
18:19:40,11.9796314
18:19:41,11.9252167
18:19:42,11.8292
18:19:43,11.950778
18:19:44,11.96651
18:19:45,12.03834
18:19:46,12.1134777
18:19:47,11.9017754
18:19:48,11.9348774
18:19:49,12.0042562
18:19:50,11.9550858
18:19:51,12.4515314
18:19:52,11.9080524
18:19:53,11.9875822
18:19:54,11.5824776
18:19:55,12.0488224
18:19:56,12.0376854
18:19:57,12.3164482
18:19:58,11.753726
18:19:59,12.345645
18:20:00,12.0514879
18:20:01,11.9912033
18:20:02,11.8268661
18:20:03,11.9937754
18:20:04,11.9525385
18:20:05,11.8506126
18:20:06,12.0316381
18:20:07,12.0365877
18:20:08,12.24043
18:20:09,11.9717045
18:20:10,12.0336733
18:20:11,11.363719
18:20:12,11.8957376
18:20:13,11.870162
18:20:14,11.9981985
18:20:15,11.9979315
18:20:16,12.18463
18:20:17,12.4060211
18:20:18,12.1296711
18:20:19,12.1277876
18:20:20,11.9189482
18:20:21,11.4432287
18:20:22,12.8726387
18:20:23,11.9150419
18:20:24,12.1481943
18:20:25,11.9218349
18:20:26,12.0582533
18:20:27,11.9900122
18:20:28,12.05995
18:20:29,12.0585012
18:20:30,12.0094328
18:20:31,11.7914515
18:20:32,11.8635883
18:20:33,12.1484766
18:20:34,12.00349
18:20:35,12.1551495
18:20:36,11.9495068
18:20:37,11.9940481
18:20:38,11.8163576
18:20:39,12.44707
18:20:40,11.9394455
18:20:41,11.8474474
18:20:42,12.2228079
18:20:43,12.1281281
18:20:44,11.7846937
18:20:45,11.8460407
18:20:46,12.0863495
18:20:47,11.6685467
18:20:48,12.1212835
18:20:49,12.0972624
18:20:50,12.1358919
18:20:51,12.0079975
18:20:52,11.9106369
18:20:53,12.0653334
18:20:54,11.8708105
18:20:55,12.0111961
18:20:56,11.904706
18:20:57,12.15748
18:20:58,11.9053268
18:20:59,12.2374477
18:21:00,12.1393
18:21:01,11.7279024
18:21:02,11.9817543
18:21:03,12.3377151
18:21:04,11.7966061
18:21:05,11.8292665
18:21:06,11.717926
18:21:07,12.02385
18:21:08,12.3233471
18:21:09,12.0067024
18:21:10,12.2863779
18:21:11,12.0408611
18:21:12,12.0423517
18:21:13,12.0854263
18:21:14,11.9365129
18:21:15,11.9076185
18:21:16,12.1135654
18:21:17,12.0448761
18:21:18,12.02184
18:21:19,11.9627438
18:21:20,11.9799643
18:21:21,11.8943872
18:21:22,12.2276936
18:21:23,11.6594648
18:21:24,11.8651657
18:21:25,12.1649275
18:21:26,12.2049236
18:21:27,12.0868359
18:21:28,12.0898991
18:21:29,12.0826578
18:21:30,11.96067
18:21:31,11.8286991
18:21:32,12.1878729
18:21:33,12.2341814
18:21:34,11.9804449
18:21:35,12.2521858
18:21:36,12.2032127
18:21:37,12.4944067
18:21:38,12.0750561
18:21:39,11.8800879
18:21:40,12.1310177
18:21:41,12.1502857
18:21:42,12.1523981
18:21:43,12.1362133
18:21:44,12.0254
18:21:45,12.2845249
18:21:46,12.2970819
18:21:47,12.0903645
18:21:48,12.09382
18:21:49,11.86472
18:21:50,12.0940828
18:21:51,12.1948843
18:21:52,11.8216438
18:21:53,11.9253635
18:21:54,11.993166
18:21:55,12.0740032
18:21:56,12.3216181
18:21:57,12.0175085
18:21:58,11.9103546
18:21:59,11.72012
18:22:00,12.50079
18:22:01,11.8946047
18:22:02,11.9200945
18:22:03,11.8397264
18:22:04,11.9233561
18:22:05,12.1230307
18:22:06,11.6033888
18:22:07,11.7789125
18:22:08,12.0628834
18:22:09,11.9238863
18:22:10,12.10999
18:22:11,12.2103834
18:22:12,12.2016029
18:22:13,12.1599035
18:22:14,12.09219
18:22:15,12.05519
18:22:16,11.9105453
18:22:17,12.072525
18:22:18,11.7471991
18:22:19,12.1182489
18:22:20,11.7136345
18:22:21,12.3444872
18:22:22,11.9338751
18:22:23,11.8983936
18:22:24,12.0100136
18:22:25,12.1261768
18:22:26,11.8865881
18:22:27,12.0138359
18:22:28,11.6458836
18:22:29,11.9221659
18:22:31,12.0738945
18:22:32,12.0067263
18:22:33,12.2522211
18:22:34,12.3103008
18:22:35,12.1980734
18:22:36,11.9794979
18:22:37,11.7484083
18:22:38,12.3065157
18:22:39,12.4155025
18:22:40,12.1292162
18:22:41,11.8523054
18:22:42,12.1196442
18:22:43,12.0646191
18:22:44,11.9219179
18:22:45,12.14351
18:22:46,12.0723772
18:22:47,11.9583769
18:22:48,12.1106672
18:22:49,12.0726194
18:22:50,12.031126
18:22:51,11.6837244
18:22:52,11.94678
18:22:53,11.9095345
18:22:54,12.0496368
18:22:55,11.8861551
18:22:56,12.2765427
18:22:57,11.9950237
18:22:58,11.9637985
18:22:59,12.1658878
18:23:00,11.6918955
18:23:01,12.0517759
18:23:02,12.22401
18:23:03,11.5850191
18:23:04,12.0105753
18:23:05,12.1506929
18:23:06,12.0706
18:23:07,12.2338228
18:23:08,11.7172956
18:23:09,11.6930561
18:23:10,12.1734371
18:23:11,12.1831226
18:23:12,12.0414009
18:23:13,11.8639765
18:23:14,12.14371
18:23:15,11.9830647
18:23:16,12.1243372
18:23:17,12.4058743
18:23:18,11.75734
18:23:19,12.181324
18:23:20,11.9254465
18:23:21,11.9474611
18:23:22,12.1535673
18:23:23,12.2206278
18:23:24,12.0719442
18:23:25,12.394618
18:23:26,12.0658665
18:23:27,12.0413837
18:23:28,12.2523336
18:23:30,12.0836334
18:23:31,12.02476
18:23:32,12.1645775
18:23:33,11.8394
18:23:34,12.0908432
18:23:35,12.12621
18:23:37,12.3550215
18:23:38,12.0717316
18:23:39,12.0844278
18:23:40,11.9048529
18:23:41,12.1263323
18:23:42,12.0710649
18:23:43,12.0916271
18:23:44,12.2384949
18:23:45,12.071702
18:23:46,12.1717339
18:23:47,12.1574907
18:23:48,11.7463369
18:23:49,11.91664
18:23:50,11.8975868
18:23:51,12.1504545
18:23:52,11.8196812
18:23:53,12.0369825
18:23:54,12.28517
18:23:55,11.973526
18:23:56,11.8355274
18:23:57,12.1061954
18:23:58,12.0847158
18:23:59,12.12226
18:24:00,12.0499249
18:24:01,12.0746279
18:24:02,12.138752
18:24:03,11.5837984
18:24:04,12.0251293
18:24:05,12.2017355
18:24:06,12.2375746
18:24:07,11.980567
18:24:08,12.05667
18:24:09,11.98338
18:24:10,12.2340317
18:24:11,12.1462851
18:24:12,12.034934
18:24:13,12.0630255
18:24:14,12.1385813
18:24:15,11.9289656
18:24:16,11.9464092
18:24:17,12.1915541
18:24:18,11.8514566
18:24:19,12.0162764
18:24:20,12.0408516
18:24:21,11.8837023
18:24:22,12.4473143
18:24:23,11.8869429
18:24:24,12.0788174
18:24:25,11.8403606
18:24:26,12.1050148
18:24:27,12.2982883
18:24:28,11.7757463
18:24:30,12.0717363
18:24:31,12.2654734
18:24:33,12.39717
18:24:34,11.74293
18:24:35,12.2136612
18:24:36,11.9516754
18:24:37,11.9229565
18:24:38,11.6822948
18:24:40,12.1109
18:24:41,11.8485937
18:24:42,12.0352211
18:24:44,11.8231735
18:24:45,11.5828247
18:24:46,12.0246143
18:24:47,11.9801006
18:24:48,11.8209772
18:24:50,11.9390106
18:24:51,11.9699764
18:24:52,12.2799358
18:24:54,11.9185438
18:24:56,12.41058
18:24:57,11.9594851
18:24:59,12.1127682
18:25:00,11.9521151
18:25:01,11.6690464
18:25:02,12.01094
18:25:03,11.960536
18:25:04,12.1392212
18:25:05,12.0541592
18:25:06,12.1324387
18:25:07,12.1594343
18:25:08,11.9887943
18:25:09,12.005682
18:25:10,12.0432262
18:25:11,12.1702948
18:25:12,11.8215418
18:25:13,11.9420433
18:25:14,12.1814108
18:25:15,12.02483
18:25:16,12.0905247
18:25:17,12.0666695
18:25:18,11.9767447
18:25:19,12.1345968
18:25:20,11.8154545
18:25:21,12.1269445
18:25:22,11.9563313
18:25:23,11.8401995
18:25:24,12.3153629
18:25:25,11.8250971
18:25:26,12.1222811
18:25:27,12.0076265
18:25:28,11.9574833
18:25:29,12.0814
18:25:30,12.3793516
18:25:31,11.9203787
18:25:32,12.12906
18:25:33,11.9546928
18:25:34,12.0525017
18:25:35,11.86989
18:25:36,11.9255047
18:25:37,11.8171291
18:25:38,11.958066
18:25:39,11.9968462
18:25:40,11.9426575
18:25:41,11.9691553
18:25:42,12.13886
18:25:43,12.02193
18:25:44,12.0219812
18:25:45,12.2429466
18:25:46,12.1068058
18:25:47,12.1644535
18:25:48,11.9052773
18:25:49,12.0352364
18:25:50,12.1284418
18:25:51,12.2718849
18:25:52,12.1895447
18:25:53,11.93583
18:25:54,12.0488558
18:25:55,11.89902
18:25:56,12.0341578
18:25:57,12.1010494
18:25:58,11.84134
18:25:59,11.9840651
18:26:00,12.3465643
18:26:01,12.2766018
18:26:02,12.1571074
18:26:03,11.8566189
18:26:04,12.0832863
18:26:05,11.958724
18:26:06,12.1049118
18:26:07,12.1817455
18:26:08,11.8899126
18:26:09,12.3000574
18:26:10,12.0410624
18:26:11,11.8283281
18:26:12,12.1279516
18:26:13,12.2046928
18:26:14,12.2266951
18:26:15,12.2687864
18:26:16,12.28274
18:26:17,11.7857971
18:26:18,12.2917366
18:26:19,11.7096844
18:26:20,12.27776
18:26:21,12.1632318
18:26:22,12.2276068
18:26:23,12.1968012
18:26:24,11.981513
18:26:25,12.001296
18:26:26,11.9453974
18:26:27,12.0538292
18:26:28,11.8767271
18:26:29,12.0555725
18:26:30,11.9563684
18:26:31,11.9130077
18:26:32,11.8669519
18:26:33,11.8556547
18:26:34,11.8667374
18:26:35,12.4753256
18:26:36,11.7054119
18:26:37,11.8986435
18:26:38,12.2673283
18:26:39,11.9842978
18:26:40,11.9543743
18:26:41,12.1905
18:26:42,11.8587322
18:26:43,12.01258
18:26:44,12.0606174
18:26:45,12.0908613
18:26:46,11.9322014
18:26:47,12.0433912
18:26:48,12.0644274
18:26:49,11.9315758
18:26:50,12.1070852
18:26:51,11.96059
18:26:52,11.9390936
18:26:53,12.11727
18:26:54,12.0719576
18:26:55,11.9769
18:26:56,12.0997562
18:26:57,12.0548563
18:26:58,11.8739367
18:26:59,12.090271
18:27:00,12.2566414
18:27:01,12.036521
18:27:02,12.1981506
18:27:03,11.32101
18:27:04,12.3922691
18:27:05,11.9712687
18:27:06,12.2695847
18:27:07,11.752799
18:27:08,12.22835
18:27:09,12.0221357
18:27:10,12.4957781
18:27:11,12.0408659
18:27:12,12.1775875
18:27:13,11.894681
18:27:14,11.8225756
18:27:15,11.9330339
18:27:16,12.0139675
18:27:17,11.8486309
18:27:18,12.0122757
18:27:19,11.97267
18:27:20,11.858757
18:27:21,11.9395161
18:27:22,12.28676
18:27:23,11.5904455
18:27:24,12.0368738
18:27:25,12.0308981
18:27:26,11.967082
18:27:27,11.8862467
18:27:28,12.2684441
18:27:29,11.5490885
18:27:30,12.1296082
18:27:31,12.2190552
18:27:32,12.1421089
18:27:33,11.723155
18:27:34,11.08748
18:27:35,10.4552488
18:27:36,14.0630522
18:27:37,14.0426683
18:27:38,11.899188
18:27:39,11.9184885
18:27:40,12.3896313
18:27:41,11.8452635
18:27:42,11.9560366
18:27:43,12.1671247
18:27:44,11.920846
18:27:45,11.9995823
18:27:46,12.0700836
18:27:47,12.01429
18:27:48,11.9747334
18:27:49,11.9681826
18:27:50,11.9330893
18:27:51,12.0684719
18:27:52,11.8180828
18:27:53,12.0811625
18:27:54,11.7635832
18:27:55,12.1869669
18:27:56,11.8575172
18:27:57,12.1096182
18:27:58,12.0593834
18:27:59,12.0471821
18:28:00,12.0208378
18:28:01,12.1385975
18:28:02,11.7285337
18:28:03,12.4899111
18:28:04,11.7450218
18:28:05,12.0579739
18:28:06,12.1622381
18:28:07,11.8675814
18:28:08,12.2700205
18:28:09,11.6463289
18:28:10,12.3238783
18:28:11,12.1645317
18:28:12,12.1256971
18:28:13,12.2096653
18:28:14,11.9933529
18:28:15,12.0278978
18:28:16,12.0133457
18:28:17,11.9021978
18:28:18,12.2465239
18:28:19,12.1624975
18:28:20,12.1682758
18:28:21,12.055234
18:28:22,12.0164747
18:28:23,12.0720854
18:28:24,12.07937
18:28:25,11.7363253
18:28:26,12.0574732
18:28:27,12.1821527
18:28:28,12.1008329
18:28:29,12.11682
18:28:30,12.0100937
18:28:31,12.1024733
18:28:32,12.0112219
18:28:33,12.0050173
18:28:34,12.0702028
18:28:35,12.0936575
18:28:36,12.1115675
18:28:37,12.0313711
18:28:38,12.090847
18:28:39,12.241353
18:28:40,11.9288883
18:28:41,12.15197
18:28:42,12.0064306
18:28:43,12.0255346
18:28:44,11.8154268
18:28:45,11.991065
18:28:46,12.3202572
18:28:47,11.79117
18:28:48,11.9875574
18:28:49,12.1602221
18:28:50,11.8597755
18:28:51,11.8042355
18:28:52,12.0245371
18:28:53,11.99508
18:28:54,11.9464092
18:28:55,12.1629124
18:28:56,12.2630539
18:28:57,12.0316257
18:28:58,12.1628332
18:28:59,11.9867678
18:29:00,11.72436
18:29:01,12.1146669
18:29:02,11.9883223
18:29:03,11.7833033
18:29:04,12.312007
18:29:05,12.349678
18:29:06,12.181386
18:29:07,11.8661976
18:29:08,12.0819368
18:29:09,12.0716543
18:29:10,11.9186707
18:29:11,11.9334421
18:29:12,12.0892124
18:29:13,11.8515615
18:29:14,12.085062
18:29:15,12.3389225
18:29:16,11.9101114
18:29:17,12.0209541
18:29:18,11.9725227
18:29:19,11.8492441
18:29:20,12.0700016
18:29:21,12.014904
18:29:22,12.0445423
18:29:23,12.2317905
18:29:24,12.1069117
18:29:25,11.7408419
18:29:26,12.2064552
18:29:27,11.7332277
18:29:28,11.8030224
18:29:29,12.0461121
18:29:30,11.7945585
18:29:31,11.9188032
18:29:32,12.1671724
18:29:33,12.161377
18:29:34,11.97333
18:29:35,12.0107574
18:29:36,12.30709
18:29:37,11.8107147
18:29:38,11.9346161
18:29:39,11.9835911
18:29:40,11.9305677
18:29:41,11.7533417
18:29:42,12.2454987
18:29:43,12.0666552
18:29:44,12.0334673
18:29:45,11.6335173
18:29:46,12.1185923
18:29:47,12.1715431
18:29:48,11.7223978
18:29:49,12.4053068
18:29:50,12.1979856
18:29:51,11.6134262
18:29:52,12.0661745
18:29:53,11.7072535
18:29:54,11.9786968
18:29:55,12.2230415
18:29:56,12.6319532
18:29:57,12.0761423
18:29:58,11.8945332
18:29:59,12.0529242
18:30:00,11.9415464
18:30:01,11.771183
18:30:02,11.851058
18:30:03,12.278965
18:30:04,11.7732286
18:30:05,11.83503
18:30:06,11.9626369
18:30:07,11.9146585
18:30:08,11.885704
18:30:09,11.9477844
18:30:10,11.7568054
18:30:11,11.8938456
18:30:12,12.1055222
18:30:13,12.0150337
18:30:14,12.0427208
18:30:15,12.1182928
18:30:16,12.2610273
18:30:17,11.9982138
18:30:18,11.9159431
18:30:19,12.2352209
18:30:20,11.969944
18:30:21,12.017458
18:30:22,12.165432
18:30:23,11.9541512
18:30:24,12.0072556
18:30:25,11.8313847
18:30:26,11.9942484
18:30:27,12.2283373
18:30:28,12.0531254
18:30:29,12.1068068
18:30:30,12.1709118
18:30:31,11.900528
18:30:32,11.9200182
18:30:33,11.8532438
18:30:34,12.0894985
18:30:35,12.2115669
18:30:36,12.3602028
18:30:37,11.9844227
18:30:38,12.1128149
18:30:39,12.0608768
18:30:40,11.7853374
18:30:41,12.1403856
18:30:42,11.9854069
18:30:43,12.08769
18:30:44,11.9701042
18:30:45,12.0726929
18:30:46,12.47295
18:30:47,12.2022924
18:30:48,12.1198244
18:30:49,12.0876188
18:30:50,11.8913479
18:30:51,11.98803
18:30:52,12.13529
18:30:53,12.0336161
18:30:54,12.2012358
18:30:55,12.1435823
18:30:56,12.0062532
18:30:57,12.06563
18:30:58,11.8445406
18:30:59,12.1127062
18:31:00,11.9267645
18:31:01,12.0274868
18:31:02,12.26081
18:31:03,12.133955
18:31:04,12.0716238
18:31:05,12.07181
18:31:06,12.14112
18:31:07,11.9132671
18:31:08,12.3293114
18:31:09,12.0633059
18:31:10,12.0923319
18:31:11,11.7894583
18:31:12,12.0745859
18:31:13,11.9542484
18:31:14,11.9554367
18:31:15,11.8693609
18:31:16,11.8786669
18:31:17,11.8637714
18:31:18,12.0025959
18:31:19,12.0883694
18:31:20,11.9040661
18:31:21,11.9709911
18:31:22,11.7440071
18:31:23,12.1202145
18:31:24,12.0942965
18:31:25,12.0528088
18:31:26,12.1931524
18:31:27,12.0214844
18:31:28,11.8838863
18:31:29,12.0672808
18:31:31,12.115262
18:31:32,12.0685768
18:31:33,11.9183655
18:31:34,12.476861
18:31:35,12.1849031
18:31:36,11.8537636
18:31:37,12.193306
18:31:38,11.7255163
18:31:39,11.9515295
18:31:40,11.9972534
18:31:41,12.2536278
18:31:42,12.0742493
18:31:43,11.9718018
18:31:44,12.1853819
18:31:46,11.7948856
18:31:47,12.2943468
18:31:48,12.0528116
18:31:49,12.2740211
18:31:50,11.91517
18:31:51,11.9835835
18:31:52,12.2980375
18:31:53,11.8103609
18:31:54,12.1686764
18:31:55,11.9727345
18:31:56,11.9037609
18:31:57,12.2409315
18:31:58,12.1759882
18:31:59,12.217658
18:32:00,12.1615677
18:32:01,11.9951944
18:32:02,12.293191
18:32:03,11.55099
18:32:04,12.1387959
18:32:05,11.9261189
18:32:06,11.9242163
18:32:07,12.0249357
18:32:08,12.2497711
18:32:09,11.4789972
18:32:10,12.46928
18:32:11,11.8494177
18:32:12,12.21139
18:32:13,11.8862181
18:32:14,12.2103291
18:32:15,12.0909691
18:32:16,11.9445477
18:32:17,11.9215078
18:32:18,12.03647
18:32:19,12.2341413
18:32:20,12.0751228
18:32:21,11.7777233
18:32:22,12.1837492
18:32:23,12.1142406
18:32:24,11.9783335
18:32:25,12.2739725
18:32:26,12.4912243
18:32:27,11.83411
18:32:28,12.0972071
18:32:29,11.955965
18:32:30,12.17111
18:32:31,11.7944317
18:32:32,12.652277
18:32:33,12.0827341
18:32:34,11.7801847
18:32:35,12.2428875
18:32:36,12.1075592
18:32:37,12.0847712
18:32:38,11.7787323
18:32:39,11.8417683
18:32:40,12.0910444
18:32:41,12.1432066
18:32:42,12.2041626
18:32:43,11.9955521
18:32:44,11.84568
18:32:45,12.0193014
18:32:46,12.1334734
18:32:47,12.2828617
18:32:48,11.8036871
18:32:49,12.0799141
18:32:50,11.94825
18:32:51,12.0444479
18:32:52,12.0239258
18:32:53,12.0391684
18:32:54,11.8843956
18:32:55,12.3324366
18:32:56,12.0842533
18:32:57,12.2467709
18:32:58,11.9718237
18:32:59,11.9643555
18:33:00,12.2936478
18:33:01,11.7219095
18:33:02,12.0149946
18:33:03,12.050312
18:33:04,11.940033
18:33:05,12.3228083
18:33:06,11.808465
18:33:07,12.1048765
18:33:08,11.8629932
18:33:09,11.7927952
18:33:10,12.3225813
18:33:11,11.8779411
18:33:12,12.1275244
18:33:13,12.045825
18:33:14,12.1759987
18:33:15,12.1846619
18:33:16,11.905652
18:33:17,11.9922953
18:33:18,12.2598209
18:33:19,11.7536154
18:33:20,12.2589254
18:33:21,11.8484259
18:33:22,11.8620415
18:33:23,12.1475735
18:33:24,12.0055275
18:33:25,12.0820389
18:33:26,11.9029207
18:33:27,12.2295561
18:33:28,12.04845
18:33:29,12.245451
18:33:30,11.9415674
18:33:31,12.2224064
18:33:32,12.2246494
18:33:33,11.89212
18:33:34,11.9919977
18:33:35,11.8082094
18:33:36,11.9828167
18:33:37,12.0190878
18:33:38,11.6657438
18:33:39,12.2283268
18:33:40,12.2769346
18:33:41,11.9682875
18:33:42,11.8505211
18:33:43,11.7663879
18:33:44,12.2084484
18:33:45,11.9087229
18:33:46,12.11266
18:33:47,12.1478243
18:33:48,12.0342054
18:33:49,12.0778952
18:33:50,12.0012054
18:33:51,11.874814
18:33:52,12.024868
18:33:53,11.8742914
18:33:54,11.9120178
18:33:55,12.3142643
18:33:56,12.1432295
18:33:57,12.27358
18:33:58,11.9644432
18:33:59,11.9211588
18:34:00,11.79552
18:34:01,12.0350914
18:34:02,11.9941778
18:34:03,11.96952
18:34:04,12.1346779
18:34:05,12.0363035
18:34:06,12.1284781
18:34:07,11.8567781
18:34:08,11.8568373
18:34:09,12.1640272
18:34:10,11.9931126
18:34:11,11.9563818
18:34:12,11.9445143
18:34:13,12.0919523
18:34:14,12.0528231
18:34:15,12.1043158
18:34:16,12.3474846
18:34:17,12.2138119
18:34:18,12.1353731
18:34:19,12.2898855
18:34:20,11.7868662
18:34:21,11.6332254
18:34:22,12.083745
18:34:23,12.3457232
18:34:24,11.8296242
18:34:25,11.9881592
18:34:26,12.1123581
18:34:27,11.7778826
18:34:28,12.4468012
18:34:29,11.9394855
18:34:30,11.9914427
18:34:31,13.3128386
18:34:32,11.9854517
18:34:33,11.8704
18:34:34,12.0120983
18:34:35,11.8836641
18:34:36,12.0607891
18:34:37,12.1082535
18:34:38,11.9562712
18:34:39,12.2828369
18:34:40,12.2042227
18:34:41,12.14329
18:34:42,12.1383333
18:34:43,11.9750767
18:34:44,11.7802486
18:34:45,11.9651346
18:34:46,12.0894814
18:34:47,12.1011162
18:34:48,11.8036852
18:34:49,12.20752
18:34:50,12.2069588
18:34:51,12.0024281
18:34:52,12.03262
18:34:53,11.8017435
18:34:54,12.0565643
18:34:55,12.1030016
18:34:56,12.1908588
18:34:57,11.96126
18:34:58,11.7129784
18:34:59,12.1189175
18:35:00,12.0191154
18:35:01,12.1983881
18:35:02,12.0355539
18:35:03,12.2307863
18:35:04,12.0607395
18:35:05,12.1745758
18:35:06,11.7231941
18:35:07,11.9554739
18:35:08,12.0255423
18:35:09,12.0510206
18:35:10,11.9595089
18:35:11,12.1531553
18:35:12,11.9413977
18:35:13,11.89057
18:35:14,12.3614149
18:35:15,12.0248556
18:35:16,12.1684341
18:35:17,11.7981348
18:35:18,11.7613659
18:35:19,12.0158691
18:35:20,12.291975
18:35:21,12.0885286
18:35:22,11.857811
18:35:23,12.1127119
18:35:24,11.9389133
18:35:25,11.8235559
18:35:26,11.8859653
18:35:27,12.2210541
18:35:28,12.08593
18:35:29,12.0278244
18:35:30,12.0186405
18:35:31,11.8478537
18:35:32,12.0674973
18:35:33,11.9093065
18:35:34,12.0893011
18:35:35,11.9270172
18:35:36,11.5729065
18:35:37,12.6128845
18:35:38,11.9071531
18:35:39,12.1403017
18:35:40,12.1137276
18:35:41,12.140872
18:35:42,12.1303616
18:35:43,12.1588984
18:35:44,12.2608843
18:35:45,12.0025921
18:35:46,11.9292669
18:35:47,12.0225086
18:35:48,11.88979
18:35:49,11.9446516
18:35:50,12.1370115
18:35:51,12.1694069
18:35:52,11.9146576
18:35:53,12.1060314
18:35:54,11.71808
18:35:55,11.42935
18:35:56,12.0542612
18:35:57,11.7346935
18:35:58,12.07158
18:35:59,12.0448227
18:36:00,12.2225351
18:36:01,11.9679613
18:36:02,12.0711708
18:36:03,11.8403234
18:36:04,12.1750488
18:36:05,11.9908915
18:36:06,12.2562122
18:36:07,11.8759165
18:36:08,11.9733992
18:36:09,11.928257
18:36:10,12.2480974
18:36:11,11.8661366
18:36:12,11.7788391
18:36:13,12.34386
18:36:14,11.8510246
18:36:15,12.1201124
18:36:16,12.0047846
18:36:17,11.9640675
18:36:18,11.8275633
18:36:19,12.0134239
18:36:20,12.1396036
18:36:21,12.2674761
18:36:22,12.094492
18:36:23,11.9862461
18:36:24,12.22539
18:36:25,11.8657236
18:36:26,12.1590538
18:36:27,12.0041323
18:36:28,11.9581251
18:36:29,11.9218616
18:36:30,11.9984608
18:36:31,11.9018641
18:36:32,12.19149
18:36:33,11.8242712
18:36:34,12.0009241
18:36:35,11.9071951
18:36:36,12.0385141
18:36:37,11.9340734
18:36:38,11.710515
18:36:39,11.5307589
18:36:40,12.169858
18:36:41,12.1372328
18:36:42,12.0433722
18:36:43,11.7898235
18:36:44,12.1582832
18:36:45,11.9419918
18:36:46,12.0675564
18:36:47,11.7209806
18:36:48,11.7201338
18:36:49,12.1543684
18:36:50,12.07507
18:36:51,12.1080627
18:36:52,12.318388
18:36:53,12.0256195
18:36:54,12.1849174
18:36:55,11.9653854
18:36:56,12.1405888
18:36:57,11.8037109
18:36:58,12.1450319
18:36:59,12.0606728
18:37:00,12.0399256
18:37:01,11.95922
18:37:02,11.7685585
18:37:03,12.4533377
18:37:04,12.0312214
18:37:05,12.0939636
18:37:06,11.9526587
18:37:07,11.9089584
18:37:08,12.0287
18:37:09,12.0149784
18:37:10,11.8946056
18:37:11,11.9351931
18:37:12,12.0782862
18:37:13,12.4119949
18:37:14,11.9329052
18:37:15,12.218523
18:37:16,11.9907579
18:37:17,12.1442032
18:37:18,12.0616693
18:37:19,12.1858931
18:37:20,11.8736553
18:37:21,11.7775478
18:37:22,12.0852757
18:37:23,12.098527
18:37:24,12.2085676
18:37:25,12.083025
18:37:26,12.0029726
18:37:27,11.8192139
18:37:28,12.0449467
18:37:29,11.9785891
18:37:30,11.9313049
18:37:31,12.01209
18:37:32,11.8413239
18:37:33,12.0582676
18:37:34,12.2059278
18:37:35,12.2965164
18:37:36,12.0607376
18:37:37,12.0257788
18:37:38,11.9914
18:37:39,12.1240911
18:37:40,11.9192791
18:37:41,12.1117353
18:37:42,12.0140514
18:37:43,12.2231684
18:37:44,12.1093874
18:37:45,12.0849247
18:37:46,11.9599838
18:37:47,11.9370337
18:37:48,12.2431755
18:37:49,11.8712645
18:37:50,12.11581
18:37:51,12.1298189
18:37:52,12.003808
18:37:53,11.9455376
18:37:54,12.0175
18:37:55,11.9761744
18:37:56,12.3380728
18:37:57,11.9752836
18:37:58,12.25278
18:37:59,11.8130445
18:38:00,12.3381014
18:38:01,12.0902491
18:38:02,11.9458866
18:38:03,12.1698866
18:38:04,12.14318
18:38:05,12.3373318
18:38:06,12.1229334
18:38:07,11.8732643
18:38:08,11.9374018
18:38:09,11.9601049
18:38:10,12.103404
18:38:11,11.9441
18:38:12,12.1049185
18:38:13,12.0845995
18:38:14,12.1893921
18:38:15,12.0782528
18:38:16,12.1596794
18:38:17,12.2335815
18:38:18,12.1875734
18:38:19,12.216
18:38:20,11.7823
18:38:21,12.1330109
18:38:22,11.9113512
18:38:23,12.2243547
18:38:24,11.9181852
18:38:25,12.2835093
18:38:26,12.0933037
18:38:27,12.1109886
18:38:28,12.2537737
18:38:29,12.1587563
18:38:31,11.979598
18:38:32,11.9444475
18:38:33,12.2622614
18:38:34,12.0162859
18:38:35,11.8813028
18:38:36,12.1054535
18:38:37,12.0851326
18:38:38,11.9516964
18:38:39,12.1924353
18:38:40,11.9793959
18:38:41,11.940814
18:38:42,11.8577843
18:38:43,12.1029835
18:38:44,12.2113533
18:38:45,12.0344477
18:38:46,12.0089655
18:38:47,12.1249657
18:38:48,12.0308361
18:38:49,12.135458
18:38:50,11.934742
18:38:51,12.0574894
18:38:52,12.0731153
18:38:53,12.0204363
18:38:54,12.11516
18:38:55,12.1350355
18:38:56,11.7107086
18:38:57,12.0463867
18:38:58,12.228158
18:38:59,11.9423313
18:39:00,11.90404
18:39:01,12.0228691
18:39:02,11.933404
18:39:03,12.0600872
18:39:04,12.0888948
18:39:05,11.951129
18:39:06,11.661068
18:39:07,12.8703661
18:39:08,12.0372705
18:39:09,11.817234
18:39:10,11.9120426
18:39:11,12.2342749
18:39:12,11.9287262
18:39:13,11.9787579
18:39:14,12.05715
18:39:15,11.907877
18:39:16,12.1058559
18:39:17,12.0228939
18:39:18,12.0449257
18:39:19,12.0885468
18:39:20,12.1723795
18:39:21,12.0305128
18:39:22,11.9888563
18:39:23,11.8596735
18:39:24,12.24048
18:39:25,11.9985189
18:39:26,12.08631
18:39:27,12.1306267
18:39:28,11.8222666
18:39:30,11.9155073
18:39:31,12.1423426
18:39:32,11.9399052
18:39:33,12.197772
18:39:34,11.970933
18:39:35,12.108634
18:39:36,12.0697556
18:39:37,12.1439924
18:39:38,12.170701
18:39:39,11.7132368
18:39:40,12.5140066
18:39:41,11.8213835
18:39:42,12.0088253
18:39:43,12.1607456
18:39:44,12.0332413
18:39:45,12.2235985
18:39:46,11.924633
18:39:47,11.9269714
18:39:48,12.159277
18:39:49,11.792676
18:39:50,12.2221384
18:39:51,12.1617651
18:39:52,11.9095211
18:39:53,12.0572138
18:39:54,12.0729332
18:39:55,11.9705162
18:39:56,11.5370016
18:39:57,12.1836357
18:39:58,12.0304537
18:39:59,12.0785294
18:40:00,12.2104874
18:40:01,12.0391159
18:40:02,12.0113058
18:40:03,11.9838266
18:40:04,12.1119843
18:40:05,12.1054249
18:40:06,12.1401281
18:40:07,12.0474272
18:40:08,12.0679293
18:40:09,12.1120377
18:40:10,11.8000765
18:40:11,12.150794
18:40:12,12.1135216
18:40:13,11.9266186
18:40:14,12.297307
18:40:15,11.9824533
18:40:16,12.2891216
18:40:17,11.7774267
18:40:18,12.2080717
18:40:19,11.8769979
18:40:20,12.0698643
18:40:21,11.9450188
18:40:22,12.1034822
18:40:23,12.0905924
18:40:24,11.9491739
18:40:25,11.9954062
18:40:26,12.1206388
18:40:28,12.1346426
18:40:30,12.2262287
18:40:31,11.950182
18:40:32,11.9597492
18:40:33,12.0674429
18:40:34,12.2676229
18:40:35,11.9562111
18:40:36,11.8802423
18:40:38,12.2563572
18:40:39,12.2577524
18:40:40,11.9077568
18:40:41,11.9299726
18:40:42,12.0176678
18:40:43,11.9825554
18:40:45,12.0303516
18:40:46,12.073328
18:40:47,11.9483366
18:40:48,12.098527
18:40:49,12.2016048
18:40:50,12.1152821
18:40:51,12.0486784
18:40:52,11.8019075
18:40:53,12.2263765
18:40:54,12.02776
18:40:56,12.1048136
18:40:57,11.9769135
18:40:59,12.2428417
18:41:01,11.8678141
18:41:02,11.918211
18:41:03,12.2084656
18:41:04,12.0808382
18:41:05,12.19563
18:41:06,12.2270479
18:41:07,12.1089315
18:41:08,12.1109591
18:41:09,11.9263573
18:41:10,12.1811018
18:41:11,12.1709061
18:41:12,11.9734821
18:41:13,11.7654839
18:41:14,11.9487553
18:41:15,11.4863977
18:41:16,11.95017
18:41:17,12.2246122
18:41:18,12.170373
18:41:19,11.997076
18:41:20,11.9575911
18:41:21,12.0825958
18:41:22,11.9751234
18:41:23,12.3894024
18:41:24,11.9170761
18:41:25,12.0987558
18:41:26,12.6725626
18:41:27,12.0027933
18:41:28,12.0358419
18:41:29,12.0361805
18:41:30,12.1197748
18:41:31,12.05855
18:41:32,11.7226715
18:41:33,12.4417334
18:41:34,11.731328
18:41:35,11.9556847
18:41:36,12.1330185
18:41:37,11.9288034
18:41:38,12.0318384
18:41:39,12.0556736
18:41:40,11.9993467
18:41:41,12.2370224
18:41:42,12.10521
18:41:43,12.037755
18:41:44,12.048048
18:41:45,12.0815983
18:41:46,12.2085381
18:41:47,12.23837
18:41:48,12.2323952
18:41:49,11.8820171
18:41:50,12.0660257
18:41:51,12.0165405
18:41:52,12.1180639
18:41:53,11.8436937
18:41:54,11.9771
18:41:55,11.9780846
18:41:56,11.8946638
18:41:57,11.8829823
18:41:58,12.1095448
18:41:59,11.9020929
18:42:00,12.5305853
18:42:01,11.8197937
18:42:02,11.9518795
18:42:03,11.8604813
18:42:04,12.1529856
18:42:05,12.1281109
18:42:06,11.9491472
18:42:07,11.957737
18:42:08,11.9769793
18:42:09,12.2298346
18:42:10,12.230751
18:42:11,12.0599461
18:42:12,12.15065
18:42:13,11.9466839
18:42:14,11.9003878
18:42:15,12.0891218
18:42:16,11.8614311
18:42:17,12.0533972
18:42:18,12.0664921
18:42:19,12.3657894
18:42:20,12.2349558
18:42:21,12.0621786
18:42:22,11.9625921
18:42:23,11.8530121
18:42:24,12.27284
18:42:25,11.9223433
18:42:26,12.319685
18:42:27,12.161665
18:42:28,11.738143
18:42:29,12.1052809
18:42:30,11.78479
18:42:31,11.9530458
18:42:32,12.2029562
18:42:33,11.9462662
18:42:34,12.1733246
18:42:35,12.0067625
18:42:36,12.0414848
18:42:37,11.8875227
18:42:38,11.99366
18:42:39,12.16787
18:42:40,12.2179556
18:42:41,12.0641842
18:42:42,11.9607477
18:42:43,12.0522509
18:42:44,12.0542612
18:42:45,12.0072336
18:42:46,11.9673338
18:42:47,12.1955757
18:42:48,12.347003
18:42:49,12.0419
18:42:50,12.030015
18:42:51,11.8576307
18:42:52,12.1627512
18:42:53,11.530755
18:42:54,12.0428762
18:42:55,12.3099985
18:42:56,12.1043005
18:42:57,12.0008907
18:42:58,12.2947006
18:42:59,11.8990145
18:43:00,12.26912
18:43:01,11.9589491
18:43:02,11.94476
18:43:03,11.9361792
18:43:04,12.0275526
18:43:05,11.8704081
18:43:06,12.2098722
18:43:07,11.8751755
18:43:08,11.9028444
18:43:09,12.3419323
18:43:10,11.8282061
18:43:11,12.2030153
18:43:12,12.1666851
18:43:13,11.9636612
18:43:14,11.9714565
18:43:15,11.9067087
18:43:16,12.3590879
18:43:17,11.9124241
18:43:18,11.8731985
18:43:19,11.8548622
18:43:20,11.9225168
18:43:21,11.8142347
18:43:22,12.0257015
18:43:23,11.9443417
18:43:24,12.1036634
18:43:25,11.8212805
18:43:26,11.8622112
18:43:27,11.95498
18:43:28,12.2220592
18:43:29,12.1201887
18:43:30,12.0831
18:43:31,12.2827072
18:43:32,11.7888
18:43:33,12.0273991
18:43:34,12.1413794
18:43:35,11.9481859
18:43:36,12.0900679
18:43:37,12.13474
18:43:38,11.978508
18:43:39,11.9092226
18:43:40,12.25781
18:43:41,11.8515873
18:43:42,12.2595005
18:43:43,12.3436489
18:43:44,12.1206388
18:43:45,12.062994
18:43:46,11.6053629
18:43:47,12.2757034
18:43:48,11.9712067
18:43:49,11.7857008
18:43:50,11.8994751
18:43:51,11.8981161
18:43:52,12.3274508
18:43:53,11.9714689
18:43:54,12.1018991
18:43:55,11.9811115
18:43:56,12.5995607
18:43:57,11.9666557
18:43:58,12.1987429
18:43:59,11.9166679
18:44:00,11.8145647
18:44:01,12.1278229
18:44:02,11.8159132
18:44:03,12.1784086
18:44:04,9.633182
18:44:05,11.7812729
18:44:06,14.3385763
18:44:07,12.4016666
18:44:08,11.6373405
18:44:09,11.9600086
18:44:10,12.2768307
18:44:11,11.8412256
18:44:12,12.0012245
18:44:13,11.9348583
18:44:14,11.8410273
18:44:15,12.2019291
18:44:16,11.9723787
18:44:17,12.32463
18:44:18,12.0120964
18:44:19,11.9528189
18:44:20,12.0802679
18:44:21,12.1782513
18:44:22,11.9849672
18:44:23,12.4414005
18:44:24,11.8923435
18:44:25,11.8050394
18:44:26,11.94127
18:44:27,12.1509552
18:44:28,12.1312246
18:44:29,12.2235241
18:44:30,11.954483
18:44:31,12.1208534
18:44:32,12.268631
18:44:33,11.9992952
18:44:34,11.9546318
18:44:35,12.08563
18:44:36,11.88645
18:44:37,12.0380058
18:44:38,11.9234219
18:44:39,12.2278423
18:44:40,11.9570179
18:44:41,12.01078
18:44:42,12.1500311
18:44:43,12.3560705
18:44:44,11.9397163
18:44:45,12.0439177
18:44:46,12.0809917
18:44:47,11.7013235
18:44:48,11.8828449
18:44:49,12.2091
18:44:50,12.1234789
18:44:51,12.2016439
18:44:52,12.3240538
18:44:53,11.8220587
18:44:54,12.0797043
18:44:55,12.1922674
18:44:56,11.9126854
18:44:57,12.0189915
18:44:58,11.9596729
18:44:59,12.1250963
18:45:00,11.7951918
18:45:01,11.8678637
18:45:02,12.0529222
18:45:03,11.9598122
18:45:04,11.9075632
18:45:05,11.8825531
18:45:06,12.0315857
18:45:07,12.0039549
18:45:08,11.8993053
18:45:09,12.1467752
18:45:10,12.0734711
18:45:11,11.8600492
18:45:12,11.8370295
18:45:13,12.12979
18:45:14,11.8664274
18:45:15,11.9206467
18:45:16,12.0952559
18:45:17,12.0542822
18:45:18,11.9022913
18:45:19,12.1046638
18:45:20,11.8599663
18:45:21,12.2583284
18:45:22,11.9559269
18:45:23,12.0508757
18:45:24,12.2809982
18:45:25,12.01748
18:45:26,11.9794846
18:45:27,12.2610712
18:45:28,11.9999218
18:45:29,12.158514
18:45:30,11.8553362
18:45:31,12.2224808
18:45:32,12.2104578
18:45:33,12.0379391
18:45:34,11.9337969
18:45:35,12.0323458
18:45:36,12.1119633
18:45:37,12.1908979
18:45:38,11.9354124
18:45:39,11.9328775
18:45:40,12.46876
18:45:41,12.1093674
18:45:42,12.2057972
18:45:43,12.0402308
18:45:44,12.1262789
18:45:45,11.9718142
18:45:46,11.9755707
18:45:47,11.9721317
18:45:48,12.4475918
18:45:49,12.44479
18:45:50,11.9063025
18:45:51,12.0163145
18:45:52,11.5900154
18:45:53,12.054636
18:45:54,12.0411711
18:45:55,12.0675392
18:45:56,11.993062
18:45:57,12.208005
18:45:58,11.8919363
18:45:59,11.9082432
18:46:00,11.831831
18:46:01,12.22744
18:46:02,12.2717962
18:46:03,12.2723074
18:46:04,11.9309816
18:46:05,12.0835276
18:46:06,11.9797544
18:46:07,12.2573147
18:46:08,11.9623966
18:46:09,11.8839579
18:46:10,12.1826267
18:46:11,11.9002256
18:46:12,12.1939383
18:46:13,11.7036142
18:46:14,11.9248037
18:46:15,12.2308493
18:46:16,12.1060658
18:46:17,12.09384
18:46:18,12.0655
18:46:19,11.8384075
18:46:20,11.9132395
18:46:21,11.9784412
18:46:22,12.1955786
18:46:23,11.9197989
18:46:24,12.5735025
18:46:25,12.1663294
18:46:26,12.2328978
18:46:27,12.0081129
18:46:28,12.2674417
18:46:29,12.1962147
18:46:31,12.0631866
18:46:32,12.2558966
18:46:33,11.7131166
18:46:34,11.9855576
18:46:35,12.1577845
18:46:36,12.0997858
18:46:37,12.2684145
18:46:38,11.8058338
18:46:39,11.9411783
18:46:40,11.9706478
18:46:41,11.9142132
18:46:42,12.0916805
18:46:43,11.9230261
18:46:44,12.0671921
18:46:45,12.1788635
18:46:46,12.1176949
18:46:47,12.0773888
18:46:48,11.7832947
18:46:49,12.1243334
18:46:50,12.0411358
18:46:51,12.183814
18:46:52,12.2865992
18:46:53,11.8968916
18:46:54,12.0779
18:46:55,12.15765
18:46:56,12.1537428
18:46:57,11.9677382
18:46:58,12.2069578
18:46:59,11.9525509
18:47:00,12.0725031
18:47:01,11.8998766
18:47:02,12.1688948
18:47:03,11.81784
18:47:04,11.9814911
18:47:05,12.0681019
18:47:06,12.3084431
18:47:07,11.9692917
18:47:08,12.0396461
18:47:09,12.1795969
18:47:10,12.0411749
18:47:11,12.0880718
18:47:12,11.9402466
18:47:13,12.306838
18:47:14,12.0156336
18:47:15,11.8374672
18:47:16,12.1868238
18:47:17,12.0578346
18:47:18,12.1050138
18:47:19,12.1470566
18:47:20,12.2034855
18:47:21,12.10559
18:47:22,12.0607243
18:47:23,12.284502
18:47:24,12.0224009
18:47:25,12.0673132
18:47:26,11.871912
18:47:27,12.1271019
18:47:28,11.8564548
18:47:29,12.2282858
18:47:31,12.164937
18:47:32,12.0222969
18:47:33,12.1886473
18:47:34,12.167614
18:47:35,11.7531767
18:47:36,12.2040529
18:47:37,12.050128
18:47:38,11.85392
18:47:39,12.0622988
18:47:40,12.30572
18:47:41,12.0884619
18:47:42,11.8813124
18:47:43,12.1077442
18:47:44,11.835042
18:47:45,11.9027758
18:47:46,11.9205112
18:47:47,12.38931
18:47:48,12.0299768
18:47:49,12.3541784
18:47:50,12.34972
18:47:52,12.18122
18:47:53,11.9950085
18:47:54,12.1463642
18:47:56,11.9339
18:47:57,11.8649826
18:47:58,11.9973431
18:47:59,12.0183563
18:48:00,11.8845444
18:48:01,12.2904978
18:48:02,12.0040293
18:48:03,12.1628981
18:48:04,11.9984741
18:48:05,11.8352947
18:48:07,12.2963781
18:48:08,11.8409929
18:48:09,11.9711828
18:48:10,12.2204237
18:48:12,11.9657536
18:48:13,11.98414
18:48:15,12.1500931
18:48:16,12.0518026
18:48:17,11.9706516
18:48:18,11.918189
18:48:19,12.0999269
18:48:20,11.97738
18:48:21,11.9035053
18:48:22,12.45391
18:48:23,12.3095446
18:48:24,11.8815842
18:48:25,11.9199429
18:48:26,11.8776464
18:48:27,11.7208338
18:48:28,12.0338478
18:48:29,11.9139957
18:48:30,12.051836
18:48:31,11.7364712
18:48:32,11.89501
18:48:33,11.95202
18:48:34,11.9507008
18:48:35,12.3031635
18:48:36,12.0369978
18:48:37,12.0664864
18:48:38,12.2012377
18:48:39,12.06833
18:48:41,12.0447159
18:48:42,12.454381
18:48:43,12.3901377
18:48:44,11.894268
18:48:45,12.2330523
18:48:46,11.9651766
18:48:47,11.8045387
18:48:48,12.1322374
18:48:49,12.3926191
18:48:50,12.0414705
18:48:51,12.092742
18:48:52,11.8038378
18:48:53,12.3927317
18:48:54,12.0573435
18:48:55,12.1093712
18:48:56,12.2735224
18:48:57,12.1415071
18:48:58,12.09294
18:48:59,11.8357773
18:49:00,12.2134886
18:49:01,12.1523142
18:49:02,12.0550013
18:49:03,12.0382986
18:49:04,12.0159245
18:49:05,12.2307768
18:49:06,12.35858
18:49:07,12.0516224
18:49:08,12.3132248
18:49:09,11.9277277
18:49:10,12.040451
18:49:11,11.7993069
18:49:12,11.9318218
18:49:13,12.0351448
18:49:14,12.038373
18:49:15,12.0986042
18:49:16,12.2329969
18:49:17,12.0299244
18:49:18,12.1020985
18:49:19,12.2931595
18:49:20,12.1437769
18:49:21,11.9605818
18:49:22,11.9121475
18:49:23,11.7542315
18:49:24,11.9522228
18:49:25,11.9196739
18:49:26,12.1087437
18:49:27,11.993227
18:49:28,11.8886623
18:49:29,11.8210039
18:49:30,12.06558
18:49:31,12.04456
18:49:32,11.8859329
18:49:33,12.0891924
18:49:34,12.1063576
18:49:35,12.1324005
18:49:36,12.0096245
18:49:37,11.7989531
18:49:38,12.21803
18:49:39,12.1189966
18:49:40,12.2858257
18:49:41,11.9131336
18:49:42,11.95895
18:49:43,12.0005741
18:49:44,12.0999813
18:49:45,12.1648426
18:49:46,12.1612263
18:49:47,12.1927242
18:49:48,12.2297821
18:49:49,11.9783726
18:49:50,11.8902168
18:49:51,11.896843
18:49:52,12.0079365
18:49:53,11.7796783
18:49:54,12.2144613
18:49:55,11.9450645
18:49:56,12.1436491
18:49:57,12.3050318
18:49:58,12.1486044
18:49:59,12.3012028
18:50:00,12.10601
18:50:01,11.860755
18:50:02,12.176343
18:50:03,12.0959616
18:50:04,12.0651989
18:50:05,11.90563
18:50:06,12.2474108
18:50:07,12.18919
18:50:08,11.8215942
18:50:09,12.129425
18:50:10,11.7664976
18:50:11,12.0997276
18:50:12,12.1806011
18:50:13,12.0798988
18:50:14,12.07185
18:50:15,12.01782
18:50:16,11.8611336
18:50:17,12.2258177
18:50:18,11.982275
18:50:19,11.8546534
18:50:20,12.1087809
18:50:21,11.9985161
18:50:22,12.2256556
18:50:23,11.9209032
18:50:24,11.762989
18:50:25,11.9119492
18:50:26,12.048275
18:50:27,11.90458
18:50:28,12.2059479
18:50:29,11.8956661
18:50:30,11.8134546
18:50:31,12.0756807
18:50:32,12.1235676
18:50:33,11.9708023
18:50:34,12.0310173
18:50:35,11.97862
18:50:36,12.29436
18:50:37,12.078228
18:50:38,12.3925514
18:50:39,12.2800694
18:50:40,12.0124025
18:50:41,12.2329788
18:50:42,11.7043409
18:50:43,12.1777287
18:50:44,11.597
18:50:45,12.1411715
18:50:46,12.1750126
18:50:47,12.3545275
18:50:48,11.94827
18:50:49,11.690546
18:50:50,11.9257717
18:50:51,12.2972393
18:50:52,12.1023531
18:50:53,11.8268
18:50:54,12.3707886
18:50:55,12.2763319
18:50:56,11.8473663
18:50:57,12.134552
18:50:58,11.93414
18:50:59,11.7635221
18:51:00,12.5726738
18:51:01,12.257494
18:51:02,12.199543
18:51:03,11.777832
18:51:04,12.1245451
18:51:05,12.1324816
18:51:06,12.1802673
18:51:07,12.137516
18:51:08,11.9172812
18:51:09,11.96953
18:51:10,11.9989281
18:51:11,12.0735836
18:51:12,12.1645
18:51:13,11.9543114
18:51:14,11.9369564
18:51:15,11.8693333
18:51:16,12.036252
18:51:17,12.0758734
18:51:18,11.7922487
18:51:19,12.0152645
18:51:20,11.9108114
18:51:21,12.01404
18:51:22,12.009409
18:51:23,11.9267759
18:51:24,12.1718225
18:51:25,12.0074492
18:51:26,12.0370188
18:51:27,12.1598063
18:51:28,12.0430622
18:51:29,12.1034212
18:51:30,11.8382711
18:51:31,11.9174509
18:51:32,12.005002
18:51:33,12.0983515
18:51:34,11.9225912
18:51:35,11.9554787
18:51:36,12.1165781
18:51:37,12.0428638
18:51:38,12.0562525
18:51:39,12.2512922
18:51:40,11.8898678
18:51:41,11.90895
18:51:42,12.0490236
18:51:43,12.0199966
18:51:44,11.9699192
18:51:45,12.2011395
18:51:46,12.0212107
18:51:47,12.0565414
18:51:48,11.7973318
18:51:49,12.13009
18:51:50,11.7472219
18:51:51,12.1252317
18:51:52,11.85732
18:51:53,12.0679483
18:51:54,11.9760361
18:51:55,12.2427273
18:51:56,12.0758352
18:51:57,12.1456556
18:51:58,12.3081274
18:51:59,12.0426064
18:52:00,11.9912949
18:52:01,12.1934643
18:52:02,12.0447626
18:52:03,12.0002785
18:52:04,12.030427
18:52:05,12.04275
18:52:06,12.0725574
18:52:07,11.8988791
18:52:08,11.982151
18:52:09,12.0416508
18:52:10,11.9215946
18:52:11,11.8228407
18:52:12,11.9287462
18:52:13,11.9754515
18:52:14,12.0667334
18:52:15,12.0567684
18:52:16,11.7131186
18:52:17,12.1400385
18:52:18,12.1915865
18:52:19,12.2202244
18:52:20,11.9321651
18:52:21,12.0177794
18:52:22,12.0641937
18:52:23,11.9663343
18:52:24,12.0993032
18:52:25,12.0912752
18:52:26,12.0138159
18:52:27,12.0538216
18:52:28,11.9618359
18:52:29,12.0912676
18:52:30,12.0229931
18:52:31,12.049633
18:52:32,12.2712
18:52:33,12.1627626
18:52:34,12.2038021
18:52:35,12.0143337
18:52:36,11.8636312
18:52:37,11.9918365
18:52:38,12.0665207
18:52:39,12.083621
18:52:40,12.1109591
18:52:41,12.3228292
18:52:42,11.9428759
18:52:43,12.0568027
18:52:44,12.0299053
18:52:45,11.9549856
18:52:46,12.0345116
18:52:47,12.1636763
18:52:48,12.1186085
18:52:49,12.1144209
18:52:50,12.10994
18:52:51,11.971386
18:52:52,12.2069311
18:52:53,12.1123915
18:52:54,11.808589
18:52:55,11.9318142
18:52:56,12.2189579
18:52:57,11.813817
18:52:58,12.2140026
18:52:59,11.7949715
18:53:00,12.0833883
18:53:01,11.9213648
18:53:02,11.9497328
18:53:03,11.9809809
18:53:04,12.1733189
18:53:05,12.0392733
18:53:06,12.1333923
18:53:07,12.1024647
18:53:08,12.0444784
18:53:09,11.5409641
18:53:10,11.9605865
18:53:11,12.1562805
18:53:12,12.023469
18:53:13,12.0659151
18:53:14,12.1145926
18:53:15,12.0849476
18:53:16,12.0331964
18:53:17,12.0987587
18:53:18,12.0600557
18:53:19,12.3137035
18:53:20,12.2283745
18:53:21,12.0673895
18:53:22,11.6567984
18:53:23,12.06127
18:53:24,11.9947186
18:53:25,11.9138908
18:53:26,12.1162024
18:53:27,12.0429163
18:53:28,12.0896559
18:53:29,12.0078344
18:53:30,11.8586473
18:53:31,12.308342
18:53:32,11.959794
18:53:33,11.9919558
18:53:34,12.1228542
18:53:35,12.1117821
18:53:36,12.0445843
18:53:37,12.3273315
18:53:38,12.0577393
18:53:39,11.8157835
18:53:40,12.2823143
18:53:41,11.7745523
18:53:42,12.0176849
18:53:43,11.9585943
18:53:44,12.0743332
18:53:45,12.23102
18:53:46,11.8728418
18:53:47,12.189682
18:53:48,12.0740309
18:53:49,12.06668
18:53:50,12.0733652
18:53:51,12.3900757
18:53:52,12.0202332
18:53:53,11.9609785
18:53:54,11.99029
18:53:55,12.144227
18:53:56,11.9849119
18:53:57,11.9526787
18:53:58,12.0259848
18:53:59,12.0004206
18:54:00,11.8062239
18:54:01,11.8931856
18:54:02,11.9621859
18:54:03,12.1493835
18:54:04,11.9838848
18:54:05,11.89786
18:54:06,12.2285538
18:54:07,11.8717613
18:54:08,12.09891
18:54:09,11.8805838
18:54:10,11.9748306
18:54:11,12.1574
18:54:12,12.1118727
18:54:13,12.0549831
18:54:14,12.0893316
18:54:15,12.0042343
18:54:16,11.8907585
18:54:17,11.8706779
18:54:18,11.9822388
18:54:19,11.7857733
18:54:20,11.9734154
18:54:21,12.0866
18:54:22,12.1924829
18:54:23,12.2421846
18:54:24,11.98693
18:54:25,12.0917921
18:54:26,11.9758635
18:54:27,12.0645256
18:54:28,12.0139732
18:54:29,11.862154
18:54:30,11.9319239
18:54:31,12.2909126
18:54:32,11.6524038
18:54:33,12.1507139
18:54:34,11.9458179
18:54:35,11.964633
18:54:36,11.9690189
18:54:37,12.2072277
18:54:38,12.0226679
18:54:39,12.013381
18:54:40,12.1894245
18:54:41,11.8991566
18:54:42,12.141386
18:54:43,12.1322155
18:54:44,12.179328
18:54:45,12.2166662
18:54:46,11.8778105
18:54:47,12.2682028
18:54:48,11.9772463
18:54:49,11.894702
18:54:50,12.2845383
18:54:51,12.0414486
18:54:52,11.9621038
18:54:53,12.0579767
18:54:54,12.2055721
18:54:55,11.9152184
18:54:56,11.8875237
18:54:57,12.0895119
18:54:58,12.2159519
18:54:59,12.032217
18:55:00,12.1127558
18:55:01,11.9492159
18:55:02,12.0263357
18:55:03,11.9724665
18:55:04,12.0664244
18:55:05,12.0747795
18:55:06,12.0890675
18:55:07,12.0217934
18:55:08,11.9623852
18:55:09,11.79339
18:55:10,12.1116152
18:55:11,12.0891438
18:55:12,11.7527428
18:55:13,12.1215906
18:55:14,12.0584564
18:55:15,12.1792688
18:55:16,12.0258055
18:55:17,11.92148
18:55:18,12.05099
18:55:19,12.2915287
18:55:20,12.0552168
18:55:21,11.9080763
18:55:22,11.9371614
18:55:23,12.0732412
18:55:24,12.0034294
18:55:25,11.9546871
18:55:26,11.85947
18:55:27,12.4194345
18:55:28,11.41408
18:55:29,11.9293728
18:55:31,12.08608
18:55:32,12.308135
18:55:33,11.750948
18:55:34,12.1499834
18:55:35,12.135561
18:55:36,11.9772511
18:55:37,12.4762735
18:55:38,12.027647
18:55:39,12.5995073
18:55:40,12.1141825
18:55:41,12.0521517
18:55:42,11.926878
18:55:43,12.2334213
18:55:44,12.1633253
18:55:45,12.0066195
18:55:46,11.9066925
18:55:47,12.3822479
18:55:48,12.1849155
18:55:49,12.0371456
18:55:50,11.8477936
18:55:51,11.7041082
18:55:52,11.9075384
18:55:53,11.7810879
18:55:54,11.9289646
18:55:55,12.1883926
18:55:56,12.075964
18:55:57,11.831871
18:55:58,11.8264008
18:55:59,12.0823021
18:56:00,11.9953995
18:56:01,12.1153908
18:56:02,11.8694534
18:56:03,12.0487995
18:56:04,12.2227736
18:56:05,12.066184
18:56:06,11.9880257
18:56:07,12.1666985
18:56:08,11.9019051
18:56:09,11.8313122
18:56:10,12.3257751
18:56:11,12.0829344
18:56:12,12.1174307
18:56:13,11.9464264
18:56:14,12.3190269
18:56:15,11.76558
18:56:17,11.8565235
18:56:18,12.18469
18:56:19,12.1126509
18:56:20,12.1023045
18:56:21,12.06388
18:56:22,12.1746616
18:56:23,11.9180536
18:56:24,12.1914654
18:56:25,12.3009281
18:56:26,11.9909
18:56:27,12.1569719
18:56:28,11.8631477
18:56:29,11.94164
18:56:31,12.0789518
18:56:32,12.2674427
18:56:33,11.9671755
18:56:34,11.9931011
18:56:35,12.0715551
18:56:36,11.7077112
18:56:37,12.1523724
18:56:38,11.947732
18:56:39,12.1326065
18:56:40,12.2316637
18:56:41,12.0512171
18:56:42,12.2083569
18:56:43,12.03121
18:56:44,11.947525
18:56:45,12.1802187
18:56:46,11.98224
18:56:47,11.909461
18:56:48,12.096673
18:56:49,12.1425438
18:56:50,11.8252363
18:56:51,12.293766
18:56:52,11.945612
18:56:53,12.1510992
18:56:54,12.2300234
18:56:55,12.1312647
18:56:56,11.9308949
18:56:57,12.1037321
18:56:58,11.875309
18:56:59,12.1337938
18:57:00,12.0002995
18:57:01,12.00471
18:57:02,11.8716927
18:57:03,12.0493631
18:57:04,12.0152655
18:57:05,11.9034786
18:57:06,12.2650261
18:57:07,12.2192192
18:57:08,12.1301022
18:57:10,12.31937
18:57:11,12.17696
18:57:12,11.8633995
18:57:14,11.9446411
18:57:15,11.8869019
18:57:16,12.0089417
18:57:18,12.0533791
18:57:19,12.1018648
18:57:21,12.121191
18:57:22,12.1125546
18:57:23,12.0997391
18:57:24,12.1329355
18:57:25,12.0336819
18:57:26,12.15722
18:57:27,12.006547
18:57:28,11.967598
18:57:29,11.9007244
18:57:30,12.1500082
18:57:31,12.1956263
18:57:32,11.9824781
18:57:33,12.181673
18:57:34,12.3333092
18:57:35,12.0271206
18:57:36,12.0285416
18:57:37,12.0496683
18:57:38,11.9681692
18:57:39,12.0428848
18:57:40,12.0015907
18:57:41,11.9673386
18:57:42,12.0234928
18:57:43,12.2466078
18:57:44,12.059804
18:57:45,12.03999
18:57:46,12.2572412
18:57:47,11.7592926
18:57:48,11.7992439
18:57:49,12.5767269
18:57:50,11.813735
18:57:51,11.8730755
18:57:52,12.1692905
18:57:53,11.7768154
18:57:54,12.5185785
18:57:55,11.883522
18:57:56,11.6847935
18:57:57,12.0065088
18:57:58,12.3973274
18:57:59,12.1904907
18:58:00,11.842844
18:58:01,12.3193445
18:58:02,12.227807
18:58:03,11.8299646
18:58:04,12.076149
18:58:05,11.9663868
18:58:06,12.130949
18:58:07,12.056057
18:58:08,11.9965744
18:58:09,12.1046991
18:58:10,11.8081827
18:58:11,12.0132732
18:58:12,12.0508442
18:58:13,12.0681906
18:58:14,12.2076187
18:58:15,12.0056171
18:58:16,12.001029
18:58:17,12.0116377
18:58:18,12.082942
18:58:19,11.9726486
18:58:20,11.78192
18:58:21,11.8907957
18:58:22,12.1461411
18:58:23,11.9468231
18:58:24,11.9778852
18:58:25,11.81906
18:58:26,12.0088406
18:58:27,12.2092562
18:58:28,12.0343323
18:58:29,12.2288408
18:58:30,11.8953953
18:58:31,12.2743492
18:58:32,11.6885567
18:58:33,11.7672758
18:58:34,12.1338367
18:58:35,12.0797405
18:58:36,11.9120064
18:58:37,12.1352587
18:58:38,11.9896793
18:58:39,12.2074785
18:58:40,12.1437407
18:58:41,12.2708349
18:58:42,12.118372
18:58:43,11.8651562
18:58:44,12.0772505
18:58:45,12.0095968
18:58:46,12.0599251
18:58:47,12.4134417
18:58:48,12.0481892
18:58:49,11.909708
18:58:50,12.0660887
18:58:51,11.9980087
18:58:52,12.0844717
18:58:53,12.1439466
18:58:54,11.9493465
18:58:55,12.1023407
18:58:56,12.074152
18:58:57,12.00939
18:58:58,11.9607487
18:58:59,12.0486259
18:59:00,11.6590357
18:59:01,12.0937033
18:59:02,12.1175947
18:59:03,12.1757212
18:59:04,11.61918
18:59:05,12.2597179
18:59:06,12.0166674
18:59:07,11.9433022
18:59:08,11.9535923
18:59:09,12.3150282
18:59:10,12.1226273
18:59:11,12.0773153
18:59:12,11.8989134
18:59:13,12.1280117
18:59:14,12.0375843
18:59:15,11.9940691
18:59:16,12.1341524
18:59:17,11.7753868
18:59:18,11.974988
18:59:19,12.012351
18:59:20,12.1003952
18:59:21,12.2447634
18:59:22,11.9873857
18:59:23,12.00768
18:59:24,12.00174
18:59:25,11.9434118
18:59:26,12.1215
18:59:27,12.057024
18:59:28,12.2244043
18:59:29,12.133894
18:59:30,12.16083
18:59:31,12.0960865
18:59:32,11.9483585
18:59:33,11.9352551
18:59:34,12.2340269
18:59:35,12.0371532
18:59:36,11.9106045
18:59:37,11.9885683
18:59:38,12.3275967
18:59:39,11.7578173
18:59:40,12.0648432
18:59:41,11.76346
18:59:42,11.9925766
18:59:43,12.058692
18:59:44,11.933671
18:59:45,12.1450577
18:59:46,11.8835173
18:59:47,12.1068535
18:59:48,12.0342751
18:59:49,11.9939585
18:59:50,12.2524776
18:59:51,12.26989
18:59:52,12.0648251
18:59:53,12.1082354
18:59:54,11.877574
18:59:55,11.8981943
18:59:56,12.1107273
18:59:57,12.0848532
18:59:58,12.025342
18:59:59,12.0305977
19:00:00,12.1991558
19:00:01,11.8163586
19:00:02,12.1733255
19:00:03,12.0653925
19:00:04,12.1223755
19:00:05,11.9328756
19:00:06,11.9786005
19:00:07,11.4898939
19:00:08,11.9531794
19:00:09,11.588294
19:00:10,12.0906467
19:00:11,12.0068436
19:00:12,11.9060373
19:00:13,12.1028509
19:00:14,11.8319559
19:00:15,12.337182
19:00:16,12.1086407
19:00:17,12.4716072
19:00:18,12.1627226
19:00:19,12.1170425
19:00:20,12.1469631
19:00:21,12.121418
19:00:22,11.6812534
19:00:23,11.9821692
19:00:24,11.866477
19:00:25,12.0710659
19:00:26,11.9803591
19:00:27,11.9489489
19:00:28,11.9953556
19:00:29,11.8664265
19:00:30,12.0086975
19:00:31,11.9045486
19:00:32,12.069232
19:00:33,11.89545
19:00:34,11.7057457
19:00:35,11.9759312
19:00:36,11.8523245
19:00:37,11.9671783
19:00:38,11.7781639
19:00:39,12.083601
19:00:40,12.2488422
19:00:41,12.0111628
19:00:42,12.22105
19:00:43,12.1513586
19:00:44,11.8693953
19:00:45,12.0169306
19:00:46,12.0248251
19:00:47,12.0223236
19:00:48,12.0142908
19:00:49,12.2165413
19:00:50,11.982028
19:00:51,12.0453291
19:00:52,11.9909067
19:00:53,11.9248352
19:00:54,12.2326479
19:00:55,11.9340563
19:00:56,12.01009
19:00:57,12.1841831
19:00:58,12.09442
19:00:59,11.8980274
19:01:00,12.1333876
19:01:01,12.1814394
19:01:02,12.520072
19:01:03,12.0006247
19:01:04,12.0010452
19:01:05,12.2733917
19:01:06,12.0997667
19:01:07,12.2303114
19:01:08,12.1424074
19:01:09,12.3362846
19:01:10,12.0387325
19:01:11,11.8292141
19:01:12,12.0483093
19:01:13,11.9361753
19:01:14,12.0785713
19:01:15,12.0250092
19:01:16,11.8954563
19:01:17,11.9629316
19:01:18,12.117815
19:01:19,11.9425669
19:01:20,11.9979668
19:01:21,12.0173912
19:01:22,11.8762827
19:01:23,12.0962868
19:01:24,11.9752846
19:01:25,12.0369844
19:01:26,12.1097794
19:01:27,12.1215887
19:01:28,11.8945007
19:01:29,11.7452374
19:01:30,11.7151184
19:01:31,12.2595224
19:01:32,11.7751293
19:01:33,12.0831947
19:01:34,12.1637344
19:01:35,12.1752319
19:01:36,12.054328
19:01:37,11.9897
19:01:38,12.19348
19:01:39,12.0014334
19:01:40,11.94258
19:01:41,12.0279026
19:01:42,11.9242125
19:01:43,11.9876146
19:01:44,12.15768
19:01:45,11.8620844
19:01:46,11.8713055
19:01:47,11.970233
19:01:48,11.9882965
19:01:49,12.0234671
19:01:50,11.9472656
19:01:51,12.1481056
19:01:52,12.2484846
19:01:53,12.2447376
19:01:54,11.9079943
19:01:55,12.0119877
19:01:56,11.7384386
19:01:57,12.1223135
19:01:58,11.8541174
19:01:59,11.7666636
19:02:00,12.1210976
19:02:01,12.3574114
19:02:02,12.018671
19:02:03,11.8631544
19:02:04,11.9045153
19:02:05,11.908926
19:02:06,11.8734608
19:02:07,12.01071
19:02:08,11.960845
19:02:09,11.9790344
19:02:10,12.1035576
19:02:11,12.0629969
19:02:12,12.3010864
19:02:13,11.9503775
19:02:14,12.18613
19:02:15,11.8512049
19:02:16,12.0711317
19:02:17,12.003293
19:02:18,11.9536066
19:02:19,12.0309982
19:02:20,11.9354324
19:02:21,12.2074423
19:02:22,12.1598616
19:02:23,11.8553476
19:02:24,11.9950571
19:02:25,11.6091137
19:02:26,11.79082
19:02:27,12.0834045
19:02:28,12.0377426
19:02:29,12.0814667
19:02:30,12.1719036
19:02:31,12.2122726
19:02:32,12.2344093
19:02:33,12.8670635
19:02:34,11.5529356
19:02:35,11.8570051
19:02:36,12.1836166
19:02:37,12.284687
19:02:38,11.9395208
19:02:39,12.1945724
19:02:40,12.0491123
19:02:41,11.9080687
19:02:42,11.9859066
19:02:43,12.1276617
19:02:44,12.3109827
19:02:45,12.4012461
19:02:46,12.1245432
19:02:47,11.7745771
19:02:48,12.0390158
19:02:49,12.07359
19:02:50,12.2627287
19:02:51,12.0605345
19:02:52,12.2529812
19:02:53,11.8679352
19:02:54,11.9799223
19:02:55,11.9196672
19:02:56,11.8389816
19:02:57,10.3667583
19:02:58,10.4001265
19:02:59,14.6183681
19:03:00,11.36364
19:03:01,11.0433674
19:03:02,13.2369366
19:03:03,13.9738607
19:03:04,11.6602774
19:03:05,11.9220018
19:03:06,12.1950989
19:03:07,12.0357018
19:03:08,11.9179382
19:03:09,11.9488678
19:03:10,11.7903881
19:03:11,11.8285952
19:03:12,11.77524
19:03:13,11.9519358
19:03:14,11.2934885
19:03:15,12.1519194
19:03:16,11.9687262
19:03:17,12.0322084
19:03:18,12.0738735
19:03:19,11.9671316
19:03:20,12.0116663
19:03:21,11.9804211
19:03:22,12.0187159
19:03:23,11.8658266
19:03:24,12.0161486
19:03:25,11.9860039
19:03:26,12.1854935
19:03:27,11.97854
19:03:28,11.9863605
19:03:29,11.7608852
19:03:30,12.05583
19:03:32,12.2913132
19:03:33,12.1475306
19:03:34,12.1397038
19:03:35,11.7744675
19:03:36,12.2316933
19:03:37,12.0099382
19:03:38,11.6903105
19:03:39,12.0512466
19:03:40,12.055747
19:03:41,12.0389118
19:03:42,11.9134808
19:03:43,11.8803806
19:03:44,12.0157976
19:03:45,11.8107872
19:03:46,11.9828835
19:03:47,12.0084982
19:03:48,12.1944666
19:03:49,12.0519743
19:03:50,12.0745325
19:03:51,12.17878
19:03:52,12.1364031
19:03:53,11.9337292
19:03:54,12.1156282
19:03:55,12.009347
19:03:56,12.1608133
19:03:57,11.8864632
19:03:58,11.82491
19:03:59,11.975956
19:04:00,11.68282
19:04:01,12.0017958
19:04:02,11.99819
19:04:03,12.3203192
19:04:04,12.0784016
19:04:05,12.0760889
19:04:06,12.1371069
19:04:07,12.1802378
19:04:08,12.2280064
19:04:09,11.9727888
19:04:10,11.8624353
19:04:11,11.9259892
19:04:12,12.11026
19:04:13,12.1688566
19:04:14,12.0568476
19:04:15,12.30815
19:04:16,12.1399813
19:04:17,11.9746256
19:04:18,11.886385
19:04:19,12.1695385
19:04:20,11.9108124
19:04:21,12.1035948
19:04:22,11.9083
19:04:23,12.0008488
19:04:24,12.1491051
19:04:25,12.0637522
19:04:26,12.0109739
19:04:28,11.8344288
19:04:29,11.7953653
19:04:31,12.0446129
19:04:32,11.9011841
19:04:33,11.8451366
19:04:35,11.9707222
19:04:36,12.2326345
19:04:37,11.9960394
19:04:39,11.8528938
19:04:40,11.7966766
19:04:41,11.9729986
19:04:42,11.9463921
19:04:43,12.12377
19:04:44,12.0071421
19:04:45,11.98434
19:04:46,12.2251577
19:04:47,12.3272285
19:04:48,11.8236837
19:04:49,12.3643131
19:04:50,12.1204214
19:04:51,12.13055
19:04:52,12.1360264
19:04:53,11.9493818
19:04:54,12.1423454
19:04:55,11.7372837
19:04:56,11.8576422
19:04:57,12.2440872
19:04:58,11.95692
19:04:59,12.3760214
19:05:00,12.3022127
19:05:01,11.96869
19:05:02,12.1276064
19:05:03,11.7850523
19:05:04,11.8652706
19:05:05,11.9034128
19:05:06,11.81394
19:05:07,12.0419168
19:05:08,12.1641083
19:05:09,12.0787258
19:05:10,11.5802584
19:05:11,12.0325794
19:05:12,11.75148
19:05:13,12.1256018
19:05:14,11.9149046
19:05:15,12.2020435
19:05:16,12.28703
19:05:17,11.8702765
19:05:18,11.9132814
19:05:19,11.998621
19:05:20,12.2064161
19:05:21,12.6471958
19:05:22,11.8886986
19:05:23,11.7604332
19:05:24,12.03699
19:05:25,11.6831961
19:05:26,11.8396845
19:05:27,12.2098026
19:05:28,12.2290812
19:05:29,11.83912
19:05:30,11.9508209
19:05:31,11.9536791
19:05:32,12.0362244
19:05:33,12.3163471
19:05:34,12.08522
19:05:35,11.8847656
19:05:36,12.179368
19:05:37,11.9241333
19:05:38,12.279254
19:05:39,12.1112614
19:05:40,12.1970167
19:05:41,12.0191746
19:05:42,12.0929918
19:05:43,11.95326
19:05:44,12.2968884
19:05:45,12.0270634
19:05:46,12.031312
19:05:47,12.0763178
19:05:48,11.9106293
19:05:49,12.1276054
19:05:50,11.9607487
19:05:51,12.2825336
19:05:52,11.990118
19:05:53,11.7137632
19:05:54,12.1915226
19:05:55,11.92752
19:05:56,12.13788
19:05:57,12.29912
19:05:58,11.7767572
19:05:59,12.061717
19:06:00,11.8741674
19:06:01,11.8417988
19:06:02,12.1372576
19:06:03,12.3206167
19:06:04,11.8928928
19:06:05,12.0174036
19:06:06,12.208725
19:06:07,12.0594864
19:06:08,11.9616232
19:06:09,12.1270018
19:06:10,11.9727135
19:06:11,11.9925556
19:06:12,12.0917234
19:06:13,11.97881
19:06:14,11.9269323
19:06:15,12.0123281
19:06:16,12.2750978
19:06:17,12.2761354
19:06:18,12.021286
19:06:19,12.3170729
19:06:20,11.9928217
19:06:21,12.15029
19:06:22,12.2234383
19:06:23,11.9597569
19:06:24,12.0339308
19:06:25,11.7039366
19:06:26,11.9267569
19:06:27,12.00917
19:06:28,12.0900955
19:06:29,12.3653889
19:06:30,11.9322834
19:06:31,11.99464
19:06:32,12.2794151
19:06:33,11.8374157
19:06:34,11.7992735
19:06:35,11.9193068
19:06:36,11.9629745
19:06:37,12.00322
19:06:38,12.1097107
19:06:39,11.9347067
19:06:40,11.991375
19:06:41,12.0281973
19:06:42,12.0478125
19:06:43,11.79833
19:06:44,12.1713753
19:06:45,11.9704819
19:06:46,11.934371
19:06:47,12.3665648
19:06:48,12.3265991
19:06:49,12.04616
19:06:50,12.1489143
19:06:51,11.9119244
19:06:52,11.9844894
19:06:53,12.0268688
19:06:54,12.14944
19:06:55,11.9033689
19:06:56,12.2237921
19:06:57,12.0275764
19:06:58,12.2623262
19:06:59,11.9180756
19:07:00,11.9339218
19:07:01,12.1076345
19:07:02,12.0581932
19:07:03,12.12039
19:07:04,11.8608484
19:07:05,11.8571
19:07:06,11.923275
19:07:07,11.9926682
19:07:08,12.0558653
19:07:09,12.0879889
19:07:10,11.8181915
19:07:11,12.0943327
19:07:12,11.7648249
19:07:13,12.1274738
19:07:14,11.88802
19:07:15,11.8867779
19:07:16,11.8671808
19:07:17,12.0887623
19:07:18,12.3682671
19:07:19,12.1890059
19:07:20,12.0279837
19:07:21,11.9342346
19:07:22,12.0496979
19:07:23,11.9365463
19:07:24,12.0727978
19:07:25,12.0402832
19:07:26,11.9544983
19:07:27,11.6594925
19:07:28,12.0196085
19:07:29,12.1000671
19:07:30,11.92131
19:07:31,12.16587
19:07:32,11.9189987
19:07:33,12.2130356
19:07:34,12.20578
19:07:35,11.8615656
19:07:36,12.1292152
19:07:37,12.04154
19:07:38,12.4607868
19:07:39,12.1674871
19:07:40,11.8755684
19:07:41,12.0380306
19:07:42,12.10957
19:07:43,11.90737
19:07:44,12.0437689
19:07:45,12.0231323
19:07:46,12.1026115
19:07:47,11.89664
19:07:48,12.01064
19:07:49,11.9251842
19:07:50,11.9250536
19:07:51,12.3722124
19:07:52,12.0414944
19:07:53,11.8932066
19:07:54,11.9134855
19:07:55,12.1797485
19:07:56,11.9825668
19:07:57,12.0875368
19:07:58,11.9363337
19:07:59,12.0548611
19:08:00,12.0585127
19:08:01,11.9054966
19:08:02,11.9382687
19:08:03,12.1848831
19:08:04,12.1018639
19:08:05,11.90252
19:08:06,11.8573647
19:08:07,12.2609739
19:08:08,12.0940809
19:08:09,12.2231684
19:08:10,11.8564854
19:08:11,12.2984829
19:08:12,11.6572752
19:08:13,12.2790241
19:08:14,12.0631933
19:08:15,12.0720558
19:08:16,11.9026575
19:08:17,12.0413055
19:08:18,12.1872673
19:08:19,11.6655312
19:08:20,12.0232992
19:08:21,11.9081049
19:08:22,12.0081863
19:08:23,12.00393
19:08:24,11.9170675
19:08:25,11.8354664
19:08:26,12.1682253
19:08:27,11.9248009
19:08:28,12.2087412
19:08:29,11.9302912
19:08:30,11.8409491
19:08:31,12.2114906
19:08:32,12.2017727
19:08:33,11.9281511
19:08:34,12.321928
19:08:35,11.8021517
19:08:36,11.6618061
19:08:37,11.8039923
19:08:38,12.0855808
19:08:39,12.0426331
19:08:40,11.7597513
19:08:41,12.1949492
19:08:42,11.9342928
19:08:43,12.11387
19:08:44,11.9148436
19:08:45,11.8551188
19:08:46,11.9458637
19:08:47,12.2511311
19:08:48,11.8138971
19:08:49,12.1252756
19:08:50,11.9779873
19:08:51,12.0541286
19:08:52,12.0381413
19:08:53,12.357338
19:08:54,12.0146494
19:08:55,11.9651194
19:08:56,12.2180109
19:08:57,11.8279285
19:08:58,12.1742735
19:08:59,11.9921761
19:09:00,12.0355749
19:09:01,12.049078
19:09:02,11.9901638
19:09:03,12.030941
19:09:04,11.8047047
19:09:05,12.2520161
19:09:06,12.1041136
19:09:07,11.8499737
19:09:08,11.9347448
19:09:09,12.3052721
19:09:10,11.89074
19:09:11,11.8909855
19:09:12,11.8652449
19:09:13,12.0187025
19:09:14,11.8642836
19:09:15,12.0958271
19:09:16,11.9062452
19:09:17,12.1727886
19:09:18,12.11587
19:09:19,12.164011
19:09:20,11.86921
19:09:21,12.0405569
19:09:22,12.0421057
19:09:23,11.9904633
19:09:24,11.950264
19:09:25,12.1329842
19:09:26,11.9648571
19:09:27,12.3126478
19:09:28,12.1885223
19:09:29,11.8688717
19:09:30,12.1432533
19:09:31,12.0069466
19:09:33,11.977582
19:09:34,11.809268
19:09:35,11.87349
19:09:36,11.9643412
19:09:37,12.0128918
19:09:38,12.1508932
19:09:39,11.9325876
19:09:40,12.1011515
19:09:41,11.9113
19:09:42,12.1530008
19:09:43,12.0577717
19:09:44,11.4982033
19:09:45,12.3136263
19:09:46,11.882432
19:09:47,12.0685377
19:09:48,12.128705
19:09:49,12.10038
19:09:50,11.9543495
19:09:51,11.9820938
19:09:52,12.0872173
19:09:53,12.0855427
19:09:54,12.0426655
19:09:55,12.5767908
19:09:56,11.9175491
19:09:57,12.1246605
19:09:58,11.9617538
19:09:59,11.8615236
19:10:00,11.9742107
19:10:01,11.9918776
19:10:02,12.0557823
19:10:03,12.0346432
19:10:04,11.8102989
19:10:05,12.1541147
19:10:06,12.2409134
19:10:07,11.9365864
19:10:08,12.017251
19:10:09,11.8247948
19:10:10,11.8475571
19:10:11,11.9237432
19:10:12,12.123642
19:10:13,12.0773058
19:10:14,12.0423212
19:10:15,11.7532139
19:10:16,12.0616112
19:10:17,12.2233076
19:10:18,11.8776207
19:10:19,12.1323538
19:10:20,12.0742407
19:10:21,11.767334
19:10:22,12.284071
19:10:23,11.9359407
19:10:24,12.0422964
19:10:25,12.0709028
19:10:26,12.1655092
19:10:27,11.973321
19:10:28,12.168293
19:10:29,11.9643221
19:10:31,12.0961437
19:10:32,12.0732069
19:10:33,11.8311186
19:10:34,11.8746548
19:10:35,11.99353
19:10:36,12.18646
19:10:37,11.7542286
19:10:38,11.9406433
19:10:40,12.0843744
19:10:41,11.9848385
19:10:42,12.1203127
19:10:43,11.9095592
19:10:44,11.8798122
19:10:45,12.1844692
19:10:46,12.0009909
19:10:47,12.0464458
19:10:48,11.993681
19:10:49,11.94635
19:10:50,12.2681942
19:10:51,11.8286219
19:10:52,11.8373976
19:10:53,11.9108791
19:10:54,11.6862211
19:10:55,12.2207127
19:10:56,12.0998707
19:10:57,12.0468683
19:10:58,11.8587694
19:10:59,11.8455019
19:11:00,12.2544775
19:11:01,11.7643738
19:11:02,12.0486546
19:11:03,12.10981
19:11:04,12.0597391
19:11:05,12.1606283
19:11:06,11.9539862
19:11:07,11.8525553
19:11:08,11.8556423
19:11:09,12.2659054
19:11:10,12.0131226
19:11:11,11.965519
19:11:12,12.2898912
19:11:13,11.8566084
19:11:14,11.7753038
19:11:15,11.8172035
19:11:16,12.0976086
19:11:17,11.9781513
19:11:18,11.7902336
19:11:19,12.16778
19:11:20,12.2795792
19:11:21,11.8717136
19:11:22,12.0126209
19:11:23,12.0701246
19:11:24,12.1491594
19:11:25,11.6833725
19:11:26,11.9458313
19:11:27,11.96106
19:11:28,12.0780382
19:11:29,12.0389776
19:11:30,12.0407438
19:11:31,11.9322462
19:11:32,11.8175621
19:11:33,12.1214943
19:11:34,12.0990963
19:11:35,12.0401936
19:11:36,12.2967243
19:11:37,12.04833
19:11:38,12.0568
19:11:39,12.0253115
19:11:40,11.9511652
19:11:41,11.9352512
19:11:42,12.2587423
19:11:43,11.99834
19:11:44,12.124156
19:11:45,11.7747831
19:11:46,11.9813128
19:11:47,11.9340811
19:11:48,11.8750038
19:11:49,12.1758766
19:11:50,11.9578066
19:11:51,11.8429165
19:11:52,12.1800327
19:11:53,12.010787
19:11:54,11.9903135
19:11:55,12.2646074
19:11:56,11.9893093
19:11:57,11.8745165
19:11:58,12.0714922
19:11:59,12.1506405
19:12:00,12.0298557
19:12:01,12.3303251
19:12:02,11.2492142
19:12:03,11.9265461
19:12:04,11.9118052
19:12:05,12.0739641
19:12:06,12.0801659
19:12:07,12.1458006
19:12:08,11.896347
19:12:09,11.9147873
19:12:10,12.1677055
19:12:11,12.0809975
19:12:12,12.1772127
19:12:13,12.5173817
19:12:14,11.7423906
19:12:15,11.9926186
19:12:16,12.1020126
19:12:17,12.1254864
19:12:18,11.9904585
19:12:19,11.9419022
19:12:20,11.954278
19:12:21,12.0055532
19:12:22,12.0612078
19:12:23,11.9870434
19:12:24,11.9944105
19:12:25,12.1152172
19:12:26,12.0073919
19:12:27,12.0284176
19:12:28,11.9990435
19:12:29,12.1690407
19:12:30,12.0070639
19:12:31,12.1931973
19:12:32,11.9904013
19:12:33,12.1454878
19:12:34,12.0315933
19:12:35,12.1782312
19:12:36,11.8043785
19:12:37,12.2381382
19:12:38,11.9559259
19:12:39,11.9578686
19:12:40,11.9384012
19:12:41,11.9751511
19:12:42,12.1676016
19:12:43,11.83034
19:12:44,12.1367178
19:12:45,11.7603712
19:12:46,12.2374525
19:12:47,11.9676046
19:12:48,12.1508369
19:12:49,12.0047235
19:12:50,12.28055
19:12:51,11.9816551
19:12:52,11.9714012
19:12:53,12.2802572
19:12:54,12.0141153
19:12:55,12.1477985
19:12:56,11.9481716
19:12:57,11.9573765
19:12:58,12.143115
19:12:59,12.0108395
19:13:00,12.1482964
19:13:01,11.8743315
19:13:02,12.2076721
19:13:03,11.8670549
19:13:04,11.9728823
19:13:05,11.9890347
19:13:06,11.9146023
19:13:07,12.2918816
19:13:08,11.9136057
19:13:09,12.2262564
19:13:10,12.1569319
19:13:11,12.0181551
19:13:12,12.2225857
19:13:13,11.8584843
19:13:14,12.0180712
19:13:15,11.8974981
19:13:16,11.8882694
19:13:17,11.9131479
19:13:18,12.1486
19:13:19,12.0961571
19:13:20,12.0495539
19:13:21,12.0827322
19:13:22,11.9663839
19:13:23,12.05541
19:13:24,12.0619059
19:13:25,12.0078888
19:13:26,12.0392895
19:13:27,11.774663
19:13:28,11.9951229
19:13:29,11.9296408
19:13:30,11.6491785
19:13:31,12.2149391
19:13:32,11.9948664
19:13:33,11.8425131
19:13:34,12.2001247
19:13:35,12.1791162
19:13:36,12.1307716
19:13:37,12.0301476
19:13:38,12.0792322
19:13:39,11.9695721
19:13:40,12.0320234
19:13:41,12.0448208
19:13:42,12.0827494
19:13:43,12.0087767
19:13:44,11.86245
19:13:45,11.9153919
19:13:46,11.7921429
19:13:47,12.0393972
19:13:48,11.9530239
19:13:49,12.095602
19:13:50,11.8082581
19:13:51,12.4893951
19:13:52,11.9401455
19:13:53,12.2043514
19:13:54,11.9857483
19:13:55,11.9494171
19:13:56,11.8407965
19:13:57,12.2010155
19:13:58,12.0153465
19:13:59,12.1461554
19:14:00,12.0688457
19:14:01,12.2436733
19:14:02,11.7937231
19:14:03,11.90659
19:14:04,11.636673
19:14:05,12.0123053
19:14:06,12.1512842
19:14:07,12.1503487
19:14:08,11.6664057
19:14:09,11.7775373
19:14:10,12.1440086
19:14:11,12.15917
19:14:12,12.0093851
19:14:13,11.8446
19:14:14,11.9956923
19:14:15,12.0773277
19:14:16,11.8247452
19:14:17,12.0408
19:14:18,12.1701727
19:14:19,11.8998861
19:14:20,11.5326309
19:14:21,12.1894846
19:14:22,12.2173948
19:14:23,12.0271511
19:14:24,12.3490229
19:14:25,11.8951263
19:14:26,12.2713585
19:14:27,12.1726847
19:14:28,12.2963648
19:14:29,11.9694538
19:14:30,12.3620224
19:14:31,12.4324923
19:14:32,12.2736521
19:14:33,11.7027359
19:14:34,11.8102207
19:14:35,11.9340839
19:14:36,12.0424776
19:14:37,12.1641665
19:14:38,12.0017748
19:14:39,12.2176924
19:14:40,11.91319
19:14:41,11.9833612
19:14:42,11.9973354
19:14:43,11.9617271
19:14:44,12.0459538
19:14:45,11.6913767
19:14:46,11.7154121
19:14:47,12.2176437
19:14:48,12.03763
19:14:49,11.838851
19:14:50,12.2503328
19:14:51,12.0570545
19:14:52,12.1171494
19:14:53,11.8698368
19:14:54,12.08031
19:14:55,12.322546
19:14:56,11.9507246
19:14:57,12.2062874
19:14:58,12.08621
19:14:59,12.0506
19:15:00,11.785594
19:15:01,12.1655884
19:15:02,11.9442739
19:15:03,12.0789795
19:15:04,12.0216541
19:15:05,11.6241722
19:15:06,12.0189428
19:15:07,12.2804585
19:15:08,12.0603428
19:15:09,11.8533936
19:15:10,11.7858267
19:15:11,11.8951731
19:15:12,11.922286
19:15:13,12.074995
19:15:14,11.8089266
19:15:15,12.0350294
19:15:16,12.1454878
19:15:17,12.1485519
19:15:18,12.1185551
19:15:19,11.6879721
19:15:20,11.8798122
19:15:21,11.9478035
19:15:22,12.0197563
19:15:23,11.8503056
19:15:24,12.1693678
19:15:25,12.3215342
19:15:26,11.9967632
19:15:27,11.8211164
19:15:28,11.9305315
19:15:29,12.0519457
19:15:30,12.0912533
19:15:31,11.8036261
19:15:32,12.0713139
19:15:33,11.8096685
19:15:34,11.9541512
19:15:35,11.8519573
19:15:36,12.4236851
19:15:37,11.94903
19:15:38,12.1409073
19:15:39,11.9579592
19:15:40,12.1202383
19:15:41,11.9066458
19:15:42,12.0198116
19:15:43,12.0864105
19:15:44,11.809329
19:15:45,12.0715742
19:15:46,12.030262
19:15:47,12.1244164
19:15:48,12.2849283
19:15:49,11.9827442
19:15:50,12.1261463
19:15:51,12.0297146
19:15:52,12.0544119
19:15:53,12.0725441
19:15:54,12.19293
19:15:55,12.2106237
19:15:56,12.017333
19:15:57,12.1252193
19:15:58,11.9163847
19:15:59,12.036025
19:16:00,12.0648489
19:16:01,11.9714413
19:16:02,11.9329376
19:16:03,11.8917456
19:16:04,11.9280014
19:16:05,12.216713
19:16:06,12.16157
19:16:07,11.8588753
19:16:08,12.2486963
19:16:09,12.1061134
19:16:10,11.8933315
19:16:11,12.0200186
19:16:12,11.9501715
19:16:13,11.9737768
19:16:14,11.9906626
19:16:15,11.8151617
19:16:16,12.2433844
19:16:17,11.9222374
19:16:18,12.1845531
19:16:19,12.1874771
19:16:20,12.1830587
19:16:21,12.18897
19:16:22,11.8871832
19:16:23,12.0444679
19:16:24,11.7176447
19:16:25,12.1236715
19:16:26,12.2696047
19:16:27,11.8692532
19:16:28,11.9057779
19:16:29,11.7014494
19:16:30,12.210187
19:16:31,12.0282278
19:16:32,11.8254223
19:16:33,11.9403934
19:16:34,12.1731653
19:16:35,11.8105087
19:16:36,12.12312
19:16:37,11.3407059
19:16:38,12.1813574
19:16:39,11.9653177
19:16:40,11.9033947
19:16:41,12.2114668
19:16:42,11.783783
19:16:43,12.4334555
19:16:44,11.8682842
19:16:45,12.1533976
19:16:46,11.9692011
19:16:47,11.897934
19:16:48,12.5309343
19:16:49,12.0557537
19:16:50,11.8464994
19:16:51,12.1345062
19:16:52,12.1335573
19:16:53,12.0869923
19:16:54,11.8776865
19:16:55,12.0148973
19:16:56,11.8583317
19:16:57,12.0434065
19:16:58,11.9225979
19:16:59,12.0745964
19:17:00,12.36921
19:17:01,11.95547
19:17:02,11.977787
19:17:03,11.8886728
19:17:04,12.0785475
19:17:05,11.8956127
19:17:06,11.9594994
19:17:07,11.936739
19:17:08,11.9532881
19:17:09,11.9262495
19:17:10,11.9906864
19:17:11,11.9757423
19:17:12,12.1643171
19:17:13,11.9943428
19:17:14,12.12292
19:17:15,11.96044
19:17:16,12.102066
19:17:17,11.8840322
19:17:18,12.0687761
19:17:19,12.0043535
19:17:20,11.9292717
19:17:21,11.9728794
19:17:22,11.922967
19:17:23,12.1263075
19:17:24,11.9283314
19:17:25,12.0571165
19:17:26,11.8782673
19:17:27,12.0598154
19:17:28,12.0452032
19:17:29,12.1511345
19:17:30,12.0916958
19:17:31,11.75902
19:17:32,11.89124
19:17:33,12.2526512
19:17:34,12.0919676
19:17:35,12.1241646
19:17:36,11.9403906
19:17:37,12.0104637
19:17:38,12.022644
19:17:39,12.0562563
19:17:40,12.0623074
19:17:41,11.8966284
19:17:42,11.8275452
19:17:43,12.2023954
19:17:44,12.1303816
19:17:45,12.0796719
19:17:46,11.91879
19:17:47,11.868309
19:17:48,11.7833624
19:17:49,12.1009874
19:17:50,11.8858671
19:17:51,12.0459461
19:17:52,12.1221066
19:17:53,11.8730068
19:17:54,11.90709
19:17:55,12.0660715
19:17:56,12.0556707
19:17:57,11.8392534
19:17:58,12.31729
19:17:59,11.8317757
19:18:00,12.2649422
19:18:01,11.9794941
19:18:02,11.988183
19:18:03,12.013958
19:18:04,11.9724131
19:18:05,12.03084
19:18:06,12.0619335
19:18:07,12.0574493
19:18:08,11.99964
19:18:09,12.0387869
19:18:10,11.8018656
19:18:11,11.6637783
19:18:12,12.0973721
19:18:13,12.0203686
19:18:14,12.0178566
19:18:15,11.9591236
19:18:16,12.0410719
19:18:17,12.1709
19:18:18,12.1166658
19:18:19,11.853158
19:18:20,11.7310371
19:18:21,12.1762877
19:18:22,12.0393476
19:18:23,11.6749325
19:18:24,11.9636641
19:18:25,11.8142309
19:18:26,12.0543432
19:18:27,12.0790863
19:18:28,11.9529171
19:18:29,12.2683783
19:18:31,11.9170084
19:18:33,11.9229527
19:18:35,11.9528189
19:18:36,12.0215769
19:18:37,12.0400677
19:18:38,12.1664162
19:18:40,12.1481485
19:18:41,12.0632219
19:18:43,11.9385195
19:18:44,11.9960852
19:18:45,12.1192036
19:18:46,12.0623283
19:18:48,11.8235826
19:18:49,11.880044
19:18:50,12.3717566
19:18:51,11.8854408
19:18:52,11.7875786
19:18:53,11.6018858
19:18:54,11.8486557
19:18:55,12.0695591
19:18:56,11.6719027
19:18:57,12.3308811
19:18:58,11.9278793
19:18:59,12.2947989
19:19:00,12.00789
19:19:01,12.20606
19:19:02,12.2539148
19:19:03,12.3697309
19:19:04,11.9805508
19:19:05,11.97802
19:19:06,11.9398022
19:19:07,12.0467644
19:19:08,11.9980736
19:19:09,11.7785835
19:19:10,11.8792582
19:19:11,12.022563
19:19:12,12.137784
19:19:13,12.111496
19:19:14,11.9489326
19:19:15,12.3163414
19:19:16,11.9783735
19:19:17,11.900281
19:19:18,11.9926443
19:19:19,12.2597122
19:19:20,11.8808393
19:19:21,11.8141756
19:19:23,11.914753
19:19:24,11.8704977
19:19:25,12.1433887
19:19:26,12.1200361
19:19:28,12.217454
19:19:29,11.8994045
19:19:31,12.1574955
19:19:32,12.0681219
19:19:33,11.7865992
19:19:34,11.7680559
19:19:36,11.9024553
19:19:37,12.1392994
19:19:38,12.2012177
19:19:39,11.829298
19:19:40,12.1970959
19:19:41,11.968236
19:19:42,11.9420891
19:19:43,12.1971731
19:19:45,12.1748514
19:19:46,12.2404318
19:19:47,12.016531
19:19:48,11.9664707
19:19:49,12.1270561
19:19:50,11.7928753
19:19:51,12.0121984
19:19:52,12.5784082
19:19:54,11.9067726
19:19:55,11.9806833
19:19:56,12.1532192
19:19:57,12.1615791
19:19:58,11.9362259
19:19:59,11.9590912
19:20:00,12.0438652
19:20:02,12.1317005
19:20:03,12.1049767
19:20:04,11.9795437
19:20:05,12.0299044
19:20:06,11.9410019
19:20:07,12.044425
19:20:08,11.57726
19:20:09,12.4232635
19:20:10,12.0778008
19:20:11,12.0724545
19:20:12,11.9911375
19:20:13,11.9094515
19:20:14,12.1811867
19:20:15,11.7879028
19:20:16,11.837595
19:20:17,12.1124544
19:20:18,11.8057575
19:20:19,11.9256859
19:20:20,12.0082865
19:20:21,11.8863182
19:20:22,11.9811363
19:20:23,12.0367947
19:20:24,12.030098
19:20:25,12.1202822
19:20:26,11.9340153
19:20:27,12.176527
19:20:28,11.9137383
19:20:29,12.1309834
19:20:30,12.0400982
19:20:31,11.7006683
19:20:32,12.1537523
19:20:33,11.68865
19:20:34,12.1592321
19:20:35,12.1296091
19:20:36,12.0560045
19:20:37,11.9303045
19:20:38,11.9413052
19:20:39,12.085535
19:20:40,11.9989061
19:20:41,11.854599
19:20:42,12.0426054
19:20:43,12.239603
19:20:44,12.04693
19:20:45,11.9948835
19:20:46,11.7636261
19:20:47,12.1072464
19:20:48,11.7285719
19:20:49,12.2566519
19:20:50,12.1172867
19:20:51,11.7089109
19:20:52,12.01344
19:20:53,12.2371855
19:20:54,11.8282223
19:20:55,12.1157818
19:20:56,12.1339483
19:20:57,12.392561
19:20:58,11.9890461
19:20:59,12.1119995
19:21:00,11.602066
19:21:01,12.1952238
19:21:02,12.07072
19:21:03,11.8915329
19:21:04,12.0496883
19:21:05,12.1538687
19:21:06,12.1040134
19:21:07,11.9570713
19:21:08,11.8115931
19:21:09,12.1884556
19:21:10,11.4641266
19:21:11,11.7857676
19:21:12,11.8377714
19:21:13,11.8324928
19:21:14,12.1136246
19:21:15,11.9115515
19:21:16,12.0507641
19:21:17,12.2543592
19:21:18,11.9916868
19:21:19,11.8935118
19:21:20,12.2788105
19:21:21,12.100441
19:21:22,12.1141424
19:21:23,11.9715033
19:21:24,11.9775572
19:21:25,11.95972
19:21:26,11.8158283
19:21:27,12.039732
19:21:28,12.0199757
19:21:29,11.7587
19:21:30,11.9301214
19:21:31,11.843173
19:21:32,11.8874331
19:21:33,11.85832
19:21:34,11.8097334
19:21:35,12.26946
19:21:36,11.9754791
19:21:37,11.9261293
19:21:38,12.0121861
19:21:39,11.9311686
19:21:40,12.1684475
19:21:41,11.8792753
19:21:42,11.752552
19:21:43,11.9465637
19:21:44,12.2225666
19:21:45,11.9645576
19:21:46,12.2511883
19:21:47,11.9544373
19:21:48,12.2298851
19:21:49,11.9457712
19:21:50,11.7793932
19:21:51,11.8872423
19:21:52,11.6577
19:21:53,12.5458088
19:21:54,11.9280624
19:21:55,12.2799606
19:21:56,12.0022354
19:21:57,12.0207844
19:21:58,12.1099262
19:21:59,11.9669695
19:22:00,12.25095
19:22:01,11.89683
19:22:02,12.0110016
19:22:03,12.2212238
19:22:04,12.1610594
19:22:05,12.2398148
19:22:06,12.3805151
19:22:07,11.9406748
19:22:08,12.2053547
19:22:09,12.02983
19:22:10,12.2921276
19:22:11,12.1029692
19:22:12,11.9660358
19:22:13,12.1758232
19:22:14,12.0526981
19:22:15,12.0769
19:22:16,12.0955658
19:22:17,12.0150795
19:22:18,12.0616007
19:22:19,12.0266037
19:22:20,12.2480574
19:22:21,12.0345144
19:22:22,12.34564
19:22:23,12.2722168
19:22:24,12.0468483
19:22:25,12.1401882
19:22:26,12.367981
19:22:27,12.1458235
19:22:28,11.7861395
19:22:29,12.1522894
19:22:30,11.8911839
19:22:31,12.00986
19:22:32,12.2034388
19:22:33,11.9297
19:22:34,12.2146788
19:22:35,11.7699671
19:22:36,11.8025322
19:22:37,11.959075
19:22:38,11.9616451
19:22:39,12.1100807
19:22:40,12.0042849
19:22:41,12.0114851
19:22:42,12.1988916
19:22:43,12.0769768
19:22:44,12.0348272
19:22:45,11.8293228
19:22:46,11.6628666
19:22:47,12.0970917
19:22:48,11.9077959
19:22:49,11.9548092
19:22:50,12.0553122
19:22:51,12.1466084
19:22:52,11.9682426
19:22:53,11.8968658
19:22:54,12.1446991
19:22:55,12.0937262
19:22:56,12.1880035
19:22:57,11.7689657
19:22:58,11.9211082
19:22:59,12.4131556
19:23:00,12.0082865
19:23:01,12.1700506
19:23:02,11.8686533
19:23:03,12.069314
19:23:04,12.0146875
19:23:05,12.0055857
19:23:06,12.1797552
19:23:07,11.9164963
19:23:08,12.0198984
19:23:09,12.1454258
19:23:10,12.1171522
19:23:11,12.0635252
19:23:12,12.3175955
19:23:13,11.9412174
19:23:14,12.0607729
19:23:15,12.2557812
19:23:16,11.89839
19:23:17,12.0847225
19:23:18,11.9098587
19:23:19,11.6532116
19:23:20,12.0127468
19:23:21,11.92723
19:23:22,11.7036219
19:23:23,12.1869707
19:23:24,12.0706053
19:23:25,12.0920191
19:23:26,11.67401
19:23:27,11.8215857
19:23:28,12.00812
19:23:29,12.00838
19:23:30,11.9407139
19:23:31,12.0234041
19:23:32,12.0295067
19:23:33,12.0167446
19:23:34,12.1524382
19:23:35,11.8210478
19:23:36,12.2734537
19:23:37,12.1658955
19:23:38,12.0576649
19:23:39,12.2230816
19:23:40,11.8006516
19:23:41,11.9778109
19:23:42,11.9605513
19:23:43,12.179143
19:23:44,11.7757425
19:23:45,11.9704018
19:23:46,12.1293068
19:23:47,11.8769875
19:23:48,12.0244942
19:23:49,12.1437464
19:23:50,12.0632954
19:23:51,11.90601
19:23:52,11.9529047
19:23:53,12.02966
19:23:54,12.0050268
19:23:55,11.9219751
19:23:56,12.116231
19:23:57,12.2266417
19:23:58,12.0766191
19:23:59,12.176446
19:24:00,11.8581276
19:24:01,11.8046045
19:24:02,12.0141182
19:24:03,11.877696
19:24:04,11.9159
19:24:05,11.8054819
19:24:06,12.1783495
19:24:07,12.0717173
19:24:08,12.0722618
19:24:09,12.0726471
19:24:10,12.1386776
19:24:11,11.9226351
19:24:12,11.9418058
19:24:13,11.9965143
19:24:14,11.8451424
19:24:15,12.1231995
19:24:16,11.9423437
19:24:17,12.058054
19:24:18,11.92993
19:24:19,11.9257069
19:24:20,11.981226
19:24:21,11.97304
19:24:22,12.1201735
19:24:23,12.3750525
19:24:24,12.0017824
19:24:25,12.0074978
19:24:26,12.0289
19:24:27,12.0033083
19:24:28,11.9528379
19:24:29,11.874671
19:24:30,12.0912123
19:24:31,11.9509258
19:24:32,11.720952
19:24:33,12.070569
19:24:34,12.0648584
19:24:35,12.0268059
19:24:36,12.0723658
19:24:37,12.0892792
19:24:38,12.013793
19:24:39,12.0931149
19:24:40,12.359705
19:24:41,12.0359
19:24:42,11.9309282
19:24:43,11.905756
19:24:44,11.6715059
19:24:45,12.2904892
19:24:46,12.0504513
19:24:47,11.935133
19:24:48,11.9449911
19:24:49,12.0005007
19:24:50,11.734395
19:24:51,11.9964695
19:24:52,11.8137026
19:24:53,12.0908546
19:24:54,11.9871264
19:24:55,12.0597992
19:24:56,11.8887367
19:24:57,12.1482849
19:24:58,12.2152081
19:24:59,11.9688406
19:25:00,11.8321724
19:25:01,12.228528
19:25:02,11.997467
19:25:03,11.815361
19:25:04,12.0717411
19:25:05,12.1378965
19:25:06,11.78138
19:25:07,11.9099073
19:25:08,12.2217588
19:25:09,11.9153852
19:25:10,11.8801928
19:25:11,12.2349892
19:25:12,11.64778
19:25:13,12.1311932
19:25:14,11.8377247
19:25:15,11.9654074
19:25:16,11.9889784
19:25:17,12.2066174
19:25:18,12.1104269
19:25:19,12.1678686
19:25:20,12.35433
19:25:21,12.035676
19:25:22,11.9869547
19:25:23,12.3158073
19:25:24,12.3493805
19:25:25,12.0567656
19:25:26,12.0062466
19:25:27,11.7336817
19:25:28,12.0568943
19:25:29,12.0190868
19:25:30,12.058917
19:25:31,11.9545565
19:25:32,12.3022022
19:25:33,12.1916237
19:25:34,12.2883024
19:25:35,12.0716457
19:25:36,11.9059572
19:25:37,11.93507
19:25:38,12.0635052
19:25:39,11.969101
19:25:40,11.7969637
19:25:41,12.1576052
19:25:42,12.0946016
19:25:43,11.9982414
19:25:44,11.660984
19:25:45,11.8191233
19:25:46,11.8588028
19:25:47,11.9087858
19:25:48,12.0865221
19:25:49,12.029171
19:25:50,12.06584
19:25:51,11.9979239
19:25:52,12.2771635
19:25:53,11.6602554
19:25:54,11.90458
19:25:55,11.9330664
19:25:56,12.0885811
19:25:57,11.8072548
19:25:58,11.9722967
19:25:59,11.83862
19:26:00,12.1361895
19:26:01,11.84853
19:26:02,12.0267286
19:26:03,11.8543968
19:26:04,11.8940868
19:26:05,11.9087582
19:26:06,12.1340408
19:26:07,12.0688381
19:26:08,11.7871294
19:26:09,11.6034985
19:26:10,12.16254
19:26:11,11.7350721
19:26:12,12.3462267
19:26:13,11.8372011
19:26:14,12.3901014
19:26:15,11.4635544
19:26:16,9.968096
19:26:17,13.807085
19:26:18,13.7446184
19:26:19,11.9695406
19:26:20,12.00495
19:26:21,12.16791
19:26:22,11.9492245
19:26:23,11.8954382
19:26:24,12.0083065
19:26:25,12.4487743
19:26:26,12.1202288
19:26:27,12.2020483
19:26:28,12.0113506
19:26:29,11.9565811
19:26:30,11.8944445
19:26:32,11.9482479
19:26:33,12.014183
19:26:34,11.9726067
19:26:35,11.9703045
19:26:36,12.0526819
19:26:37,11.704608
19:26:38,12.0464964
19:26:39,12.0972471
19:26:40,11.9689646
19:26:41,12.1368713
19:26:42,11.8893986
19:26:43,12.002718
19:26:44,12.1061926
19:26:45,12.07289
19:26:46,12.1424513
19:26:47,11.8297443
19:26:48,11.8766928
19:26:49,12.0268993
19:26:50,12.0224581
19:26:51,12.1606827
19:26:52,11.936552
19:26:53,12.1810274
19:26:54,12.0113277
19:26:55,12.2654839
19:26:56,12.2464561
19:26:57,12.0342321
19:26:58,12.0514545
19:26:59,12.0446539
19:27:00,12.4651747
19:27:01,11.6207886
19:27:02,11.936842
19:27:03,12.0115576
19:27:04,12.07224
19:27:05,12.1157465
19:27:06,11.8613567
19:27:07,12.11936
19:27:08,12.0421381
19:27:09,11.900219
19:27:10,11.9259138
19:27:11,12.0726538
19:27:12,11.9839544
19:27:13,11.8671007
19:27:14,12.1709585
19:27:15,11.9294853
19:27:16,11.9325724
19:27:17,12.0596027
19:27:18,12.0516539
19:27:19,12.1911077
19:27:20,12.2017393
19:27:21,12.0032482
19:27:22,12.0622082
19:27:23,11.97319
19:27:24,12.02319
19:27:25,12.0875387
19:27:26,11.6750288
19:27:27,11.9121571
19:27:28,12.251174
19:27:29,12.0311089
19:27:30,11.9607754
19:27:32,11.8469868
19:27:33,12.0110321
19:27:34,12.189456
19:27:35,12.0321007
19:27:36,12.0644541
19:27:37,11.8615894
19:27:38,12.1072121
19:27:39,11.9907866
19:27:40,11.9654989
19:27:41,11.968709
19:27:42,12.1624413
19:27:43,12.0330334
19:27:44,11.8883762
19:27:45,12.0976448
19:27:46,12.0907288
19:27:47,12.2524347
19:27:48,11.8261833
19:27:49,12.2606239
19:27:50,12.1357222
19:27:51,11.9670534
19:27:52,11.9982052
19:27:53,12.0587883
19:27:54,12.00332
19:27:55,12.1426268
19:27:56,11.7772112
19:27:57,11.8757944
19:27:58,12.0169144
19:27:59,11.9675732
19:28:00,12.17771
19:28:01,12.2247314
19:28:02,12.3458252
19:28:03,11.9266357
19:28:04,11.9898729
19:28:05,11.8620243
19:28:06,12.1592894
19:28:07,11.9601183
19:28:08,12.2227249
19:28:09,12.0571642
19:28:10,11.7259512
19:28:11,12.1224241
19:28:13,12.1062384
19:28:14,12.0775032
19:28:15,11.8545647
19:28:16,12.0468884
19:28:17,12.0681305
19:28:18,11.9782009
19:28:19,12.0745592
19:28:20,12.1816292
19:28:21,12.052824
19:28:22,12.1768551
19:28:23,12.0647259
19:28:24,12.214282
19:28:25,12.3792944
19:28:26,11.524703
19:28:27,11.80009
19:28:28,12.0842218
19:28:29,11.7612047
19:28:30,11.7960138
19:28:31,12.242569
19:28:32,11.850028
19:28:33,12.2620506
19:28:35,11.7820187
19:28:36,11.9380608
19:28:37,12.1118755
19:28:38,12.020524
19:28:39,11.8794785
19:28:40,12.1546154
19:28:41,11.9773235
19:28:42,11.7676582
19:28:43,11.7723837
19:28:44,11.8785276
19:28:45,11.965271
19:28:46,11.9076662
19:28:47,12.0221176
19:28:48,12.1624136
19:28:49,12.1392365
19:28:50,12.2530861
19:28:51,11.9867678
19:28:52,12.0844717
19:28:53,12.0127192
19:28:54,12.0492449
19:28:55,11.8470325
19:28:56,11.9541674
19:28:57,12.0632744
19:28:58,11.9115934
19:28:59,12.153841
19:29:00,11.8339682
19:29:01,12.0910683
19:29:02,11.9063406
19:29:03,12.0427723
19:29:04,12.0849571
19:29:05,12.1377621
19:29:06,11.8456917
19:29:07,11.8210754
19:29:08,12.087842
19:29:09,12.0264826
19:29:10,11.9496117
19:29:11,12.3172779
19:29:12,12.07945
19:29:13,11.8135824
19:29:14,11.8170471
19:29:15,12.0517244
19:29:16,12.2111712
19:29:17,12.0884933
19:29:18,12.1157188
19:29:19,11.88379
19:29:20,12.2492046
19:29:21,11.7447195
19:29:22,12.0297441
19:29:23,11.9704256
19:29:24,11.8662634
19:29:25,12.2311506
19:29:26,12.13554
19:29:27,12.1284676
19:29:28,12.0257874
19:29:29,12.0012331
19:29:30,12.119935
19:29:31,12.0433254
19:29:32,11.7732849
19:29:33,11.96053
19:29:34,12.0816422
19:29:35,12.0022593
19:29:36,12.0383072
19:29:37,11.8848848
19:29:38,11.9133034
19:29:39,11.7775316
19:29:40,12.1523428
19:29:41,12.2092562
19:29:42,11.9985161
19:29:43,12.1714811
19:29:44,12.0215387
19:29:45,11.9493027
19:29:46,11.8254738
19:29:47,11.9935808
19:29:48,11.9620857
19:29:49,11.8397741
19:29:50,11.9281378
19:29:51,11.9512186
19:29:52,12.0265093
19:29:53,11.9851351
19:29:54,12.1390972
19:29:55,11.9426432
19:29:56,11.9804707
19:29:57,11.8279924
19:29:58,11.9362154
19:29:59,12.0753708
19:30:00,11.9857445
19:30:01,12.27374
19:30:02,11.9161625
19:30:03,11.5795956
19:30:04,11.81997
19:30:05,11.7552681
19:30:06,12.2430668
19:30:07,11.8577852
19:30:08,12.0329638
19:30:09,12.0027752
19:30:10,11.9025879
19:30:11,11.9030924
19:30:12,12.1024685
19:30:13,12.1854992
19:30:14,11.6869507
19:30:15,12.4337921
19:30:16,11.9580727
19:30:17,11.8595829
19:30:18,12.1006374
19:30:19,11.792593
19:30:20,11.9117785
19:30:21,11.8042784
19:30:22,11.9321232
19:30:23,11.7222481
19:30:24,12.012085
19:30:25,12.0799789
19:30:26,12.0362167
19:30:27,11.954
19:30:28,12.2942715
19:30:29,11.8687172
19:30:30,12.0012636
19:30:31,12.1456242
19:30:32,12.0096045
19:30:33,12.0857868
19:30:34,12.2696848
19:30:35,12.2003021
19:30:36,12.1688061
19:30:37,12.0248365
19:30:38,12.0807619
19:30:39,12.2117538
19:30:40,12.1265039
19:30:41,11.8770666
19:30:42,11.8524437
19:30:43,11.31514
19:30:44,12.324687
19:30:45,12.0852118
19:30:46,12.2226639
19:30:47,12.1499491
19:30:48,12.0075712
19:30:49,12.153245
19:30:50,11.9691916
19:30:51,11.9403343
19:30:52,12.0850582
19:30:53,12.1960306
19:30:54,12.0115623
19:30:55,11.9352674
19:30:56,11.9597559
19:30:57,11.8489523
19:30:58,12.04532
19:30:59,12.3371525
19:31:00,11.8435678
19:31:01,12.1397152
19:31:02,11.9797792
19:31:03,12.1602974
19:31:04,12.265275
19:31:05,12.1294641
19:31:06,11.8924522
19:31:07,12.0162468
19:31:08,12.278019
19:31:09,11.9673119
19:31:10,11.9519224
19:31:11,12.0142632
19:31:12,12.0432491
19:31:13,11.9477339
19:31:14,12.0250511
19:31:15,12.296999
19:31:16,11.6951323
19:31:17,11.9076977
19:31:18,12.0682955
19:31:19,11.8401947
19:31:20,12.2143126
19:31:21,11.7205877
19:31:22,12.1458473
19:31:23,12.3145485
19:31:24,12.0564337
19:31:25,12.06878
19:31:26,12.0974436
19:31:27,11.9165621
19:31:28,12.2755289
19:31:29,11.7981386
19:31:30,11.826335
19:31:31,12.0716953
19:31:32,12.1245174
19:31:33,12.0763063
19:31:34,12.3169966
19:31:35,12.0922709
19:31:36,12.3241844
19:31:37,11.9018888
19:31:38,12.1211481
19:31:39,11.883791
19:31:40,12.1824961
19:31:41,11.9847307
19:31:42,12.020071
19:31:43,12.0580654
19:31:44,12.0764923
19:31:45,12.0389442
19:31:46,12.3211946
19:31:47,11.8581018
19:31:48,12.1786289
19:31:49,12.1560707
19:31:50,11.8365059
19:31:51,11.7858782
19:31:52,11.9518623
19:31:53,12.2001162
19:31:54,12.1378794
19:31:55,12.15433
19:31:56,11.8632116
19:31:57,11.6562872
19:31:58,12.0890217
19:31:59,12.1027384
19:32:00,11.9885378
19:32:01,12.1505356
19:32:02,12.1734266
19:32:03,11.8571434
19:32:04,12.0499144
19:32:05,11.7062
19:32:06,12.3086643
19:32:07,11.82705
19:32:08,11.8090324
19:32:09,12.1038828
19:32:10,11.836956
19:32:11,12.1819782
19:32:12,12.0974636
19:32:13,12.2478771
19:32:14,11.9832869
19:32:15,12.1659393
19:32:16,12.0710831
19:32:17,12.1042261
19:32:18,11.786562
19:32:19,11.8740883
19:32:20,12.0732994
19:32:21,12.0216255
19:32:22,12.1293383
19:32:23,12.0508509
19:32:24,11.8012733
19:32:25,12.18414
19:32:26,11.7442932
19:32:27,12.00845
19:32:28,12.0475
19:32:29,12.072298
19:32:30,11.9407253
19:32:31,11.982378
19:32:32,11.9354706
19:32:33,11.9363966
19:32:34,12.314002
19:32:35,11.8516216
19:32:36,11.9172306
19:32:37,11.899003
19:32:38,12.1681318
19:32:39,12.0762882
19:32:40,11.8578272
19:32:41,12.324749
19:32:42,12.1902914
19:32:43,11.8951359
19:32:44,11.8255377
19:32:45,11.9114895
19:32:46,11.7885437
19:32:47,12.1739235
19:32:48,12.1897287
19:32:49,11.9305735
19:32:50,12.1471062
19:32:51,11.9614944
19:32:52,12.2602615
19:32:53,12.21453
19:32:54,12.2581892
19:32:55,12.0167522
19:32:56,12.1668186
19:32:57,12.2452784
19:32:58,11.9841642
19:32:59,11.9660463
19:33:00,11.6016512
19:33:01,11.82943
19:33:02,11.9892073
19:33:03,11.9587717
19:33:04,12.2511063
19:33:05,12.0089884
19:33:06,12.1470022
19:33:07,12.0649137
19:33:08,11.9585991
19:33:09,12.3232975
19:33:10,12.6267328
19:33:11,12.2805758
19:33:12,12.1882315
19:33:13,12.2433491
19:33:14,12.1094389
19:33:15,11.74788
19:33:16,11.9641018
19:33:17,11.65738
19:33:18,11.946846
19:33:19,11.8052921
19:33:20,12.0638065
19:33:21,12.2190981
19:33:22,12.0268211
19:33:23,12.2392235
19:33:24,11.8579254
19:33:25,11.9763994
19:33:26,11.8196144
19:33:27,11.8850174
19:33:28,11.9534693
19:33:29,12.1072273
19:33:30,11.79421
19:33:31,11.9410019
19:33:32,11.8428507
19:33:33,12.0167933
19:33:34,11.889451
19:33:35,12.0431738
19:33:36,12.0903645
19:33:37,12.1191206
19:33:38,11.9529934
19:33:39,11.855504
19:33:40,12.0814056
19:33:41,11.7012157
19:33:42,12.0336246
19:33:43,12.2191143
19:33:44,11.9124107
19:33:45,11.8992138
19:33:46,12.1386185
19:33:47,11.9820662
19:33:48,11.8650045
19:33:49,12.3294563
19:33:50,12.0131779
19:33:51,11.9807014
19:33:52,11.9890833
19:33:53,12.0141525
19:33:54,12.1676235
19:33:55,11.71164
19:33:56,12.0213652
19:33:57,12.0699043
19:33:58,11.8539467
19:33:59,11.8425112
19:34:00,12.2326021
19:34:01,12.1230278
19:34:02,11.6025505
19:34:03,11.7879095
19:34:04,12.5546026
19:34:05,11.6694288
19:34:06,11.663537
19:34:07,12.3965321
19:34:08,11.9823351
19:34:09,11.892827
19:34:10,11.6697435
19:34:11,12.5283165
19:34:12,12.0165548
19:34:13,11.99349
19:34:14,11.9816475
19:34:15,11.4757223
19:34:16,12.177557
19:34:17,11.9936733
19:34:18,11.9314537
19:34:19,12.0564451
19:34:20,12.0975418
19:34:21,12.2723436
19:34:22,12.1117458
19:34:23,11.8433886
19:34:24,12.1766834
19:34:25,11.8938007
19:34:26,11.9211493
19:34:27,12.3477564
19:34:28,12.0407171
19:34:29,11.8700218
19:34:30,12.1330891
19:34:32,12.0218477
19:34:33,11.6103306
19:34:34,11.7571983
19:34:35,12.3812418
19:34:36,12.0441227
19:34:37,12.1940975
19:34:38,11.95275
19:34:39,12.1112862
19:34:40,11.8693142
19:34:41,12.1418476
19:34:42,12.2448225
19:34:43,12.0792637
19:34:44,12.0852585
19:34:45,12.4252691
19:34:46,12.1786575
19:34:47,12.2915554
19:34:48,11.90484
19:34:49,11.7944059
19:34:50,12.0443611
19:34:51,12.08307
19:34:52,11.8138371
19:34:53,11.8518724
19:34:54,11.8409224
19:34:55,11.8380985
19:34:56,11.9583435
19:34:57,12.2428646
19:34:58,12.1165848
19:34:59,11.8878374
19:35:00,12.4489517
19:35:01,11.5789156
19:35:02,11.9023333
19:35:03,11.9709263
19:35:04,11.9714823
19:35:06,12.0082417
19:35:08,12.1640606
19:35:10,12.0475178
19:35:11,12.2562447
19:35:13,11.9282866
19:35:14,12.23543
19:35:15,12.0715122
19:35:16,11.8345251
19:35:17,12.0472841
19:35:18,12.3055763
19:35:19,11.6561279
19:35:20,12.1871243
19:35:21,11.9710979
19:35:22,11.8897295
19:35:23,12.1218309
19:35:24,12.1483879
19:35:25,11.9109287
19:35:26,12.1006174
19:35:27,12.1759787
19:35:28,11.8795328
19:35:29,11.8969812
19:35:30,12.1782637
19:35:31,11.8349953
19:35:32,12.39905
19:35:33,11.7312784
19:35:34,11.8538513
19:35:35,11.9011478
19:35:36,11.977706
19:35:37,12.0439653
19:35:38,12.2825441
19:35:39,12.383378
19:35:40,12.0080671
19:35:41,11.690382
19:35:42,12.0867853
19:35:43,11.8781557
19:35:44,12.0816832
19:35:45,12.3748055
19:35:46,11.8771753
19:35:47,11.9726391
19:35:48,11.8824844
19:35:49,12.0139561
19:35:50,11.783864
19:35:51,12.0114031
19:35:52,12.2382412
19:35:53,11.9863873
19:35:54,12.0507765
19:35:55,12.05844
19:35:56,12.0669155
19:35:57,12.1077919
19:35:58,11.9347906
19:35:59,12.0401173
19:36:00,11.9321012
19:36:01,11.8524065
19:36:02,12.2237415
19:36:03,11.899024
19:36:04,12.31905
19:36:05,11.6153641
19:36:06,12.2354288
19:36:07,12.02495
19:36:08,12.1986856
19:36:09,11.7222261
19:36:10,12.154562
19:36:11,12.00991
19:36:12,12.1731434
19:36:13,11.8427267
19:36:14,11.9807711
19:36:15,11.9417467
19:36:16,11.8848076
19:36:17,12.0157471
19:36:18,11.9819756
19:36:19,12.0930166
19:36:20,11.9204264
19:36:21,11.9628057
19:36:22,11.9736233
19:36:23,11.902627
19:36:24,12.000927
19:36:25,12.1138821
19:36:26,11.9815826
19:36:27,12.0734015
19:36:28,12.0383854
19:36:29,12.2510128
19:36:30,11.8740492
19:36:31,12.0229149
19:36:32,11.717617
19:36:33,11.973526
19:36:34,11.7155476
19:36:35,12.3600492
19:36:36,11.1984224
19:36:37,12.536972
19:36:38,11.9027529
19:36:39,11.9947872
19:36:40,12.1397018
19:36:41,11.9458876
19:36:42,12.3216047
19:36:43,11.9549475
19:36:44,12.0101442
19:36:45,12.1988106
19:36:46,12.1060619
19:36:47,12.1642847
19:36:48,12.0180368
19:36:49,12.0070944
19:36:50,12.0191574
19:36:51,12.0159864
19:36:52,12.1548138
19:36:53,11.8246355
19:36:54,11.924859
19:36:55,12.0197039
19:36:56,11.79615
19:36:57,11.9240437
19:36:58,11.8791742
19:36:59,12.1332207
19:37:00,12.4637194
19:37:01,11.7794647
19:37:02,12.1605949
19:37:03,12.1351519
19:37:04,11.8785248
19:37:05,11.9794769
19:37:06,12.09031
19:37:07,12.0948324
19:37:08,12.0743446
19:37:09,12.145277
19:37:10,11.834959
19:37:11,12.0924482
19:37:12,11.9274645
19:37:13,12.1750507
19:37:14,11.9406748
19:37:15,11.9444876
19:37:16,12.1280384
19:37:17,12.0935163
19:37:18,11.9404478
19:37:19,12.2733135
19:37:20,11.8456087
19:37:21,12.0271425
19:37:22,11.8948269
19:37:23,12.0963726
19:37:24,11.9606047
19:37:25,11.8619089
19:37:26,11.9814253
19:37:27,12.0920391
19:37:28,11.8547382
19:37:29,12.0687828
19:37:30,12.076685
19:37:31,11.9412785
19:37:32,12.0654469
19:37:33,12.2826853
19:37:34,12.0213661
19:37:35,11.7260056
19:37:36,12.0189047
19:37:37,11.8633423
19:37:38,11.9534025
19:37:39,12.1814966
19:37:40,11.6591263
19:37:41,12.003397
19:37:42,12.2175379
19:37:43,12.1592312
19:37:44,11.9336147
19:37:45,12.1374359
19:37:46,11.9848757
19:37:47,12.4153414
19:37:48,12.15563
19:37:49,12.22785
19:37:50,12.1944828
19:37:51,11.6982555
19:37:52,12.0686188
19:37:53,11.96597
19:37:54,11.9998732
19:37:55,12.1841211
19:37:56,11.8700542
19:37:57,12.0587072
19:37:58,11.9746275
19:37:59,11.9560242
19:38:00,11.7409134
19:38:01,11.8596258
19:38:02,12.069643
19:38:03,12.1058006
19:38:04,11.9029665
19:38:05,11.8072319
19:38:06,12.1141272
19:38:07,12.1037712
19:38:08,12.1973877
19:38:09,12.2572308
19:38:10,12.1612186
19:38:11,11.7924719
19:38:12,12.1865005
19:38:13,11.7847185
19:38:14,12.0858593
19:38:15,12.5535288
19:38:16,11.9853878
19:38:17,11.7160635
19:38:18,12.0958185
19:38:19,12.294198
19:38:20,11.7631416
19:38:21,12.2970476
19:38:22,12.1783466
19:38:23,11.783905
19:38:24,11.9941511
19:38:25,11.8025007
19:38:26,11.7895012
19:38:27,12.2626038
19:38:28,12.01951
19:38:29,12.1339264
19:38:30,12.0047474
19:38:31,12.1350832
19:38:32,12.0357771
19:38:33,12.00452
19:38:34,12.3013163
19:38:35,11.9076633
19:38:36,12.0324621
19:38:37,12.005393
19:38:38,12.01171
19:38:39,11.9963322
19:38:40,11.8065052
19:38:41,12.09492
19:38:42,11.6169262
19:38:43,11.8882608
19:38:44,11.9124374
19:38:45,12.0060062
19:38:46,12.0415
19:38:47,12.26635
19:38:48,11.92212
19:38:49,12.1617537
19:38:50,12.2258224
19:38:51,11.8503647
19:38:52,12.262723
19:38:53,12.378705
19:38:54,12.02178
19:38:55,11.9725409
19:38:56,11.870285
19:38:57,11.9602232
19:38:58,12.2733574
19:38:59,12.1780815
19:39:00,11.9409657
19:39:01,12.1507473
19:39:02,12.004859
19:39:03,11.8880243
19:39:04,11.90965
19:39:05,12.1838436
19:39:06,12.07776
19:39:07,11.9234581
19:39:08,12.0618277
19:39:09,12.0938673
19:39:10,11.9584427
19:39:11,12.2162952
19:39:12,11.954978
19:39:13,11.7767591
19:39:14,12.2610807
19:39:15,11.9773979
19:39:16,12.2500525
19:39:17,11.8618069
19:39:18,11.8798275
19:39:19,11.996314
19:39:20,11.9372044
19:39:21,11.8248558
19:39:22,11.8167048
19:39:23,12.0511541
19:39:24,12.2617369
19:39:25,11.8149977
19:39:26,12.2959433
19:39:27,12.3021164
19:39:28,11.9313641
19:39:29,11.91906
19:39:30,11.8444853
19:39:31,12.5939732
19:39:32,11.8076067
19:39:33,12.3114939
19:39:34,12.0139437
19:39:35,12.0619688
19:39:36,11.9127607
19:39:37,12.01605
19:39:38,11.8128691
19:39:39,12.0459538
19:39:40,12.1917906
19:39:41,11.8409977
19:39:42,12.0582056
19:39:43,11.9255352
19:39:44,11.919549
19:39:45,12.173975
19:39:46,12.1076488
19:39:47,12.1759577
19:39:48,12.06355
19:39:49,11.8541994
19:39:50,12.014
19:39:51,11.829339
19:39:52,12.16133
19:39:53,11.9365587
19:39:54,11.8789663
19:39:55,12.0560932
19:39:56,12.2533016
19:39:57,11.9946766
19:39:58,12.1253653
19:39:59,12.0373631
19:40:00,11.7144222
19:40:01,11.9280071
19:40:02,12.1799631
19:40:03,11.9469023
19:40:04,12.04529
19:40:05,12.0949278
19:40:06,11.7236128
19:40:07,12.1399269
19:40:08,12.2763758
19:40:09,12.417449
19:40:10,12.3118267
19:40:11,12.1937914
19:40:12,11.61026
19:40:13,12.0351868
19:40:14,12.1450176
19:40:15,11.858716
19:40:16,11.850502
19:40:17,11.9579706
19:40:18,11.93269
19:40:19,11.9369144
19:40:20,12.1699486
19:40:21,12.1552076
19:40:22,12.000638
19:40:23,12.1099586
19:40:24,12.02133
19:40:25,12.1492424
19:40:26,11.8028078
19:40:27,12.052372
19:40:28,11.9967489
19:40:29,12.0712452
19:40:30,12.1196651
19:40:31,12.283247
19:40:32,11.9171276
19:40:33,12.1560707
19:40:34,11.9026518
19:40:35,12.0602751
19:40:36,12.1065617
19:40:37,12.1196718
19:40:38,11.9969349
19:40:39,12.0450554
19:40:40,12.2643452
19:40:41,11.89602
19:40:42,12.1163855
19:40:43,12.1324368
19:40:44,11.9449358
19:40:45,12.0472488
19:40:46,12.09507
19:40:47,11.9315557
19:40:48,12.0301771
19:40:49,12.0547619
19:40:50,11.7554255
19:40:51,12.1229677
19:40:52,12.0391579
19:40:53,12.1358881
19:40:54,11.860055
19:40:55,11.8644648
19:40:56,12.2191944
19:40:57,12.0023375
19:40:58,12.1439142
19:40:59,11.9370193
19:41:00,12.0338383
19:41:01,11.8384962
19:41:02,12.1712084
19:41:03,11.8924618
19:41:04,11.9954472
19:41:05,12.0099611
19:41:06,12.0132513
19:41:07,11.9990349
19:41:08,12.1154718
19:41:09,11.8749456
19:41:10,12.2494631
19:41:11,11.9522715
19:41:12,11.8334246
19:41:13,12.5106916
19:41:14,11.9973068
19:41:15,12.1421661
19:41:16,11.7825575
19:41:17,11.8605309
19:41:18,11.9985943
19:41:19,11.9753742
19:41:20,11.9907265
19:41:21,11.8919687
19:41:22,11.9324942
19:41:23,12.1251936
19:41:24,11.9667768
19:41:25,12.163394
19:41:26,11.797823
19:41:27,11.9601984
19:41:28,12.1507254
19:41:29,11.8400373
19:41:30,12.2180433
19:41:32,12.1322269
19:41:33,12.18773
19:41:34,11.8531256
19:41:35,11.8153877
19:41:36,12.1219873
19:41:37,11.9707479
19:41:38,12.2216349
19:41:39,12.0548916
19:41:40,12.5348635
19:41:41,11.9761677
19:41:42,12.2381344
19:41:43,12.1321478
19:41:44,12.0627527
19:41:45,11.9655056
19:41:46,12.2018442
19:41:47,12.0708218
19:41:48,11.9094515
19:41:49,11.828373
19:41:50,12.0596313
19:41:51,12.0435572
19:41:52,12.2056332
19:41:53,11.8182821
19:41:54,11.8330688
19:41:55,12.0584841
19:41:56,12.2076645
19:41:57,11.9892159
19:41:58,11.8120642
19:41:59,12.3673372
19:42:01,11.7470875
19:42:02,12.0206709
19:42:03,12.074461
19:42:04,12.1242971
19:42:05,11.9259214
19:42:06,12.0636873
19:42:08,12.0120554
19:42:09,12.2649851
19:42:11,12.0847034
19:42:12,12.0235825
19:42:13,12.170887
19:42:14,11.8224
19:42:16,11.7413864
19:42:17,12.0496845
19:42:18,12.064703
19:42:19,12.1698256
19:42:20,11.5494833
19:42:21,12.09488
19:42:22,11.8553829
19:42:23,12.0872746
19:42:24,12.388999
19:42:25,11.8267736
19:42:26,12.0528994
19:42:27,11.9271879
19:42:28,12.2044144
19:42:29,11.9787359
19:42:30,11.6438675
19:42:31,12.5850668
19:42:32,11.8394117
19:42:33,12.1681509
19:42:34,12.0106583
19:42:35,12.0955791
19:42:36,12.07594
19:42:37,11.6559143
19:42:38,12.2465267
19:42:39,11.9156055
19:42:40,12.0483408
19:42:41,11.85335
19:42:42,12.1552391
19:42:43,12.0049276
19:42:44,11.9972954
19:42:45,12.0663452
19:42:46,12.1231737
19:42:47,12.2146339
19:42:48,11.9172487
19:42:49,12.1980257
19:42:50,12.0893
19:42:51,12.2013817
19:42:52,11.84481
19:42:53,12.1369724
19:42:54,12.2767534
19:42:55,11.8581905
19:42:56,12.205369
19:42:57,12.1427975
19:42:58,12.28386
19:42:59,12.034996
19:43:00,11.7982121
19:43:01,12.0273933
19:43:02,12.0569468
19:43:03,12.039691
19:43:04,11.6914158
19:43:05,12.2066908
19:43:06,12.4254789
19:43:07,12.0525084
19:43:08,12.1672583
19:43:09,12.1881809
19:43:10,11.80008
19:43:11,12.3704195
19:43:12,12.129302
19:43:13,12.3128443
19:43:14,12.309576
19:43:15,12.1785154
19:43:16,11.7686977
19:43:17,11.96931
19:43:18,12.2496166
19:43:19,12.1549091
19:43:20,11.9424381
19:43:21,12.1235962
19:43:22,12.0130272
19:43:23,12.1682472
19:43:24,12.1224995
19:43:25,11.9933729
19:43:26,12.0132618
19:43:27,11.9265518
19:43:28,11.8323193
19:43:29,12.161623
19:43:30,12.0637245
19:43:31,12.1135607
19:43:32,12.0366774
19:43:33,11.8616705
19:43:34,11.8612194
19:43:35,12.31574
19:43:36,12.1267853
19:43:37,12.0384026
19:43:38,12.1970263
19:43:39,12.0893612
19:43:40,12.1658516
19:43:41,11.7236443
19:43:42,12.0186815
19:43:43,11.9526367
19:43:44,12.1328955
19:43:45,11.9863319
19:43:46,12.1242619
19:43:47,11.9050379
19:43:48,11.902194
19:43:49,12.0491848
19:43:50,11.9270725
19:43:51,12.14025
19:43:52,11.99607
19:43:53,11.8483353
19:43:54,11.9016361
19:43:55,12.2350254
19:43:56,12.2387648
19:43:57,11.7663555
19:43:58,11.7293167
19:43:59,11.95903
19:44:00,11.9617891
19:44:01,12.0591631
19:44:02,11.7562742
19:44:03,11.5154886
19:44:04,11.71586
19:44:05,12.1920595
19:44:06,11.8349161
19:44:07,12.1757936
19:44:08,12.0279074
19:44:09,12.1943283
19:44:10,11.6877384
19:44:11,12.095541
19:44:12,11.8118973
19:44:13,11.8097324
19:44:14,12.1265526
19:44:15,12.2922964
19:44:16,11.9141369
19:44:17,12.0970163
19:44:18,11.8883228
19:44:19,12.4511185
19:44:20,12.0515661
19:44:21,12.1074915
19:44:22,11.9701738
19:44:23,12.0061178
19:44:24,12.1412239
19:44:25,11.8943586
19:44:26,12.1096306
19:44:27,11.7610216
19:44:28,11.863903
19:44:29,12.003
19:44:30,11.95117
19:44:31,11.9250984
19:44:32,12.0361423
19:44:33,12.1717978
19:44:34,12.173008
19:44:35,12.0738592
19:44:36,12.0080547
19:44:37,11.8728094
19:44:38,12.03915
19:44:39,12.2637882
19:44:40,11.7606783
19:44:41,11.8708954
19:44:42,12.17452
19:44:43,11.9849434
19:44:44,12.201498
19:44:45,11.9432564
19:44:46,12.3619089
19:44:47,11.7366276
19:44:48,11.7088146
19:44:49,12.1510954
19:44:50,12.2338428
19:44:51,12.0867558
19:44:52,12.3831682
19:44:53,11.963275
19:44:54,11.9572706
19:44:55,12.087738
19:44:56,12.0588121
19:44:57,11.8959837
19:44:58,11.92004
19:44:59,12.2304735
19:45:00,12.2594538
19:45:01,11.8961716
19:45:02,11.7916975
19:45:03,12.0935221
19:45:04,11.8324261
19:45:05,11.9108257
19:45:06,11.9899273
19:45:07,11.9584732
19:45:08,12.2549095
19:45:09,12.0194178
19:45:10,12.1899281
19:45:11,12.1775951
19:45:12,11.6926193
19:45:13,12.0416546
19:45:14,11.8776722
19:45:15,11.9564352
19:45:16,11.7617226
19:45:17,12.0208025
19:45:18,11.9958677
19:45:19,11.9190693
19:45:20,12.0051575
19:45:21,12.0442524
19:45:22,12.0942593
19:45:23,12.1473618
19:45:24,11.9093637
19:45:25,12.2496052
19:45:26,12.116787
19:45:27,11.9878569
19:45:28,12.0641317
19:45:29,11.6577282
19:45:30,11.87718
19:45:31,12.127389
19:45:32,12.0112028
19:45:33,11.8241758
19:45:34,11.9156275
19:45:35,12.0616093
19:45:36,12.01584
19:45:37,12.1087294
19:45:38,11.7347355
19:45:39,12.384284
19:45:40,12.0092993
19:45:41,11.9250546
19:45:42,12.0228529
19:45:43,12.108943
19:45:44,12.11236
19:45:45,12.22939
19:45:46,11.8874607
19:45:47,11.97691
19:45:48,12.1107473
19:45:49,12.1418934
19:45:50,12.0653715
19:45:51,11.8231668
19:45:52,12.0537319
19:45:53,11.7690611
19:45:54,12.2452593
19:45:55,11.9089127
19:45:56,12.0093451
19:45:57,12.2277021
19:45:58,12.1957817
19:45:59,11.987422
19:46:00,11.7716179
19:46:01,11.9954109
19:46:02,12.1747179
19:46:03,11.9605246
19:46:04,11.9125929
19:46:05,11.8669691
19:46:06,12.16642
19:46:07,12.030612
19:46:08,11.9858856
19:46:09,12.1711588
19:46:10,11.92526
19:46:11,12.0793276
19:46:12,12.2434807
19:46:13,12.161334
19:46:14,11.930315
19:46:15,11.5290632
19:46:16,11.7683516
19:46:17,12.222538
19:46:18,12.2121067
19:46:19,11.9217033
19:46:20,11.9888592
19:46:21,12.0217314
19:46:22,12.2300444
19:46:23,11.8687105
19:46:24,12.2231541
19:46:25,12.01915
19:46:26,11.8914366
19:46:27,11.7803612
19:46:28,11.9648209
19:46:29,12.1704311
19:46:30,11.6030226
19:46:31,12.17584
19:46:32,11.9940548
19:46:33,12.0078688
19:46:34,12.2255888
19:46:35,12.3261633
19:46:36,12.1962175
19:46:37,12.08779
19:46:38,12.07464
19:46:39,12.1576385
19:46:40,11.90623
19:46:41,11.8477
19:46:42,12.1069422
19:46:43,11.897275
19:46:44,11.9675913
19:46:45,12.2456179
19:46:46,12.068758
19:46:47,12.0340109
19:46:48,11.80336
19:46:49,12.02058
19:46:50,12.0519276
19:46:51,12.156971
19:46:52,12.2439957
19:46:53,12.0964031
19:46:54,12.2911949
19:46:55,11.8212309
19:46:56,11.79403
19:46:57,12.024353
19:46:58,12.2867908
19:46:59,12.1117954
19:47:00,11.5666513
19:47:01,12.1817951
19:47:02,11.8753662
19:47:03,11.5962963
19:47:04,11.9740648
19:47:05,12.3193808
19:47:06,11.8925657
19:47:07,11.9530849
19:47:08,11.9296322
19:47:09,11.9755383
19:47:10,12.1155853
19:47:11,12.295332
19:47:12,11.9533558
19:47:13,11.5705357
19:47:14,12.3189039
19:47:15,12.0651188
19:47:16,12.1250019
19:47:17,11.94081
19:47:18,12.0879841
19:47:19,12.0231276
19:47:20,11.9930906
19:47:21,12.0322809
19:47:22,12.0183125
19:47:23,12.09153
19:47:24,12.2027035
19:47:25,12.1218987
19:47:26,11.7594862
19:47:27,12.0103769
19:47:28,11.9320412
19:47:29,11.9994545
19:47:30,12.0154133
19:47:31,12.1329432
19:47:33,12.1152563
19:47:34,12.2244577
19:47:35,11.9579258
19:47:36,11.9321718
19:47:37,12.1271009
19:47:38,12.2076244
19:47:39,12.0880909
19:47:40,12.2202244
19:47:41,11.8778734
19:47:42,11.7796926
19:47:43,12.1621742
19:47:44,11.7928343
19:47:45,12.1729841
19:47:46,11.8653994
19:47:47,11.8804665
19:47:48,11.8079853
19:47:49,12.3974142
19:47:50,11.9518108
19:47:51,11.7757053
19:47:52,12.1832142
19:47:53,12.0468073
19:47:54,12.0657063
19:47:55,12.186306
19:47:56,12.1348162
19:47:57,11.8024311
19:47:58,12.1669292
19:47:59,11.7636757
19:48:00,12.0600424
19:48:01,11.8607912
19:48:02,12.0117807
19:48:03,12.2582674
19:48:04,11.7977877
19:48:05,12.1163073
19:48:06,11.9197893
19:48:07,12.01514
19:48:08,11.8884172
19:48:09,11.8743086
19:48:10,12.0392742
19:48:11,11.7945166
19:48:12,12.2800608
19:48:13,11.7293863
19:48:14,12.0909643
19:48:15,11.9677372
19:48:16,12.1331882
19:48:17,12.0636892
19:48:18,12.2956705
19:48:19,11.8243771
19:48:20,12.2042589
19:48:21,12.163064
19:48:22,11.9225016
19:48:23,11.9604311
19:48:24,11.8615313
19:48:25,12.0666609
19:48:26,12.0787144
19:48:27,12.1489038
19:48:28,12.1709471
19:48:29,12.0236692
19:48:30,11.6487322
19:48:31,12.12296
19:48:32,12.21707
19:48:33,12.17904
19:48:34,11.8447523
19:48:35,11.95237
19:48:36,11.9445839
19:48:37,11.9352665
19:48:38,11.8631287
19:48:39,12.0371885
19:48:40,11.9928112
19:48:41,11.8953009
19:48:42,12.1812658
19:48:43,11.9665222
19:48:44,12.0940781
19:48:45,12.5152979
19:48:46,11.8820553
19:48:47,12.1120682
19:48:48,11.8281622
19:48:49,11.9054232
19:48:50,12.0441151
19:48:51,11.9112215
19:48:52,12.1915493
19:48:53,11.6917381
19:48:54,12.0102711
19:48:55,12.07323
19:48:56,12.015173
19:48:57,12.1908875
19:48:58,12.0491209
19:48:59,11.8939762
19:49:00,11.9576445
19:49:01,11.9955292
19:49:02,12.09077
19:49:03,11.9731379
19:49:04,11.9392176
19:49:05,12.0215206
19:49:06,12.2194567
19:49:07,11.9771938
19:49:08,11.7648563
19:49:09,11.8453941
19:49:10,12.1953316
19:49:11,11.9979353
19:49:12,12.0956583
19:49:13,11.9054995
19:49:14,12.1741838
19:49:15,12.0140095
19:49:16,12.1736975
19:49:17,11.7201319
19:49:18,12.0703726
19:49:19,12.1699686
19:49:20,12.2135506
19:49:21,11.8619022
19:49:22,11.9992142
19:49:23,11.9549675
19:49:24,11.8248072
19:49:25,12.1992464
19:49:26,11.9361954
19:49:27,12.10777
19:49:28,12.2596312
19:49:29,11.8518057
19:49:30,12.099226
19:49:32,11.8659563
19:49:33,12.1666374
19:49:34,12.17237
19:49:35,12.0379725
19:49:36,11.949295
19:49:37,11.8664064
19:49:38,12.2607126
19:49:39,12.1280518
19:49:40,11.8774223
19:49:41,12.2266407
19:49:42,12.0669565
19:49:43,12.1860142
19:49:44,12.0250921
19:49:45,12.0139637
19:49:46,12.3765259
19:49:48,11.8112955
19:49:49,11.8223667
19:49:50,11.9687195
19:49:51,12.09569
19:49:52,11.999279
19:49:53,11.453208
19:49:55,14.545723
19:49:56,13.8602419
19:49:57,12.135498
19:49:58,11.8573284
19:49:59,12.2023678
19:50:00,11.987421
19:50:01,12.3031139
19:50:02,11.7823038
19:50:03,12.1845474
19:50:04,11.9077005
19:50:05,11.7214909
19:50:06,11.7882471
19:50:07,12.0833292
19:50:08,12.0039425
19:50:09,11.8099365
19:50:10,12.0339384
19:50:11,12.0815668
19:50:12,11.9331474
19:50:13,11.450202
19:50:14,12.3212042
19:50:15,11.7951708
19:50:16,12.0907755
19:50:17,12.1077948
19:50:18,12.0662775
19:50:19,12.064003
19:50:20,12.1637354
19:50:21,12.0063314
19:50:22,12.2851877
19:50:23,11.6515665
19:50:24,12.098299
19:50:25,12.2558022
19:50:26,12.1109428
19:50:27,12.16138
19:50:28,12.2123394
19:50:29,11.5683079
19:50:30,11.9594784
19:50:31,12.1465139
19:50:32,12.0656929
19:50:33,12.0284758
19:50:34,11.7095251
19:50:35,11.758831
19:50:36,11.9450836
19:50:37,12.2771311
19:50:38,11.9450169
19:50:39,11.8831854
19:50:40,12.2529173
19:50:41,11.8780022
19:50:42,12.2474928
19:50:43,11.844902
19:50:44,11.9749146
19:50:45,12.1002913
19:50:46,11.9671688
19:50:47,11.8658352
19:50:48,12.0859728
19:50:49,12.142065
19:50:50,11.7640848
19:50:51,12.27314
19:50:52,11.9968462
19:50:53,12.0435886
19:50:54,12.3604574
19:50:55,11.71158
19:50:56,12.3026075
19:50:57,11.9419565
19:50:58,12.0458593
19:50:59,11.9932766
19:51:00,12.1437082
19:51:01,11.9119568
19:51:02,12.45395
19:51:03,11.9595327
19:51:04,12.0498543
19:51:05,11.9716558
19:51:06,11.9984055
19:51:07,12.228756
19:51:08,12.05986
19:51:09,11.9308147
19:51:10,12.0746326
19:51:11,11.99767
19:51:12,11.9874115
19:51:13,12.0264
19:51:14,11.993247
19:51:15,12.2188778
19:51:16,12.28203
19:51:17,12.1875391
19:51:18,12.0610952
19:51:19,11.9018908
19:51:20,12.3295116
19:51:21,11.832201
19:51:22,12.117013
19:51:23,12.0372534
19:51:24,12.2099056
19:51:25,12.0125885
19:51:26,11.9910984
19:51:27,12.1091909
19:51:28,12.20441
19:51:29,12.190073
19:51:30,12.0191078
19:51:31,11.9815083
19:51:32,11.7854395
19:51:33,11.9574032
19:51:34,11.7731695
19:51:35,12.1655283
19:51:36,12.2139091
19:51:37,12.2520723
19:51:38,11.8002434
19:51:39,11.8104315
19:51:40,11.8862534
19:51:41,12.11476
19:51:42,12.0651178
19:51:43,12.1543751
19:51:44,12.2758818
19:51:45,12.1075354
19:51:46,12.2194252
19:51:47,11.8799458
19:51:48,12.0257845
19:51:49,11.8317022
19:51:50,12.1095829
19:51:51,11.9406242
19:51:52,11.9842968
19:51:53,12.010231
19:51:54,12.1526375
19:51:55,11.8162212
19:51:56,12.0337658
19:51:57,11.8464069
19:51:58,12.235817
19:51:59,12.4640646
19:52:00,11.8145933
19:52:01,12.1050577
19:52:02,12.2200727
19:52:03,11.5567484
19:52:04,12.0729885
19:52:05,12.2372541
19:52:06,11.9370842
19:52:07,12.304327
19:52:08,11.9778519
19:52:09,12.2744236
19:52:10,12.018672
19:52:11,12.231782
19:52:12,12.103054
19:52:13,11.9200754
19:52:14,12.036994
19:52:15,12.3798723
19:52:16,12.0862007
19:52:17,12.2555847
19:52:18,12.2052937
19:52:19,11.688983
19:52:20,11.8562775
19:52:21,12.0669117
19:52:22,12.0475054
19:52:23,11.8983231
19:52:24,11.9544525
19:52:25,12.0521755
19:52:26,11.985405
19:52:27,11.9367561
19:52:28,12.0299778
19:52:29,11.8797588
19:52:30,12.0475836
19:52:31,11.8650789
19:52:32,12.2188826
19:52:33,12.4838505
19:52:34,11.9789324
19:52:35,12.1356726
19:52:36,12.1719761
19:52:37,11.9014921
19:52:38,11.8561077
19:52:39,12.170928
19:52:40,12.1457367
19:52:41,12.00926
19:52:42,11.8354712
19:52:43,12.2690516
19:52:44,11.8486862
19:52:45,12.158041
19:52:46,12.15007
19:52:47,12.1269245
19:52:48,11.9211569
19:52:49,11.9960451
19:52:50,11.9210386
19:52:51,12.2289171
19:52:52,12.16943
19:52:53,12.0361147
19:52:54,11.9054127
19:52:55,12.1139259
19:52:56,12.2662916
19:52:57,11.9069757
19:52:58,12.08249
19:52:59,12.0368967
19:53:00,11.9229822
19:53:01,12.2288771
19:53:02,11.8378487
19:53:03,12.01498
19:53:04,12.1870365
19:53:05,11.6771126
19:53:06,11.8819962
19:53:07,12.1074858
19:53:08,12.0071154
19:53:09,12.1349955
19:53:10,11.999527
19:53:11,12.1288862
19:53:12,11.7477064
19:53:13,12.0962877
19:53:14,12.0196714
19:53:15,12.04929
19:53:16,12.0761833
19:53:17,11.8910055
19:53:18,11.9601927
19:53:19,12.2048321
19:53:20,12.0158119
19:53:21,12.2168036
19:53:22,11.9013948
19:53:23,11.887187
19:53:24,12.1568193
19:53:25,12.1026955
19:53:26,11.9978218
19:53:27,11.8282423
19:53:28,12.0011349
19:53:29,12.0212641
19:53:30,11.9883852
19:53:31,11.9931755
19:53:33,12.1405
19:53:34,11.8806372
19:53:35,11.8772783
19:53:36,11.9789753
19:53:37,12.21394
19:53:38,11.8671875
19:53:39,12.1675425
19:53:40,12.11296
19:53:41,11.8206272
19:53:42,12.0384808
19:53:43,12.0707169
19:53:44,12.0284748
19:53:45,11.9007826
19:53:46,12.0882759
19:53:47,12.2932158
19:53:48,12.0524387
19:53:49,11.7891092
19:53:50,12.0523224
19:53:51,12.5083618
19:53:52,12.0950766
19:53:53,11.6412754
19:53:54,11.93126
19:53:55,12.0898294
19:53:56,12.3602114
19:53:57,11.9773521
19:53:58,11.7420645
19:53:59,12.1597652
19:54:00,11.8462534
19:54:01,11.903347
19:54:02,12.025671
19:54:03,11.6650915
19:54:04,11.8795376
19:54:05,12.1115875
19:54:06,12.1729307
19:54:07,11.9787512
19:54:08,11.8565464
19:54:09,12.0626163
19:54:10,11.8715925
19:54:11,12.0877533
19:54:12,12.1087027
19:54:13,12.0584354
19:54:14,12.1589642
19:54:15,12.1644688
19:54:16,11.9091473
19:54:17,12.1853352
19:54:18,12.0553255
19:54:19,12.3343925
19:54:20,12.186553
19:54:21,11.7429113
19:54:22,11.95537
19:54:23,12.1245861
19:54:24,11.92623
19:54:25,12.2688541
19:54:26,11.6292238
19:54:27,11.7706137
19:54:28,12.20855
19:54:29,12.05003
19:54:30,12.1275053
19:54:31,12.053175
19:54:32,12.083828
19:54:33,12.3078794
19:54:34,11.6706905
19:54:35,12.3658981
19:54:36,12.08195
19:54:37,11.8613853
19:54:38,12.91082
19:54:39,11.7002392
19:54:40,12.20587
19:54:41,12.0193405
19:54:42,12.2811766
19:54:43,12.5372114
19:54:44,11.8691149
19:54:45,11.9602041
19:54:46,12.005125
19:54:47,12.2250166
19:54:48,12.02273
19:54:49,11.718401
19:54:50,12.3535471
19:54:51,11.9177217
19:54:52,12.0810022
19:54:53,11.81286
19:54:54,11.9808159
19:54:55,11.9654932
19:54:56,11.9363575
19:54:57,12.0447769
19:54:58,12.0636063
19:54:59,12.0688257
19:55:00,12.0688934
19:55:01,12.031003
19:55:02,11.9844933
19:55:03,11.8986855
19:55:04,11.9182825
19:55:05,12.0019255
19:55:06,11.788106
19:55:07,12.1667528
19:55:08,11.9383764
19:55:09,12.0848446
19:55:10,12.055995
19:55:11,12.4527521
19:55:12,11.6838083
19:55:13,12.3092432
19:55:14,12.0698032
19:55:15,11.8956127
19:55:16,11.5227175
19:55:17,12.063983
19:55:18,12.2203531
19:55:19,12.1438246
19:55:20,12.1667624
19:55:21,12.0663414
19:55:22,12.0469055
19:55:23,12.009594
19:55:24,12.1359081
19:55:25,11.9672823
19:55:26,12.2140923
19:55:27,12.06716
19:55:28,11.9275646
19:55:29,12.1408768
19:55:30,12.0178471
19:55:32,12.3279037
19:55:33,12.0156336
19:55:34,11.8131514
19:55:35,12.0019693
19:55:36,12.0250263
19:55:37,11.952672
19:55:38,11.9762411
19:55:40,11.9763107
19:55:41,12.2315254
19:55:42,11.7776442
19:55:43,12.1432905
19:55:44,12.2167969
19:55:45,12.22374
19:55:46,11.9774313
19:55:47,12.1631174
19:55:48,12.0792341
19:55:49,12.13919
19:55:50,12.3138819
19:55:51,12.0504494
19:55:52,12.0675859
19:55:53,12.1870146
19:55:54,11.8376913
19:55:55,12.0314
19:55:56,12.054616
19:55:57,11.8638268
19:55:58,11.8689079
19:55:59,11.6103859
19:56:00,12.1427126
19:56:01,11.9005594
19:56:02,12.110157
19:56:03,12.143816
19:56:04,12.1098394
19:56:05,12.237442
19:56:06,11.9738474
19:56:07,11.80723
19:56:08,12.0083761
19:56:09,12.1117315
19:56:10,12.0028515
19:56:11,12.0461464
19:56:12,12.0405207
19:56:13,11.9218054
19:56:14,11.99572
19:56:15,11.9780827
19:56:16,11.9860725
19:56:17,11.9005623
19:56:18,12.3831644
19:56:19,11.8674994
19:56:20,11.9309654
19:56:21,11.8170328
19:56:22,11.9829779
19:56:23,11.8429642
19:56:24,12.1198082
19:56:25,11.7760181
19:56:26,11.8972464
19:56:27,11.8279676
19:56:28,12.1735687
19:56:29,11.75461
19:56:30,12.1157265
19:56:31,12.1063147
19:56:32,12.0603285
19:56:33,12.2311592
19:56:34,12.2210464
19:56:35,11.6442127
19:56:36,12.133749
19:56:37,12.0549784
19:56:38,11.941473
19:56:39,12.15496
19:56:40,11.7658739
19:56:41,12.0062132
19:56:42,12.0549679
19:56:43,11.99714
19:56:44,12.087163
19:56:45,12.386035
19:56:46,11.9034376
19:56:47,12.00504
19:56:48,11.8809633
19:56:49,12.0495052
19:56:50,11.7972727
19:56:51,12.1659517
19:56:52,12.09584
19:56:53,12.072237
19:56:54,12.3161793
19:56:55,12.2709332
19:56:56,11.9630356
19:56:57,11.8200989
19:56:58,12.2666626
19:56:59,11.5372686
19:57:00,11.908762
19:57:01,12.05118
19:57:02,12.0628681
19:57:03,11.88708
19:57:04,12.157712
19:57:05,12.1725121
19:57:06,11.93417
19:57:07,11.8637257
19:57:08,12.03292
19:57:09,11.5538788
19:57:10,12.1118546
19:57:11,12.1216917
19:57:12,12.2834826
19:57:13,11.8459234
19:57:14,12.0377607
19:57:15,11.8658161
19:57:16,12.0173922
19:57:17,11.70029
19:57:18,12.1535063
19:57:19,11.91552
19:57:20,12.0738039
19:57:21,11.9079132
19:57:22,12.133832
19:57:23,12.0054846
19:57:24,12.023201
19:57:25,11.9193439
19:57:26,12.0594349
19:57:27,12.1629362
19:57:28,11.9254427
19:57:29,11.8277874
19:57:30,12.00421
19:57:31,11.8978
19:57:32,11.996047
19:57:33,12.1090069
19:57:34,11.9131308
19:57:35,12.0353041
19:57:36,11.81603
19:57:37,11.9352341
19:57:38,12.1515913
19:57:39,12.2114449
19:57:40,12.1420879
19:57:41,12.4102831
19:57:42,12.2621555
19:57:43,11.7390318
19:57:44,11.6414108
19:57:45,12.0973234
19:57:46,11.8708544
19:57:47,12.3508615
19:57:48,11.9677219
19:57:49,12.2146444
19:57:50,12.0144672
19:57:51,11.9532881
19:57:52,12.1410675
19:57:53,11.9601183
19:57:54,11.7868757
19:57:55,11.8945961
19:57:56,12.152009
19:57:57,12.0804319
19:57:58,12.0816088
19:57:59,12.0700979
19:58:00,12.0810032
19:58:01,12.0542955
19:58:02,12.0853376
19:58:03,12.1440477
19:58:04,12.0753641
19:58:05,12.1051826
19:58:06,12.03631
19:58:07,11.8641262
19:58:08,12.18032
19:58:09,12.2412271
19:58:10,11.9351807
19:58:11,11.9951735
19:58:12,11.84954
19:58:13,12.2360287
19:58:14,11.9832258
19:58:15,12.1304655
19:58:16,12.0975046
19:58:17,11.8963223
19:58:18,12.0975571
19:58:19,12.0245419
19:58:20,11.8518629
19:58:21,12.1580324
19:58:22,12.0432358
19:58:23,12.0257635
19:58:24,11.79753
19:58:25,12.1425705
19:58:26,12.4581051
19:58:27,11.8116817
19:58:28,12.0205631
19:58:29,12.00208
19:58:30,11.9414644
19:58:31,11.8094416
19:58:32,12.1949749
19:58:33,11.893487
19:58:34,12.0558891
19:58:35,11.8981037
19:58:36,11.9834728
19:58:37,11.8570852
19:58:38,11.9788084
19:58:39,12.0198383
19:58:40,12.1395817
19:58:41,11.7739677
19:58:42,12.5218611
19:58:43,12.0057135
19:58:44,11.8776426
19:58:45,11.9472151
19:58:46,11.9144144
19:58:47,12.0521173
19:58:48,12.3755121
19:58:49,12.0361118
19:58:50,12.03249
19:58:51,12.1491013
19:58:52,11.9808578
19:58:53,12.4181929
19:58:54,12.2614889
19:58:55,12.0879631
19:58:56,11.9752741
19:58:57,12.0873966
19:58:58,12.2219772
19:58:59,12.2061348
19:59:00,12.33139
19:59:01,11.9661655
19:59:02,11.9063368
19:59:03,12.223525
19:59:04,12.2147408
19:59:05,11.8705482
19:59:06,12.2881708
19:59:07,12.0462246
19:59:08,12.0534477
19:59:09,12.3761492
19:59:10,11.6768732
19:59:11,11.6634092
19:59:12,11.92223
19:59:13,12.2862015
19:59:14,12.05913
19:59:15,12.3089113
19:59:16,12.3366756
19:59:17,11.8870287
19:59:18,11.8698854
19:59:19,12.2210512
19:59:20,12.0355282
19:59:21,12.235899
19:59:22,11.8371067
19:59:23,11.9414425
19:59:24,12.283062
19:59:25,11.9058485
19:59:26,11.8560314
19:59:27,12.3211679
19:59:28,12.1718006
19:59:29,12.1336718
19:59:30,11.7321606
19:59:31,12.0801163
19:59:32,12.2736778
19:59:33,12.123702
19:59:34,12.04154
19:59:35,11.7812462
19:59:36,12.1729469
19:59:37,12.0911608
19:59:38,12.1325588
19:59:39,11.8676538
19:59:40,12.149622
19:59:41,11.7904034
19:59:42,11.8166122
19:59:43,11.9350615
19:59:44,12.0346241
19:59:45,12.0515738
19:59:46,12.0765657
19:59:47,12.0244112
19:59:48,11.88151
19:59:49,12.0944185
19:59:50,11.8852749
19:59:51,12.0462484
19:59:52,11.9541235
19:59:53,11.9762278
19:59:54,11.9731035
19:59:55,11.7577887
19:59:56,11.9406929
19:59:57,12.0323439
19:59:58,12.0843449
19:59:59,11.9252243
20:00:00,11.9485769
20:00:01,11.98294
20:00:02,12.1575289
20:00:03,12.0304031
20:00:04,12.0813885
20:00:05,11.9672594
20:00:06,12.1150818
20:00:07,11.65302
20:00:08,11.8297758
20:00:09,11.9163523
20:00:10,11.9715214
20:00:11,11.9671469
20:00:12,11.930438
20:00:13,11.7758169
20:00:14,12.0430746
20:00:15,12.2363462
20:00:16,12.1190357
20:00:17,12.0293064
20:00:18,11.812048
20:00:19,12.3475695
20:00:20,11.9066553
20:00:21,12.1804962
20:00:22,12.0738792
20:00:23,12.0179882
20:00:24,11.7073689
20:00:25,11.8892279
20:00:26,12.0855932
20:00:27,12.0386953
20:00:28,11.9345827
20:00:29,12.2334232
20:00:30,12.1713667
20:00:31,12.25824
20:00:32,11.9174929
20:00:33,12.4689188
20:00:34,11.8010435
20:00:35,11.8721886
20:00:36,11.9039068
20:00:37,11.9338541
20:00:38,11.8818779
20:00:39,11.90124
20:00:40,12.0956888
20:00:41,12.2809258
20:00:42,12.021781
20:00:43,12.162034
20:00:44,11.7501183
20:00:45,12.0624714
20:00:46,12.2556639
20:00:47,12.0671253
20:00:48,12.0149
20:00:49,12.0603313
20:00:50,12.107585
20:00:51,11.9074087
20:00:52,11.637208
20:00:53,11.9961767
20:00:54,11.8389692
20:00:55,12.01208
20:00:56,12.0138693
20:00:57,12.092555
20:00:58,12.05215
20:00:59,11.8251848
20:01:00,12.0682945
20:01:01,12.0170488
20:01:02,11.9350729
20:01:03,11.9561815
20:01:04,12.282382
20:01:05,12.037384
20:01:06,11.9464006
20:01:07,12.0418606
20:01:08,11.9276152
20:01:09,12.2594976
20:01:10,11.913806
20:01:11,12.2831688
20:01:12,11.9049835
20:01:13,11.9565935
20:01:14,12.1851606
20:01:15,11.64354
20:01:16,12.0664654
20:01:17,12.0644569
20:01:18,11.9829636
20:01:19,11.7691422
20:01:20,12.0581417
20:01:21,12.0984392
20:01:22,11.9472637
20:01:23,12.3532391
20:01:24,12.1617012
20:01:25,12.1397409
20:01:26,11.970046
20:01:27,11.9061861
20:01:28,12.0219631
20:01:29,11.9422112
20:01:30,12.0874071
20:01:31,12.2182055
20:01:33,11.6008434
20:01:34,11.9969234
20:01:35,12.1941643
20:01:36,12.1417637
20:01:37,12.1664467
20:01:38,12.3875456
20:01:39,11.8845348
20:01:40,12.2094288
20:01:41,11.8496475
20:01:42,12.3728228
20:01:43,12.1024265
20:01:44,12.3860378
20:01:45,11.8418722
20:01:46,11.8613262
20:01:47,12.2198629
20:01:48,12.3719854
20:01:49,11.9110756
20:01:50,11.9095411
20:01:51,11.9098377
20:01:52,12.13141
20:01:53,11.8801394
20:01:54,12.0116835
20:01:55,11.88584
20:01:56,12.2755346
20:01:57,11.95204
20:01:58,12.2959833
20:01:59,12.0313873
20:02:00,12.1716652
20:02:01,12.0329189
20:02:02,11.8565588
20:02:03,12.1584892
20:02:04,12.1054058
20:02:05,12.00962
20:02:06,12.1451769
20:02:07,12.0675468
20:02:08,12.1231327
20:02:09,12.0855455
20:02:10,12.0989237
20:02:11,11.9705944
20:02:12,11.9758883
20:02:13,11.9470034
20:02:14,12.2065763
20:02:15,12.10671
20:02:16,11.9390793
20:02:17,12.10631
20:02:18,11.900012
20:02:19,12.0720272
20:02:20,12.1792526
20:02:21,12.066246
20:02:22,12.1089153
20:02:23,11.9620609
20:02:24,11.8126554
20:02:25,11.9975071
20:02:26,12.0509367
20:02:27,12.1043568
20:02:28,11.9742842
20:02:29,11.9804678
20:02:30,12.1427126
20:02:31,12.0567865
20:02:33,11.9683714
20:02:34,11.918766
20:02:35,11.8364611
20:02:36,11.9604387
20:02:37,12.02363
20:02:38,11.9837008
20:02:39,12.1063356
20:02:40,12.0733423
20:02:41,12.2237434
20:02:42,11.893836
20:02:43,11.884201
20:02:44,12.0578241
20:02:45,11.842473
20:02:46,12.1103
20:02:47,11.9986143
20:02:48,12.0486069
20:02:49,11.6705961
20:02:50,12.013895
20:02:51,12.1450272
20:02:52,12.2880888
20:02:53,12.3218641
20:02:54,11.9156
20:02:55,12.0275545
20:02:56,12.1003342
20:02:57,11.8683529
20:02:58,11.9660015
20:02:59,12.2407265
20:03:00,12.086132
20:03:01,12.145216
20:03:02,11.9787455
20:03:03,11.796649
20:03:04,12.0598536
20:03:05,12.03656
20:03:06,11.8038282
20:03:07,12.0556164
20:03:08,11.9674864
20:03:09,12.0796566
20:03:10,12.002347
20:03:11,12.3938723
20:03:12,11.8151054
20:03:13,12.0315046
20:03:14,12.0709171
20:03:15,12.0727148
20:03:16,11.7629652
20:03:17,11.9413691
20:03:18,11.900239
20:03:19,12.2092295
20:03:20,12.0870743
20:03:21,12.0654907
20:03:22,11.884099
20:03:23,11.8560085
20:03:24,12.0150671
20:03:25,12.2363167
20:03:26,12.026082
20:03:27,12.3232212
20:03:28,11.8049107
20:03:29,12.1266766
20:03:30,12.1209536
20:03:32,12.0576859
20:03:33,12.0030308
20:03:34,12.1497192
20:03:35,11.81386
20:03:36,12.0433016
20:03:38,11.99209
20:03:39,12.2176466
20:03:40,12.5971613
20:03:41,12.0957632
20:03:42,12.1620655
20:03:43,11.8995314
20:03:44,11.9070263
20:03:45,11.8419352
20:03:46,12.094902
20:03:47,12.0995712
20:03:48,11.9706726
20:03:49,12.1619005
20:03:50,12.0049286
20:03:51,11.8550634
20:03:52,12.1101122
20:03:53,12.15808
20:03:54,11.9913
20:03:55,11.5662537
20:03:56,12.0336189
20:03:57,12.3754835
20:03:58,11.8953362
20:03:59,12.0783272
20:04:00,12.05062
20:04:01,12.0514526
20:04:02,12.420248
20:04:03,11.9516563
20:04:04,12.1465254
20:04:05,12.0309248
20:04:06,12.6014719
20:04:07,12.1465406
20:04:08,11.9175539
20:04:09,12.0864735
20:04:10,11.8181877
20:04:11,12.0399561
20:04:12,11.9242239
20:04:13,12.5277061
20:04:14,12.0028152
20:04:15,12.19919
20:04:16,11.8623676
20:04:17,12.1031685
20:04:18,12.0488348
20:04:19,12.1362371
20:04:20,12.2665281
20:04:21,11.9733353
20:04:22,12.1033869
20:04:23,11.9291534
20:04:24,12.2380838
20:04:25,12.0178757
20:04:26,12.0161352
20:04:27,11.6856508
20:04:28,12.0812683
20:04:29,12.0639048
20:04:30,12.0818539
20:04:31,12.0431461
20:04:32,12.302352
20:04:33,12.1622066
20:04:34,12.03119
20:04:35,12.11887
20:04:36,11.8885012
20:04:37,12.3298607
20:04:38,11.41085
20:04:39,11.78651
20:04:40,12.3126287
20:04:41,12.0560617
20:04:42,12.0543041
20:04:43,12.1127882
20:04:44,11.5596466
20:04:45,12.2587652
20:04:46,11.973732
20:04:47,11.9569569
20:04:48,12.1782255
20:04:49,11.6699524
20:04:50,11.9332428
20:04:51,11.9197731
20:04:52,12.0823946
20:04:53,12.2595959
20:04:54,12.0043678
20:04:55,12.0656614
20:04:56,11.9433813
20:04:57,11.9842949
20:04:58,12.2721834
20:04:59,12.1845932
20:05:00,11.9775953
20:05:01,11.8772554
20:05:02,12.26783
20:05:03,11.831378
20:05:04,11.8690786
20:05:05,11.7098331
20:05:06,12.199584
20:05:07,12.0723572
20:05:08,12.1012583
20:05:09,12.22272
20:05:10,12.0182676
20:05:11,12.1579857
20:05:12,12.2406244
20:05:13,11.8929386
20:05:14,12.0897884
20:05:15,12.0198135
20:05:16,12.09869
20:05:17,11.9539995
20:05:18,11.9761219
20:05:19,12.1312761
20:05:20,12.1913977
20:05:21,11.8660707
20:05:22,11.9474344
20:05:23,12.0693445
20:05:24,11.8128834
20:05:25,12.3621206
20:05:26,12.0300217
20:05:27,11.89317
20:05:28,12.209053
20:05:29,11.9356737
20:05:30,11.9668255
20:05:31,12.13262
20:05:32,12.2451048
20:05:33,12.0387268
20:05:34,12.002285
20:05:35,11.9707546
20:05:36,12.0750961
20:05:37,11.8273945
20:05:38,12.223526
20:05:39,11.9333487
20:05:40,12.0248528
20:05:41,12.0300283
20:05:42,12.2041235
20:05:43,12.0817242
20:05:44,11.9262218
20:05:45,12.2183132
20:05:46,11.9527273
20:05:47,11.9017248
20:05:48,12.1338911
20:05:49,12.0276928
20:05:50,12.2063007
20:05:51,12.08716
20:05:52,12.0939112
20:05:53,11.8306875
20:05:54,12.1066408
20:05:55,12.0838842
20:05:56,11.9503555
20:05:57,11.994832
20:05:58,12.0881414
20:05:59,11.9975567
20:06:00,12.2323713
20:06:01,12.0596733
20:06:02,12.0249557
20:06:03,12.1848135
20:06:04,11.9042749
20:06:05,11.8425121
20:06:06,12.1344643
20:06:07,12.1105833
20:06:08,12.2714424
20:06:09,12.1536121
20:06:10,12.1125994
20:06:11,11.8887882
20:06:12,11.7728767
20:06:13,11.959734
20:06:14,11.79949
20:06:15,11.6712933
20:06:16,12.1383457
20:06:17,12.199976
20:06:18,11.8462706
20:06:19,12.4763412
20:06:20,12.4544649
20:06:21,12.0726147
20:06:22,11.8394146
20:06:23,12.0520811
20:06:24,12.1900587
20:06:25,11.9723234
20:06:26,12.2790413
20:06:27,12.4186449
20:06:28,12.0335922
20:06:29,11.9260654
20:06:30,11.8498154
20:06:31,12.37448
20:06:32,12.0609131
20:06:33,11.7898741
20:06:34,11.6131287
20:06:35,12.3719378
20:06:36,12.2154036
20:06:37,11.9690266
20:06:38,12.4514589
20:06:39,11.5242653
20:06:40,11.9944992
20:06:41,11.8801546
20:06:42,12.1017237
20:06:43,11.9016609
20:06:44,12.0775747
20:06:45,12.2746506
20:06:46,11.84912
20:06:47,12.0437326
20:06:48,12.4748983
20:06:49,12.2837534
20:06:50,11.5868311
20:06:51,11.9335136
20:06:52,12.3206892
20:06:53,12.0283117
20:06:54,11.9940929
20:06:55,12.0645638
20:06:56,11.9950409
20:06:57,11.8846493
20:06:58,12.0542469
20:06:59,11.8318167
20:07:00,12.2688074
20:07:01,11.73037
20:07:02,12.1200924
20:07:03,11.9965649
20:07:04,11.9629173
20:07:05,12.2701712
20:07:06,12.0246744
20:07:07,11.9986525
20:07:08,11.9607325
20:07:09,12.0702763
20:07:10,12.0729771
20:07:11,12.001008
20:07:12,12.0092573
20:07:13,12.2872019
20:07:14,11.7724438
20:07:15,11.9764729
20:07:16,11.9994621
20:07:17,12.0787306
20:07:18,11.9399776
20:07:19,12.3078632
20:07:20,12.3601179
20:07:21,12.1122818
20:07:22,12.10445
20:07:23,11.8908081
20:07:24,12.23071
20:07:25,11.9760046
20:07:26,12.01323
20:07:27,11.9718037
20:07:28,12.0174084
20:07:29,12.0235033
20:07:30,11.9904785
20:07:31,12.0133057
20:07:32,12.0482321
20:07:33,12.354104
20:07:34,11.88572
20:07:35,11.9985685
20:07:36,11.9321585
20:07:37,12.1667986
20:07:38,11.890172
20:07:39,12.2059937
20:07:40,12.2808609
20:07:41,12.2409267
20:07:42,12.027998
20:07:43,11.7714243
20:07:44,11.8283768
20:07:45,12.1393023
20:07:46,11.9745789
20:07:47,11.8914175
20:07:48,11.91926
20:07:49,11.7981968
20:07:50,12.2346983
20:07:51,11.76138
20:07:52,12.0521164
20:07:53,12.15137
20:07:54,12.0542412
20:07:55,11.9813919
20:07:56,12.1179523
20:07:57,11.91904
20:07:58,12.0819893
20:07:59,11.9780083
20:08:00,12.1352787
20:08:01,12.2019339
20:08:02,12.0835419
20:08:03,12.3630486
20:08:04,12.0542593
20:08:05,11.8984461
20:08:06,11.8590679
20:08:07,12.0903816
20:08:08,11.9506483
20:08:09,11.9657116
20:08:10,11.9111032
20:08:11,11.9652128
20:08:12,11.95363
20:08:13,12.2300959
20:08:14,12.010808
20:08:15,12.054203
20:08:16,12.1844559
20:08:17,12.2716417
20:08:18,11.8126268
20:08:19,11.97989
20:08:20,12.1726875
20:08:21,11.99692
20:08:22,12.0711718
20:08:23,11.75455
20:08:24,12.3060312
20:08:25,11.9539642
20:08:26,12.1067934
20:08:27,12.01037
20:08:28,11.7607479
20:08:29,12.4333715
20:08:30,12.0076456
20:08:32,11.8490534
20:08:33,12.2900219
20:08:34,11.8918076
20:08:35,12.2170849
20:08:36,11.6153107
20:08:37,12.0878487
20:08:38,12.3210583
20:08:39,12.4437351
20:08:40,12.0386324
20:08:41,12.0583382
20:08:42,12.0763378
20:08:43,11.9404869
20:08:44,11.8892965
20:08:45,11.9344149
20:08:46,11.9109888
20:08:47,12.1251135
20:08:48,12.4676294
20:08:49,11.9142818
20:08:50,11.8491383
20:08:51,12.1032448
20:08:52,12.153163
20:08:53,11.9128866
20:08:54,11.8836164
20:08:55,12.1071558
20:08:56,11.8769264
20:08:57,12.0137053
20:08:58,12.0788946
20:08:59,12.0335293
20:09:00,11.9791479
20:09:01,12.09802
20:09:02,12.0208168
20:09:03,12.1536207
20:09:04,12.30966
20:09:05,11.9792595
20:09:06,12.0187044
20:09:07,12.0387077
20:09:08,12.0268373
20:09:09,12.0592833
20:09:10,12.0261631
20:09:11,12.325428
20:09:12,11.847928
20:09:13,11.9231091
20:09:14,12.1762552
20:09:15,12.2309885
20:09:16,11.970603
20:09:17,12.3285608
20:09:18,11.8767977
20:09:19,11.9789515
20:09:20,11.4338064
20:09:21,12.0181589
20:09:22,11.9883232
20:09:23,11.9986172
20:09:24,12.2198019
20:09:25,12.114
20:09:26,11.816391
20:09:27,12.2466736
20:09:28,11.4674892
20:09:29,12.1009626
20:09:30,12.2959194
20:09:32,11.8189726
20:09:33,12.3691883
20:09:35,11.845624
20:09:36,12.4542036
20:09:37,12.1896152
20:09:38,11.9731016
20:09:39,12.4454231
20:09:40,12.0275135
20:09:41,12.2389174
20:09:42,12.4681053
20:09:43,11.9087067
20:09:44,11.766861
20:09:45,12.2929411
20:09:46,11.90243
20:09:48,11.6649532
20:09:49,11.9774561
20:09:50,12.3060913
20:09:52,12.1571293
20:09:53,11.9614286
20:09:54,11.7694683
20:09:55,11.8216572
20:09:56,12.0474033
20:09:57,12.0575132
20:09:58,12.1178579
20:09:59,11.9515638
20:10:00,12.2705183
20:10:01,12.0541859
20:10:02,12.0489483
20:10:03,12.0696564
20:10:04,12.0747023
20:10:06,11.620472
20:10:07,12.03736
20:10:08,12.236928
20:10:09,11.8335094
20:10:10,12.1859455
20:10:11,12.1230125
20:10:12,11.8792953
20:10:13,11.7647161
20:10:14,12.4371319
20:10:15,12.079978
20:10:16,12.0934477
20:10:17,12.1948557
20:10:18,11.9540453
20:10:19,11.9413452
20:10:20,12.18239
20:10:21,12.0537386
20:10:22,12.3184128
20:10:23,11.7412548
20:10:24,12.1283932
20:10:25,12.0928564
20:10:26,12.1343975
20:10:27,11.6121283
20:10:28,12.3019276
20:10:29,11.5906477
20:10:30,11.9877892
20:10:31,11.84648
20:10:32,12.2227449
20:10:33,12.0104589
20:10:34,11.7162037
20:10:35,12.1893492
20:10:36,11.9663649
20:10:37,11.8470516
20:10:38,11.7956476
20:10:39,12.0249414
20:10:40,12.0564556
20:10:41,11.61997
20:10:42,12.0698872
20:10:43,11.9655371
20:10:44,12.1328354
20:10:45,12.026433
20:10:46,11.9476461
20:10:47,12.1203051
20:10:48,11.9869757
20:10:49,12.0159378
20:10:50,11.8774643
20:10:51,12.2889252
20:10:52,12.1578875
20:10:53,12.25616
20:10:54,11.8506918
20:10:55,12.2596884
20:10:56,11.6108494
20:10:57,12.096324
20:10:58,11.84509
20:10:59,11.91329
20:11:00,12.4609079
20:11:01,12.0271091
20:11:02,12.096097
20:11:03,12.1088448
20:11:04,11.9306078
20:11:05,11.971859
20:11:06,11.6553593
20:11:07,12.5478392
20:11:08,11.8871918
20:11:09,12.0404844
20:11:10,12.1264381
20:11:11,12.0927248
20:11:12,12.3379354
20:11:13,11.9484224
20:11:14,12.16466
20:11:15,11.9731741
20:11:16,12.1374617
20:11:17,11.8977966
20:11:18,12.2251129
20:11:19,12.1439447
20:11:20,12.0719509
20:11:21,11.7807579
20:11:22,12.0699787
20:11:23,12.0216093
20:11:24,11.9368744
20:11:25,12.1853333
20:11:26,12.0254192
20:11:27,12.0939035
20:11:28,12.1193523
20:11:29,12.3099823
20:11:30,11.6780434
20:11:31,12.1383734
20:11:32,12.3752728
20:11:33,12.0853252
20:11:34,12.1163044
20:11:35,11.6653471
20:11:36,12.08884
20:11:37,12.2033043
20:11:38,12.0274305
20:11:39,12.3349371
20:11:40,11.9091873
20:11:41,12.01523
20:11:42,11.90713
20:11:43,12.0340452
20:11:44,11.864274
20:11:45,12.0164642
20:11:46,12.3449049
20:11:47,11.9335108
20:11:48,12.2342262
20:11:49,11.831378
20:11:50,11.8400526
20:11:51,12.2954988
20:11:52,12.3877554
20:11:53,12.2220354
20:11:54,12.1297579
20:11:55,11.7129593
20:11:56,12.1570654
20:11:57,12.3230095
20:11:58,12.0331011
20:11:59,12.14161
20:12:00,12.4286833
20:12:01,12.0571289
20:12:02,12.0905247
20:12:03,12.0041666
20:12:04,12.2224808
20:12:05,11.8183136
20:12:06,12.3743715
20:12:07,12.1965895
20:12:08,11.8463936
20:12:09,11.772151
20:12:10,12.0735245
20:12:11,12.0368319
20:12:12,12.0665636
20:12:13,12.50749
20:12:14,12.29456
20:12:15,11.8905888
20:12:16,12.0285435
20:12:17,11.939743
20:12:18,12.4127884
20:12:19,12.0428534
20:12:20,12.060914
20:12:21,12.0564451
20:12:22,11.8912048
20:12:23,12.0063982
20:12:24,12.1266747
20:12:25,12.0149479
20:12:26,12.0926771
20:12:27,11.9595919
20:12:28,12.1323328
20:12:29,12.4130507
20:12:30,11.9575663
20:12:31,12.015749
20:12:32,11.9382935
20:12:33,11.8932371
20:12:34,12.1070375
20:12:35,12.4449711
20:12:36,11.9797354
20:12:37,12.0576544
20:12:38,12.1129894
20:12:39,11.7695
20:12:40,11.9319305
20:12:41,12.136899
20:12:42,12.17132
20:12:43,11.7225733
20:12:44,12.0901718
20:12:45,12.0957489
20:12:46,12.1623039
20:12:47,11.9498606
20:12:48,12.1143742
20:12:49,11.9572144
20:12:50,12.101265
20:12:51,12.226984
20:12:52,12.09742
20:12:53,12.3020382
20:12:54,11.8344879
20:12:55,12.168767
20:12:56,12.0900555
20:12:57,12.0331326
20:12:58,11.7955036
20:12:59,11.7846069
20:13:00,11.92095
20:13:01,12.1336517
20:13:02,11.9666653
20:13:03,12.3485861
20:13:04,11.8136864
20:13:05,11.8852444
20:13:06,12.0292425
20:13:07,12.1159344
20:13:08,12.1468115
20:13:09,11.6807556
20:13:10,12.3512793
20:13:11,12.4093065
20:13:12,11.9418554
20:13:13,12.28757
20:13:14,12.0191345
20:13:15,12.0135117
20:13:16,12.2720356
20:13:17,12.1838045
20:13:18,11.5806332
20:13:19,12.3621511
20:13:20,11.736186
20:13:21,11.9424028
20:13:22,12.3476133
20:13:23,11.9951782
20:13:24,12.3106794
20:13:25,12.2057486
20:13:26,11.8337469
20:13:27,12.4361515
20:13:28,11.8911295
20:13:29,11.9439163
20:13:30,12.3107615
20:13:31,12.0829859
20:13:32,11.921113
20:13:33,12.1918993
20:13:34,12.0691223
20:13:35,12.0381031
20:13:36,11.6549273
20:13:37,12.12913
20:13:38,12.019062
20:13:39,12.0036583
20:13:40,12.0549374
20:13:41,12.2719479
20:13:42,11.91407
20:13:43,12.0546217
20:13:44,11.9672117
20:13:45,11.8167248
20:13:46,11.9650965
20:13:47,12.03649
20:13:48,11.8636656
20:13:49,12.1517458
20:13:50,11.56085
20:13:51,11.5277452
20:13:52,11.9230576
20:13:53,12.0097418
20:13:54,11.9724922
20:13:55,12.0189228
20:13:56,12.11728
20:13:57,12.081892
20:13:58,11.9898138
20:13:59,11.9389248
20:14:00,12.3549194
20:14:01,11.91501
20:14:02,12.19432
20:14:03,11.9021692
20:14:04,11.9027767
20:14:05,11.90783
20:14:06,11.9593105
20:14:07,12.0205889
20:14:08,12.2274237
20:14:09,11.9549189
20:14:10,11.9006052
20:14:11,12.0528278
20:14:12,11.84787
20:14:13,11.9174566
20:14:14,11.9168005
20:14:15,11.9972572
20:14:16,12.0016727
20:14:17,11.774683
20:14:18,12.12035
20:14:19,11.9978542
20:14:20,11.9729061
20:14:21,11.9400539
20:14:22,11.9749136
20:14:23,12.0180988
20:14:24,12.0550022
20:14:25,12.06024
20:14:26,11.9113836
20:14:27,11.8754091
20:14:28,12.0969334
20:14:29,12.0127926
20:14:30,11.9854279
20:14:31,11.9039621
20:14:32,12.2391882
20:14:33,11.9956284
20:14:34,12.1549692
20:14:35,11.9592819
20:14:36,12.1885891
20:14:37,12.054512
20:14:38,12.060708
20:14:39,12.309926
20:14:40,11.9809608
20:14:41,11.9886808
20:14:42,12.1103783
20:14:43,12.1548271
20:14:44,12.1308746
20:14:45,12.078598
20:14:46,11.9261036
20:14:47,11.7623825
20:14:48,12.1318254
20:14:49,11.65351
20:14:50,12.2740345
20:14:51,12.225914
20:14:52,11.7140961
20:14:53,11.9854193
20:14:54,11.8015156
20:14:55,12.529973
20:14:56,12.0753021
20:14:57,12.1340714
20:14:58,12.2437954
20:14:59,11.8419361
20:15:00,11.8349819
20:15:01,11.8434849
20:15:02,11.8018122
20:15:03,12.14044
20:15:04,12.1883364
20:15:05,12.4636927
20:15:06,11.9561682
20:15:07,11.8973618
20:15:08,12.0666876
20:15:09,12.1915846
20:15:10,12.1644754
20:15:11,12.0417461
20:15:12,12.0789938
20:15:13,12.0330772
20:15:14,11.9650145
20:15:15,12.0203142
20:15:16,12.0279226
20:15:17,11.9167891
20:15:18,12.01645
20:15:19,11.8343821
20:15:20,11.9170971
20:15:21,11.9517441
20:15:22,12.111577
20:15:23,11.6273518
20:15:24,12.1563311
20:15:25,11.8869553
20:15:26,11.9190321
20:15:27,12.1992025
20:15:28,12.0640507
20:15:29,11.9769907
20:15:30,12.1887846
20:15:32,11.8431578
20:15:33,11.930479
20:15:34,12.4189777
20:15:35,11.8159237
20:15:36,12.1468134
20:15:37,12.2018595
20:15:38,12.0426826
20:15:39,12.1644907
20:15:40,11.6132193
20:15:41,11.99708
20:15:42,11.9903755
20:15:43,12.4116249
20:15:44,12.19185
20:15:45,11.82188
20:15:46,12.1867542
20:15:47,11.859683
20:15:48,11.9736433
20:15:49,12.0190439
20:15:50,11.9072723
20:15:51,11.93666
20:15:52,12.1513567
20:15:53,12.3138342
20:15:54,12.0967646
20:15:55,11.834897
20:15:56,12.0624409
20:15:57,12.0679588
20:15:58,12.0836067
20:15:59,12.0732746
20:16:00,12.3336859
20:16:01,11.8446369
20:16:02,12.2355118
20:16:03,11.8901577
20:16:04,11.9006891
20:16:05,12.3262024
20:16:06,11.5309944
20:16:07,11.7852516
20:16:08,12.0904808
20:16:09,12.127039
20:16:10,11.8178129
20:16:11,12.3485613
20:16:13,12.2143459
20:16:14,12.3141642
20:16:15,12.1584139
20:16:16,11.9558229
20:16:18,11.9996605
20:16:19,12.1083689
20:16:20,12.1122665
20:16:21,12.044261
20:16:22,11.9125357
20:16:23,11.7889214
20:16:24,12.2266855
20:16:25,11.8628922
20:16:26,11.9847937
20:16:27,11.997323
20:16:28,12.1930542
20:16:29,11.9463186
20:16:30,12.0400162
20:16:31,12.0559092
20:16:32,12.192009
20:16:33,12.2738447
20:16:34,12.0493536
20:16:35,12.1151428
20:16:36,11.4955311
20:16:37,12.1825266
20:16:38,12.1852055
20:16:39,12.0938368
20:16:40,12.0759163
20:16:41,12.0073271
20:16:42,12.21787
20:16:43,11.8662415
20:16:44,11.9035826
20:16:45,11.953701
20:16:46,11.9897346
20:16:47,12.5670309
20:16:48,11.7166128
20:16:49,12.22729
20:16:50,12.2527637
20:16:51,12.1985006
20:16:52,11.8227758
20:16:53,11.7934341
20:16:54,12.1410542
20:16:55,11.9701519
20:16:56,11.63316
20:16:57,12.140769
20:16:58,12.1502113
20:16:59,12.3651133
20:17:00,12.1049471
20:17:01,11.7887335
20:17:02,12.3194427
20:17:03,12.2916107
20:17:04,11.8379526
20:17:05,12.2454567
20:17:06,12.0529728
20:17:07,12.25171
20:17:08,12.0285521
20:17:09,12.074214
20:17:10,11.8672523
20:17:11,11.7957792
20:17:12,12.2231083
20:17:13,11.86674
20:17:14,12.2790613
20:17:15,12.1192894
20:17:16,12.1391878
20:17:17,11.5343866
20:17:18,11.8624678
20:17:19,11.9883747
20:17:20,12.0408
20:17:21,11.79791
20:17:22,12.3886509
20:17:23,11.9557638
20:17:24,11.8574562
20:17:25,11.9217825
20:17:26,12.0612144
20:17:27,11.9348526
20:17:28,11.811471
20:17:29,11.9990511
20:17:30,11.9960413
20:17:31,11.8723545
20:17:32,12.273118
20:17:33,11.7318668
20:17:34,11.7229242
20:17:35,12.1111593
20:17:36,12.0102768
20:17:37,12.3836613
20:17:38,12.2521734
20:17:39,11.5378561
20:17:40,12.415596
20:17:41,12.1736765
20:17:42,11.8766537
20:17:43,12.0484171
20:17:44,12.0441732
20:17:45,11.9119444
20:17:46,12.1090021
20:17:47,12.03057
20:17:48,12.15975
20:17:49,11.9303942
20:17:50,12.1916218
20:17:51,11.6712666
20:17:52,11.6329527
20:17:53,12.3429508
20:17:54,11.7734432
20:17:55,11.9791365
20:17:56,12.8956776
20:17:57,12.1690063
20:17:58,12.1669426
20:17:59,11.9508467
20:18:00,12.065402
20:18:01,11.9656429
20:18:02,12.6872921
20:18:03,11.8567638
20:18:04,11.83036
20:18:05,12.0730829
20:18:06,11.6937132
20:18:07,11.969243
20:18:08,12.1745491
20:18:09,11.9229736
20:18:10,11.7795019
20:18:11,12.1250372
20:18:12,12.1165037
20:18:13,11.8489742
20:18:14,12.3261585
20:18:15,11.88581
20:18:16,12.2708483
20:18:17,12.1077595
20:18:18,11.9727812
20:18:19,11.9543171
20:18:20,12.2399731
20:18:21,12.1210136
20:18:22,12.2659407
20:18:23,12.0359688
20:18:24,11.78104
20:18:25,12.0509129
20:18:26,12.2052755
20:18:27,12.1410875
20:18:28,11.8166065
20:18:29,12.1675205
20:18:30,12.0218391
20:18:31,12.0127659
20:18:32,12.0480556
20:18:33,12.6471081
20:18:34,11.629961
20:18:35,12.0177279
20:18:36,12.1261568
20:18:37,12.1312227
20:18:38,12.0342646
20:18:39,11.8845882
20:18:40,12.2094507
20:18:41,12.1161327
20:18:42,11.9730968
20:18:43,12.19603
20:18:44,12.0593719
20:18:45,12.0372562
20:18:46,12.3221054
20:18:47,11.9473629
20:18:48,12.4409523
20:18:49,12.3025312
20:18:50,12.0826445
20:18:51,12.028265
20:18:52,12.1774559
20:18:53,12.1172352
20:18:54,11.6428051
20:18:55,12.239604
20:18:56,12.3300314
20:18:57,11.94274
20:18:58,12.2500563
20:18:59,11.693614
20:19:00,11.9060326
20:19:01,12.0755615
20:19:02,11.9077129
20:19:03,12.1546326
20:19:04,11.9394817
20:19:05,11.9879951
20:19:06,12.0348082
20:19:07,11.9354172
20:19:08,12.1886282
20:19:09,11.6380539
20:19:10,11.7721558
20:19:11,12.2522812
20:19:12,12.0094156
20:19:13,12.3191681
20:19:14,12.0731888
20:19:15,11.9952641
20:19:16,11.9033632
20:19:17,11.87411
20:19:18,11.9676466
20:19:19,11.8367558
20:19:20,12.0484724
20:19:21,11.9772568
20:19:22,11.8862123
20:19:23,12.2018776
20:19:24,12.0083294
20:19:25,12.20623
20:19:26,11.948945
20:19:27,12.1625776
20:19:28,12.0756493
20:19:29,11.9639187
20:19:30,12.4822855
20:19:31,11.8896971
20:19:32,12.1315632
20:19:33,11.7451715
20:19:34,11.8409967
20:19:35,12.4463854
20:19:36,11.9685268
20:19:37,12.0043411
20:19:38,12.1858664
20:19:39,11.9612818
20:19:40,11.8589754
20:19:41,12.0844479
20:19:42,11.993331
20:19:43,12.1391563
20:19:44,12.0296049
20:19:45,12.1807032
20:19:46,12.0624437
20:19:47,11.9915562
20:19:48,12.2379732
20:19:49,12.0280886
20:19:50,11.9913387
20:19:51,11.8766451
20:19:52,12.0654812
20:19:53,12.08801
20:19:54,11.7711515
20:19:55,12.1238947
20:19:56,12.1613779
20:19:57,11.8343773
20:19:58,11.9543209
20:19:59,12.1366415
20:20:00,12.0668917
20:20:01,12.150363
20:20:02,12.1035328
20:20:03,12.051568
20:20:04,12.0296869
20:20:05,11.8741531
20:20:06,12.1251888
20:20:07,12.1080217
20:20:08,12.2968168
20:20:09,11.7721548
20:20:10,11.817914
20:20:11,11.960762
20:20:12,11.9677858
20:20:13,11.9100056
20:20:14,12.06659
20:20:15,11.7566595
20:20:16,11.9129257
20:20:17,11.9390268
20:20:18,12.0167665
20:20:19,12.1108322
20:20:20,12.71856
20:20:21,12.02926
20:20:22,11.8488636
20:20:23,11.94884
20:20:24,12.1694679
20:20:25,12.1861687
20:20:26,12.1234293
20:20:27,11.9854507
20:20:28,12.0885868
20:20:29,11.8512592
20:20:30,12.436573
20:20:31,12.0512533
20:20:32,12.1872911
20:20:33,11.9523067
20:20:34,12.0972052
20:20:35,12.1130323
20:20:36,12.0269451
20:20:37,12.0386658
20:20:38,12.1217308
20:20:39,11.6786165
20:20:40,11.8618851
20:20:41,12.0741205
20:20:42,11.8955164
20:20:43,12.0117235
20:20:44,12.01054
20:20:45,12.2605238
20:20:46,11.7455969
20:20:47,11.8140411
20:20:48,11.8024683
20:20:49,11.772912
20:20:50,11.9438591
20:20:51,12.0241442
20:20:52,12.0117636
20:20:53,12.1735039
20:20:54,12.0096254
20:20:55,12.07989
20:20:56,12.3866692
20:20:57,12.1219845
20:20:58,11.8690453
20:20:59,12.2008572
20:21:00,11.9869356
20:21:01,12.1853962
20:21:02,11.9126072
20:21:03,12.1407061
20:21:04,12.2621641
20:21:05,12.0087957
20:21:06,11.9135637
20:21:07,12.06613
20:21:08,11.96396
20:21:09,11.8291273
20:21:10,11.9702063
20:21:11,12.1642323
20:21:12,12.0989513
20:21:13,11.9334021
20:21:14,11.9512587
20:21:15,12.1279964
20:21:16,12.107933
20:21:17,11.9518623
20:21:18,11.6519775
20:21:19,11.7699909
20:21:20,12.170783
20:21:21,11.9566145
20:21:22,11.8782434
20:21:23,12.0892954
20:21:24,11.866847
20:21:25,12.2184439
20:21:26,12.0491228
20:21:27,12.2146759
20:21:28,11.8493586
20:21:29,11.9112387
20:21:30,11.9540329
20:21:31,11.9700012
20:21:33,12.0199594
20:21:34,12.0768528
20:21:35,12.1899586
20:21:36,11.970747
20:21:37,12.2351112
20:21:38,12.0575943
20:21:39,12.078413
20:21:40,12.1659679
20:21:41,12.2299881
20:21:42,12.0942278
20:21:43,12.2103033
20:21:44,11.9052134
20:21:45,11.874342
20:21:46,12.3404512
20:21:47,11.8587246
20:21:48,12.14748
20:21:49,12.12209
20:21:50,11.9878836
20:21:51,12.0861893
20:21:52,11.8170118
20:21:53,11.9527683
20:21:54,11.9022121
20:21:55,12.0450745
20:21:56,11.7751455
20:21:57,12.0514431
20:21:58,12.0055552
20:21:59,12.1659365
20:22:00,12.2283192
20:22:01,12.1889057
20:22:02,12.0267477
20:22:03,12.0916386
20:22:04,12.0371246
20:22:05,12.1732378
20:22:06,11.9095345
20:22:07,12.0176783
20:22:08,12.0386486
20:22:09,12.1832418
20:22:10,12.1003647
20:22:11,12.1290436
20:22:12,12.0128126
20:22:13,11.8258982
20:22:14,11.9109411
20:22:16,12.07442
20:22:17,12.1144571
20:22:18,12.0113382
20:22:19,12.2074356
20:22:21,12.011199
20:22:23,11.8805809
20:22:24,12.0885563
20:22:25,11.9571028
20:22:26,11.7213116
20:22:28,12.2918129
20:22:29,11.1871672
20:22:31,11.74871
20:22:32,12.2835464
20:22:33,11.7737436
20:22:34,11.8894205
20:22:35,12.0738955
20:22:37,11.9892311
20:22:38,12.1635094
20:22:40,12.8142338
20:22:41,11.8692532
20:22:42,11.9126787
20:22:43,11.8742809
20:22:45,11.9173088
20:22:46,12.241744
20:22:47,12.2468119
20:22:48,11.951643
20:22:49,11.9250116
20:22:50,12.0698624
20:22:51,12.1530514
20:22:52,11.9434671
20:22:54,11.7558632
20:22:55,12.0147114
20:22:56,12.0371695
20:22:57,12.16844
20:22:58,11.84099
20:22:59,12.2101965
20:23:00,12.1728735
20:23:01,12.0388193
20:23:02,12.1835766
20:23:03,11.9551649
20:23:04,11.7083445
20:23:05,12.2696333
20:23:06,12.165659
20:23:07,12.2014723
20:23:08,11.9192333
20:23:09,12.1286163
20:23:10,11.9642067
20:23:11,11.8074617
20:23:12,12.1786842
20:23:13,12.31383
20:23:14,12.0652084
20:23:15,12.0515566
20:23:16,12.1035595
20:23:17,12.0348358
20:23:18,11.8658247
20:23:19,11.9689341
20:23:20,12.25851
20:23:21,11.964057
20:23:22,12.4169245
20:23:23,11.97892
20:23:24,12.2196674
20:23:25,12.1289768
20:23:26,12.1015806
20:23:27,11.803174
20:23:28,11.99432
20:23:29,11.8972178
20:23:30,12.1056595
20:23:31,11.8862743
20:23:32,11.915307
20:23:33,12.4037733
20:23:34,12.3077526
20:23:35,11.833024
20:23:36,12.1572723
20:23:37,12.2181559
20:23:38,11.8262491
20:23:39,11.7840185
20:23:40,12.2642546
20:23:41,12.1157274
20:23:42,11.9203453
20:23:43,11.7523136
20:23:44,11.9168692
20:23:45,12.1021328
20:23:46,11.9308691
20:23:47,12.2293472
20:23:48,11.8939352
20:23:49,12.2034645
20:23:50,12.1138163
20:23:51,11.9053526
20:23:52,12.0815229
20:23:53,12.0885763
20:23:54,12.10795
20:23:55,12.2359591
20:23:56,11.757411
20:23:57,12.3967085
20:23:58,11.934844
20:23:59,11.7990446
20:24:00,12.0978355
20:24:01,12.4115505
20:24:02,12.0826693
20:24:03,12.1538048
20:24:04,11.6509848
20:24:05,12.033576
20:24:06,12.0491714
20:24:07,12.0689631
20:24:08,12.2168636
20:24:09,12.2665081
20:24:10,11.7000866
20:24:11,11.8725328
20:24:12,12.3354845
20:24:13,11.9377651
20:24:14,12.1177788
20:24:15,11.7497892
20:24:16,11.9945507
20:24:17,12.2072477
20:24:18,12.0755844
20:24:19,11.7988691
20:24:20,11.7095118
20:24:21,12.0262251
20:24:22,12.2008619
20:24:23,12.1369724
20:24:24,11.8903589
20:24:25,11.7869205
20:24:26,12.4496317
20:24:27,11.92448
20:24:28,12.1763821
20:24:29,12.0827208
20:24:30,11.959137
20:24:31,12.2126694
20:24:32,12.0131559
20:24:33,11.9968653
20:24:34,12.0006618
20:24:35,12.0746565
20:24:36,11.598547
20:24:37,12.078229
20:24:38,11.9724951
20:24:39,11.8355427
20:24:40,12.1192608
20:24:41,12.0342617
20:24:42,12.1483231
20:24:43,12.1797047
20:24:44,12.0321579
20:24:45,12.0849524
20:24:46,11.8715286
20:24:47,11.9835939
20:24:48,12.3448944
20:24:49,11.5819311
20:24:50,12.1496763
20:24:51,11.8872461
20:24:52,12.0315886
20:24:53,11.8983068
20:24:54,12.3561392
20:24:55,12.0716181
20:24:56,12.2615814
20:24:57,11.7345037
20:24:58,11.69445
20:24:59,11.9919577
20:25:00,12.5910254
20:25:01,12.2992821
20:25:02,12.01905
20:25:03,12.2730579
20:25:04,12.2414541
20:25:05,12.1902943
20:25:06,12.1156263
20:25:07,12.33543
20:25:08,11.7083454
20:25:09,12.2969856
20:25:10,12.0638828
20:25:11,12.1856956
20:25:12,11.8641033
20:25:13,11.8828506
20:25:14,12.1881123
20:25:15,12.0408478
20:25:16,11.9827251
20:25:17,11.9213133
20:25:18,12.0469275
20:25:19,12.4014854
20:25:20,11.6593237
20:25:21,10.456521
20:25:22,10.72894
20:25:23,13.1733837
20:25:24,13.4390049
20:25:25,12.1246128
20:25:26,12.0266314
20:25:27,12.3409309
20:25:28,12.0442152
20:25:29,11.8489456
20:25:30,12.1757135
20:25:31,11.8965807
20:25:32,11.8992319
20:25:33,11.8745785
20:25:34,11.9121418
20:25:35,11.8345747
20:25:36,12.2548056
20:25:37,12.1202393
20:25:38,12.0247383
20:25:39,12.15412
20:25:40,12.1534309
20:25:41,11.7698421
20:25:42,12.05857
20:25:43,11.9394646
20:25:44,12.1446352
20:25:45,12.1844769
20:25:46,11.9685144
20:25:47,12.0151539
20:25:48,12.2397671
20:25:49,11.8741426
20:25:50,12.07191
20:25:51,12.05924
20:25:52,11.715579
20:25:53,12.1276731
20:25:54,12.1178684
20:25:55,11.7936621
20:25:56,11.99653
20:25:57,11.7849188
20:25:58,12.4193125
20:25:59,12.0234165
20:26:00,12.2051916
20:26:01,12.1125765
20:26:02,12.1562023
20:26:03,11.9989519
20:26:04,11.9066038
20:26:05,11.9661865
20:26:06,12.0147667
20:26:07,12.0294027
20:26:08,12.0817432
20:26:09,11.9019146
20:26:10,12.1452713
20:26:11,11.9161816
20:26:12,12.20932
20:26:13,11.9987087
20:26:14,11.7998781
20:26:15,12.1413593
20:26:16,12.0496416
20:26:17,11.8046761
20:26:18,11.9708395
20:26:19,11.89241
20:26:20,12.1268034
20:26:21,12.0408468
20:26:22,12.019392
20:26:23,11.8828173
20:26:24,11.905365
20:26:25,11.9711113
20:26:26,12.1471224
20:26:27,11.8231173
20:26:28,12.1662817
20:26:29,12.0010662
20:26:30,12.1307058
20:26:31,11.91078
20:26:32,11.8693581
20:26:33,12.2445059
20:26:34,12.4188814
20:26:35,12.0270271
20:26:36,11.9954386
20:26:37,12.0783834
20:26:38,12.1125908
20:26:39,12.0771427
20:26:40,11.644887
20:26:41,12.0077114
20:26:42,12.1536722
20:26:43,12.1920938
20:26:44,12.2316046
20:26:45,11.9313831
20:26:46,12.1257792
20:26:47,12.2132683
20:26:48,12.2825317
20:26:49,11.8059864
20:26:50,12.133894
20:26:51,11.8980417
20:26:52,12.2050524
20:26:53,12.1031885
20:26:54,12.1236162
20:26:55,11.9379787
20:26:56,11.9963417
20:26:57,12.0035954
20:26:58,12.184247
20:26:59,11.9387722
20:27:00,12.0784311
20:27:01,12.0143089
20:27:02,11.9134884
20:27:03,11.8865032
20:27:04,12.4631405
20:27:05,11.91371
20:27:06,11.9113636
20:27:07,12.0931263
20:27:08,11.7192545
20:27:09,11.9222488
20:27:10,11.9254856
20:27:11,12.0847778
20:27:12,12.2205515
20:27:13,12.00592
20:27:14,11.8756428
20:27:15,12.0796728
20:27:16,11.8850412
20:27:17,11.8525963
20:27:18,12.1518688
20:27:19,11.99363
20:27:20,11.85848
20:27:21,12.1350679
20:27:22,11.9905682
20:27:23,11.96026
20:27:24,12.2877626
20:27:25,12.24867
20:27:26,11.9695234
20:27:27,11.9589863
20:27:28,11.7397318
20:27:29,11.9288111
20:27:30,11.6499329
20:27:31,11.8441734
20:27:32,11.9545517
20:27:33,11.61417
20:27:34,11.7786913
20:27:35,12.045537
20:27:36,11.93247
20:27:37,12.1492071
20:27:38,12.1211329
20:27:39,11.9811287
20:27:40,12.1136408
20:27:41,11.9981422
20:27:42,12.52305
20:27:43,11.8187323
20:27:44,12.4769506
20:27:45,12.3501377
20:27:46,12.0321989
20:27:47,12.2120094
20:27:48,11.9928551
20:27:49,12.1922283
20:27:50,12.2159166
20:27:51,12.0042219
20:27:52,11.9707813
20:27:53,11.9539833
20:27:54,12.124588
20:27:55,12.1629915
20:27:56,12.0056534
20:27:57,12.1168938
20:27:58,11.9323549
20:27:59,12.0797091
20:28:00,12.10485
20:28:01,12.0979481
20:28:02,11.81864
20:28:03,12.0828371
20:28:04,12.21873
20:28:05,11.8233023
20:28:06,11.88409
20:28:07,11.8278074
20:28:08,12.1837807
20:28:09,12.15189
20:28:10,11.7418823
20:28:11,12.0467243
20:28:12,12.0809193
20:28:13,12.095417
20:28:14,12.0850239
20:28:15,11.8902206
20:28:16,12.0996675
20:28:17,11.9611244
20:28:18,12.4992352
20:28:19,12.0980835
20:28:20,12.0198021
20:28:21,12.0375633
20:28:22,12.0521669
20:28:23,11.9907217
20:28:24,12.1601353
20:28:25,11.9368811
20:28:26,12.1685143
20:28:27,12.1646452
20:28:28,11.9701805
20:28:29,12.0497112
20:28:30,12.0847416
20:28:31,12.0112944
20:28:33,11.795208
20:28:34,11.9533911
20:28:35,12.0951185
20:28:36,11.9911327
20:28:37,11.9660454
20:28:38,12.1892433
20:28:39,11.97196
20:28:40,12.0790071
20:28:41,12.4294357
20:28:42,12.1327629
20:28:43,11.887805
20:28:44,12.0974712
20:28:45,12.0317516
20:28:46,11.8174534
20:28:47,12.0772009
20:28:48,12.2393618
20:28:49,12.0151606
20:28:50,11.8647785
20:28:51,12.3187475
20:28:52,12.1036081
20:28:53,11.9445372
20:28:54,11.9983473
20:28:55,12.1855326
20:28:56,11.9492207
20:28:57,11.8761148
20:28:58,12.0426493
20:28:59,11.9970913
20:29:00,12.1575089
20:29:01,12.2503252
20:29:02,11.9050322
20:29:03,11.7429447
20:29:04,11.97081
20:29:05,12.3654242
20:29:06,11.9115057
20:29:07,12.24168
20:29:08,12.1368484
20:29:09,12.16855
20:29:10,11.9912672
20:29:11,11.9908047
20:29:12,12.162076
20:29:13,12.1419115
20:29:15,12.2294331
20:29:16,12.0151463
20:29:17,11.877161
20:29:18,12.0400581
20:29:19,11.928792
20:29:20,12.0188742
20:29:21,11.9852724
20:29:22,11.9494114
20:29:24,11.8289442
20:29:25,12.3928776
20:29:26,11.8767328
20:29:27,12.3301477
20:29:28,12.0581026
20:29:29,12.0455027
20:29:30,12.0068207
20:29:31,12.1439972
20:29:32,12.0572786
20:29:33,11.8349829
20:29:34,11.8778019
20:29:35,11.7523336
20:29:36,12.0512819
20:29:37,12.0377941
20:29:38,11.9330368
20:29:39,11.9920654
20:29:40,12.069787
20:29:41,11.9549656
20:29:42,11.9931183
20:29:43,12.0700455
20:29:44,11.9851618
20:29:45,12.2680187
20:29:46,12.0472488
20:29:47,11.9069891
20:29:48,11.9394569
20:29:49,12.012929
20:29:50,11.87524
20:29:51,12.0147963
20:29:52,11.9361744
20:29:53,12.2419014
20:29:54,11.35289
20:29:55,12.1711864
20:29:56,11.9193907
20:29:57,12.0033445
20:29:58,12.0387125
20:29:59,11.9916239
20:30:00,12.027482
20:30:01,12.0629463
20:30:02,12.1363354
20:30:03,12.08621
20:30:04,11.9563389
20:30:05,12.4459095
20:30:06,12.0784063
20:30:07,12.104043
20:30:08,12.0094433
20:30:09,12.0470495
20:30:10,12.13218
20:30:11,11.994338
20:30:12,12.0488653
20:30:13,12.0841866
20:30:14,11.8855095
20:30:15,12.0121746
20:30:16,11.8649664
20:30:17,11.8353548
20:30:18,11.9551764
20:30:19,12.2128448
20:30:20,12.0205927
20:30:21,11.9542627
20:30:22,11.873107
20:30:23,11.8924017
20:30:24,12.1185417
20:30:25,11.9953747
20:30:26,12.1183376
20:30:27,12.0141239
20:30:28,12.3312683
20:30:29,11.7532778
20:30:30,12.010561
20:30:31,12.07562
20:30:32,12.22271
20:30:33,12.1892376
20:30:34,11.8157187
20:30:35,12.0811214
20:30:36,11.9980421
20:30:37,12.162282
20:30:38,12.1730061
20:30:39,11.9518471
20:30:40,11.9803772
20:30:41,12.0241308
20:30:42,12.12871
20:30:43,12.1469
20:30:44,12.15349
20:30:45,11.9796572
20:30:46,11.9723711
20:30:47,12.0353251
20:30:48,11.9173422
20:30:49,12.1748848
20:30:50,12.1223135
20:30:51,12.0608644
20:30:52,11.954545
20:30:53,11.9770517
20:30:54,11.9503946
20:30:55,12.1156416
20:30:56,11.9925251
20:30:57,11.94985
20:30:58,12.056881
20:30:59,12.2149687
20:31:00,12.0732107
20:31:01,12.0581036
20:31:02,11.8097591
20:31:03,12.0032654
20:31:04,11.9893055
20:31:05,12.2035379
20:31:06,12.1194391
20:31:07,12.1246738
20:31:08,12.0225716
20:31:09,12.1752176
20:31:10,12.17329
20:31:11,11.62645
20:31:12,11.9219332
20:31:13,12.1264515
20:31:14,12.2584019
20:31:15,12.1995888
20:31:16,11.9032431
20:31:17,11.9323378
20:31:18,11.9609718
20:31:19,12.2406225
20:31:20,12.0621958
20:31:21,11.7119646
20:31:22,12.0616417
20:31:23,12.15814
20:31:24,11.9602795
20:31:25,12.173564
20:31:26,11.6926289
20:31:27,12.1916924
20:31:28,11.8078318
20:31:29,12.2944517
20:31:30,11.6825027
20:31:31,12.11925
20:31:32,11.7356358
20:31:33,11.9722805
20:31:34,12.2488489
20:31:35,11.946332
20:31:36,12.26712
20:31:37,12.0406857
20:31:38,11.9414158
20:31:39,12.3461342
20:31:40,11.5269146
20:31:41,11.8192434
20:31:42,11.84776
20:31:43,12.2249088
20:31:44,12.1471462
20:31:45,12.3428078
20:31:46,11.8883963
20:31:47,12.0616121
20:31:48,12.0528679
20:31:49,12.1706629
20:31:50,12.0721283
20:31:51,12.0769358
20:31:52,12.12912
20:31:53,12.15972
20:31:54,11.7816486
20:31:55,12.092597
20:31:56,12.0248318
20:31:57,12.4020357
20:31:58,11.814208
20:31:59,12.152112
20:32:00,12.0318489
20:32:01,12.0696478
20:32:02,12.2329655
20:32:03,12.0948343
20:32:04,11.9557285
20:32:05,11.555028
20:32:06,12.029995
20:32:07,11.99731
20:32:08,12.0794344
20:32:09,11.9549522
20:32:10,12.0526018
20:32:11,12.2236338
20:32:12,11.8302641
20:32:13,11.8334713
20:32:14,12.1536827
20:32:15,11.59415
20:32:16,11.9387112
20:32:17,11.8528452
20:32:18,12.0679855
20:32:19,12.1403532
20:32:20,11.512084
20:32:21,11.6803942
20:32:22,12.1394806
20:32:23,11.7167625
20:32:24,12.4131193
20:32:25,12.5015554
20:32:26,11.8250418
20:32:27,11.9295111
20:32:28,11.9876776
20:32:29,12.35896
20:32:30,11.4721565
20:32:31,12.0421677
20:32:32,11.9872694
20:32:33,11.9223633
20:32:34,12.268774
20:32:35,11.85928
20:32:36,12.13997
20:32:37,11.860714
20:32:38,12.0613232
20:32:39,11.95045
20:32:40,12.0677595
20:32:41,12.1936216
20:32:42,11.8950205
20:32:43,12.0686464
20:32:44,12.1132746
20:32:45,12.1668
20:32:46,11.9190054
20:32:47,11.9990749
20:32:48,11.9527435
20:32:49,12.0761318
20:32:50,11.9942322
20:32:51,12.0304823
20:32:52,12.0869341
20:32:53,11.9738293
20:32:54,12.0048685
20:32:55,11.9293013
20:32:56,11.91747
20:32:57,11.7388124
20:32:58,12.1180534
20:32:59,12.0374594
20:33:00,12.0561113
20:33:01,11.9422932
20:33:02,11.9705753
20:33:03,12.2373962
20:33:04,12.0639267
20:33:05,12.0156174
20:33:06,12.0216856
20:33:07,12.106185
20:33:08,12.1815643
20:33:09,12.10861
20:33:10,11.9301538
20:33:11,11.9659224
20:33:12,12.1800976
20:33:13,11.9748516
20:33:14,12.0871506
20:33:15,12.236908
20:33:16,12.0705185
20:33:17,12.214489
20:33:18,11.5554914
20:33:19,11.8157654
20:33:20,12.0717621
20:33:21,12.0781775
20:33:22,11.883853
20:33:23,12.4244
20:33:24,11.9349852
20:33:25,12.2362862
20:33:26,11.9016981
20:33:27,11.86111
20:33:28,12.3179121
20:33:29,11.8822613
20:33:30,11.581233
20:33:31,12.4567127
20:33:32,11.9554434
20:33:33,11.7923145
20:33:34,12.2098207
20:33:35,12.2203951
20:33:36,11.7381258
20:33:37,12.0821266
20:33:38,12.0244379
20:33:39,12.0243187
20:33:40,12.1056395
20:33:41,11.6996775
20:33:42,12.0766993
20:33:43,12.0946255
20:33:44,11.940691
20:33:45,12.3499374
20:33:46,11.9360332
20:33:47,11.8479748
20:33:48,11.6733446
20:33:49,11.9013262
20:33:50,12.2295284
20:33:51,12.1947784
20:33:52,11.8816252
20:33:53,12.0663853
20:33:54,11.9733782
20:33:55,12.18086
20:33:56,11.91002
20:33:57,11.92035
20:33:58,11.8992567
20:33:59,11.91225
20:34:00,12.21265
20:34:01,12.030714
20:34:02,12.1338158
20:34:03,11.8812361
20:34:04,12.0433626
20:34:05,12.3532906
20:34:06,11.7458735
20:34:07,12.0168629
20:34:08,12.1653376
20:34:09,12.3262978
20:34:10,11.8730488
20:34:11,11.92006
20:34:12,11.9301014
20:34:13,11.89849
20:34:14,12.2286768
20:34:15,12.0615015
20:34:16,12.063344
20:34:17,12.1975069
20:34:18,11.6767693
20:34:19,11.9607992
20:34:20,12.209136
20:34:21,11.7664118
20:34:22,12.1234035
20:34:23,12.43236
20:34:24,11.7490768
20:34:25,12.0220575
20:34:26,12.1394548
20:34:27,12.0548992
20:34:28,11.9451952
20:34:29,11.9132776
20:34:30,11.9595728
20:34:31,11.9938831
20:34:32,12.406805
20:34:33,12.0479069
20:34:34,11.1101284
20:34:35,12.0385571
20:34:36,12.2277012
20:34:37,11.708168
20:34:38,12.0513535
20:34:39,12.0536585
20:34:40,12.2140226
20:34:41,11.9320564
20:34:42,11.9534616
20:34:43,12.0266047
20:34:44,11.9389086
20:34:45,12.9495831
20:34:46,11.6746368
20:34:47,11.9115429
20:34:48,11.8265886
20:34:49,11.99333
20:34:50,12.158803
20:34:51,11.8243179
20:34:52,12.2481718
20:34:53,11.9095917
20:34:54,12.0484295
20:34:55,11.665617
20:34:56,11.8102608
20:34:57,12.0928011
20:34:58,11.6693249
20:34:59,11.7273064
20:35:00,12.15333
20:35:01,11.9352665
20:35:02,11.6942043
20:35:03,12.2341461
20:35:04,12.21953
20:35:05,11.9916611
20:35:06,11.8656645
20:35:07,12.50242
20:35:08,12.0822058
20:35:09,11.83897
20:35:10,12.0558481
20:35:11,11.9926939
20:35:12,11.966732
20:35:13,12.0918274
20:35:14,12.2289906
20:35:15,12.2383471
20:35:16,12.0751619
20:35:17,11.7925014
20:35:18,12.0892076
20:35:19,11.8320141
20:35:20,12.5345125
20:35:21,11.849411
20:35:22,12.1963406
20:35:23,11.9254723
20:35:24,11.741375
20:35:25,11.8879118
20:35:26,12.0400009
20:35:27,12.0577946
20:35:28,12.0971727
20:35:29,11.8081055
20:35:30,12.115284
20:35:32,12.0246706
20:35:34,12.0388775
20:35:36,12.0263042
20:35:37,12.12846
20:35:38,12.2134161
20:35:40,11.9043236
20:35:41,12.0100765
20:35:42,11.9456987
20:35:44,12.141654
20:35:45,12.2645416
20:35:46,12.0770979
20:35:47,12.1516094
20:35:48,12.1377058
20:35:49,11.906744
20:35:50,12.1435585
20:35:51,11.983428
20:35:52,12.1808128
20:35:53,12.0122461
20:35:54,11.9038115
20:35:55,12.1190662
20:35:56,12.1613054
20:35:57,11.93786
20:35:58,11.984808
20:35:59,12.0309572
20:36:00,11.9820671
20:36:01,11.8496714
20:36:02,12.1182766
20:36:03,12.119586
20:36:04,11.8721294
20:36:05,12.0233154
20:36:06,11.8830624
20:36:07,11.8771572
20:36:08,11.8149776
20:36:09,12.1714869
20:36:10,11.8474045
20:36:11,12.1275072
20:36:12,12.0300455
20:36:13,12.1510887
20:36:14,11.9118471
20:36:15,11.9924936
20:36:16,12.1021938
20:36:17,11.8545561
20:36:18,12.08378
20:36:19,12.0329075
20:36:20,12.1879883
20:36:21,12.11576
20:36:22,12.0518579
20:36:23,11.7478552
20:36:24,12.1338329
20:36:25,12.1208458
20:36:26,11.80025
20:36:27,11.9142084
20:36:28,12.2732887
20:36:29,11.7934961
20:36:30,11.8099279
20:36:31,11.7071
20:36:32,12.0268288
20:36:33,11.861371
20:36:34,12.1585836
20:36:35,11.906394
20:36:36,11.86936
20:36:37,11.9859581
20:36:38,11.9699
20:36:39,12.0303965
20:36:40,12.0417137
20:36:41,12.3151951
20:36:42,11.8818836
20:36:43,11.6988239
20:36:44,12.0834236
20:36:45,12.0551271
20:36:46,11.9707928
20:36:47,12.0480795
20:36:48,12.4104137
20:36:49,12.004674
20:36:50,12.2866764
20:36:51,12.11155
20:36:52,12.0184917
20:36:53,12.0086937
20:36:54,11.91886
20:36:55,11.6292238
20:36:56,11.9299364
20:36:57,11.8040438
20:36:58,12.096282
20:36:59,11.9607258
20:37:00,12.51357
20:37:01,11.836915
20:37:02,12.0579929
20:37:03,11.77012
20:37:04,11.7575064
20:37:05,11.8452778
20:37:06,12.2555552
20:37:07,11.8346987
20:37:08,12.0040951
20:37:09,11.8558207
20:37:10,11.9463148
20:37:11,11.91953
20:37:12,11.9780626
20:37:13,12.103694
20:37:14,12.4171562
20:37:15,11.8778172
20:37:16,12.0917044
20:37:17,11.8403921
20:37:18,11.890377
20:37:19,12.0236654
20:37:20,12.1356735
20:37:21,11.8916969
20:37:22,11.8788576
20:37:23,11.7972326
20:37:24,12.0045567
20:37:25,12.18293
20:37:26,12.2494688
20:37:27,11.872715
20:37:28,12.211895
20:37:29,12.2746754
20:37:30,11.7585239
20:37:31,12.0059872
20:37:32,12.2292595
20:37:33,12.0115042
20:37:34,12.14857
20:37:35,12.0439386
20:37:36,11.9284143
20:37:37,12.3947687
20:37:38,12.0438223
20:37:39,12.1104088
20:37:40,12.0930815
20:37:41,11.9860954
20:37:42,12.1479836
20:37:43,12.1411114
20:37:44,12.0090036
20:37:45,11.8498049
20:37:46,11.9338083
20:37:47,11.99438
20:37:48,12.0781231
20:37:49,12.2947712
20:37:50,12.2300768
20:37:51,11.8497715
20:37:52,12.1873131
20:37:53,11.9000721
20:37:54,12.1337318
20:37:55,12.1408787
20:37:56,12.3381882
20:37:57,11.6282454
20:37:58,11.7450781
20:37:59,12.1677065
20:38:00,12.1444473
20:38:01,11.93352
20:38:02,12.5007439
20:38:03,11.9935045
20:38:04,12.16117
20:38:05,11.8235292
20:38:06,11.8332186
20:38:07,12.17876
20:38:08,12.289546
20:38:09,12.1544352
20:38:10,11.7005606
20:38:11,12.2565
20:38:12,11.959754
20:38:13,12.0160875
20:38:14,12.1128368
20:38:15,11.9524879
20:38:16,12.19657
20:38:17,12.0993547
20:38:18,12.0572214
20:38:19,11.9523592
20:38:20,11.9901762
20:38:21,12.0831594
20:38:22,12.1895552
20:38:23,12.032856
20:38:24,12.0310869
20:38:25,11.9789534
20:38:26,12.0373478
20:38:27,12.1167889
20:38:28,11.9005213
20:38:29,11.8898487
20:38:30,11.9950237
20:38:31,11.9663134
20:38:32,12.1384773
20:38:33,12.12065
20:38:34,11.8457623
20:38:35,12.0954523
20:38:36,11.7553759
20:38:37,12.1034307
20:38:38,11.9784641
20:38:39,12.22268
20:38:40,11.7985439
20:38:41,12.1853323
20:38:42,11.873023
20:38:43,11.6073208
20:38:44,12.3717623
20:38:45,12.1454458
20:38:46,12.2430973
20:38:47,12.3222322
20:38:48,11.8539743
20:38:49,12.1242809
20:38:50,11.7632895
20:38:51,11.96389
20:38:52,11.9472017
20:38:53,11.9901524
20:38:54,12.1003647
20:38:55,12.17896
20:38:56,11.9181309
20:38:57,12.0486
20:38:58,12.1623116
20:38:59,12.0292606
20:39:00,12.0121059
20:39:01,11.9044819
20:39:02,11.8585835
20:39:03,12.13253
20:39:04,11.7681694
20:39:05,12.1082907
20:39:06,12.2527742
20:39:07,11.9782372
20:39:08,11.9704933
20:39:09,12.0031652
20:39:10,11.9642029
20:39:11,12.2722225
20:39:12,12.1249123
20:39:13,11.5428753
20:39:14,11.9167109
20:39:15,11.938261
20:39:16,12.4118013
20:39:17,12.0103445
20:39:18,12.282238
20:39:19,11.5852642
20:39:20,12.30596
20:39:21,12.2495613
20:39:22,12.1294546
20:39:23,12.1295576
20:39:24,12.6056414
20:39:25,11.9038219
20:39:26,12.2456913
20:39:27,12.2741385
20:39:28,12.1597357
20:39:29,11.8600149
20:39:30,12.1381111
20:39:31,11.7887287
20:39:32,11.9014063
20:39:33,12.013319
20:39:34,12.194828
20:39:35,12.0755453
20:39:36,11.9733868
20:39:37,11.9970646
20:39:38,11.8654938
20:39:39,12.2223225
20:39:40,12.2125025
20:39:41,12.062171
20:39:42,12.1054811
20:39:43,11.98371
20:39:44,12.0276613
20:39:45,11.8660727
20:39:46,12.260684
20:39:47,12.2525425
20:39:48,11.9919605
20:39:49,11.9594316
20:39:50,12.0332975
20:39:51,12.182765
20:39:52,12.043005
20:39:53,12.1183929
20:39:54,12.1627531
20:39:55,12.0490217
20:39:56,12.00581
20:39:57,11.7564344
20:39:58,12.0241251
20:39:59,12.0279064
20:40:00,11.9860048
20:40:01,12.0667114
20:40:02,12.1180773
20:40:03,11.9940863
20:40:04,12.0042524
20:40:05,11.8229189
20:40:06,11.9322081
20:40:07,11.7940865
20:40:08,12.0854559
20:40:09,12.4701033
20:40:10,11.81537
20:40:11,12.3769417
20:40:12,12.0521469
20:40:13,11.8479033
20:40:14,12.1983318
20:40:15,12.1843195
20:40:16,12.0614872
20:40:17,12.0130215
20:40:18,12.0202456
20:40:19,12.0996666
20:40:20,11.7366295
20:40:21,11.927721
20:40:23,11.9921684
20:40:24,11.7828865
20:40:25,12.1818848
20:40:26,12.1923389
20:40:27,11.8602371
20:40:28,11.9888
20:40:29,11.9127865
20:40:30,12.096632
20:40:31,12.0211258
20:40:33,12.203928
20:40:34,11.9787893
20:40:35,12.1218472
20:40:36,11.8481312
20:40:37,12.1180878
20:40:38,11.966526
20:40:39,12.1623535
20:40:40,12.0087957
20:40:41,12.0122356
20:40:42,12.0432844
20:40:43,12.1147747
20:40:44,12.1647167
20:40:45,12.0083065
20:40:46,12.3331223
20:40:47,12.0143366
20:40:48,12.1241226
20:40:49,12.1538668
20:40:50,12.1847544
20:40:51,12.0737791
20:40:52,12.078084
20:40:53,11.8204336
20:40:54,11.8727112
20:40:55,11.9335852
20:40:56,11.9058523
20:40:57,11.9949989
20:40:58,12.2851563
20:40:59,11.9009361
20:41:00,12.1980705
20:41:01,12.0323458
20:41:02,12.0140886
20:41:03,12.0938768
20:41:04,12.1096754
20:41:05,12.06528
20:41:06,11.987668
20:41:07,12.0300388
20:41:08,11.971302
20:41:09,12.01903
20:41:10,12.313983
20:41:12,12.10746
20:41:13,12.067688
20:41:15,11.7411451
20:41:16,11.9740114
20:41:18,11.9480629
20:41:20,12.2766476
20:41:21,12.0087023
20:41:22,12.2699213
20:41:23,11.8729315
20:41:24,11.6460562
20:41:25,11.9047689
20:41:26,11.9503412
20:41:27,11.96799
20:41:28,12.0741911
20:41:29,11.9750948
20:41:30,11.9416285
20:41:31,12.2231379
20:41:32,11.7192621
20:41:33,12.16872
20:41:34,12.179966
20:41:35,11.9197187
20:41:36,12.06969
20:41:37,12.1032562
20:41:38,12.0096025
20:41:39,11.9901905
20:41:40,12.0497561
20:41:41,11.82309
20:41:42,11.7702961
20:41:43,12.8245754
20:41:44,12.0184946
20:41:45,11.9283667
20:41:46,12.2933874
20:41:47,11.9678936
20:41:48,12.2156734
20:41:49,11.9762545
20:41:50,12.0851507
20:41:51,12.09875
20:41:52,12.1217327
20:41:53,12.0276394
20:41:54,11.9344225
20:41:55,11.9436274
20:41:56,11.9896746
20:41:57,12.1004877
20:41:58,12.0963449
20:41:59,12.1313667
20:42:00,12.2996645
20:42:01,11.8756056
20:42:02,11.98836
20:42:03,11.9495926
20:42:04,12.2760105
20:42:05,12.0420742
20:42:06,12.0336924
20:42:07,11.9862471
20:42:08,12.2258005
20:42:09,12.0416756
20:42:10,11.8123512
20:42:11,12.0915565
20:42:12,12.1335
20:42:13,11.8723383
20:42:14,11.9521513
20:42:15,12.1618223
20:42:16,12.0550747
20:42:17,12.0173483
20:42:18,11.9935694
20:42:19,12.153512
20:42:20,12.2400951
20:42:21,11.9867954
20:42:22,11.9548025
20:42:23,12.1138515
20:42:24,11.732336
20:42:25,12.1077366
20:42:26,12.1530676
20:42:27,12.2552509
20:42:28,11.81484
20:42:29,11.8089
20:42:30,12.09318
20:42:31,12.0394239
20:42:32,12.1819391
20:42:33,11.64496
20:42:34,11.8012905
20:42:35,12.0859432
20:42:36,11.7006264
20:42:37,12.039854
20:42:38,11.8420086
20:42:39,11.8688669
20:42:40,11.874299
20:42:41,12.2087927
20:42:42,12.06227
20:42:43,12.2605629
20:42:44,12.1756
20:42:45,11.9853029
20:42:46,12.1005144
20:42:47,11.9378548
20:42:48,11.7827959
20:42:49,12.0534363
20:42:50,11.9854259
20:42:51,11.9790974
20:42:52,11.8951807
20:42:53,11.8610992
20:42:54,12.0902557
20:42:55,11.9531832
20:42:56,11.9436493
20:42:57,12.2037611
20:42:58,12.2056379
20:42:59,11.9906931
20:43:00,12.068078
20:43:01,11.9762688
20:43:02,12.2001152
20:43:03,11.94892
20:43:04,12.2302227
20:43:05,12.0371256
20:43:06,12.0189562
20:43:07,11.6913853
20:43:08,11.9995432
20:43:09,12.0081644
20:43:10,12.0123587
20:43:11,12.2991009
20:43:12,11.9484034
20:43:13,11.9450331
20:43:14,12.0431767
20:43:15,12.13382
20:43:16,11.9143028
20:43:17,12.1429129
20:43:18,12.256011
20:43:19,12.24378
20:43:20,12.1007757
20:43:21,11.8448839
20:43:22,11.87406
20:43:23,12.1069546
20:43:24,12.1553736
20:43:25,12.316679
20:43:26,11.7995758
20:43:27,12.0260506
20:43:28,11.9166679
20:43:29,11.936821
20:43:30,12.1724243
20:43:31,11.9914551
20:43:32,12.0098705
20:43:33,12.121665
20:43:34,12.2605534
20:43:35,12.3263111
20:43:36,12.20769
20:43:37,12.0147839
20:43:38,11.9859829
20:43:39,12.0250473
20:43:40,11.7672186
20:43:41,11.9156828
20:43:42,12.2064762
20:43:43,12.0803642
20:43:44,11.9082184
20:43:45,11.9733114
20:43:46,11.9901142
20:43:47,12.1494484
20:43:48,11.9462786
20:43:49,12.1225119
20:43:50,11.55038
20:43:51,11.8543606
20:43:52,12.1692934
20:43:53,12.5164337
20:43:54,12.11688
20:43:55,12.04618
20:43:56,11.99217
20:43:57,12.1450806
20:43:58,12.1347809
20:43:59,12.0927658
20:44:00,12.2174892
20:44:01,12.5672569
20:44:02,12.2250071
20:44:03,11.9102335
20:44:04,11.93387
20:44:05,12.2687531
20:44:06,12.158392
20:44:07,11.7952662
20:44:08,12.1937389
20:44:09,12.1617
20:44:10,12.0058737
20:44:11,12.0674458
20:44:12,11.9292459
20:44:13,12.2626829
20:44:14,12.1216221
20:44:15,12.0349379
20:44:16,11.9180555
20:44:17,11.9791641
20:44:18,12.22799
20:44:19,11.9975224
20:44:20,11.98966
20:44:21,11.929141
20:44:22,12.097105
20:44:23,12.262929
20:44:24,11.8573446
20:44:25,12.02589
20:44:26,12.1642475
20:44:27,11.954813
20:44:28,12.1978331
20:44:29,11.839551
20:44:30,11.965333
20:44:31,11.7646618
20:44:32,12.4605188
20:44:33,11.7606659
20:44:34,12.3673925
20:44:35,11.59365
20:44:36,11.9330015
20:44:37,12.0342712
20:44:38,12.2675562
20:44:39,11.8063078
20:44:40,12.4258556
20:44:41,11.6840525
20:44:42,12.2606468
20:44:43,12.1520605
20:44:44,12.02975
20:44:45,12.2211075
20:44:46,12.2052975
20:44:47,12.1836147
20:44:48,11.7712908
20:44:49,12.22302
20:44:50,11.9782724
20:44:51,11.716466
20:44:52,12.0991879
20:44:53,12.0079451
20:44:54,12.2745533
20:44:55,11.9606285
20:44:56,11.9685526
20:44:57,12.1306353
20:44:58,12.0132122
20:44:59,11.8537064
20:45:00,11.959713
20:45:01,12.07252
20:45:02,12.1936255
20:45:03,11.99546
20:45:04,12.0320845
20:45:05,11.9563141
20:45:06,12.1737967
20:45:07,12.0234995
20:45:08,11.8930206
20:45:09,12.0459137
20:45:10,11.8582487
20:45:11,12.0248537
20:45:12,11.8391161
20:45:13,12.2273731
20:45:14,11.96841
20:45:15,11.9184961
20:45:16,11.9210453
20:45:17,12.0176811
20:45:18,11.7707491
20:45:19,11.9591045
20:45:20,11.992528
20:45:21,12.2618647
20:45:22,12.091754
20:45:23,12.1829357
20:45:24,11.8165407
20:45:25,12.2684259
20:45:26,12.2970781
20:45:27,11.9088507
20:45:28,12.12584
20:45:29,12.1923933
20:45:30,12.08228
20:45:31,12.1779051
20:45:32,12.105258
20:45:33,12.2036076
20:45:34,11.8266354
20:45:35,12.172636
20:45:36,11.899662
20:45:37,11.8522282
20:45:38,12.111783
20:45:39,12.0671883
20:45:40,12.1788387
20:45:41,11.9134321
20:45:42,12.0422812
20:45:43,12.00563
20:45:44,12.11941
20:45:45,11.9160519
20:45:46,12.0108929
20:45:47,12.0681334
20:45:48,12.0119648
20:45:49,12.12772
20:45:50,11.9885378
20:45:51,12.0772905
20:45:52,11.7347
20:45:53,12.3615789
20:45:54,11.6707048
20:45:55,12.0873823
20:45:56,11.9143457
20:45:57,11.9487686
20:45:58,12.0218143
20:45:59,11.9072609
20:46:00,12.3437452
20:46:01,11.6365108
20:46:02,11.7920675
20:46:03,12.3233852
20:46:04,11.9894629
20:46:05,12.0785875
20:46:06,11.9834862
20:46:07,11.9633675
20:46:08,11.7252655
20:46:09,11.9047108
20:46:10,11.8057566
20:46:11,12.0581226
20:46:12,12.0639963
20:46:13,12.251194
20:46:14,11.9408531
20:46:15,12.0154343
20:46:16,11.8165674
20:46:17,11.7152338
20:46:18,12.3781385
20:46:19,12.65084
20:46:20,12.31124
20:46:21,12.1619549
20:46:22,11.5945072
20:46:23,11.9117727
20:46:24,11.9931526
20:46:25,12.0107355
20:46:26,11.9678583
20:46:27,11.9487553
20:46:28,11.7317867
20:46:29,11.9158373
20:46:30,12.40214
20:46:31,11.9594469
20:46:33,11.9705782
20:46:34,12.026207
20:46:35,12.2017622
20:46:36,11.668891
20:46:37,11.8963528
20:46:38,12.0295029
20:46:39,11.8787127
20:46:40,11.8083
20:46:41,12.0281067
20:46:42,11.99971
20:46:43,11.92546
20:46:44,11.8615389
20:46:45,12.0098486
20:46:46,12.0653915
20:46:47,12.11469
20:46:48,12.1947269
20:46:49,11.6301422
20:46:50,11.9626684
20:46:51,12.07206
20:46:52,12.1360674
20:46:53,12.1168051
20:46:54,11.9260836
20:46:55,11.9673519
20:46:56,12.0319815
20:46:57,12.3172989
20:46:58,11.9973307
20:46:59,12.1022091
20:47:00,12.1512194
20:47:01,12.1233149
20:47:02,12.0723391
20:47:03,12.1068525
20:47:04,12.0182533
20:47:05,11.99974
20:47:06,12.2078781
20:47:07,11.8987551
20:47:08,11.9437113
20:47:09,12.2187815
20:47:10,12.00585
20:47:11,11.8885956
20:47:12,12.1609316
20:47:13,12.0733624
20:47:14,12.0021515
20:47:15,11.898303
20:47:16,11.9433546
20:47:17,11.8683348
20:47:18,11.8128281
20:47:19,12.0381832
20:47:20,12.1031513
20:47:21,11.9349089
20:47:22,11.9748707
20:47:23,11.8344221
20:47:24,11.9978838
20:47:25,12.5086823
20:47:26,11.9582348
20:47:27,11.8473082
20:47:29,12.1850252
20:47:30,11.8176394
20:47:32,12.306531
20:47:33,11.9144373
20:47:34,11.9187107
20:47:35,11.9107533
20:47:36,12.316556
20:47:37,11.9028521
20:47:38,11.890728
20:47:40,12.0289955
20:47:41,11.8734541
20:47:42,12.0694695
20:47:43,11.8366032
20:47:44,11.9762821
20:47:45,11.9468575
20:47:46,11.9137173
20:47:47,12.1204977
20:47:48,11.6809053
20:47:49,12.1551971
20:47:50,11.9214239
20:47:51,12.0472441
20:47:52,12.1507864
20:47:53,11.8062677
20:47:54,12.0435343
20:47:55,11.9378958
20:47:56,12.21605
20:47:57,12.2885561
20:47:58,11.9951363
20:47:59,12.3013248
20:48:00,12.1303663
20:48:01,11.7657127
20:48:02,12.2189093
20:48:03,12.0265818
20:48:04,11.8863277
20:48:05,11.87831
20:48:06,12.0028114
20:48:07,12.1913061
20:48:08,12.1197748
20:48:09,12.3795271
20:48:10,11.6484537
20:48:11,11.89525
20:48:12,11.9919062
20:48:13,12.0369062
20:48:14,12.1487808
20:48:15,11.8303022
20:48:16,11.9089336
20:48:17,11.879756
20:48:18,11.9162226
20:48:19,12.0418892
20:48:20,11.6658792
20:48:21,12.20871
20:48:22,11.78088
20:48:23,12.1504307
20:48:24,11.9501219
20:48:25,12.1532421
20:48:26,11.9239464
20:48:27,12.1968946
20:48:28,11.4397469
20:48:29,12.0947609
20:48:30,12.05042
20:48:31,12.0460768
20:48:32,11.9730244
20:48:33,11.8239012
20:48:34,11.9930868
20:48:35,12.0011616
20:48:36,11.8493595
20:48:37,12.1228333
20:48:38,12.3412447
20:48:39,12.1845055
20:48:40,12.3497162
20:48:41,11.881484
20:48:42,11.9883919
20:48:43,11.8751278
20:48:44,11.9625025
20:48:45,12.0846891
20:48:46,12.0808868
20:48:47,11.978775
20:48:48,12.1338692
20:48:49,11.9095869
20:48:50,11.7105627
20:48:51,12.1833029
20:48:52,11.9132376
20:48:53,12.0537062
20:48:54,12.0022669
20:48:55,11.926218
20:48:56,11.8238411
20:48:57,11.8946133
20:48:58,12.0113506
20:48:59,11.8619184
20:49:00,12.1803055
20:49:01,12.0307894
20:49:02,12.0623531
20:49:03,12.2410336
20:49:04,11.8604193
20:49:05,11.8915672
20:49:06,12.1922646
20:49:07,12.03031
20:49:08,11.90624
20:49:09,12.1492491
20:49:10,12.2830305
20:49:11,12.0561962
20:49:12,12.0487642
20:49:13,12.1788969
20:49:14,11.9916534
20:49:15,11.73875
20:49:16,12.1741114
20:49:17,12.0477533
20:49:18,11.9977036
20:49:19,12.1461792
20:49:20,11.9826574
20:49:21,11.90342
20:49:22,11.9959831
20:49:23,11.9764528
20:49:24,12.2260561
20:49:25,12.1783495
20:49:26,12.1358519
20:49:27,12.1482439
20:49:28,12.0674257
20:49:29,11.9941893
20:49:30,12.1756973
20:49:31,12.1815062
20:49:32,12.0079336
20:49:33,11.8808517
20:49:34,12.2852
20:49:35,12.0636435
20:49:36,11.9334621
20:49:37,12.1156206
20:49:38,12.1665459
20:49:39,11.7934885
20:49:40,11.7500753
20:49:41,12.1735525
20:49:42,12.050005
20:49:43,12.0704
20:49:44,12.1160583
20:49:45,12.1034794
20:49:46,11.8761845
20:49:47,12.1303549
20:49:48,12.2908287
20:49:49,12.1964893
20:49:50,12.0678406
20:49:51,12.0119534
20:49:52,12.0640669
20:49:53,12.0657845
20:49:54,12.1341944
20:49:55,12.0469084
20:49:56,11.8236132
20:49:57,12.1809568
20:49:58,11.9397669
20:49:59,11.899065
20:50:00,11.8274107
20:50:01,12.1006622
20:50:02,12.1483917
20:50:03,12.1198006
20:50:04,11.9453907
20:50:05,11.9439764
20:50:06,12.0320473
20:50:07,12.0763464
20:50:08,12.0789537
20:50:09,11.9423628
20:50:10,12.3580952
20:50:11,11.8263578
20:50:12,12.4847593
20:50:13,12.0107441
20:50:14,12.0270462
20:50:15,12.0803032
20:50:16,11.7754669
20:50:17,11.84103
20:50:18,11.9561634
20:50:19,11.9565372
20:50:20,12.1821957
20:50:21,11.8453732
20:50:22,12.0646877
20:50:23,12.1086845
20:50:24,12.2817869
20:50:25,11.9176989
20:50:26,12.0198364
20:50:27,11.9610224
20:50:28,11.8918867
20:50:29,12.2136135
20:50:30,12.5507326
20:50:31,11.9565182
20:50:32,11.8997536
20:50:33,11.828558
20:50:34,12.0125732
20:50:35,11.7109623
20:50:36,12.2191668
20:50:37,12.471797
20:50:38,11.7330027
20:50:39,11.8292341
20:50:40,12.0811892
20:50:41,11.94062
20:50:42,12.1890678
20:50:43,12.3371086
20:50:44,12.2900877
20:50:45,11.5049648
20:50:46,11.8136168
20:50:47,11.9325686
20:50:48,11.6043386
20:50:49,11.78743
20:50:50,12.1668119
20:50:51,11.78597
20:50:52,12.271966
20:50:53,11.6113653
20:50:54,12.3169127
20:50:55,12.012763
20:50:56,11.792428
20:50:57,12.1336565
20:50:58,12.1436815
20:50:59,12.36525
20:51:00,12.072834
20:51:01,12.3309727
20:51:02,11.9240236
20:51:03,11.8816881
20:51:04,12.1833572
20:51:05,11.7709217
20:51:06,12.1260586
20:51:07,11.891181
20:51:08,12.2215681
20:51:09,12.1190386
20:51:10,11.9712715
20:51:11,11.9235744
20:51:12,12.2665529
20:51:13,12.1297827
20:51:14,12.0191317
20:51:15,11.9490795
20:51:16,12.3210316
20:51:17,12.1100073
20:51:18,11.8732882
20:51:19,12.135951
20:51:20,12.2392159
20:51:21,11.9279718
20:51:22,11.957552
20:51:23,12.0436344
20:51:24,12.2310629
20:51:25,12.099824
20:51:26,12.2190752
20:51:27,11.92171
20:51:28,12.375371
20:51:29,12.08907
20:51:30,11.8893948
20:51:31,11.8494158
20:51:32,12.2015123
20:51:33,12.2143049
20:51:34,11.8207874
20:51:35,11.8597336
20:51:36,11.8525763
20:51:37,11.89569
20:51:38,11.8959265
20:51:39,11.8471985
20:51:40,12.0094042
20:51:41,11.9592619
20:51:42,11.89985
20:51:43,11.8674526
20:51:44,12.2890711
20:51:45,12.0703783
20:51:46,12.19327
20:51:47,11.8987417
20:51:48,12.0252762
20:51:49,11.9897728
20:51:50,12.0127535
20:51:51,12.1456738
20:51:52,11.9646473
20:51:53,11.8840952
20:51:54,12.1551485
20:51:55,12.0258942
20:51:56,11.7932043
20:51:57,11.5700846
20:51:58,11.9474592
20:51:59,11.913065
20:52:00,11.8017015
20:52:01,12.108963
20:52:02,11.7395716
20:52:03,12.2717762
20:52:04,11.8831692
20:52:05,12.2384958
20:52:06,12.2385111
20:52:07,12.1921473
20:52:08,12.0043221
20:52:09,12.0207071
20:52:10,12.2082663
20:52:11,12.2785711
20:52:12,11.89837
20:52:13,12.2227993
20:52:14,12.0018864
20:52:15,11.88897
20:52:16,12.3067484
20:52:17,11.7536392
20:52:18,12.0793324
20:52:19,12.2700243
20:52:20,11.9463987
20:52:21,12.1102734
20:52:22,12.0816851
20:52:23,12.2003593
20:52:24,12.0104914
20:52:25,12.0442095
20:52:26,11.915
20:52:27,11.854846
20:52:28,12.0245457
20:52:29,11.6892233
20:52:30,11.97381
20:52:31,11.9536228
20:52:32,12.3137589
20:52:33,11.9143524
20:52:34,11.8892126
20:52:35,12.0058889
20:52:36,12.1938353
20:52:37,12.1881008
20:52:38,11.9477415
20:52:39,12.1882248
20:52:40,12.0170736
20:52:41,12.1320324
20:52:42,12.12634
20:52:43,12.0680256
20:52:44,12.3245573
20:52:45,12.069665
20:52:46,12.1122017
20:52:47,12.1039114
20:52:48,12.1162682
20:52:49,11.9233942
20:52:50,11.7904406
20:52:51,12.0340128
20:52:52,11.9461565
20:52:53,12.0628128
20:52:54,11.8372555
20:52:55,12.06802
20:52:56,11.7515755
20:52:57,12.26281
20:52:58,12.2641611
20:52:59,12.0376062
20:53:00,12.0751772
20:53:01,12.2663593
20:53:02,12.0052471
20:53:03,11.72241
20:53:04,12.0799437
20:53:05,12.0229721
20:53:06,11.1843481
20:53:07,12.2541389
20:53:08,11.770649
20:53:09,11.7444849
20:53:10,12.1717777
20:53:11,12.0122538
20:53:12,12.2813358
20:53:13,11.9860468
20:53:14,11.89785
20:53:15,11.94878
20:53:16,12.1401405
20:53:17,12.339097
20:53:18,11.7529612
20:53:19,11.93016
20:53:20,12.2122507
20:53:21,12.1966381
20:53:22,12.1656723
20:53:23,12.2263937
20:53:24,11.8612385
20:53:25,12.0285473
20:53:26,11.9780436
20:53:27,12.1191168
20:53:28,12.3377094
20:53:29,11.9117527
20:53:30,12.0023775
20:53:31,12.0145216
20:53:33,11.9296684
20:53:34,12.0192509
20:53:35,12.2302551
20:53:36,12.2562933
20:53:37,12.0006208
20:53:38,12.1270342
20:53:39,12.0031691
20:53:40,11.8685579
20:53:41,12.0178709
20:53:42,11.9513378
20:53:43,12.1984911
20:53:44,12.00661
20:53:45,11.9862642
20:53:46,12.1183815
20:53:47,12.0577993
20:53:48,12.1476679
20:53:49,12.0785608
20:53:50,12.1513872
20:53:51,12.1323528
20:53:52,11.8816
20:53:53,11.9631758
20:53:54,11.8396387
20:53:55,12.2105331
20:53:56,11.9280214
20:53:57,12.242013
20:53:58,11.5478
20:53:59,12.197134
20:54:00,12.3317585
20:54:01,11.979454
20:54:02,11.9221964
20:54:03,12.0759764
20:54:04,12.0598965
20:54:05,11.9875107
20:54:06,12.009016
20:54:07,11.9070339
20:54:08,12.0871382
20:54:09,12.129035
20:54:10,12.0897894
20:54:11,11.90909
20:54:12,12.2993231
20:54:13,11.876173
20:54:14,12.188386
20:54:15,11.9080172
20:54:17,12.0282373
20:54:19,11.9301176
20:54:20,12.4614449
20:54:21,11.9405718
20:54:22,11.8719568
20:54:23,12.18491
20:54:24,11.8089228
20:54:25,11.6909018
20:54:26,11.7807693
20:54:27,12.0790091
20:54:28,12.2043667
20:54:29,12.3134842
20:54:30,11.8623295
20:54:31,12.3549328
20:54:32,11.9625664
20:54:33,11.8558826
20:54:34,11.9368792
20:54:35,11.7976561
20:54:36,11.9790812
20:54:37,12.1116371
20:54:38,12.355051
20:54:39,11.984375
20:54:40,12.1117649
20:54:41,12.0677433
20:54:42,12.2058144
20:54:43,11.9765749
20:54:44,12.1612864
20:54:45,12.2673006
20:54:46,12.0726185
20:54:47,12.025238
20:54:48,11.9713507
20:54:49,12.20332
20:54:50,11.713378
20:54:51,11.67992
20:54:52,12.2370863
20:54:53,11.7981882
20:54:54,12.1084547
20:54:55,12.0142117
20:54:56,12.0479584
20:54:57,11.8740616
20:54:58,12.1487331
20:54:59,12.2007284
20:55:00,11.8267221
20:55:01,12.1698084
20:55:02,12.0387392
20:55:03,11.8633394
20:55:04,12.0990124
20:55:05,11.84801
20:55:06,11.8092823
20:55:07,12.0392056
20:55:08,11.9524689
20:55:09,12.2275724
20:55:10,11.9365482
20:55:11,12.1879978
20:55:12,12.1870375
20:55:13,12.1133232
20:55:14,12.4114676
20:55:15,11.88398
20:55:16,11.8452053
20:55:17,11.7664671
20:55:18,11.8686657
20:55:19,11.9065046
20:55:20,12.0231628
20:55:21,12.348033
20:55:22,12.2219772
20:55:23,12.3301544
20:55:24,12.1737595
20:55:25,11.557951
20:55:26,12.2806692
20:55:27,11.9320393
20:55:28,12.1491022
20:55:29,11.9053984
20:55:30,12.1969147
20:55:31,11.8871994
20:55:32,12.025178
20:55:33,11.8805666
20:55:34,11.9213419
20:55:35,12.1252356
20:55:36,12.13338
20:55:37,11.8420811
20:55:38,12.1213989
20:55:39,11.9912405
20:55:40,12.019803
20:55:41,11.9673777
20:55:42,11.9892521
20:55:43,12.1894531
20:55:44,12.0603342
20:55:45,12.3178806
20:55:46,12.3583736
20:55:47,12.0598507
20:55:48,12.1900215
20:55:49,12.1684561
20:55:50,12.0454264
20:55:51,11.8892689
20:55:52,11.8585081
20:55:53,12.040431
20:55:54,12.0484123
20:55:55,11.8163528
20:55:56,12.4184723
20:55:57,12.1709642
20:55:58,11.9262638
20:55:59,11.9585705
20:56:00,12.05406
20:56:01,12.24252
20:56:02,12.2440128
20:56:03,11.74025
20:56:04,12.1509171
20:56:05,12.0811243
20:56:06,11.9999008
20:56:07,11.8523712
20:56:08,11.9197655
20:56:09,12.2746868
20:56:10,11.8078194
20:56:11,11.6971359
20:56:12,12.1221752
20:56:13,11.9597187
20:56:14,12.0314045
20:56:15,12.2726793
20:56:16,11.8613644
20:56:17,12.2935781
20:56:18,11.9233942
20:56:19,11.9671268
20:56:20,11.6584358
20:56:21,11.8095341
20:56:22,12.2422533
20:56:23,12.3650036
20:56:24,12.0770712
20:56:25,11.9790382
20:56:26,12.0087824
20:56:27,11.9396381
20:56:28,12.02473
20:56:29,12.1623478
20:56:30,12.1943913
20:56:31,11.9074268
20:56:32,11.9056149
20:56:33,12.1839046
20:56:34,12.1179237
20:56:35,12.0053682
20:56:36,12.2794037
20:56:37,11.838728
20:56:38,11.8917
20:56:39,11.9668217
20:56:40,11.9768324
20:56:41,12.2919474
20:56:42,12.2321472
20:56:43,11.7962227
20:56:44,12.0728235
20:56:45,11.9385271
20:56:46,11.9580355
20:56:47,11.990057
20:56:48,12.1689672
20:56:49,11.9948635
20:56:50,12.2442656
20:56:51,12.0669451
20:56:52,11.9261074
20:56:53,12.1604967
20:56:54,12.2665405
20:56:55,11.9195366
20:56:56,11.9553852
20:56:57,11.8223629
20:56:58,12.0859623
20:56:59,11.8569126
20:57:00,12.1157017
20:57:01,12.1880865
20:57:02,12.1859484
20:57:03,12.1122074
20:57:04,12.30011
20:57:05,11.89248
20:57:06,11.6536779
20:57:07,12.2241211
20:57:08,12.0027819
20:57:09,11.7557812
20:57:10,11.8813457
20:57:11,11.7213621
20:57:12,12.1355324
20:57:13,12.3240786
20:57:14,11.960948
20:57:15,12.1412792
20:57:16,12.1034775
20:57:17,11.9543238
20:57:18,11.9991121
20:57:19,12.2114639
20:57:20,12.149106
20:57:21,11.7927246
20:57:22,11.8594761
20:57:23,11.9626665
20:57:24,12.0046329
20:57:25,11.8524675
20:57:26,11.6854029
20:57:27,12.0797272
20:57:28,12.0567827
20:57:29,11.9812307
20:57:30,12.2282085
20:57:31,11.9776669
20:57:32,11.9371443
20:57:33,11.8620272
20:57:34,11.8636446
20:57:35,12.2261705
20:57:36,11.8773451
20:57:37,12.1030827
20:57:38,12.1416006
20:57:39,12.1365623
20:57:40,12.07547
20:57:41,11.9316425
20:57:42,11.951992
20:57:43,12.0054512
20:57:44,11.8970442
20:57:45,11.8669615
20:57:46,11.9265976
20:57:47,12.1301022
20:57:48,11.990283
20:57:49,12.1927929
20:57:50,11.9000015
20:57:51,12.1347418
20:57:52,11.7772207
20:57:53,12.545393
20:57:54,11.8758936
20:57:55,12.0061436
20:57:56,11.8299112
20:57:57,11.9624844
20:57:58,12.08981
20:57:59,11.9120226
20:58:00,11.9172955
20:58:01,11.867034
20:58:02,12.1202583
20:58:03,11.8864565
20:58:04,12.2574158
20:58:05,11.8735409
20:58:06,11.6852846
20:58:07,11.8668623
20:58:08,12.082262
20:58:09,12.141736
20:58:10,12.0354395
20:58:11,12.0501471
20:58:12,12.0421772
20:58:13,12.0505438
20:58:14,12.1285067
20:58:15,12.1825056
20:58:16,12.1364088
20:58:17,12.20992
20:58:18,12.0785465
20:58:19,11.8859491
20:58:20,12.144865
20:58:21,12.3374624
20:58:22,11.9705877
20:58:23,12.14792
20:58:24,12.0563526
20:58:25,12.0799074
20:58:26,12.0072813
20:58:27,12.2549868
20:58:28,12.0497246
20:58:29,12.0908384
20:58:30,12.0790424
20:58:31,12.0207939
20:58:32,12.1409292
20:58:33,12.0607243
20:58:34,11.9260912
20:58:35,11.6053524
20:58:36,12.008523
20:58:37,12.1640348
20:58:38,11.8079453
20:58:39,12.1372757
20:58:40,12.3267765
20:58:41,12.1627712
20:58:42,11.96398
20:58:43,12.2578726
20:58:44,12.2214012
20:58:45,11.9270058
20:58:46,11.9418974
20:58:47,12.0121975
20:58:48,12.1598988
20:58:49,11.78455
20:58:50,12.196002
20:58:51,12.3091688
20:58:52,11.8375349
20:58:53,12.1666927
20:58:54,12.220911
20:58:55,12.0614843
20:58:56,11.9485664
20:58:57,11.9825649
20:58:58,11.8467035
20:58:59,11.97465
20:59:00,11.9612837
20:59:01,12.1654387
20:59:02,11.9860258
20:59:03,11.994216
20:59:04,11.9625044
20:59:05,12.08565
20:59:06,12.1742287
20:59:07,12.2416849
20:59:08,12.1633511
20:59:09,11.9630909
20:59:10,11.6093845
20:59:11,12.1938648
20:59:12,11.8440142
20:59:13,11.8314295
20:59:14,12.0953732
20:59:15,12.0328264
20:59:16,12.3512211
20:59:17,11.9251509
20:59:18,11.9668579
20:59:19,12.2395658
20:59:20,11.9018917
20:59:21,12.2208233
20:59:22,11.8917027
20:59:23,12.166935
20:59:24,12.1266737
20:59:25,12.14424
20:59:26,11.8548632
20:59:27,11.8901272
20:59:28,11.7435837
20:59:29,12.0652618
20:59:30,12.2223492
20:59:31,11.9535379
20:59:32,12.4329224
20:59:33,11.9347649
20:59:34,11.93731
20:59:35,12.1024723
20:59:36,12.0268087
20:59:37,12.2771273
20:59:38,12.0822315
20:59:39,11.87961
20:59:40,12.1619492
20:59:41,12.2633705
20:59:42,11.8740816
20:59:43,12.4740267
20:59:44,11.9396954
20:59:45,11.8948793
20:59:46,12.050086
20:59:47,12.0552187
20:59:48,12.0272055
20:59:49,12.4015579
20:59:50,12.1160231
20:59:51,11.97798
20:59:52,12.0877752
20:59:53,11.9415207
20:59:54,12.1005316
20:59:55,12.3978043
20:59:56,12.3960905
20:59:57,11.7452755
20:59:58,12.107523
20:59:59,11.6670923
21:00:00,12.162384
21:00:01,11.7757387
21:00:02,12.3921022
21:00:03,12.1620464
21:00:04,12.1666307
21:00:05,12.2683048
21:00:06,11.996748
21:00:07,12.190733
21:00:08,12.0052805
21:00:09,12.2379007
21:00:10,12.2931042
21:00:11,12.0464134
21:00:12,12.2483568
21:00:13,12.0138779
21:00:14,11.93784
21:00:15,12.0367565
21:00:16,11.9163189
21:00:17,12.1490068
21:00:18,11.9448662
21:00:19,12.48465
21:00:20,11.8595982
21:00:21,12.2521324
21:00:22,12.0218773
21:00:23,12.2205467
21:00:24,11.9945621
21:00:25,12.4095058
21:00:26,12.2930441
21:00:27,11.9495306
21:00:28,12.3173513
21:00:29,12.2475033
21:00:30,11.7463579
21:00:31,12.2486629
21:00:32,11.9277334
21:00:33,10.3276806
21:00:34,10.080719
21:00:35,13.8811626
21:00:36,10.347127
21:00:37,11.7515078
21:00:38,11.5173359
21:00:39,11.9603853
21:00:40,12.2446985
21:00:41,14.72184
21:00:42,11.7132025
21:00:43,11.8905258
21:00:44,11.6387548
21:00:45,11.9415684
21:00:46,12.0148182
21:00:47,11.8598986
21:00:48,11.6307373
21:00:49,11.9893379
21:00:50,11.9172678
21:00:51,11.821413
21:00:52,11.9091787
21:00:53,12.0575047
21:00:54,12.0926113
21:00:55,11.9086142
21:00:56,12.0210257
21:00:57,12.1270237
21:00:58,12.1429548
21:00:59,11.9974127
21:01:00,12.1125374
21:01:01,12.161274
21:01:02,11.8949089
21:01:03,12.29038
21:01:04,11.8967876
21:01:05,12.0974941
21:01:06,12.1598291
21:01:07,11.9983606
21:01:08,12.2643175
21:01:09,11.8077374
21:01:10,12.4676189
21:01:11,11.9481077
21:01:12,11.8641291
21:01:13,12.2174292
21:01:14,11.8662405
21:01:15,12.1703148
21:01:16,11.812705
21:01:17,11.9631424
21:01:18,11.9600716
21:01:19,12.0975037
21:01:20,11.7681608
21:01:21,12.14832
21:01:22,11.9768229
21:01:23,11.9438152
21:01:24,12.0837345
21:01:25,12.221426
21:01:26,11.8817978
21:01:27,12.2168484
21:01:28,11.956378
21:01:29,11.8893423
21:01:30,12.0522518
21:01:31,12.2822714
21:01:33,12.0413694
21:01:34,11.92967
21:01:35,11.8026028
21:01:36,11.8670855
21:01:37,12.1749735
21:01:38,11.9566736
21:01:39,12.1576338
21:01:40,11.9808426
21:01:41,12.017499
21:01:42,12.2282543
21:01:43,12.5314894
21:01:44,12.0501976
21:01:45,11.976265
21:01:46,12.1281843
21:01:47,11.8802538
21:01:48,11.9457788
21:01:49,12.1286869
21:01:50,11.9943066
21:01:51,12.2969341
21:01:52,11.941555
21:01:53,11.9420195
21:01:54,12.1218472
21:01:55,11.9929533
21:01:56,12.0608711
21:01:57,12.0043039
21:01:58,12.1384783
21:01:59,11.6710873
21:02:00,11.9860954
21:02:01,11.8650427
21:02:02,12.0030584
21:02:03,12.0077934
21:02:04,11.9543257
21:02:05,11.783741
21:02:06,12.2227373
21:02:07,12.4247694
21:02:08,11.986228
21:02:09,11.736558
21:02:10,12.0914822
21:02:11,12.0407858
21:02:12,12.2389488
21:02:13,11.8381252
21:02:14,12.02447
21:02:15,12.0087585
21:02:16,12.066781
21:02:17,11.870759
21:02:18,11.9663048
21:02:19,12.1261053
21:02:20,11.773201
21:02:21,12.0134792
21:02:22,12.2319126
21:02:23,12.03885
21:02:24,11.8233728
21:02:25,11.8492193
21:02:26,11.9652948
21:02:27,11.7639265
21:02:28,12.1166029
21:02:29,12.0308084
21:02:30,12.149333
21:02:31,11.94633
21:02:32,11.9411917
21:02:33,11.7983332
21:02:34,12.0272017
21:02:35,12.186162
21:02:36,11.871562
21:02:37,12.2174587
21:02:38,11.71779
21:02:39,12.0856218
21:02:40,11.7104425
21:02:41,12.1961575
21:02:42,12.136323
21:02:43,12.1814165
21:02:44,12.4418707
21:02:45,11.80105
21:02:46,12.0046568
21:02:47,12.3460979
21:02:48,11.837163
21:02:50,11.2685213
21:02:51,12.1726189
21:02:53,11.9454947
21:02:55,11.9602547
21:02:56,12.0965061
21:02:58,12.2636681
21:02:59,11.5666513
21:03:00,12.09143
21:03:01,12.66372
21:03:02,12.415616
21:03:03,11.7172985
21:03:04,12.1012287
21:03:05,11.7271357
21:03:06,12.035058
21:03:07,12.1232519
21:03:08,12.09887
21:03:09,11.8125038
21:03:10,12.10689
21:03:11,12.0953159
21:03:12,11.895112
21:03:13,11.8240738
21:03:14,12.0142317
21:03:15,12.1700649
21:03:16,12.0271492
21:03:17,12.1051226
21:03:18,11.7312164
21:03:19,12.0328588
21:03:20,12.0121937
21:03:21,12.24608
21:03:22,12.3260813
21:03:23,12.2702646
21:03:24,11.8108
21:03:25,12.0596495
21:03:26,12.2141714
21:03:27,11.9724436
21:03:28,11.884058
21:03:29,12.0611954
21:03:30,11.92853
21:03:31,12.0485764
21:03:32,11.8544493
21:03:33,11.8539114
21:03:34,11.99407
21:03:35,12.354517
21:03:36,12.1020393
21:03:37,11.9185972
21:03:38,12.0669565
21:03:39,12.1525164
21:03:40,12.0174379
21:03:41,11.7392817
21:03:42,12.2116289
21:03:43,11.8877115
21:03:44,12.064189
21:03:45,11.927743
21:03:46,12.1055946
21:03:47,12.2907333
21:03:48,11.9728212
21:03:49,11.9306145
21:03:50,11.9984121
21:03:51,12.243557
21:03:52,12.1027727
21:03:53,12.0126457
21:03:54,12.0030251
21:03:55,11.7917442
21:03:56,12.2045212
21:03:57,12.0979338
21:03:58,11.8932095
21:03:59,12.0886374
21:04:00,12.0463552
21:04:01,12.0101023
21:04:02,12.0640306
21:04:03,12.0995226
21:04:04,12.148138
21:04:05,12.0538635
21:04:06,11.9312611
21:04:07,12.0552511
21:04:08,11.9562073
21:04:09,12.168767
21:04:10,12.1146383
21:04:11,11.9837847
21:04:12,12.1196184
21:04:13,11.9932756
21:04:14,11.5759268
21:04:15,12.0857821
21:04:16,12.0837545
21:04:17,12.0821095
21:04:18,12.1246567
21:04:19,12.1239548
21:04:20,12.1131268
21:04:21,11.8839617
21:04:22,11.9420929
21:04:23,11.8645983
21:04:24,12.2665625
21:04:25,11.9310322
21:04:26,11.9588575
21:04:27,11.9899673
21:04:28,12.1180658
21:04:29,12.1061621
21:04:30,12.14939
21:04:31,12.2101393
21:04:32,12.3464308
21:04:33,11.8315735
21:04:34,12.1425819
21:04:35,11.7262363
21:04:36,11.891592
21:04:37,12.1519451
21:04:38,12.2919607
21:04:39,11.8954449
21:04:40,11.866538
21:04:41,12.0677528
21:04:42,11.98847
21:04:43,12.1668091
21:04:44,11.9407873
21:04:45,12.1588173
21:04:46,12.3586235
21:04:47,12.1272593
21:04:48,11.8527441
21:04:49,12.0939159
21:04:50,11.7577639
21:04:51,12.2373886
21:04:52,12.41146
21:04:53,12.1197033
21:04:54,12.15319
21:04:55,11.8798008
21:04:56,12.0115967
21:04:57,11.95268
21:04:58,11.8151188
21:04:59,11.9917974
21:05:00,12.1382189
21:05:01,12.1312056
21:05:02,11.895256
21:05:03,12.0714331
21:05:04,12.0234118
21:05:05,11.8354664
21:05:06,11.9693785
21:05:07,12.0521822
21:05:08,12.2250652
21:05:09,12.4564009
21:05:10,11.5116491
21:05:11,12.075407
21:05:12,12.0781555
21:05:13,12.2642632
21:05:14,12.3277121
21:05:15,11.9654942
21:05:16,11.94383
21:05:17,11.8472586
21:05:18,12.088295
21:05:19,12.0776491
21:05:20,11.974494
21:05:21,12.244709
21:05:22,11.8374653
21:05:23,12.186408
21:05:24,11.91549
21:05:25,11.9235821
21:05:26,12.1903324
21:05:27,11.98895
21:05:28,11.8867111
21:05:29,12.1791334
21:05:30,11.9466715
21:05:31,12.22087
21:05:32,12.0040331
21:05:33,11.7897892
21:05:34,12.0115423
21:05:35,12.04212
21:05:36,11.8699427
21:05:37,11.9079313
21:05:38,11.9868288
21:05:39,12.160841
21:05:40,12.0632524
21:05:41,12.1938343
21:05:42,12.312953
21:05:43,12.1828365
21:05:44,11.9002829
21:05:45,11.8688393
21:05:46,12.110568
21:05:47,11.8738346
21:05:48,11.9845772
21:05:49,12.0849438
21:05:50,12.0803127
21:05:51,11.9510489
21:05:52,12.1024218
21:05:53,11.7634
21:05:54,12.1157761
21:05:55,12.1565275
21:05:56,12.0556812
21:05:57,11.9640436
21:05:58,12.0657988
21:05:59,12.0263071
21:06:00,11.7450714
21:06:01,12.0802479
21:06:02,12.1027784
21:06:03,12.0584316
21:06:04,11.958024
21:06:05,12.1836224
21:06:06,12.1329479
21:06:07,11.8574142
21:06:08,12.00471
21:06:09,12.0138359
21:06:10,12.1625719
21:06:11,12.3246279
21:06:12,11.936635
21:06:13,12.2406454
21:06:14,12.1830215
21:06:15,11.6602316
21:06:16,12.07152
21:06:17,12.0659389
21:06:18,11.9345789
21:06:19,12.2082357
21:06:20,11.7441826
21:06:21,11.6752653
21:06:22,12.10764
21:06:23,11.6369257
21:06:24,12.2014275
21:06:25,11.8315544
21:06:26,12.0727119
21:06:27,12.2739134
21:06:28,12.0038214
21:06:29,11.9617138
21:06:30,12.0265226
21:06:31,12.0857029
21:06:32,12.1650047
21:06:33,11.6769819
21:06:34,11.9426184
21:06:35,11.985549
21:06:36,11.8327456
21:06:37,12.1385536
21:06:38,12.25785
21:06:39,11.9477854
21:06:40,12.1578522
21:06:41,12.114727
21:06:42,11.7640028
21:06:43,11.9465284
21:06:44,11.9587545
21:06:45,12.0064182
21:06:46,12.02323
21:06:47,11.8090887
21:06:48,11.9645872
21:06:49,12.2166948
21:06:50,12.0368929
21:06:51,11.8020277
21:06:52,12.0005693
21:06:53,12.0480165
21:06:54,11.9237309
21:06:55,11.7945824
21:06:56,12.0470877
21:06:57,12.058712
21:06:58,11.8434753
21:06:59,12.1081486
21:07:00,12.0654135
21:07:01,11.947382
21:07:02,12.19964
21:07:03,12.0627995
21:07:04,12.0798531
21:07:05,11.875761
21:07:06,11.9877987
21:07:07,12.0678091
21:07:08,11.7797823
21:07:09,11.8456211
21:07:10,12.2745838
21:07:11,11.97339
21:07:12,12.0093365
21:07:13,11.8976955
21:07:14,12.055624
21:07:15,12.0623837
21:07:16,12.07245
21:07:17,12.0061436
21:07:18,12.1159239
21:07:19,12.0637369
21:07:20,12.1981564
21:07:21,11.9822083
21:07:22,12.62109
21:07:23,12.0922146
21:07:24,11.883893
21:07:25,12.3430758
21:07:26,12.0019388
21:07:27,11.9956055
21:07:28,11.5141392
21:07:29,12.1432838
21:07:30,12.0014763
21:07:31,12.1597338
21:07:32,12.1203966
21:07:33,12.0429869
21:07:34,11.56489
21:07:35,12.1711187
21:07:36,11.98661
21:07:37,12.2586908
21:07:38,12.1091042
21:07:39,12.581398
21:07:40,12.05152
21:07:41,12.2570219
21:07:42,12.1072283
21:07:43,11.9144478
21:07:44,12.0962229
21:07:45,12.0118895
21:07:46,12.0041294
21:07:47,12.2378244
21:07:48,11.9541121
21:07:49,12.0248766
21:07:50,11.96277
21:07:51,12.1616106
21:07:52,12.0077953
21:07:53,11.92683
21:07:54,12.2240715
21:07:55,12.29927
21:07:56,11.9048071
21:07:57,12.1030979
21:07:58,12.1628075
21:07:59,11.84296
21:08:00,12.0052767
21:08:01,11.8658876
21:08:02,12.2947569
21:08:03,12.2496719
21:08:04,12.0837841
21:08:05,11.8897772
21:08:06,12.03388
21:08:07,12.0140743
21:08:08,12.0177889
21:08:09,11.9796562
21:08:10,12.0148153
21:08:11,11.9828634
21:08:12,12.1901169
21:08:13,11.8681316
21:08:14,12.1493168
21:08:15,11.8553457
21:08:16,11.9440832
21:08:17,11.9357815
21:08:18,12.04914
21:08:19,12.13478
21:08:20,11.9080124
21:08:21,12.05123
21:08:22,12.1942034
21:08:23,12.1311121
21:08:24,11.8583412
21:08:25,12.204587
21:08:26,11.6108618
21:08:27,11.9350071
21:08:28,11.9275122
21:08:29,12.2661524
21:08:30,12.1494722
21:08:31,12.1832561
21:08:33,11.9862137
21:08:34,11.9555473
21:08:35,11.9332771
21:08:36,11.9294462
21:08:37,12.1327248
21:08:38,12.1316433
21:08:39,12.2112789
21:08:40,11.779727
21:08:41,12.4270916
21:08:42,11.633194
21:08:43,11.6873484
21:08:44,11.8922348
21:08:45,12.3111715
21:08:46,11.9267979
21:08:47,12.21622
21:08:48,12.124958
21:08:49,12.048213
21:08:50,11.9736395
21:08:51,11.6711864
21:08:52,12.3751183
21:08:53,12.0614481
21:08:54,11.979147
21:08:55,11.8708324
21:08:56,12.1538029
21:08:57,12.0507793
21:08:58,12.1858053
21:08:59,11.9758015
21:09:00,12.019454
21:09:01,12.1194029
21:09:02,12.2097321
21:09:03,12.0519714
21:09:04,11.9483414
21:09:05,12.2778864
21:09:06,11.831892
21:09:07,12.1176748
21:09:08,11.9959764
21:09:09,12.1862373
21:09:10,11.8777552
21:09:11,12.1330881
21:09:12,11.9738
21:09:13,12.1211824
21:09:14,11.7644167
21:09:15,12.017889
21:09:16,12.2451954
21:09:17,11.8103456
21:09:18,12.0210676
21:09:19,12.2285728
21:09:20,11.8172016
21:09:21,12.1425438
21:09:22,12.0831585
21:09:23,11.9980707
21:09:24,12.28778
21:09:25,11.98111
21:09:26,11.9268417
21:09:27,11.8442183
21:09:28,11.6874142
21:09:29,12.1456928
21:09:30,12.29483
21:09:31,12.1241455
21:09:33,11.8295689
21:09:34,11.9199505
21:09:35,12.0497179
21:09:36,11.8349152
21:09:37,12.0071573
21:09:38,12.149395
21:09:39,11.9946957
21:09:40,11.8991919
21:09:41,12.2830486
21:09:42,11.8772259
21:09:43,11.9451485
21:09:44,11.9922285
21:09:45,11.8671188
21:09:46,11.75496
21:09:47,11.753129
21:09:48,12.0218992
21:09:49,12.3261862
21:09:50,11.9107342
21:09:51,12.14908
21:09:52,11.8543282
21:09:53,11.8553114
21:09:54,12.2588072
21:09:55,11.9175377
21:09:56,12.0579214
21:09:57,12.2053785
21:09:58,12.0067625
21:09:59,12.1336231
21:10:00,12.2212486
21:10:01,11.8984547
21:10:02,11.9957647
21:10:04,11.6681356
21:10:05,12.2594032
21:10:06,12.1019516
21:10:07,11.9208555
21:10:08,12.1300945
21:10:09,12.1855679
21:10:11,12.0370579
21:10:12,11.89488
21:10:13,11.8012466
21:10:14,11.7955008
21:10:16,12.21199
21:10:17,11.89683
21:10:18,12.0518932
21:10:19,12.14828
21:10:20,12.1292582
21:10:21,12.289156
21:10:22,11.86143
21:10:23,11.9811115
21:10:24,11.970108
21:10:25,11.9873819
21:10:26,12.0934277
21:10:27,11.91133
21:10:28,11.9328833
21:10:29,11.8228054
21:10:30,11.9526224
21:10:31,12.0825815
21:10:32,12.2348213
21:10:33,11.9235468
21:10:34,11.8918648
21:10:35,12.35234
21:10:36,12.236413
21:10:37,12.0804472
21:10:38,11.9344387
21:10:39,12.0730705
21:10:40,12.1178093
21:10:41,11.92076
21:10:42,12.2591543
21:10:43,11.7955475
21:10:44,12.1392469
21:10:45,12.1313353
21:10:46,12.0145111
21:10:47,11.9648142
21:10:48,11.84105
21:10:49,11.9469948
21:10:50,11.8990812
21:10:51,12.1401539
21:10:52,12.0508127
21:10:53,11.8675909
21:10:54,11.9217157
21:10:55,11.9142942
21:10:56,11.9982862
21:10:57,12.1213369
21:10:58,12.22726
21:10:59,11.98543
21:11:00,11.901475
21:11:01,12.01659
21:11:02,12.3393908
21:11:03,11.943924
21:11:04,12.1700878
21:11:05,12.0302916
21:11:06,12.008091
21:11:07,12.2211123
21:11:08,11.7748928
21:11:09,12.0954409
21:11:10,12.0565758
21:11:11,11.9800167
21:11:12,12.1446018
21:11:13,12.2441015
21:11:14,11.9192553
21:11:15,11.9607763
21:11:16,11.9600182
21:11:17,11.8691587
21:11:18,11.9667711
21:11:19,12.0701389
21:11:20,11.8191452
21:11:21,11.8562756
21:11:22,12.0026751
21:11:23,11.9805069
21:11:24,11.9457235
21:11:25,11.9510527
21:11:26,12.0007582
21:11:27,11.868844
21:11:28,11.9151754
21:11:29,12.1046276
21:11:30,11.9602318
21:11:31,11.9499731
21:11:32,11.9606886
21:11:33,11.8491745
21:11:34,12.04401
21:11:35,11.8459034
21:11:36,12.1010094
21:11:37,12.2251635
21:11:38,12.044322
21:11:39,11.9143953
21:11:40,12.0847492
21:11:41,12.2783537
21:11:42,11.9926291
21:11:43,12.25522
21:11:44,12.0812559
21:11:45,12.0095425
21:11:46,12.0380211
21:11:47,11.7361193
21:11:48,11.895319
21:11:49,12.1488028
21:11:50,12.2108431
21:11:51,12.1408091
21:11:52,11.9324465
21:11:53,12.0389318
21:11:54,11.8602018
21:11:55,11.924058
21:11:56,12.0794039
21:11:57,12.0475159
21:11:58,12.2327147
21:11:59,12.0841
21:12:00,11.9496632
21:12:01,11.8908453
21:12:02,12.1117725
21:12:03,11.7771416
21:12:04,11.9827509
21:12:05,12.1529455
21:12:06,11.5066833
21:12:07,12.0587387
21:12:08,12.2686119
21:12:09,12.0802
21:12:10,12.0655375
21:12:11,12.06547
21:12:12,11.8629227
21:12:13,12.26002
21:12:14,11.8564854
21:12:15,12.3633251
21:12:16,12.4401627
21:12:17,12.0234022
21:12:18,11.8409176
21:12:19,11.8551645
21:12:20,11.9951134
21:12:21,11.7097616
21:12:22,12.0837212
21:12:23,11.9174852
21:12:24,12.2532682
21:12:25,12.1386862
21:12:26,12.0900793
21:12:27,12.0618134
21:12:28,12.0247917
21:12:29,12.086648
21:12:30,11.7484322
21:12:31,11.9240961
21:12:32,12.10522
21:12:33,12.1258688
21:12:34,12.0684757
21:12:35,11.9277477
21:12:36,11.7942677
21:12:37,11.9150867
21:12:38,12.1106663
21:12:39,12.2841215
21:12:40,12.1019087
21:12:41,11.9892721
21:12:42,12.2237434
21:12:43,11.8731222
21:12:44,12.2368536
21:12:45,12.0262442
21:12:46,12.2043762
21:12:47,11.823782
21:12:48,11.84799
21:12:49,11.6022167
21:12:50,12.1989069
21:12:51,12.0016994
21:12:52,12.2939405
21:12:53,11.9560194
21:12:54,12.0166492
21:12:55,12.3284044
21:12:56,12.2920218
21:12:57,11.8822813
21:12:58,12.1369572
21:12:59,11.8986616
21:13:00,12.2017775
21:13:01,12.2051277
21:13:02,11.84367
21:13:03,12.2869692
21:13:04,12.19343
21:13:05,11.6146393
21:13:06,11.7257347
21:13:07,12.1596432
21:13:08,11.9892941
21:13:09,12.099678
21:13:10,11.95038
21:13:11,12.1430492
21:13:12,12.1514263
21:13:13,11.9635439
21:13:14,12.1288671
21:13:15,11.8279734
21:13:16,12.1687117
21:13:17,12.0679483
21:13:18,11.9341717
21:13:19,12.1634941
21:13:20,12.0580235
21:13:21,11.9916916
21:13:22,12.1407719
21:13:23,11.9634714
21:13:24,11.8692236
21:13:25,11.8405523
21:13:26,12.0806561
21:13:27,12.3641043
21:13:28,11.8934164
21:13:29,12.257473
21:13:30,11.9341726
21:13:31,12.0251331
21:13:32,11.8823071
21:13:33,12.0347586
21:13:34,12.2341833
21:13:35,12.0709953
21:13:36,12.027257
21:13:37,11.7513847
21:13:38,11.9612751
21:13:39,11.8000669
21:13:40,12.063056
21:13:41,12.0315409
21:13:42,12.0046272
21:13:43,12.0469809
21:13:44,12.110486
21:13:45,12.0479231
21:13:46,12.1312656
21:13:47,11.8266983
21:13:48,11.9559736
21:13:49,11.9721813
21:13:50,12.0470219
21:13:51,11.9821434
21:13:52,11.9614725
21:13:53,11.8959
21:13:54,11.9380035
21:13:55,12.1704206
21:13:56,11.7778244
21:13:57,12.1505547
21:13:58,12.060482
21:13:59,12.0703831
21:14:00,12.0756931
21:14:01,12.1656466
21:14:02,11.9198341
21:14:03,11.94652
21:14:04,12.1227131
21:14:05,11.8334579
21:14:06,12.2819271
21:14:07,12.0386658
21:14:08,12.1134624
21:14:09,11.9090366
21:14:10,12.0311794
21:14:11,12.1340113
21:14:12,11.8593483
21:14:13,12.0997686
21:14:14,12.2752085
21:14:15,12.242794
21:14:16,11.8543882
21:14:17,12.3327942
21:14:18,12.0105066
21:14:19,12.1384373
21:14:20,12.0439415
21:14:21,12.1688061
21:14:22,12.2161
21:14:23,12.1574411
21:14:24,11.2487822
21:14:25,11.9544916
21:14:26,12.3018332
21:14:27,11.8653269
21:14:28,11.767189
21:14:29,11.92044
21:14:30,11.9413548
21:14:31,12.0657511
21:14:32,12.0118589
21:14:33,11.916007
21:14:34,11.9385262
21:14:35,11.7956734
21:14:36,12.2130241
21:14:37,12.016799
21:14:38,11.9085674
21:14:39,11.6624765
21:14:40,11.6051044
21:14:41,12.309207
21:14:42,11.6462641
21:14:43,11.8610926
21:14:44,12.1965847
21:14:45,11.9154682
21:14:46,12.2233715
21:14:47,12.1983891
21:14:48,11.8558149
21:14:49,11.8375769
21:14:50,11.9072323
21:14:51,12.1517782
21:14:52,12.0740366
21:14:53,12.0461416
21:14:54,11.945878
21:14:55,12.2688894
21:14:56,12.2723179
21:14:57,11.7700758
21:14:58,11.8733253
21:14:59,12.0779133
21:15:00,11.7842293
21:15:01,11.9957085
21:15:02,12.1142187
21:15:03,11.9454269
21:15:04,11.860405
21:15:05,11.9531164
21:15:06,12.110568
21:15:07,11.973649
21:15:08,11.879447
21:15:09,11.9506073
21:15:10,12.2704649
21:15:11,12.12728
21:15:12,11.7454615
21:15:13,11.9470406
21:15:14,12.1341267
21:15:15,12.13066
21:15:16,12.0875559
21:15:17,12.032896
21:15:18,11.9712276
21:15:19,11.8859825
21:15:20,12.1543
21:15:21,12.0629978
21:15:22,12.2137737
21:15:23,11.9847393
21:15:24,12.0075073
21:15:25,12.0033646
21:15:26,11.956707
21:15:27,12.2237082
21:15:28,11.7805395
21:15:29,12.1972866
21:15:30,11.9414434
21:15:31,12.2807779
21:15:32,11.9519625
21:15:34,11.9994974
21:15:35,11.6842175
21:15:36,12.1414232
21:15:37,11.736165
21:15:38,11.8898869
21:15:39,12.1487446
21:15:40,12.0552454
21:15:41,12.0902309
21:15:42,12.0289774
21:15:43,12.1917181
21:15:44,12.1920376
21:15:45,11.9467163
21:15:46,11.9424706
21:15:47,12.1000957
21:15:48,11.9324579
21:15:49,11.6553545
21:15:50,11.9428034
21:15:51,12.06158
21:15:52,12.2902613
21:15:53,11.7777891
21:15:54,11.88431
21:15:55,12.1098194
21:15:56,12.1354933
21:15:57,12.0839052
21:15:58,11.8082352
21:15:59,11.9681463
21:16:00,11.8391209
21:16:01,11.8373117
21:16:02,12.1543674
21:16:03,12.158433
21:16:04,12.0126
21:16:05,11.9609318
21:16:06,11.9997921
21:16:07,11.8773975
21:16:08,12.0188665
21:16:09,11.8314867
21:16:10,11.9174309
21:16:11,12.1004248
21:16:12,11.9073467
21:16:13,11.8824492
21:16:14,11.8597622
21:16:15,11.8093681
21:16:16,12.2438707
21:16:17,11.7892141
21:16:18,11.7609978
21:16:19,11.7949638
21:16:20,12.0999432
21:16:21,11.786994
21:16:22,11.8768444
21:16:23,12.0465631
21:16:24,11.909379
21:16:25,12.0202217
21:16:26,12.04155
21:16:27,11.8913975
21:16:28,12.0169258
21:16:29,11.8721638
21:16:30,12.0204039
21:16:31,12.1013374
21:16:33,12.1184721
21:16:34,12.0524445
21:16:35,12.1651173
21:16:36,11.9329214
21:16:37,12.037467
21:16:38,11.93763
21:16:39,12.1401262
21:16:40,11.9010038
21:16:41,12.1299019
21:16:42,12.1189013
21:16:43,12.1866989
21:16:44,11.98615
21:16:45,11.96491
21:16:46,11.7917643
21:16:47,11.9925938
21:16:48,12.050827
21:16:49,12.22594
21:16:50,11.79689
21:16:51,12.06013
21:16:52,12.0932159
21:16:53,12.1537628
21:16:54,11.9100981
21:16:55,12.5459633
21:16:56,12.2960262
21:16:57,12.1189413
21:16:58,11.7685442
21:16:59,11.8415041
21:17:00,12.1793308
21:17:01,12.16352
21:17:02,11.9450464
21:17:03,11.9799395
21:17:05,12.1069756
21:17:06,11.8892784
21:17:08,11.8252525
21:17:09,11.9093943
21:17:10,12.2253761
21:17:11,12.2301235
21:17:12,12.002409
21:17:13,12.051321
21:17:15,11.9470615
21:17:16,11.95206
21:17:17,11.8686695
21:17:18,12.1791039
21:17:19,11.8877
21:17:20,12.2486858
21:17:21,11.72194
21:17:22,12.18718
21:17:23,11.91576
21:17:24,11.9856405
21:17:25,12.0501451
21:17:26,12.000967
21:17:27,12.1095247
21:17:28,11.7759809
21:17:29,11.8072224
21:17:30,12.1184378
21:17:31,12.3082409
21:17:32,12.0716066
21:17:33,12.2502146
21:17:34,11.843358
21:17:35,11.94073
21:17:36,11.81954
21:17:37,12.1812153
21:17:38,12.248579
21:17:39,11.944088
21:17:40,12.1681681
21:17:41,11.7807779
21:17:42,12.354723
21:17:43,12.0842686
21:17:44,11.9626732
21:17:45,12.0743914
21:17:46,12.0087032
21:17:47,12.3268633
21:17:48,11.867835
21:17:49,11.929738
21:17:50,12.0120192
21:17:51,12.1385307
21:17:52,12.0368557
21:17:53,12.1307392
21:17:54,11.9007263
21:17:55,11.9942408
21:17:56,12.0960436
21:17:57,12.2173138
21:17:58,12.1700439
21:17:59,12.2794371
21:18:00,12.0077076
21:18:01,12.002635
21:18:02,12.0800581
21:18:03,12.0216284
21:18:04,12.2394733
21:18:05,11.9239655
21:18:06,11.8324852
21:18:07,12.129611
21:18:08,11.8413143
21:18:09,11.817812
21:18:10,12.2143469
21:18:11,11.9317293
21:18:12,11.77981
21:18:13,11.9217415
21:18:14,12.1056738
21:18:15,12.098073
21:18:16,12.1497345
21:18:17,11.9678373
21:18:18,12.0032959
21:18:19,12.0942049
21:18:20,12.0545816
21:18:21,11.9755526
21:18:22,12.0802813
21:18:23,12.2715416
21:18:24,12.0951681
21:18:25,12.1450672
21:18:26,11.9887085
21:18:27,11.87956
21:18:28,12.2785387
21:18:29,11.9764585
21:18:30,11.9439678
21:18:31,12.2038374
21:18:32,12.0915585
21:18:33,12.08278
21:18:34,12.00266
21:18:35,11.6073294
21:18:36,12.256197
21:18:37,11.901165
21:18:38,11.9799814
21:18:39,11.888958
21:18:40,12.1998062
21:18:41,11.8304586
21:18:42,11.6073322
21:18:43,12.0027752
21:18:44,12.0535307
21:18:45,12.0417747
21:18:46,11.8036194
21:18:47,12.1918
21:18:48,11.7619953
21:18:49,11.8546562
21:18:50,11.8785706
21:18:51,12.1286564
21:18:52,11.6858988
21:18:53,11.838954
21:18:54,12.0934286
21:18:55,12.1355276
21:18:56,11.9921389
21:18:57,11.91162
21:18:58,12.1494236
21:18:59,12.1614885
21:19:00,12.1483641
21:19:01,11.9219437
21:19:02,12.3216352
21:19:03,11.9308348
21:19:04,11.9383469
21:19:05,11.884244
21:19:06,11.6291876
21:19:07,12.1985216
21:19:08,11.84368
21:19:09,12.0415716
21:19:10,12.1368732
21:19:11,12.0700817
21:19:12,11.8791342
21:19:13,12.104744
21:19:14,12.3771477
21:19:15,12.2683659
21:19:16,12.4257193
21:19:17,12.2486944
21:19:18,11.8139153
21:19:19,12.0537558
21:19:20,12.0475988
21:19:21,11.911622
21:19:22,11.83114
21:19:23,12.1359415
21:19:24,12.082777
21:19:25,11.8400068
21:19:26,12.0254908
21:19:27,12.1198359
21:19:28,11.9044971
21:19:29,11.8607416
21:19:30,12.0848589
21:19:31,12.19983
21:19:32,11.8758593
21:19:33,11.7919588
21:19:34,11.9012165
21:19:35,11.7098942
21:19:36,11.9103975
21:19:37,12.032506
21:19:38,11.8504763
21:19:39,11.8238907
21:19:40,11.7062693
21:19:41,11.9166126
21:19:42,12.2350788
21:19:43,12.1847239
21:19:44,12.204546
21:19:45,11.7499285
21:19:46,11.7800941
21:19:47,12.1151752
21:19:48,11.9007816
21:19:49,12.4125195
21:19:50,12.015543
21:19:51,12.1868954
21:19:52,11.8823824
21:19:53,12.1824188
21:19:54,11.9414282
21:19:55,12.0745106
21:19:56,12.0222721
21:19:57,11.9913311
21:19:58,12.3199921
21:19:59,12.2662477
21:20:00,11.9536858
21:20:01,12.1306925
21:20:02,11.7590666
21:20:03,11.9583368
21:20:04,12.0836449
21:20:05,11.95504
21:20:06,12.0693932
21:20:07,11.9618149
21:20:08,11.978817
21:20:09,12.1017952
21:20:10,12.057457
21:20:11,12.08037
21:20:12,12.0862131
21:20:13,12.1177826
21:20:14,12.0490942
21:20:15,11.9136915
21:20:16,12.1246767
21:20:17,12.4326239
21:20:18,11.8828735
21:20:19,11.8553219
21:20:20,12.2673883
21:20:21,12.0069294
21:20:22,11.8360052
21:20:23,11.8136187
21:20:24,12.182869
21:20:25,12.2439718
21:20:26,12.1171637
21:20:27,11.9810534
21:20:28,11.85691
21:20:29,11.6948261
21:20:30,12.0348616
21:20:31,12.1235323
21:20:32,12.2662754
21:20:33,11.9106646
21:20:34,11.8806353
21:20:35,12.1043043
21:20:36,12.00664
21:20:37,11.9164486
21:20:38,12.2975874
21:20:39,11.8983259
21:20:40,12.2525949
21:20:41,11.95892
21:20:42,11.8063507
21:20:43,12.0924749
21:20:44,12.179059
21:20:45,11.7116909
21:20:46,11.87625
21:20:47,12.0668106
21:20:48,11.8554058
21:20:49,12.0691
21:20:50,11.8998718
21:20:51,12.1163359
21:20:52,12.0491772
21:20:53,11.9771786
21:20:54,12.0693407
21:20:55,11.9764633
21:20:56,12.1683521
21:20:57,12.2221508
21:20:58,11.9049082
21:20:59,12.3627424
21:21:00,11.9161386
21:21:01,12.3204145
21:21:02,12.0824652
21:21:03,12.3122635
21:21:04,11.9710264
21:21:05,12.0004692
21:21:06,11.7669687
21:21:07,11.9698191
21:21:08,12.0861216
21:21:09,12.0325117
21:21:10,12.1629248
21:21:11,11.9550018
21:21:12,12.1213312
21:21:13,11.8766031
21:21:14,12.2088137
21:21:15,12.3569784
21:21:16,11.9314318
21:21:17,12.3709307
21:21:18,11.800806
21:21:19,11.9646635
21:21:20,12.2274637
21:21:21,12.1398973
21:21:22,11.8139906
21:21:23,12.032239
21:21:24,12.0337315
21:21:25,12.01168
21:21:26,12.0747
21:21:27,11.57407
21:21:28,11.8815336
21:21:29,11.9295712
21:21:30,12.4430437
21:21:31,11.6337576
21:21:32,12.1962919
21:21:33,12.3505764
21:21:34,11.6409006
21:21:35,11.9683723
21:21:36,12.15495
21:21:37,12.3349333
21:21:38,12.2206707
21:21:39,11.8500834
21:21:40,12.0134726
21:21:41,12.2464352
21:21:42,11.9487381
21:21:43,12.1203785
21:21:44,11.9629145
21:21:45,11.8402834
21:21:46,12.1582165
21:21:47,12.1116028
21:21:48,11.9742117
21:21:49,11.9478226
21:21:50,11.8771334
21:21:51,12.0345554
21:21:52,11.9480133
21:21:53,12.1774282
21:21:54,12.0204954
21:21:55,12.0369329
21:21:56,11.8680658
21:21:57,12.0454082
21:21:58,11.8885355
21:21:59,11.8985624
21:22:00,12.0165787
21:22:01,12.1149769
21:22:02,11.9891958
21:22:03,12.2725458
21:22:04,11.9516993
21:22:05,11.8444805
21:22:06,12.0740938
21:22:07,11.9622679
21:22:08,11.9564114
21:22:09,11.8435545
21:22:10,11.9593287
21:22:11,11.8625174
21:22:12,11.9220295
21:22:13,12.337121
21:22:14,12.1406507
21:22:15,11.8573227
21:22:16,12.03518
21:22:17,11.8835583
21:22:18,12.0061092
21:22:19,11.7475109
21:22:20,12.1050129
21:22:21,12.0065317
21:22:22,12.0162411
21:22:23,12.011075
21:22:24,11.95188
21:22:25,11.8718605
21:22:26,11.8621883
21:22:27,12.227828
21:22:28,11.8979874
21:22:29,12.1766787
21:22:30,12.0653076
21:22:31,12.271328
21:22:32,11.9223919
21:22:34,12.1729422
21:22:35,12.2010527
21:22:36,11.9066362
21:22:37,12.0011768
21:22:38,11.9608774
21:22:39,11.9441252
21:22:40,11.9997053
21:22:41,11.9505033
21:22:42,11.94578
21:22:43,12.0473194
21:22:44,11.9906511
21:22:45,11.746069
21:22:46,11.8694983
21:22:47,12.0862045
21:22:48,12.1294384
21:22:49,12.1322718
21:22:50,12.3548136
21:22:51,11.88793
21:22:52,12.28649
21:22:53,12.1648693
21:22:54,12.0517988
21:22:55,11.81102
21:22:56,12.1030617
21:22:57,11.9964886
21:22:58,12.08839
21:22:59,12.00875
21:23:00,11.8583345
21:23:01,12.2997684
21:23:02,11.9562635
21:23:03,11.6548758
21:23:04,11.876195
21:23:05,12.0745029
21:23:06,12.3207121
21:23:07,11.9735842
21:23:08,12.0102205
21:23:09,11.9595575
21:23:10,11.6621914
21:23:11,12.1749926
21:23:13,12.0554142
21:23:14,11.8791943
21:23:15,12.2512989
21:23:16,11.8627176
21:23:17,12.1147432
21:23:18,11.9530287
21:23:19,11.8137484
21:23:20,11.8444605
21:23:21,12.2840767
21:23:22,12.0500736
21:23:23,12.0618162
21:23:24,12.0453119
21:23:25,11.9563074
21:23:26,12.23467
21:23:27,11.8064642
21:23:28,11.753315
21:23:29,12.3957672
21:23:31,11.9522219
21:23:33,11.8052616
21:23:34,12.3614979
21:23:35,11.9871426
21:23:36,11.9782963
21:23:37,11.9934425
21:23:39,12.257473
21:23:40,12.03732
21:23:41,12.2060194
21:23:43,11.9443016
21:23:44,11.8647032
21:23:45,11.9195261
21:23:46,12.0866957
21:23:48,11.6869593
21:23:49,11.6327038
21:23:50,12.1022768
21:23:51,11.9131308
21:23:53,11.8939991
21:23:54,12.3384266
21:23:55,11.9004326
21:23:56,11.80582
21:23:57,12.0338011
21:23:58,12.4493513
21:23:59,12.0532093
21:24:00,11.8546486
21:24:01,12.0607862
21:24:02,12.2071466
21:24:03,12.2914782
21:24:04,12.2191734
21:24:05,11.8084011
21:24:06,11.92134
21:24:07,12.2701769
21:24:08,11.8548584
21:24:09,12.0513573
21:24:10,12.1701317
21:24:11,11.826849
21:24:12,11.9218655
21:24:13,12.164608
21:24:14,12.0265474
21:24:15,11.7643232
21:24:16,12.0475435
21:24:17,12.1179991
21:24:18,12.03806
21:24:19,11.8579884
21:24:20,12.2471542
21:24:21,11.9320526
21:24:22,12.0809956
21:24:23,11.81378
21:24:24,11.973978
21:24:25,12.1097326
21:24:26,12.3154011
21:24:27,11.9718866
21:24:28,11.9803028
21:24:29,12.1626177
21:24:30,11.9465322
21:24:31,12.2065907
21:24:32,11.6629343
21:24:33,11.9389133
21:24:34,11.8609552
21:24:35,11.5677519
21:24:36,11.9232
21:24:37,11.8838539
21:24:38,12.078887
21:24:39,12.2337885
21:24:40,11.8522949
21:24:41,12.3004932
21:24:42,12.2502251
21:24:43,11.7929544
21:24:44,12.06918
21:24:45,11.69542
21:24:46,11.7940416
21:24:47,12.1906815
21:24:48,12.2653637
21:24:49,12.0602436
21:24:50,12.0057163
21:24:51,11.9811668
21:24:52,11.9611835
21:24:53,12.002409
21:24:54,12.0759487
21:24:55,12.0612154
21:24:56,11.8595581
21:24:57,11.9838734
21:24:58,12.0953436
21:24:59,12.0614958
21:25:00,12.15668
21:25:01,12.2676525
21:25:02,11.7071323
21:25:03,12.08891
21:25:04,12.1382971
21:25:05,12.059166
21:25:06,12.18873
21:25:07,11.9912548
21:25:08,12.07766
21:25:09,11.7707548
21:25:10,12.0224409
21:25:11,12.233634
21:25:12,11.8570786
21:25:13,12.1234989
21:25:14,12.4891138
21:25:15,11.698411
21:25:16,12.1912394
21:25:17,12.1003866
21:25:18,12.1231089
21:25:19,11.9007368
21:25:20,12.1401949
21:25:21,12.1006174
21:25:22,11.9560947
21:25:23,12.1040163
21:25:24,12.027317
21:25:25,11.8107748
21:25:26,12.1406393
21:25:27,11.8722963
21:25:28,12.2159929
21:25:29,12.1890621
21:25:30,12.1202478
21:25:31,12.1483374
21:25:32,12.0869789
21:25:33,11.9010572
21:25:34,12.1222849
21:25:35,11.8198061
21:25:36,12.4316654
21:25:37,12.0661707
21:25:38,12.0378523
21:25:39,12.0513849
21:25:40,11.8657722
21:25:41,11.9949522
21:25:42,12.1312513
21:25:43,12.0628281
21:25:44,11.941762
21:25:45,12.0225229
21:25:46,11.9148359
21:25:47,11.82646
21:25:48,12.0879822
21:25:49,12.4025173
21:25:50,12.2164249
21:25:51,12.1548882
21:25:52,11.7183475
21:25:53,12.1048546
21:25:54,12.1544323
21:25:55,11.8802662
21:25:56,12.1165905
21:25:57,11.8080111
21:25:58,12.1335869
21:25:59,12.29862
21:26:00,11.9635105
21:26:01,12.2049437
21:26:02,12.1352949
21:26:03,11.9234915
21:26:04,12.1408434
21:26:05,12.1436405
21:26:06,12.0278978
21:26:07,12.1453943
21:26:08,11.538353
21:26:09,11.8564529
21:26:10,12.1937351
21:26:11,12.3385248
21:26:12,12.23566
21:26:13,12.1491957
21:26:14,12.14317
21:26:15,11.8237791
21:26:16,11.8245
21:26:17,12.11155
21:26:18,11.9995384
21:26:19,12.2274
21:26:20,12.46956
21:26:21,11.9436188
21:26:22,11.6751089
21:26:23,12.2904806
21:26:24,11.9599581
21:26:25,12.033329
21:26:26,12.1194487
21:26:27,11.9700575
21:26:28,11.9974613
21:26:29,12.1106186
21:26:30,12.1312895
21:26:31,12.2021
21:26:32,11.838685
21:26:33,12.2217655
21:26:34,12.3637934
21:26:35,12.0457249
21:26:36,12.0168934
21:26:37,12.0099869
21:26:38,12.1583147
21:26:39,12.215992
21:26:40,12.2222719
21:26:41,12.1360817
21:26:42,11.7032824
21:26:43,11.9500542
21:26:44,11.8839989
21:26:45,11.87527
21:26:46,12.1648846
21:26:47,11.9081726
21:26:48,12.3645773
21:26:49,12.3060455
21:26:50,12.1934061
21:26:51,11.7614861
21:26:52,11.7578592
21:26:53,12.5464487
21:26:54,12.1421976
21:26:55,11.9688988
21:26:56,12.0381927
21:26:57,12.0428438
21:26:58,11.9729843
21:26:59,12.2410469
21:27:00,11.8744869
21:27:01,11.9872236
21:27:02,12.1002684
21:27:03,12.0667925
21:27:04,12.1081905
21:27:05,12.34397
21:27:06,11.99109
21:27:07,11.8165884
21:27:08,11.9331608
21:27:09,11.9043484
21:27:10,11.9942007
21:27:11,12.3474121
21:27:12,12.09057
21:27:13,11.9814186
21:27:14,11.8736343
21:27:15,12.028307
21:27:16,12.1397047
21:27:17,11.9921112
21:27:18,12.0928774
21:27:19,12.1428652
21:27:20,11.9905519
21:27:21,11.8717957
21:27:22,12.0502806
21:27:23,12.1446209
21:27:24,12.1761618
21:27:25,11.8234606
21:27:26,11.9418879
21:27:27,11.7933779
21:27:28,12.1761961
21:27:29,12.1603107
21:27:30,11.6882524
21:27:31,11.8592377
21:27:32,12.2910862
21:27:33,11.7628937
21:27:34,11.760128
21:27:35,11.9225731
21:27:36,12.1588621
21:27:37,11.9137592
21:27:38,12.3806334
21:27:39,12.1859465
21:27:40,11.9307461
21:27:41,12.0644817
21:27:42,12.0183878
21:27:43,12.1741047
21:27:44,12.2823315
21:27:45,12.1420593
21:27:46,11.9348526
21:27:47,12.1058426
21:27:48,11.9356956
21:27:49,12.5172672
21:27:50,11.9205017
21:27:51,11.9753675
21:27:52,11.9513407
21:27:53,11.6311226
21:27:54,11.8518476
21:27:55,12.2143307
21:27:56,11.9064989
21:27:57,12.0307245
21:27:58,12.311223
21:27:59,12.095314
21:28:00,12.3514166
21:28:01,12.1256819
21:28:02,11.92269
21:28:03,12.1561232
21:28:04,12.0485764
21:28:05,12.088769
21:28:06,11.9016542
21:28:07,11.96679
21:28:08,12.009881
21:28:09,12.01361
21:28:10,12.3075008
21:28:11,11.8403187
21:28:12,12.1701727
21:28:13,12.1809139
21:28:14,12.0778675
21:28:15,11.8914251
21:28:16,12.2221813
21:28:17,12.10491
21:28:18,11.74317
21:28:19,12.2428093
21:28:20,11.5887346
21:28:21,12.1421309
21:28:22,11.8997469
21:28:23,11.9823942
21:28:24,12.0728827
21:28:25,11.7122669
21:28:26,11.9105949
21:28:27,12.0698853
21:28:28,12.1163244
21:28:29,11.3079605
21:28:30,12.529233
21:28:31,11.7898827
21:28:33,12.3789845
21:28:34,11.967452
21:28:35,11.85348
21:28:36,11.60095
21:28:37,12.2735224
21:28:38,11.98225
21:28:39,11.827384
21:28:40,12.8757811
21:28:41,12.2045135
21:28:42,11.9858389
21:28:43,12.0320225
21:28:44,12.2183189
21:28:45,11.7125635
21:28:46,11.9523706
21:28:47,12.1465292
21:28:48,12.0820274
21:28:49,11.9975939
21:28:50,11.8658228
21:28:51,12.03012
21:28:52,11.6856632
21:28:53,12.1254311
21:28:54,12.1874218
21:28:55,12.0750723
21:28:56,12.0942221
21:28:57,11.9798479
21:28:58,11.8496532
21:28:59,12.0658627
21:29:00,12.2615557
21:29:01,12.1565542
21:29:02,12.0679426
21:29:03,11.628274
21:29:04,12.0338459
21:29:05,11.86655
21:29:06,11.8786554
21:29:07,11.859786
21:29:08,12.13369
21:29:09,11.9350395
21:29:10,12.062274
21:29:11,12.3595524
21:29:12,12.0523348
21:29:13,12.1265182
21:29:14,11.64853
21:29:15,12.0771151
21:29:16,11.946106
21:29:17,12.0800838
21:29:18,12.015193
21:29:19,11.7155333
21:29:20,12.3312712
21:29:21,11.9031887
21:29:22,12.1229506
21:29:23,12.1622791
21:29:24,11.951704
21:29:25,11.981863
21:29:26,11.9487438
21:29:27,12.0201759
21:29:28,11.8689156
21:29:29,12.244668
21:29:30,12.1204548
21:29:31,12.0628834
21:29:32,11.9323254
21:29:33,12.1229887
21:29:34,11.8679628
21:29:35,11.772089
21:29:36,11.9167757
21:29:37,12.0049324
21:29:38,12.01359
21:29:39,11.9315805
21:29:40,12.1464109
21:29:41,12.1109409
21:29:42,11.9818859
21:29:43,11.836319
21:29:44,12.0196886
21:29:45,11.8223734
21:29:46,12.2122812
21:29:47,12.0273905
21:29:48,11.9558125
21:29:49,12.0817957
21:29:50,11.9376383
21:29:51,12.1884193
21:29:52,11.7875175
21:29:53,12.0036469
21:29:54,12.0512142
21:29:55,12.195138
21:29:56,12.1399918
21:29:57,12.0312433
21:29:58,12.00011
21:29:59,11.8407946
21:30:00,12.3248692
21:30:01,12.1823645
21:30:02,11.9271049
21:30:03,12.38473
21:30:04,12.1159353
21:30:05,11.8725576
21:30:06,12.2929325
21:30:07,12.0116158
21:30:08,12.2091112
21:30:09,11.9616385
21:30:10,11.7776089
21:30:11,12.2167168
21:30:12,12.038867
21:30:13,11.9298372
21:30:14,12.10529
21:30:15,12.1146631
21:30:16,12.112134
21:30:17,12.5556345
21:30:18,12.0047045
21:30:19,12.0445061
21:30:20,12.0142059
21:30:21,12.2548323
21:30:22,12.07796
21:30:23,12.1329308
21:30:24,11.8573627
21:30:25,12.2160969
21:30:26,11.8689528
21:30:27,12.088829
21:30:28,12.2270689
21:30:29,11.3945332
21:30:30,12.0250435
21:30:31,12.2688894
21:30:33,11.9772415
21:30:34,11.9217911
21:30:35,11.8353624
21:30:36,12.0218515
21:30:37,12.2472439
21:30:38,12.29304
21:30:39,11.9066153
21:30:40,11.7624321
21:30:41,12.0290318
21:30:42,12.129775
21:30:43,12.0329819
21:30:44,12.0525656
21:30:45,12.0608063
21:30:46,12.1327715
21:30:47,12.0865545
21:30:48,12.0993366
21:30:49,11.4160843
21:30:50,11.9433842
21:30:51,12.3474054
21:30:52,11.7336378
21:30:53,12.24271
21:30:54,11.6599369
21:30:55,12.0044613
21:30:56,12.0155411
21:30:57,12.1112175
21:30:58,12.0281239
21:30:59,11.71097
21:31:00,12.4392729
21:31:01,12.1535778
21:31:02,12.1162405
21:31:03,11.59727
21:31:04,11.8654976
21:31:05,12.3583555
21:31:06,12.011651
21:31:07,11.9241753
21:31:08,11.9760809
21:31:09,12.2185078
21:31:10,11.8256693
21:31:11,12.0997076
21:31:12,12.1721458
21:31:13,12.010767
21:31:14,11.8883028
21:31:15,11.8743572
21:31:16,12.3471184
21:31:17,11.9067287
21:31:19,12.106163
21:31:20,12.3093567
21:31:22,12.0196342
21:31:23,12.170146
21:31:25,12.0351038
21:31:26,12.3116655
21:31:28,12.0554028
21:31:29,12.1658535
21:31:30,11.933135
21:31:31,12.0174751
21:31:32,12.1775436
21:31:33,11.9858189
21:31:34,11.6725492
21:31:35,11.928998
21:31:36,11.9944687
21:31:37,12.1732779
21:31:38,12.0080824
21:31:39,11.9816818
21:31:40,11.7665882
21:31:41,12.0680208
21:31:42,11.9872169
21:31:43,11.80249
21:31:44,11.9536581
21:31:45,12.13787
21:31:46,12.1666269
21:31:47,12.0404816
21:31:48,12.3317327
21:31:49,12.2215872
21:31:50,11.7279215
21:31:51,12.1082745
21:31:52,11.996479
21:31:53,11.9560452
21:31:54,12.09444
21:31:55,12.1627874
21:31:56,11.9596252
21:31:57,12.0634756
21:31:58,12.3520708
21:31:59,12.0984621
21:32:00,12.2145319
21:32:01,12.0236626
21:32:02,12.4240131
21:32:03,11.6408787
21:32:04,12.1410685
21:32:05,12.0876942
21:32:06,11.93016
21:32:07,11.9343777
21:32:08,11.9316568
21:32:09,11.9384546
21:32:10,11.7652159
21:32:11,12.088233
21:32:12,12.0155106
21:32:13,11.8211536
21:32:14,11.8640652
21:32:15,11.665925
21:32:16,11.7921057
21:32:17,11.9253807
21:32:18,12.3019991
21:32:19,11.7522249
21:32:20,12.0678225
21:32:21,12.1227913
21:32:22,11.992692
21:32:23,11.7244968
21:32:24,11.9178343
21:32:25,12.0336437
21:32:26,11.9501953
21:32:27,12.0750751
21:32:28,11.98937
21:32:29,12.0484324
21:32:30,11.8883533
21:32:31,11.8663092
21:32:32,11.8878469
21:32:33,12.1743259
21:32:34,11.8789063
21:32:35,12.0022449
21:32:36,11.9552765
21:32:37,12.2425957
21:32:38,12.219738
21:32:39,12.0801525
21:32:40,11.964406
21:32:41,12.0405273
21:32:42,12.137639
21:32:43,12.135335
21:32:44,12.0549936
21:32:45,12.0849533
21:32:46,11.9466867
21:32:47,12.0757189
21:32:48,11.8439426
21:32:49,12.2075024
21:32:50,11.9875841
21:32:51,12.1159763
21:32:52,12.085516
21:32:53,11.75182
21:32:54,12.1005468
21:32:55,12.1243343
21:32:56,11.980094
21:32:57,11.892271
21:32:58,12.0207052
21:32:59,12.0702744
21:33:00,12.11046
21:33:01,12.20926
21:33:02,11.8377829
21:33:03,11.8368845
21:33:04,12.2772856
21:33:05,11.9214239
21:33:06,12.0194788
21:33:07,12.1590662
21:33:08,12.0526323
21:33:09,11.689086
21:33:10,11.9179449
21:33:11,12.1403713
21:33:12,11.7989349
21:33:13,11.8852863
21:33:14,11.9573984
21:33:15,12.3084641
21:33:16,11.831069
21:33:17,12.1726408
21:33:18,12.0902128
21:33:19,11.7622166
21:33:20,12.182086
21:33:21,12.3858128
21:33:22,11.8167419
21:33:23,12.1294947
21:33:24,12.2690287
21:33:25,12.3072748
21:33:26,11.8392115
21:33:27,11.6657524
21:33:28,11.7909117
21:33:29,11.9547625
21:33:30,12.0233955
21:33:31,11.7193956
21:33:32,12.1893034
21:33:33,12.3337212
21:33:34,12.2829494
21:33:35,11.6336355
21:33:36,11.97117
21:33:37,11.894659
21:33:38,12.0280666
21:33:39,12.48108
21:33:40,11.8625288
21:33:41,12.26105
21:33:42,11.8468056
21:33:43,11.6637154
21:33:44,12.2100677
21:33:45,11.7208443
21:33:46,11.801137
21:33:47,11.8786736
21:33:48,11.7673092
21:33:49,12.0348444
21:33:50,12.27032
21:33:51,12.3009033
21:33:52,12.1816711
21:33:53,11.7405205
21:33:54,12.2797251
21:33:55,12.2291079
21:33:56,11.87774
21:33:57,12.0313883
21:33:58,11.88646
21:33:59,11.9202652
21:34:00,11.9224749
21:34:01,11.775259
21:34:02,12.2600479
21:34:03,12.1284533
21:34:04,12.2870436
21:34:05,12.000309
21:34:06,12.08065
21:34:07,11.9343719
21:34:08,12.05207
21:34:09,11.9539251
21:34:10,11.9653835
21:34:11,12.0900669
21:34:12,12.2079906
21:34:13,12.4597692
21:34:14,12.0884829
21:34:15,11.7642832
21:34:16,11.76109
21:34:17,12.0409431
21:34:18,11.9665279
21:34:19,12.3284092
21:34:20,11.9019222
21:34:21,12.0577354
21:34:22,11.9500637
21:34:23,12.3666983
21:34:24,11.8130913
21:34:25,12.1653776
21:34:26,12.2085257
21:34:27,12.1380491
21:34:28,12.3481817
21:34:29,11.490118
21:34:30,12.1700058
21:34:31,12.0874853
21:34:32,11.944025
21:34:33,12.1074123
21:34:34,12.0028305
21:34:35,11.79526
21:34:36,11.9641056
21:34:37,12.1648455
21:34:38,11.6819563
21:34:39,12.1593752
21:34:40,11.9557047
21:34:41,12.0962324
21:34:42,12.2039614
21:34:43,12.0543518
21:34:44,12.067893
21:34:45,12.0560884
21:34:46,12.0629873
21:34:47,11.9716358
21:34:48,11.9350567
21:34:49,12.1801138
21:34:50,12.1429605
21:34:51,12.06487
21:34:52,12.0667534
21:34:53,12.0545816
21:34:54,11.7964363
21:34:55,12.4441042
21:34:56,11.8620777
21:34:57,11.8843985
21:34:58,12.0612659
21:34:59,12.2247887
21:35:00,11.9547815
21:35:01,12.13781
21:35:02,12.1012964
21:35:03,11.9736366
21:35:04,12.1490955
21:35:05,12.37366
21:35:06,12.1189337
21:35:07,12.1693249
21:35:08,12.17728
21:35:09,12.1206179
21:35:10,11.9649143
21:35:11,12.1163492
21:35:12,11.9412661
21:35:13,12.2726517
21:35:14,11.9412117
21:35:15,12.29705
21:35:16,12.1789989
21:35:17,12.0092421
21:35:18,12.5744591
21:35:19,12.0800285
21:35:20,11.921422
21:35:21,12.0281391
21:35:22,11.9749765
21:35:23,12.0565586
21:35:24,12.0551853
21:35:25,12.0683632
21:35:26,12.0905828
21:35:27,11.70556
21:35:28,12.23425
21:35:29,11.30806
21:35:30,11.7198057
21:35:31,12.280592
21:35:32,11.6955547
21:35:33,12.165143
21:35:34,12.2102308
21:35:35,12.2579861
21:35:36,12.11067
21:35:37,12.1765728
21:35:38,12.0118332
21:35:39,12.0376015
21:35:40,12.4055758
21:35:41,12.2209578
21:35:42,11.8532963
21:35:43,12.0243759
21:35:44,12.2563543
21:35:45,11.7406635
21:35:46,11.8299074
21:35:47,12.0882559
21:35:48,12.2434921
21:35:49,12.2129736
21:35:50,11.98524
21:35:51,12.0548525
21:35:52,12.0263081
21:35:53,12.10471
21:35:54,11.9772434
21:35:55,12.0336761
21:35:56,12.01611
21:35:57,11.9230652
21:35:58,12.1344023
21:35:59,11.8776989
21:36:00,12.3147554
21:36:01,11.91281
21:36:02,12.0387325
21:36:03,11.893671
21:36:04,11.9978266
21:36:05,11.7213783
21:36:06,11.9466343
21:36:07,11.9534616
21:36:08,12.0698061
21:36:09,11.9620867
21:36:10,11.9957266
21:36:11,12.0740194
21:36:12,12.18891
21:36:13,11.9367762
21:36:14,12.1313877
21:36:15,11.8482246
21:36:16,11.7141323
21:36:17,12.0979061
21:36:18,12.1194057
21:36:19,12.1541224
21:36:20,11.8708115
21:36:21,12.0969687
21:36:22,12.11244
21:36:23,12.0242939
21:36:24,11.9918518
21:36:25,12.0447912
21:36:26,12.2755966
21:36:27,12.2494431
21:36:28,11.9221258
21:36:29,11.9996014
21:36:30,11.9634933
21:36:31,12.2411346
21:36:32,12.08232
21:36:33,11.7385254
21:36:34,12.2665052
21:36:35,11.6871319
21:36:36,12.2173519
21:36:37,11.87405
21:36:38,12.1250572
21:36:39,12.0067778
21:36:40,12.1891508
21:36:41,11.6260233
21:36:42,11.9860716
21:36:43,12.1076775
21:36:44,12.2950068
21:36:45,11.9596691
21:36:46,12.1005983
21:36:47,12.3179846
21:36:48,12.3144932
21:36:49,11.7752857
21:36:50,11.9937716
21:36:51,11.9789677
21:36:52,11.9061
21:36:53,11.8313751
21:36:54,12.4215117
21:36:55,12.1332245
21:36:56,12.3095551
21:36:57,11.9413919
21:36:58,11.9575253
21:36:59,11.9824295
21:37:00,12.0105114
21:37:01,12.2091742
21:37:02,11.930954
21:37:03,12.1011019
21:37:04,12.0470037
21:37:05,12.0038509
21:37:06,12.145812
21:37:07,11.9775124
21:37:08,12.2025919
21:37:09,11.9556971
21:37:10,11.9503613
21:37:11,12.2775946
21:37:12,12.0397062
21:37:13,11.9104834
21:37:14,12.16971
21:37:15,11.8674917
21:37:16,11.9659576
21:37:17,12.0620842
21:37:18,11.8988628
21:37:19,12.0755367
21:37:20,11.7642546
21:37:21,12.0679369
21:37:22,11.9774933
21:37:23,12.07569
21:37:24,12.2776031
21:37:25,11.7460175
21:37:26,11.84536
21:37:27,12.2018242
21:37:28,12.110568
21:37:29,12.108
21:37:30,12.2702942
21:37:31,11.997613
21:37:32,11.9532957
21:37:34,12.1433086
21:37:35,12.08271
21:37:36,11.831255
21:37:37,11.8104219
21:37:38,12.20021
21:37:39,11.7700043
21:37:40,12.4087849
21:37:41,11.87553
21:37:42,11.8476591
21:37:43,11.9245911
21:37:44,11.7230711
21:37:45,12.2190027
21:37:46,11.8488388
21:37:47,12.1656561
21:37:48,11.6878891
21:37:49,11.6078749
21:37:50,11.8590117
21:37:51,12.2950163
21:37:52,12.125205
21:37:53,12.2440643
21:37:54,11.8607721
21:37:55,12.191205
21:37:56,12.0158615
21:37:57,12.1346636
21:37:58,12.0012007
21:37:59,12.4044266
21:38:00,11.8361568
21:38:01,12.0287828
21:38:02,12.1961584
21:38:03,12.108511
21:38:04,11.8427067
21:38:05,12.1046095
21:38:06,12.0994234
21:38:07,12.24898
21:38:08,11.9355621
21:38:09,12.0551386
21:38:10,11.89337
21:38:11,12.1057262
21:38:12,11.8784456
21:38:13,12.10567
21:38:14,12.150362
21:38:15,11.8163166
21:38:16,11.7572279
21:38:17,12.0509357
21:38:18,12.113925
21:38:19,11.8478107
21:38:20,11.87631
21:38:21,11.9932661
21:38:22,12.2349367
21:38:23,12.0875645
21:38:24,11.9684439
21:38:25,11.9471407
21:38:26,12.2576809
21:38:27,12.1047907
21:38:28,12.0106125
21:38:29,12.1889515
21:38:30,11.7981243
21:38:31,12.1071606
21:38:33,11.5873842
21:38:34,12.0657454
21:38:35,11.8337364
21:38:36,12.1506338
21:38:37,12.1178217
21:38:38,12.3033924
21:38:39,11.9958677
21:38:40,11.9865522
21:38:41,12.138464
21:38:43,12.0871305
21:38:45,12.1875687
21:38:46,11.9728851
21:38:47,12.1804
21:38:48,11.9507456
21:38:49,11.9912672
21:38:51,12.5541105
21:38:53,11.9604692
21:38:54,11.7416086
21:38:55,11.7000923
21:38:56,11.8640709
21:38:57,11.9847507
21:38:58,11.9866247
21:38:59,12.2574291
21:39:00,12.10472
21:39:01,11.9670439
21:39:02,12.1158037
21:39:03,12.1031418
21:39:04,11.9613762
21:39:05,11.974124
21:39:06,12.2250166
21:39:07,12.0616493
21:39:08,12.1085043
21:39:09,11.377306
21:39:10,12.0985947
21:39:11,11.9119616
21:39:12,12.130887
21:39:13,11.85079
21:39:14,11.96806
21:39:15,11.9458609
21:39:16,12.2283
21:39:17,11.9335184
21:39:18,11.8183661
21:39:19,11.9441776
21:39:20,11.99903
21:39:21,11.8405495
21:39:22,12.1297388
21:39:23,12.04385
21:39:24,11.8715477
21:39:25,12.2659931
21:39:26,11.7458858
21:39:27,12.0068045
21:39:28,11.7168255
21:39:29,12.3840237
21:39:30,11.81057
21:39:31,12.2946854
21:39:32,11.7312851
21:39:33,12.1194305
21:39:34,11.8613091
21:39:35,12.1132421
21:39:36,12.2748957
21:39:37,11.821497
21:39:38,12.0248823
21:39:39,12.1236277
21:39:40,12.1272259
21:39:41,12.0716009
21:39:42,12.0783348
21:39:43,12.0351152
21:39:44,12.2791805
21:39:45,12.083848
21:39:46,12.0570107
21:39:47,12.1736345
21:39:48,11.7565546
21:39:49,11.7745914
21:39:50,12.2667589
21:39:51,12.28315
21:39:52,12.1629667
21:39:53,11.8746567
21:39:54,12.080102
21:39:55,12.0633574
21:39:56,11.9855671
21:39:57,11.9847231
21:39:58,11.8902779
21:39:59,12.2495022
21:40:00,12.362628
21:40:01,11.8121672
21:40:02,12.1604815
21:40:03,12.3910437
21:40:04,11.9957571
21:40:05,12.1718006
21:40:06,11.7396917
21:40:07,12.0238762
21:40:08,12.1186085
21:40:09,12.1609325
21:40:10,11.8196936
21:40:11,12.00482
21:40:12,12.2947083
21:40:13,12.3381958
21:40:14,11.8904142
21:40:15,12.0897312
21:40:16,11.9347782
21:40:17,12.129118
21:40:18,12.0040874
21:40:19,11.8873825
21:40:20,11.9254246
21:40:21,12.8357391
21:40:22,11.9295378
21:40:23,12.0031595
21:40:24,12.000639
21:40:25,12.1797857
21:40:26,12.1076708
21:40:27,11.8957644
21:40:28,11.9622965
21:40:29,12.1245871
21:40:30,12.038456
21:40:31,11.9579391
21:40:32,12.0271492
21:40:33,11.94416
21:40:34,11.77451
21:40:35,12.0581293
21:40:36,11.8256178
21:40:37,12.1888361
21:40:38,12.0612421
21:40:39,11.9578972
21:40:40,11.9136915
21:40:41,12.4375372
21:40:42,12.1763077
21:40:43,12.0323925
21:40:44,11.9785042
21:40:45,12.0235767
21:40:46,11.9268589
21:40:47,12.1503973
21:40:48,11.7769623
21:40:49,12.2410336
21:40:50,11.923193
21:40:51,11.791914
21:40:52,11.9482965
21:40:53,11.9189816
21:40:54,11.9169426
21:40:55,12.4669189
21:40:56,11.8269644
21:40:57,11.9102373
21:40:58,12.2106724
21:40:59,11.9530458
21:41:00,12.28311
21:41:01,12.0795727
21:41:02,12.006341
21:41:03,11.99883
21:41:04,11.7901516
21:41:05,11.91286
21:41:06,12.1669312
21:41:07,11.85039
21:41:08,11.9296961
21:41:09,12.0597105
21:41:10,12.4674358
21:41:11,11.5878
21:41:12,12.0707226
21:41:13,11.93804
21:41:14,11.9490175
21:41:15,12.0907373
21:41:16,12.0008621
21:41:17,12.2250595
21:41:18,12.0208807
21:41:19,11.948596
21:41:20,11.8876343
21:41:21,11.9871044
21:41:22,12.3914719
21:41:23,11.8160419
21:41:24,12.1193848
21:41:25,11.9810905
21:41:26,12.3741665
21:41:27,11.9
21:41:28,12.1458941
21:41:29,12.0430527
21:41:30,11.7420883
21:41:31,12.2528334
21:41:32,12.2840061
21:41:33,11.9334126
21:41:34,12.1552525
21:41:35,12.2311478
21:41:36,11.8192186
21:41:37,11.9022
21:41:38,11.8967323
21:41:39,11.8844032
21:41:40,11.9323654
21:41:41,11.96204
21:41:42,11.9949522
21:41:43,12.101285
21:41:44,11.95637
21:41:45,11.6312637
21:41:46,11.9899626
21:41:47,12.2603264
21:41:48,11.7599659
21:41:49,12.2268848
21:41:50,12.0233488
21:41:51,11.6187658
21:41:52,11.8795986
21:41:53,11.9770927
21:41:54,12.1368361
21:41:55,12.21506
21:41:56,12.1752491
21:41:57,12.23592
21:41:58,12.1621008
21:41:59,12.2888174
21:42:00,12.3148918
21:42:01,12.0663185
21:42:02,12.1078243
21:42:03,11.4887991
21:42:04,12.2100716
21:42:05,12.3645954
21:42:06,12.1611519
21:42:07,12.3229418
21:42:08,11.8264351
21:42:09,11.84796
21:42:10,12.100666
21:42:11,12.0817928
21:42:12,12.194788
21:42:13,11.6893587
21:42:14,11.9480944
21:42:15,12.373229
21:42:16,12.0338812
21:42:17,11.9960432
21:42:18,12.162077
21:42:19,11.8547039
21:42:20,12.1534309
21:42:21,11.9704227
21:42:22,12.1495657
21:42:23,11.98327
21:42:24,12.0731173
21:42:25,12.1944408
21:42:26,12.1531086
21:42:27,11.930315
21:42:28,11.9766922
21:42:29,12.1253271
21:42:30,12.2146282
21:42:31,12.019043
21:42:32,12.0727158
21:42:33,11.8177071
21:42:34,11.94551
21:42:35,12.2304211
21:42:36,11.9550972
21:42:37,12.1827154
21:42:38,12.2770824
21:42:39,12.3071785
21:42:40,11.9004278
21:42:41,11.9756651
21:42:42,11.8685093
21:42:43,11.7725887
21:42:44,12.8513765
21:42:45,11.8470707
21:42:46,12.2417555
21:42:47,11.760601
21:42:48,12.0456953
21:42:49,11.9378128
21:42:50,11.9623356
21:42:51,11.9587421
21:42:52,12.3704643
21:42:53,11.871007
21:42:54,11.9744949
21:42:55,11.8663836
21:42:56,11.9794741
21:42:57,12.1447725
21:42:58,12.0912781
21:42:59,11.8897562
21:43:00,11.9750061
21:43:01,11.90105
21:43:02,12.01543
21:43:03,11.9484406
21:43:04,11.90412
21:43:05,11.8629265
21:43:06,12.1678343
21:43:07,12.0225449
21:43:08,11.8379354
21:43:09,12.167407
21:43:10,12.034152
21:43:11,11.886694
21:43:12,12.6185989
21:43:13,11.654582
21:43:14,11.9769564
21:43:15,11.9975939
21:43:16,11.8990164
21:43:17,11.7708874
21:43:18,12.1167583
21:43:19,12.2014513
21:43:20,12.3068523
21:43:21,12.077095
21:43:22,12.1193323
21:43:23,11.9659977
21:43:24,12.3333511
21:43:25,12.24957
21:43:26,11.8230457
21:43:27,12.0643435
21:43:28,12.1037636
21:43:29,12.0779905
21:43:30,12.0537167
21:43:31,11.8091249
21:43:32,11.9957848
21:43:33,12.1210938
21:43:34,12.086936
21:43:35,11.9313726
21:43:36,12.2764835
21:43:37,11.66966
21:43:38,12.1257772
21:43:39,12.1209068
21:43:40,11.8231335
21:43:41,11.8274755
21:43:42,11.9222059
21:43:43,11.9644108
21:43:44,12.0658264
21:43:45,11.9884453
21:43:46,11.9210243
21:43:47,11.9614267
21:43:48,12.2335348
21:43:49,11.896266
21:43:50,12.0099258
21:43:51,12.0019846
21:43:52,12.0989676
21:43:53,11.9686518
21:43:54,12.0868387
21:43:55,12.2016792
21:43:56,12.0970144
21:43:57,11.9233284
21:43:58,11.8144617
21:43:59,12.1423607
21:44:00,12.3411465
21:44:01,12.2868977
21:44:02,11.947403
21:44:03,12.18016
21:44:04,12.1356831
21:44:05,12.0790758
21:44:06,11.9098587
21:44:07,12.1454153
21:44:08,11.9416409
21:44:09,11.910574
21:44:10,12.2220106
21:44:11,11.8147736
21:44:12,12.1631413
21:44:13,12.0271769
21:44:14,12.3201122
21:44:15,12.1142759
21:44:16,11.94955
21:44:17,12.3092117
21:44:18,11.9207125
21:44:19,12.0472412
21:44:20,12.0133924
21:44:21,12.0256233
21:44:22,12.1192942
21:44:23,12.1890879
21:44:24,12.0095215
21:44:25,11.9078722
21:44:26,12.052022
21:44:27,12.2219372
21:44:28,12.10704
21:44:29,11.9660149
21:44:30,11.762825
21:44:31,12.2088575
21:44:33,11.8568392
21:44:34,12.0262222
21:44:35,12.2207212
21:44:36,11.84349
21:44:37,11.9614048
21:44:38,11.9387484
21:44:39,12.1083508
21:44:40,11.7516108
21:44:41,11.87942
21:44:42,12.0785875
21:44:43,12.1056252
21:44:44,11.9170446
21:44:45,11.7021
21:44:46,12.1838036
21:44:47,12.182313
21:44:48,11.8555145
21:44:49,11.6980562
21:44:50,12.1209583
21:44:51,11.8353367
21:44:52,12.16468
21:44:53,11.5113344
21:44:54,12.182106
21:44:56,12.0476665
21:44:57,11.9567947
21:44:58,12.05011
21:44:59,11.9632492
21:45:00,11.9447117
21:45:01,12.1297226
21:45:02,12.1133938
21:45:03,11.7005978
21:45:04,12.6252308
21:45:05,12.3736277
21:45:06,11.8601389
21:45:07,11.8374805
21:45:08,11.7323408
21:45:09,12.1685514
21:45:10,11.976222
21:45:11,12.0374374
21:45:12,12.1157331
21:45:13,12.36089
21:45:14,11.8784695
21:45:15,12.1770182
21:45:16,11.7165279
21:45:17,11.7984447
21:45:18,12.0191078
21:45:19,11.8311644
21:45:20,12.03388
21:45:21,11.883193
21:45:22,12.1030169
21:45:24,11.8172579
21:45:25,11.9015522
21:45:26,12.2221565
21:45:27,12.0604467
21:45:28,11.9617281
21:45:29,11.7649412
21:45:30,12.0337515
21:45:31,12.096467
21:45:33,11.789403
21:45:34,12.0006456
21:45:36,11.9392719
21:45:37,11.9252367
21:45:39,11.8827572
21:45:40,11.963397
21:45:41,11.9854507
21:45:42,12.439683
21:45:43,11.7589149
21:45:44,12.1597891
21:45:45,11.8470936
21:45:46,12.2211542
21:45:47,11.9067078
21:45:48,11.7810345
21:45:49,12.4367657
21:45:50,11.59364
21:45:51,11.8260927
21:45:52,12.11166
21:45:53,12.0211115
21:45:54,12.0559416
21:45:55,12.0736761
21:45:56,11.7688837
21:45:57,12.122241
21:45:58,12.0139542
21:45:59,12.00647
21:46:00,12.0153065
21:46:01,11.9779434
21:46:02,12.1624231
21:46:03,11.9932537
21:46:04,12.0150547
21:46:05,11.98846
21:46:06,12.2377491
21:46:07,12.30308
21:46:08,12.0648613
21:46:09,12.2015667
21:46:10,11.5652695
21:46:11,12.0586929
21:46:12,12.1472788
21:46:13,11.9782667
21:46:14,11.9470758
21:46:15,12.1670713
21:46:16,11.9780331
21:46:17,12.0818815
21:46:18,11.9838972
21:46:19,11.8428783
21:46:20,11.9942436
21:46:21,12.1544685
21:46:22,11.9416666
21:46:23,12.0993147
21:46:24,12.033741
21:46:25,12.0783463
21:46:26,11.880724
21:46:27,11.9113894
21:46:28,12.1987982
21:46:29,11.7498322
21:46:30,12.032671
21:46:31,12.3321218
21:46:32,11.7033644
21:46:33,12.1680822
21:46:34,12.22092
21:46:35,11.9992924
21:46:36,12.0621414
21:46:37,12.2055035
21:46:38,11.4479647
21:46:39,12.1503887
21:46:40,12.31728
21:46:41,12.0567417
21:46:42,12.1635723
21:46:43,12.03694
21:46:44,11.96562
21:46:45,12.1431789
21:46:46,11.7486849
21:46:47,12.0398359
21:46:48,11.7935
21:46:49,11.9394951
21:46:50,11.945056
21:46:51,12.1371946
21:46:52,11.9221869
21:46:53,11.8055153
21:46:54,12.0916576
21:46:55,11.99132
21:46:56,11.99498
21:46:57,12.0393715
21:46:58,12.1399918
21:46:59,12.1391439
21:47:00,11.6069765
21:47:01,11.7862892
21:47:02,11.9921446
21:47:03,11.7656021
21:47:04,12.0499878
21:47:05,12.0311289
21:47:06,12.0859823
21:47:07,12.1868944
21:47:08,12.0603952
21:47:09,12.02828
21:47:10,12.2945461
21:47:11,11.9111261
21:47:12,11.9659348
21:47:13,12.4593725
21:47:14,11.631546
21:47:15,11.9709387
21:47:16,11.7909517
21:47:17,11.9475994
21:47:18,12.152936
21:47:19,11.9407749
21:47:20,11.9048815
21:47:21,11.8637476
21:47:22,12.0388174
21:47:23,12.2832069
21:47:24,11.9557114
21:47:25,12.4591093
21:47:26,11.9914827
21:47:27,11.624444
21:47:28,11.8516436
21:47:29,11.7583847
21:47:30,11.8196955
21:47:31,11.8724871
21:47:32,12.149765
21:47:33,12.1880426
21:47:34,11.7770014
21:47:35,12.1054611
21:47:36,11.804266
21:47:37,12.0170221
21:47:38,11.9515123
21:47:39,12.0365667
21:47:40,12.0165844
21:47:41,11.9649963
21:47:42,12.145153
21:47:43,11.9589643
21:47:44,11.929657
21:47:45,11.9145317
21:47:46,11.8479261
21:47:47,12.0108194
21:47:48,11.8696241
21:47:49,11.9490967
21:47:50,12.0837631
21:47:51,11.8821135
21:47:52,11.9151764
21:47:53,12.021265
21:47:54,12.2640762
21:47:55,11.8408356
21:47:56,12.0128956
21:47:57,11.654542
21:47:58,12.0443449
21:47:59,12.0972681
21:48:00,12.2337112
21:48:01,11.8588333
21:48:02,12.1648254
21:48:03,12.05197
21:48:04,12.1456079
21:48:05,11.8569565
21:48:06,11.97942
21:48:07,12.090251
21:48:08,12.1058064
21:48:09,12.0042019
21:48:10,12.1557341
21:48:11,12.0986719
21:48:12,12.0073471
21:48:13,11.9892807
21:48:14,12.0024748
21:48:15,12.0508471
21:48:16,12.0574312
21:48:17,12.03395
21:48:18,11.7476149
21:48:19,12.0610247
21:48:20,12.0696688
21:48:21,12.0154715
21:48:22,12.1073847
21:48:23,12.2093363
21:48:24,12.1377411
21:48:25,11.9276648
21:48:26,12.1145287
21:48:27,11.886055
21:48:28,12.0000982
21:48:29,11.74888
21:48:30,12.2432413
21:48:31,12.1680479
21:48:32,11.9326515
21:48:33,11.9354925
21:48:34,11.7790079
21:48:35,11.9967623
21:48:36,11.9836779
21:48:37,12.3045435
21:48:38,11.9637766
21:48:39,12.0046787
21:48:40,11.7659569
21:48:41,12.1297331
21:48:42,11.6250763
21:48:43,12.0476217
21:48:44,12.0545645
21:48:45,11.7759647
21:48:46,11.8782835
21:48:47,12.1207266
21:48:48,12.0824175
21:48:49,11.8685713
21:48:50,11.9055719
21:48:51,12.1036091
21:48:52,11.6917305
21:48:53,12.1272068
21:48:54,11.8882732
21:48:55,12.0626678
21:48:56,11.9944057
21:48:57,12.3982077
21:48:58,12.1654425
21:48:59,12.085722
21:49:00,11.9249554
21:49:01,11.6759615
21:49:02,11.7936773
21:49:03,12.1006393
21:49:04,11.9370413
21:49:05,12.2766724
21:49:06,11.9102755
21:49:07,12.38066
21:49:08,11.7917814
21:49:09,11.7478275
21:49:10,12.2188225
21:49:11,11.9490709
21:49:12,11.7633953
21:49:13,12.2375584
21:49:14,12.0663891
21:49:15,12.1292686
21:49:16,12.2753382
21:49:17,12.0152388
21:49:18,12.1050148
21:49:19,11.8568029
21:49:20,11.96887
21:49:21,11.8731489
21:49:22,12.1653347
21:49:23,11.90999
21:49:24,11.9403543
21:49:25,12.1887445
21:49:26,11.9090061
21:49:27,11.8892365
21:49:28,12.1256161
21:49:29,12.2298269
21:49:30,11.7866592
21:49:31,12.1041422
21:49:32,11.8680735
21:49:33,11.1253767
21:49:34,12.0856905
21:49:35,12.343977
21:49:36,11.6907759
21:49:37,12.0710678
21:49:38,11.8804579
21:49:39,11.9847441
21:49:40,11.9567451
21:49:41,11.8980923
21:49:42,12.2994614
21:49:43,11.92155
21:49:44,12.3240986
21:49:45,12.33524
21:49:46,11.832592
21:49:47,11.7954731
21:49:48,12.0404024
21:49:49,11.9556561
21:49:50,12.28875
21:49:51,11.8015156
21:49:52,12.1104355
21:49:53,12.1261253
21:49:54,11.7215824
21:49:55,12.0529642
21:49:56,12.3474855
21:49:57,12.1290531
21:49:58,11.8434134
21:49:59,12.18604
21:50:00,12.3469887
21:50:01,11.8888721
21:50:02,12.04626
21:50:03,12.2287045
21:50:04,11.973197
21:50:05,12.2673645
21:50:06,12.0870762
21:50:07,12.0682306
21:50:08,11.8124132
21:50:09,12.1306562
21:50:10,12.0188084
21:50:11,11.7474051
21:50:12,11.8732939
21:50:13,11.8012953
21:50:14,11.9376411
21:50:15,12.0222511
21:50:16,12.171073
21:50:17,12.0216579
21:50:18,12.0251837
21:50:19,11.93635
21:50:20,12.2603121
21:50:21,11.9405613
21:50:22,11.917284
21:50:23,12.180109
21:50:24,12.1886292
21:50:25,11.8198509
21:50:26,12.0163383
21:50:27,11.9573221
21:50:28,12.336935
21:50:29,12.2004061
21:50:30,11.7939444
21:50:31,11.9908085
21:50:32,12.1180744
21:50:33,11.6317139
21:50:34,12.0232277
21:50:35,12.3317976
21:50:36,11.9103231
21:50:37,12.0152035
21:50:38,12.2892818
21:50:39,11.8874674
21:50:40,11.9091816
21:50:41,12.0652609
21:50:42,11.9132519
21:50:43,11.9594812
21:50:44,12.1144094
21:50:45,12.1867189
21:50:46,11.8869047
21:50:47,11.9902983
21:50:48,12.0763235
21:50:49,12.0286512
21:50:50,12.0086641
21:50:51,12.0985975
21:50:52,12.12596
21:50:53,11.9953041
21:50:54,11.96456
21:50:55,11.9574862
21:50:56,11.8864307
21:50:57,12.0528479
21:50:58,12.0907259
21:50:59,12.1412306
21:51:00,12.2839422
21:51:01,11.9362392
21:51:02,12.0885973
21:51:03,12.37733
21:51:04,12.0215511
21:51:05,12.1558065
21:51:06,12.0290937
21:51:07,12.1303463
21:51:08,12.1192
21:51:09,12.1376553
21:51:10,11.7654829
21:51:11,12.3198767
21:51:12,11.8901186
21:51:13,11.9144726
21:51:14,12.15651
21:51:15,11.8429918
21:51:16,12.1606369
21:51:17,12.0090837
21:51:18,11.8715515
21:51:19,12.038413
21:51:20,12.1184616
21:51:21,12.1292906
21:51:22,12.0684481
21:51:23,11.9712191
21:51:24,12.08339
21:51:25,12.017498
21:51:26,12.0147972
21:51:27,12.0028877
21:51:28,12.1790972
21:51:29,11.9583883
21:51:30,11.9125261
21:51:31,12.4136257
21:51:32,11.9992828
21:51:34,11.9473572
21:51:35,11.9325905
21:51:36,11.91475
21:51:37,11.9166822
21:51:38,12.0015745
21:51:39,12.2054043
21:51:40,12.1524992
21:51:41,12.1329527
21:51:42,12.3448153
21:51:43,12.2077007
21:51:44,12.1448336
21:51:45,12.0142612
21:51:46,11.9522533
21:51:47,11.9813385
21:51:48,12.1784611
21:51:49,12.0112906
21:51:50,11.9779558
21:51:51,11.7217636
21:51:52,11.8596363
21:51:53,12.3486919
21:51:54,11.6934586
21:51:55,12.1841908
21:51:56,12.1145048
21:51:57,11.993681
21:51:58,12.5009413
21:51:59,12.0730886
21:52:00,11.6586456
21:52:01,12.1185713
21:52:02,12.0195494
21:52:03,12.3383541
21:52:04,12.4094677
21:52:05,12.0236931
21:52:06,12.5327988
21:52:07,11.8155327
21:52:08,12.0059347
21:52:09,11.9033289
21:52:10,11.934267
21:52:11,11.9464111
21:52:12,12.1581593
21:52:13,12.00872
21:52:14,12.0429821
21:52:15,11.8413477
21:52:16,12.279335
21:52:17,11.92741
21:52:18,12.3384619
21:52:19,12.1284723
21:52:20,11.6782885
21:52:21,12.2356749
21:52:22,11.936389
21:52:23,12.1231642
21:52:24,12.0874882
21:52:25,12.1471434
21:52:26,11.8723192
21:52:27,12.2039051
21:52:28,11.8135424
21:52:29,11.8232288
21:52:30,11.9624681
21:52:31,11.7343855
21:52:32,12.1969519
21:52:33,11.9580564
21:52:34,11.949975
21:52:35,12.0304956
21:52:36,11.9268379
21:52:37,11.82309
21:52:38,12.1716681
21:52:39,12.2912769
21:52:40,11.8198137
21:52:41,12.3222685
21:52:42,12.0528622
21:52:43,12.01504
21:52:44,11.87858
21:52:45,12.1046343
21:52:46,11.7536173
21:52:47,12.0842581
21:52:48,12.00124
21:52:49,12.0470076
21:52:50,12.1961184
21:52:51,11.9652042
21:52:52,12.2613745
21:52:53,12.1635122
21:52:54,12.2373
21:52:55,12.2388067
21:52:56,12.1330662
21:52:57,12.2171412
21:52:58,12.23516
21:52:59,12.2331753
21:53:00,12.1400766
21:53:01,11.9127073
21:53:02,12.0546818
21:53:03,12.1563883
21:53:04,12.0900145
21:53:05,11.80027
21:53:06,11.8199215
21:53:07,11.9346046
21:53:08,12.0452089
21:53:09,11.9642544
21:53:10,12.2760811
21:53:11,12.2144537
21:53:12,12.3182278
21:53:13,12.14003
21:53:14,11.62016
21:53:15,12.2107792
21:53:16,12.0466681
21:53:17,12.1816187
21:53:18,11.9866276
21:53:19,12.2050791
21:53:20,12.1891842
21:53:21,11.9024572
21:53:22,12.1257572
21:53:23,11.8794632
21:53:24,12.308588
21:53:25,11.8575716
21:53:26,12.1838
21:53:27,11.6538916
21:53:28,12.0501
21:53:29,11.9770069
21:53:30,12.133708
21:53:31,12.1429367
21:53:32,11.9477005
21:53:33,11.963376
21:53:34,12.1441317
21:53:35,11.7423792
21:53:36,12.1155338
21:53:37,12.1736221
21:53:38,12.3424
21:53:39,11.8473768
21:53:40,12.3423872
21:53:41,11.9417086
21:53:42,12.0438871
21:53:43,12.2751045
21:53:44,11.9105539
21:53:45,11.9481764
21:53:46,12.1905975
21:53:47,12.0276365
21:53:48,11.817894
21:53:49,12.2271633
21:53:50,12.2132549
21:53:51,11.8591061
21:53:52,12.011219
21:53:53,11.9941444
21:53:54,12.2216349
21:53:55,12.1409388
21:53:56,11.84505
21:53:57,12.08549
21:53:58,12.2122231
21:53:59,12.0456371
21:54:00,11.8741407
21:54:01,12.1558609
21:54:02,11.9658985
21:54:03,11.9249115
21:54:04,11.9194822
21:54:05,12.1083317
21:54:06,12.0270262
21:54:07,11.9151955
21:54:08,11.7405834
21:54:09,11.9689627
21:54:10,11.9610214
21:54:11,12.68082
21:54:12,11.4414968
21:54:13,11.8877735
21:54:14,11.76501
21:54:15,12.2241526
21:54:16,12.1201534
21:54:17,12.1222906
21:54:18,12.2663
21:54:19,12.028863
21:54:20,11.6678476
21:54:21,12.2268457
21:54:22,12.3333359
21:54:23,12.0799551
21:54:24,12.1755381
21:54:25,12.21118
21:54:26,11.9607124
21:54:27,12.0067778
21:54:28,12.21518
21:54:29,11.65955
21:54:30,11.9082508
21:54:31,11.9425869
21:54:32,12.1061869
21:54:33,11.9255047
21:54:34,12.195467
21:54:35,11.8426428
21:54:36,11.9895535
21:54:37,11.7277937
21:54:38,11.9813919
21:54:39,12.1193695
21:54:40,11.8304157
21:54:41,12.2077427
21:54:42,12.0908813
21:54:43,11.8418083
21:54:44,12.1440525
21:54:45,12.12702
21:54:46,12.215416
21:54:47,11.8299532
21:54:48,11.8628845
21:54:49,11.7869406
21:54:50,11.9589157
21:54:51,12.3632164
21:54:52,12.03569
21:54:53,12.1080437
21:54:54,11.8368168
21:54:55,11.8010025
21:54:56,12.58262
21:54:57,12.0224
21:54:58,12.0540628
21:54:59,12.2915478
21:55:00,11.74072
21:55:01,12.3203726
21:55:02,12.1670132
21:55:03,11.6986408
21:55:04,11.8781757
21:55:05,12.38633
21:55:06,12.0748758
21:55:07,12.0050068
21:55:08,12.0202961
21:55:09,11.9288692
21:55:10,12.1145811
21:55:11,12.08579
21:55:12,11.95198
21:55:13,11.8997469
21:55:14,12.2896671
21:55:15,12.0657578
21:55:16,11.7774162
21:55:17,12.2901011
21:55:18,11.8554316
21:55:19,11.9711161
21:55:20,11.81636
21:55:21,12.0597563
21:55:22,12.1642361
21:55:23,11.8752375
21:55:24,12.0259447
21:55:25,11.9971952
21:55:26,12.1319046
21:55:27,12.0372734
21:55:28,11.9645958
21:55:29,11.9912348
21:55:30,11.8881445
21:55:31,12.1501637
21:55:33,12.255682
21:55:35,11.9717445
21:55:36,12.2359056
21:55:37,12.0042591
21:55:38,11.9269342
21:55:39,12.0820875
21:55:40,12.2503872
21:55:41,11.8950605
21:55:42,12.2256374
21:55:43,11.66811
21:55:44,12.2615166
21:55:45,12.2197218
21:55:46,12.1157341
21:55:47,12.1725969
21:55:48,11.6361637
21:55:49,11.9280024
21:55:50,12.2649641
21:55:51,11.9918776
21:55:52,12.1866293
21:55:53,11.8850813
21:55:54,12.051281
21:55:55,12.2435942
21:55:56,12.1042356
21:55:57,12.0137367
21:55:58,12.0883217
21:55:59,11.99815
21:56:00,12.0526485
21:56:01,11.9621449
21:56:02,12.0135536
21:56:03,11.9460192
21:56:04,11.9721994
21:56:05,12.0226831
21:56:06,12.2299709
21:56:07,11.793787
21:56:09,12.01654
21:56:10,12.1842136
21:56:12,11.9481354
21:56:13,11.9853964
21:56:14,12.118434
21:56:16,12.193222
21:56:17,12.1304426
21:56:18,12.1336079
21:56:19,12.1621981
21:56:20,12.1213331
21:56:21,12.1617117
21:56:22,12.1093807
21:56:23,12.1405392
21:56:24,11.9688139
21:56:25,11.9820538
21:56:26,12.1908407
21:56:27,11.8693409
21:56:28,11.8187151
21:56:29,12.0085611
21:56:30,11.9567471
21:56:31,12.0580711
21:56:32,12.0201054
21:56:33,11.906146
21:56:34,11.8313732
21:56:35,12.3947649
21:56:36,11.8914051
21:56:37,11.8317327
21:56:38,12.2926006
21:56:39,11.8304768
21:56:40,12.5996113
21:56:41,12.2705841
21:56:42,11.947506
21:56:43,12.0495176
21:56:44,11.990201
21:56:45,12.250246
21:56:46,12.2308512
21:56:47,11.7882147
21:56:48,11.8917551
21:56:49,11.9172287
21:56:50,12.0790434
21:56:51,11.8382664
21:56:52,12.10465
21:56:53,12.3635616
21:56:54,11.99558
21:56:55,11.7890434
21:56:56,12.1299553
21:56:57,11.83324
21:56:58,11.8480825
21:56:59,12.1054106
21:57:00,12.0035648
21:57:01,12.1322727
21:57:02,12.1273975
21:57:03,12.1191244
21:57:04,12.4620237
21:57:05,12.0353937
21:57:06,12.2373419
21:57:07,12.0296507
21:57:08,12.2188177
21:57:09,12.3800411
21:57:10,11.8593235
21:57:11,12.5277929
21:57:12,11.9354744
21:57:13,11.9513063
21:57:14,11.8690672
21:57:15,12.2354155
21:57:16,11.677763
21:57:17,11.9489307
21:57:18,11.7437849
21:57:19,12.3197517
21:57:20,11.8871183
21:57:21,11.92898
21:57:22,12.3445768
21:57:23,12.0205908
21:57:24,12.1498137
21:57:25,11.9177113
21:57:26,12.2644558
21:57:27,11.8946714
21:57:28,11.8561621
21:57:29,12.1820326
21:57:30,12.2156239
21:57:31,11.8682642
21:57:32,12.1550884
21:57:33,12.3264046
21:57:34,11.865633
21:57:35,12.2317924
21:57:36,11.7932625
21:57:37,12.0262432
21:57:38,12.1991129
21:57:39,11.9571953
21:57:40,11.64604
21:57:41,12.1231833
21:57:42,11.9238863
21:57:43,11.9041529
21:57:44,11.8020926
21:57:45,12.0836782
21:57:46,12.08545
21:57:47,12.3180361
21:57:48,11.8822069
21:57:49,12.1760588
21:57:50,12.1005621
21:57:51,11.5197992
21:57:52,12.30794
21:57:53,12.2660513
21:57:54,11.8254356
21:57:55,11.888195
21:57:56,12.1957464
21:57:57,12.0380754
21:57:58,12.0683289
21:57:59,12.0000286
21:58:00,12.1245956
21:58:01,12.1256351
21:58:02,11.8559446
21:58:03,12.0274773
21:58:04,11.9176607
21:58:05,11.8617086
21:58:06,11.9411249
21:58:07,12.12508
21:58:08,12.0763779
21:58:09,11.9506254
21:58:10,11.9281473
21:58:11,12.299818
21:58:12,11.8980618
21:58:13,12.2395639
21:58:14,11.8361282
21:58:15,12.3141565
21:58:16,11.9038277
21:58:17,12.1405973
21:58:18,12.0526876
21:58:19,12.0046835
21:58:20,12.1384287
21:58:21,12.1656141
21:58:22,12.0758247
21:58:23,12.062645
21:58:24,11.5416365
21:58:25,12.2642422
21:58:26,12.2233324
21:58:27,11.9944983
21:58:28,11.8741236
21:58:29,12.1469383
21:58:30,12.14497
21:58:31,12.3007212
21:58:32,11.9369383
21:58:33,12.0003624
21:58:34,11.9364691
21:58:35,11.9076061
21:58:36,12.0456686
21:58:37,12.1566019
21:58:38,12.0036888
21:58:39,12.1268826
21:58:40,12.0140533
21:58:41,11.9849033
21:58:42,11.8153477
21:58:43,11.9835482
21:58:44,12.0358791
21:58:45,11.9093246
21:58:46,12.2269192
21:58:47,11.9736013
21:58:48,12.1674881
21:58:49,11.9537172
21:58:50,12.0847321
21:58:51,12.0885954
21:58:52,12.1307287
21:58:53,12.0958014
21:58:54,11.4579268
21:58:55,12.1376429
21:58:56,12.3465681
21:58:57,11.9927788
21:58:58,11.9965706
21:58:59,12.0937481
21:59:00,12.2538319
21:59:01,11.907649
21:59:02,11.889225
21:59:03,11.8914652
21:59:04,12.2669849
21:59:05,11.7556744
21:59:06,12.4526567
21:59:07,11.937933
21:59:08,11.9374914
21:59:09,11.9610472
21:59:10,12.0303183
21:59:11,12.029748
21:59:12,12.2518482
21:59:13,11.9948416
21:59:14,12.2820683
21:59:15,11.9510994
21:59:16,11.9380312
21:59:17,11.9790268
21:59:18,11.8441458
21:59:19,12.398447
21:59:20,11.8037777
21:59:21,12.13328
21:59:22,12.1355438
21:59:23,12.017045
21:59:24,12.08472
21:59:25,12.04396
21:59:26,11.1767235
21:59:27,11.2233591
21:59:28,13.6321735
21:59:29,12.8227177
21:59:30,12.5075951
21:59:31,12.0114994
21:59:32,12.0520935
21:59:33,12.3116446
21:59:34,11.8381433
21:59:35,12.2901106
21:59:36,12.070879
21:59:37,11.86006
21:59:38,11.9285994
21:59:39,12.2629681
21:59:40,11.938446
21:59:41,12.206316
21:59:42,11.7827339
21:59:43,12.0002775
21:59:44,12.0624847
21:59:45,12.1013374
21:59:46,11.8343754
21:59:47,12.1838732
21:59:48,12.1374645
21:59:49,12.0252581
21:59:50,12.1739759
21:59:51,12.1561375
21:59:52,11.8813257
21:59:53,12.0234346
21:59:54,11.8440256
21:59:55,12.130764
21:59:56,12.1225424
21:59:57,12.1704979
21:59:58,11.8390083
21:59:59,11.9636612
22:00:00,12.0694895
22:00:01,12.020875
22:00:02,11.7822828
22:00:03,12.0334749
22:00:04,12.0189066
22:00:05,11.8417377
22:00:06,12.0982141
22:00:07,12.1093626
22:00:08,12.3701763
22:00:09,12.02085
22:00:10,11.9351606
22:00:11,12.0842962
22:00:12,11.958993
22:00:13,12.2076664
22:00:14,11.8707132
22:00:15,11.7923241
22:00:16,12.22225
22:00:17,11.8221016
22:00:18,12.1278028
22:00:19,12.1353045
22:00:20,12.1894932
22:00:21,12.0112391
22:00:22,11.981987
22:00:23,12.0687456
22:00:24,12.0746241
22:00:25,11.9091539
22:00:26,12.0168238
22:00:27,11.9544439
22:00:28,12.0311346
22:00:29,12.1396151
22:00:30,12.1952362
22:00:31,11.7922544
22:00:32,12.1263275
22:00:33,12.1162977
22:00:34,11.866581
22:00:35,12.2030783
22:00:36,12.0552
22:00:37,12.0183659
22:00:38,12.0705938
22:00:39,12.2389059
22:00:40,12.3213329
22:00:41,12.1111622
22:00:42,12.0776711
22:00:43,11.7749195
22:00:44,11.789197
22:00:45,11.9191246
22:00:46,12.1066656
22:00:47,12.2285357
22:00:48,11.9992847
22:00:49,12.1739578
22:00:50,12.1087294
22:00:51,11.8986254
22:00:52,12.0489407
22:00:53,12.0881519
22:00:54,11.9277534
22:00:55,12.1460333
22:00:56,11.8481131
22:00:57,12.002634
22:00:58,12.098011
22:00:59,11.93963
22:01:00,12.0580521
22:01:01,12.2705
22:01:02,12.0435734
22:01:03,12.329298
22:01:04,11.842906
22:01:05,11.9691811
22:01:06,12.3642139
22:01:07,12.1207809
22:01:08,11.9466591
22:01:09,12.0007839
22:01:10,12.0956917
22:01:11,12.193512
22:01:12,11.980401
22:01:13,11.975853
22:01:14,11.9424667
22:01:15,12.2538443
22:01:16,12.02207
22:01:17,12.0148907
22:01:18,12.0198994
22:01:19,12.0022955
22:01:20,11.8504257
22:01:21,11.85932
22:01:22,12.2232018
22:01:23,12.1857481
22:01:24,11.943717
22:01:25,12.0232229
22:01:26,11.7897425
22:01:27,12.0395336
22:01:28,11.997118
22:01:29,11.8669806
22:01:30,11.917244
22:01:31,12.0594091
22:01:32,12.18142
22:01:33,12.217392
22:01:34,11.9739857
22:01:35,11.6913376
22:01:36,12.0578213
22:01:37,11.94606
22:01:38,11.37117
22:01:39,11.7812557
22:01:40,12.0907688
22:01:41,11.9892893
22:01:42,12.1786613
22:01:43,11.6666994
22:01:44,12.0112333
22:01:45,11.9397039
22:01:46,12.2101955
22:01:47,12.1784954
22:01:48,12.2538462
22:01:49,11.9571934
22:01:50,12.1625872
22:01:51,12.1472387
22:01:52,12.07041
22:01:53,11.9081793
22:01:54,12.2034483
22:01:55,12.0950327
22:01:56,12.0427647
22:01:57,11.9453058
22:01:58,11.993927
22:01:59,12.1022024
22:02:00,12.061739
22:02:01,11.8337965
22:02:02,12.0632133
22:02:03,12.1091824
22:02:04,12.0106783
22:02:05,11.7927418
22:02:06,11.9266748
22:02:07,11.9067345
22:02:08,11.8428717
22:02:09,11.9792833
22:02:10,12.1061487
22:02:11,12.409852
22:02:12,11.806632
22:02:13,12.2215567
22:02:14,11.8769808
22:02:15,12.1733875
22:02:16,12.1796579
22:02:17,12.1342888
22:02:18,12.2130547
22:02:19,11.9820862
22:02:20,12.2004509
22:02:21,11.9560242
22:02:22,11.8439226
22:02:23,12.4073658
22:02:24,12.1174469
22:02:25,12.1187534
22:02:26,11.807888
22:02:27,11.8801117
22:02:28,12.1757154
22:02:29,11.95025
22:02:30,12.4272079
22:02:31,12.1547565
22:02:33,12.513567
22:02:34,11.7104578
22:02:35,12.0416994
22:02:36,11.789588
22:02:37,12.1609592
22:02:38,11.9204636
22:02:39,12.0641174
22:02:40,11.9562969
22:02:41,11.9412317
22:02:42,12.0115376
22:02:43,11.9123278
22:02:44,12.1111193
22:02:45,11.9399347
22:02:46,12.2424307
22:02:47,11.85855
22:02:48,12.30293
22:02:49,11.8756876
22:02:50,12.2422733
22:02:51,11.9056768
22:02:52,12.3258858
22:02:53,11.973712
22:02:54,12.0679884
22:02:55,12.06706
22:02:56,11.8229485
22:02:57,11.6197453
22:02:58,11.8825579
22:02:59,11.8605232
22:03:00,11.9748278
22:03:01,12.0271444
22:03:02,12.248764
22:03:03,11.98453
22:03:04,11.9931116
22:03:05,12.0132265
22:03:06,12.052166
22:03:07,11.9180527
22:03:08,11.91524
22:03:09,12.2345858
22:03:10,11.9937992
22:03:11,12.04159
22:03:12,12.1006756
22:03:13,11.8705969
22:03:14,11.8110418
22:03:15,12.0230465
22:03:16,11.9483128
22:03:17,12.1141348
22:03:18,12.1388826
22:03:19,11.7468767
22:03:20,11.9917088
22:03:21,11.9438715
22:03:22,11.8635826
22:03:23,12.13391
22:03:24,11.9688969
22:03:25,12.215373
22:03:26,12.0592775
22:03:27,12.1701975
22:03:29,11.9046383
22:03:30,11.7813015
22:03:32,12.2478228
22:03:33,11.9944057
22:03:34,12.1744967
22:03:35,12.2480488
22:03:36,11.870738
22:03:38,12.1881733
22:03:40,11.9493265
22:03:41,12.11834
22:03:42,12.0598717
22:03:43,11.9304819
22:03:44,12.0643911
22:03:45,11.8979273
22:03:46,12.0086708
22:03:47,11.7944307
22:03:48,11.9579611
22:03:49,12.1719227
22:03:50,12.1767054
22:03:51,12.256671
22:03:52,12.1989775
22:03:53,12.0045376
22:03:54,12.0694838
22:03:55,12.1225271
22:03:56,11.8819542
22:03:57,12.1205053
22:03:58,12.2760754
22:03:59,12.0886936
22:04:00,12.12663
22:04:01,11.6141291
22:04:02,12.094471
22:04:04,12.0132093
22:04:05,12.1191072
22:04:06,12.3258018
22:04:07,11.6714458
22:04:08,12.0119715
22:04:09,11.9851313
22:04:10,12.0670452
22:04:11,12.0608139
22:04:12,12.2928658
22:04:13,12.1960421
22:04:14,12.2054176
22:04:15,12.0855875
22:04:16,12.0408716
22:04:17,11.9657717
22:04:18,12.273634
22:04:19,11.91519
22:04:20,12.1199369
22:04:21,12.2878046
22:04:22,12.0887594
22:04:23,11.98214
22:04:24,12.3459234
22:04:25,11.7448969
22:04:26,11.8585587
22:04:27,12.0213461
22:04:28,11.8329325
22:04:29,11.9704008
22:04:30,12.1395273
22:04:31,11.9794817
22:04:32,11.9951038
22:04:33,12.111845
22:04:34,12.0760393
22:04:35,12.0135136
22:04:36,11.8461485
22:04:37,12.0605469
22:04:38,12.1537018
22:04:39,11.85518
22:04:40,12.0143414
22:04:41,12.2038383
22:04:42,11.8454056
22:04:43,12.1804075
22:04:44,12.0448618
22:04:45,11.8254938
22:04:46,12.0981026
22:04:47,12.159668
22:04:48,12.1395473
22:04:49,11.8071
22:04:50,12.040904
22:04:51,12.1418734
22:04:52,11.8836231
22:04:53,12.2441511
22:04:54,11.9030085
22:04:55,11.9548893
22:04:56,12.37356
22:04:57,12.5311165
22:04:58,11.8454094
22:04:59,12.1527233
22:05:00,12.0942717
22:05:01,12.2090473
22:05:02,12.1930733
22:05:03,12.0371151
22:05:04,11.9512606
22:05:05,11.84057
22:05:06,12.0806723
22:05:07,12.0203791
22:05:08,11.933466
22:05:09,12.3328438
22:05:10,12.0026846
22:05:11,11.93877
22:05:12,11.984271
22:05:13,11.9565706
22:05:14,12.0112762
22:05:15,12.0542126
22:05:16,12.0806751
22:05:17,12.0048351
22:05:18,11.8921671
22:05:19,11.889163
22:05:20,12.4797087
22:05:21,11.8805866
22:05:22,11.9825888
22:05:23,12.1457672
22:05:24,11.977951
22:05:25,12.0493031
22:05:26,11.8635588
22:05:27,12.2490721
22:05:28,12.0074739
22:05:29,11.8791122
22:05:30,12.2421436
22:05:31,12.2382488
22:05:32,11.8224344
22:05:33,12.1591549
22:05:34,12.0021553
22:05:35,12.2559929
22:05:36,12.0081806
22:05:37,12.0150518
22:05:38,12.0744286
22:05:39,12.0864658
22:05:40,12.0234785
22:05:41,12.2517128
22:05:42,12.25507
22:05:43,11.8520756
22:05:44,12.0755711
22:05:45,12.0500813
22:05:46,11.83791
22:05:47,11.9609194
22:05:48,12.17323
22:05:49,12.14383
22:05:50,12.3636522
22:05:51,12.0321827
22:05:52,12.1436529
22:05:53,12.0689459
22:05:54,11.9882517
22:05:55,11.8373108
22:05:56,12.1471252
22:05:57,12.0543547
22:05:58,12.3268642
22:05:59,12.09813
22:06:00,12.0483913
22:06:01,12.1059761
22:06:02,12.2632828
22:06:03,11.8403931
22:06:04,12.05994
22:06:05,12.0608244
22:06:06,11.9106646
22:06:07,11.8433037
22:06:08,12.1610689
22:06:09,12.0256939
22:06:10,12.0361452
22:06:11,12.1079664
22:06:12,12.3008785
22:06:13,11.99888
22:06:14,12.0883493
22:06:15,12.2195044
22:06:16,12.0740137
22:06:17,12.10432
22:06:18,12.0327559
22:06:19,11.9889183
22:06:20,12.1524973
22:06:21,11.9764757
22:06:22,11.9161167
22:06:23,11.86518
22:06:24,11.8284626
22:06:25,11.9846287
22:06:26,12.2300653
22:06:27,12.1891642
22:06:28,12.4553308
22:06:29,12.135191
22:06:30,11.9160337
22:06:31,11.9117393
22:06:32,11.9168119
22:06:33,12.1968889
22:06:34,12.0880032
22:06:35,11.989727
22:06:36,11.9519672
22:06:37,12.03132
22:06:38,12.0222
22:06:39,12.3214207
22:06:40,12.3299694
22:06:41,11.8337984
22:06:42,11.9079466
22:06:43,12.1838741
22:06:44,12.2724113
22:06:45,12.1781816
22:06:46,12.0847073
22:06:47,11.8791027
22:06:48,12.40996
22:06:49,12.0010414
22:06:50,12.1409283
22:06:51,12.0635128
22:06:52,12.1359692
22:06:53,12.1130209
22:06:54,12.0149088
22:06:55,11.8045673
22:06:56,12.0070734
22:06:57,12.0180683
22:06:58,12.1937675
22:06:59,12.075201
22:07:00,11.9553709
22:07:01,12.3157206
22:07:02,11.9101467
22:07:03,11.9236622
22:07:04,12.0193605
22:07:05,11.9610558
22:07:06,12.1355209
22:07:07,12.29823
22:07:08,11.7724514
22:07:09,12.1747131
22:07:10,11.8072071
22:07:11,12.1451244
22:07:12,12.0487461
22:07:13,11.8620825
22:07:14,11.9814587
22:07:15,12.1385279
22:07:16,12.0007286
22:07:17,12.0864944
22:07:18,11.9304323
22:07:19,11.8659353
22:07:20,12.0787277
22:07:21,11.8968954
22:07:22,12.16677
22:07:23,12.0312452
22:07:24,12.2970924
22:07:25,12.2099447
22:07:26,11.9103775
22:07:27,11.7714348
22:07:28,12.2283964
22:07:29,12.1306467
22:07:30,12.0418978
22:07:31,12.1298542
22:07:32,12.1901989
22:07:33,12.3567181
22:07:34,12.2324028
22:07:35,11.95155
22:07:36,11.8363867
22:07:37,12.0197477
22:07:38,11.8070393
22:07:39,12.2021389
22:07:40,12.2304831
22:07:41,11.5212831
22:07:42,11.77643
22:07:43,12.13099
22:07:44,12.0353422
22:07:45,11.9963636
22:07:46,12.2057877
22:07:47,12.0468931
22:07:48,12.2735929
22:07:49,12.1158829
22:07:50,11.9339905
22:07:51,11.77846
22:07:52,12.0165033
22:07:53,11.9787569
22:07:54,12.1188679
22:07:55,12.0649166
22:07:56,12.0336294
22:07:57,12.102375
22:07:58,12.1092758
22:07:59,11.970438
22:08:00,11.8875675
22:08:01,12.0530338
22:08:02,11.9647818
22:08:03,11.9942665
22:08:04,11.9768276
22:08:05,12.1513815
22:08:06,11.9015474
22:08:07,12.093667
22:08:08,11.9329367
22:08:09,12.0903769
22:08:10,12.0127125
22:08:11,11.8315535
22:08:12,11.91453
22:08:13,12.2018538
22:08:14,12.0117636
22:08:15,11.9097338
22:08:16,12.1689072
22:08:17,11.96814
22:08:18,11.7028866
22:08:19,11.8347015
22:08:20,12.0758438
22:08:21,11.9205074
22:08:22,12.0781651
22:08:23,12.1420813
22:08:24,12.1833134
22:08:25,11.8219337
22:08:26,11.972436
22:08:27,11.8311729
22:08:28,12.1081133
22:08:29,11.806982
22:08:30,12.2465353
22:08:31,11.999114
22:08:32,11.987834
22:08:33,11.9900675
22:08:34,12.221817
22:08:35,11.8228178
22:08:36,12.2459373
22:08:37,12.0105476
22:08:38,12.1689816
22:08:39,12.20574
22:08:40,12.009656
22:08:41,11.9001
22:08:42,11.5023136
22:08:43,11.9464922
22:08:44,12.1291685
22:08:45,11.8707743
22:08:46,12.4206772
22:08:47,12.0153952
22:08:48,12.2931967
22:08:49,11.8908367
22:08:50,12.2553139
22:08:51,12.1693926
22:08:52,11.9389439
22:08:53,12.304163
22:08:54,12.0524788
22:08:55,12.16467
22:08:56,11.7689524
22:08:57,12.1120491
22:08:58,12.1616316
22:08:59,12.2497158
22:09:00,11.9343567
22:09:01,12.2122526
22:09:02,11.9392929
22:09:03,12.075675
22:09:04,11.9947472
22:09:05,11.8547411
22:09:06,11.7712965
22:09:07,12.0080452
22:09:08,11.99168
22:09:09,12.1134157
22:09:10,12.0862112
22:09:11,12.017972
22:09:12,12.3304157
22:09:13,11.6805363
22:09:14,11.8843822
22:09:15,12.03771
22:09:16,11.9041367
22:09:17,12.1218271
22:09:18,12.020298
22:09:19,12.1481371
22:09:20,11.9212656
22:09:21,11.9579182
22:09:22,11.9054527
22:09:23,11.7675076
22:09:24,12.1207371
22:09:25,12.08764
22:09:26,11.971693
22:09:27,12.2985764
22:09:28,12.1882057
22:09:29,12.1473169
22:09:30,12.0326729
22:09:31,12.1415615
22:09:32,11.893157
22:09:33,11.9277172
22:09:34,12.2104874
22:09:35,11.8600311
22:09:36,12.2687788
22:09:37,11.9021969
22:09:38,11.9210863
22:09:39,12.1446152
22:09:40,11.9013491
22:09:41,12.0921526
22:09:42,11.89617
22:09:43,11.918375
22:09:44,11.87954
22:09:45,12.1351013
22:09:46,11.8026285
22:09:47,11.9617147
22:09:48,12.0684013
22:09:49,11.9078636
22:09:50,12.1351509
22:09:51,12.2204866
22:09:52,11.9057074
22:09:53,12.2935715
22:09:54,11.880497
22:09:55,11.8634224
22:09:56,12.044466
22:09:57,11.8764763
22:09:58,12.1977072
22:09:59,11.9147739
22:10:00,12.1381035
22:10:01,12.0096111
22:10:02,11.9303865
22:10:03,12.0597429
22:10:04,11.8491306
22:10:05,12.1539021
22:10:06,12.1884928
22:10:07,11.9554567
22:10:08,11.8787031
22:10:09,12.07869
22:10:10,11.8311691
22:10:11,12.0699024
22:10:12,11.7488909
22:10:13,12.0824375
22:10:14,12.1179075
22:10:15,11.8049765
22:10:16,12.0904932
22:10:17,12.0367317
22:10:18,12.3121176
22:10:19,11.7613029
22:10:20,12.1138506
22:10:21,12.0362453
22:10:22,12.1372108
22:10:23,12.08827
22:10:24,12.032733
22:10:25,12.1003351
22:10:26,11.9239979
22:10:27,12.213665
22:10:28,12.1335506
22:10:29,12.1022377
22:10:30,12.1494493
22:10:31,12.1809654
22:10:32,11.9686565
22:10:34,12.0488443
22:10:35,11.6997328
22:10:36,11.9785061
22:10:37,12.0907
22:10:38,12.1324482
22:10:39,12.1308155
22:10:40,12.2679281
22:10:41,11.9081726
22:10:42,12.0466537
22:10:43,12.1111088
22:10:44,11.896347
22:10:45,11.8710279
22:10:46,11.88438
22:10:47,12.2141228
22:10:48,12.0741644
22:10:49,12.3499813
22:10:50,11.9256115
22:10:51,11.6638727
22:10:52,11.8713579
22:10:53,11.8887167
22:10:54,12.014514
22:10:55,12.0466328
22:10:56,11.9942551
22:10:57,12.0450354
22:10:58,12.1978931
22:10:59,11.8430519
22:11:00,12.0977221
22:11:01,11.84822
22:11:02,11.8734922
22:11:03,11.836834
22:11:04,12.0239067
22:11:05,11.8518362
22:11:06,11.9488668
22:11:07,12.2590685
22:11:08,11.75795
22:11:09,11.9720573
22:11:10,11.7498
22:11:11,12.1485624
22:11:12,11.9270649
22:11:13,12.61571
22:11:14,12.0831327
22:11:15,11.9487867
22:11:16,11.8184576
22:11:17,12.0265675
22:11:18,12.1778145
22:11:19,12.0503216
22:11:20,11.8223162
22:11:21,12.4324226
22:11:22,11.79696
22:11:23,12.0066757
22:11:24,12.0287476
22:11:25,11.9419317
22:11:26,12.0449772
22:11:27,11.9862585
22:11:29,11.9478579
22:11:30,12.3843708
22:11:31,12.0117807
22:11:32,12.1660337
22:11:34,12.0912018
22:11:35,11.90676
22:11:36,12.07488
22:11:38,12.118453
22:11:40,12.1061745
22:11:41,11.876647
22:11:42,12.0940018
22:11:44,12.05386
22:11:45,11.8703527
22:11:46,12.0010338
22:11:47,12.0874252
22:11:48,12.0270061
22:11:49,12.04187
22:11:50,12.1384392
22:11:51,11.9492807
22:11:52,12.0040188
22:11:53,12.1379671
22:11:54,12.0451851
22:11:55,12.0212059
22:11:56,11.7058535
22:11:57,12.0805922
22:11:58,12.2819557
22:11:59,12.318368
22:12:00,11.9160223
22:12:01,12.00211
22:12:02,11.9221792
22:12:03,12.1338825
22:12:04,12.0594082
22:12:05,11.81586
22:12:06,12.1531773
22:12:07,12.0905981
22:12:08,11.9035692
22:12:09,11.99739
22:12:10,12.0430279
22:12:11,12.0522947
22:12:12,11.9021482
22:12:13,11.8838425
22:12:14,12.2083836
22:12:15,12.2175264
22:12:16,12.0628014
22:12:17,11.9880762
22:12:18,12.1631565
22:12:19,11.9479637
22:12:20,12.1552114
22:12:21,12.177948
22:12:22,12.0708008
22:12:23,12.3293524
22:12:24,11.9496584
22:12:25,12.0569057
22:12:26,11.9655676
22:12:27,12.02987
22:12:28,12.0532646
22:12:29,11.9556265
22:12:30,11.9732685
22:12:31,11.7907724
22:12:32,12.3129454
22:12:33,11.8728313
22:12:34,12.2027645
22:12:35,11.9558525
22:12:36,12.0824728
22:12:37,11.8395834
22:12:38,12.0016308
22:12:39,12.1865234
22:12:40,11.8742743
22:12:41,11.9908028
22:12:42,12.3722467
22:12:43,11.8705835
22:12:44,12.4681377
22:12:45,11.9394407
22:12:46,12.0774136
22:12:47,12.0591221
22:12:48,12.0741224
22:12:49,12.3873768
22:12:50,12.2604618
22:12:51,12.0293512
22:12:52,12.2078075
22:12:53,12.0433826
22:12:54,12.1671515
22:12:55,12.121294
22:12:56,12.2266674
22:12:57,11.8122206
22:12:58,12.1650066
22:12:59,12.0623922
22:13:00,12.067482
22:13:01,12.1084461
22:13:02,11.9597635
22:13:03,12.071023
22:13:04,12.1142969
22:13:05,12.1549978
22:13:06,11.9383669
22:13:07,12.0223846
22:13:08,11.9421329
22:13:09,11.9145069
22:13:10,11.8629808
22:13:11,12.165801
22:13:12,12.0393124
22:13:13,12.2723217
22:13:14,11.8984842
22:13:15,11.9882011
22:13:16,11.9817019
22:13:17,11.9921474
22:13:18,12.1725588
22:13:19,12.1448793
22:13:20,12.0301723
22:13:21,12.2815456
22:13:22,11.679883
22:13:23,11.6197157
22:13:24,12.12602
22:13:25,12.4397516
22:13:26,11.5478573
22:13:27,12.4314489
22:13:28,12.4902
22:13:29,11.8383064
22:13:30,11.66085
22:13:31,12.1550484
22:13:32,11.7850542
22:13:33,12.424016
22:13:34,11.8558874
22:13:35,12.0982847
22:13:36,11.975894
22:13:37,11.8508625
22:13:38,12.3535385
22:13:39,11.9278059
22:13:40,12.0206394
22:13:41,11.7665472
22:13:42,12.0079412
22:13:43,11.9224224
22:13:44,11.8908787
22:13:45,12.0530119
22:13:46,12.0283041
22:13:47,11.9200029
22:13:48,11.9859018
22:13:49,11.8810616
22:13:50,12.1462011
22:13:51,11.9732008
22:13:52,12.1046553
22:13:53,12.2810965
22:13:54,12.0399818
22:13:55,12.1016521
22:13:56,12.0281382
22:13:57,12.0385609
22:13:58,11.943368
22:13:59,11.9060163
22:14:00,12.0879
22:14:01,12.2090139
22:14:02,11.6776533
22:14:03,11.6193666
22:14:04,12.2305508
22:14:05,12.0041189
22:14:06,12.1853533
22:14:07,12.0708542
22:14:08,12.2101583
22:14:09,12.1576271
22:14:10,12.3011713
22:14:11,11.933691
22:14:12,12.1408634
22:14:13,11.8801937
22:14:14,11.7418842
22:14:15,12.2853765
22:14:16,12.2764645
22:14:17,11.9919815
22:14:18,12.1208992
22:14:19,11.6944828
22:14:20,12.1314383
22:14:21,11.9037733
22:14:22,12.0568905
22:14:23,11.8660975
22:14:24,12.2766838
22:14:25,11.9892483
22:14:26,11.9099512
22:14:27,12.03511
22:14:28,12.12924
22:14:29,11.8884077
22:14:30,12.0943327
22:14:31,12.2249041
22:14:32,12.2428255
22:14:33,11.94878
22:14:34,11.9659424
22:14:35,12.2428293
22:14:36,12.0196705
22:14:37,12.316267
22:14:38,11.94184
22:14:39,11.86539
22:14:40,11.9058733
22:14:41,11.8755941
22:14:42,12.0945415
22:14:43,12.1545477
22:14:44,11.9261723
22:14:45,11.9832716
22:14:46,12.0090885
22:14:47,11.7721882
22:14:48,12.2519741
22:14:49,12.2671242
22:14:50,12.0055494
22:14:51,12.0360889
22:14:52,11.9454994
22:14:53,12.1988955
22:14:54,11.9373446
22:14:55,12.4774265
22:14:56,12.1029387
22:14:57,11.9024935
22:14:58,12.1716223
22:14:59,12.0002241
22:15:00,11.9972544
22:15:01,12.027667
22:15:02,12.2311468
22:15:03,11.9462929
22:15:04,11.9687414
22:15:05,11.7165442
22:15:06,12.0757723
22:15:07,12.1321564
22:15:08,11.883914
22:15:09,12.0251751
22:15:10,12.2166166
22:15:11,12.169384
22:15:12,11.9637613
22:15:13,12.244422
22:15:14,11.8787823
22:15:15,12.0082722
22:15:16,12.1007652
22:15:17,11.8198195
22:15:18,12.0629921
22:15:19,11.95931
22:15:20,12.2013931
22:15:21,12.1495409
22:15:22,12.17702
22:15:23,12.17443
22:15:24,12.1074591
22:15:25,11.9810238
22:15:26,11.9954624
22:15:27,12.0856733
22:15:28,11.9690733
22:15:29,12.0164423
22:15:30,11.8141556
22:15:31,12.0241785
22:15:32,11.8256979
22:15:33,12.1218481
22:15:34,12.0770378
22:15:35,12.1219473
22:15:36,12.2079535
22:15:37,11.9172211
22:15:38,12.0792284
22:15:39,11.9853525
22:15:40,12.0909843
22:15:41,12.0620928
22:15:42,11.8438158
22:15:43,11.7427292
22:15:44,11.98202
22:15:45,11.8545265
22:15:46,12.3705826
22:15:47,11.7935076
22:15:48,12.427496
22:15:49,11.8659792
22:15:50,11.9491739
22:15:51,11.9772463
22:15:52,11.9696627
22:15:53,12.2654333
22:15:54,12.274869
22:15:55,11.8855324
22:15:56,12.3548307
22:15:57,12.177433
22:15:58,12.0891666
22:15:59,12.1056795
22:16:00,11.9368277
22:16:01,12.2563629
22:16:02,11.9859648
22:16:03,12.009141
22:16:04,12.26404
22:16:05,12.316843
22:16:06,11.6819267
22:16:07,12.1264658
22:16:08,11.7925653
22:16:09,12.1968222
22:16:10,12.1250038
22:16:11,12.1346779
22:16:12,11.8483458
22:16:13,12.2729692
22:16:14,12.1232281
22:16:15,11.9096842
22:16:16,12.0404263
22:16:17,12.094286
22:16:18,12.0426006
22:16:19,12.0231457
22:16:20,12.2165108
22:16:21,11.7635679
22:16:22,11.9073668
22:16:23,12.02395
22:16:24,12.2267056
22:16:25,12.0151405
22:16:26,12.0650272
22:16:27,12.3325548
22:16:28,12.2131824
22:16:29,12.14339
22:16:30,11.871356
22:16:31,11.9188366
22:16:32,12.0809526
22:16:33,11.996007
22:16:34,12.0383024
22:16:35,12.3319817
22:16:36,12.1176691
22:16:37,12.13404
22:16:38,12.2029181
22:16:39,12.3146753
22:16:40,11.8650265
22:16:41,12.1771135
22:16:42,12.0869646
22:16:43,12.170475
22:16:44,11.8992052
22:16:45,12.1097574
22:16:46,12.0925322
22:16:47,12.0897932
22:16:48,12.0202055
22:16:49,11.9855309
22:16:50,12.035574
22:16:51,12.1036987
22:16:52,12.09851
22:16:53,12.3436785
22:16:54,11.874917
22:16:55,12.0082979
22:16:56,12.1786032
22:16:57,11.8766422
22:16:58,12.0432415
22:16:59,12.25856
22:17:00,12.1617289
22:17:01,12.0391083
22:17:02,11.8511477
22:17:03,11.9721365
22:17:04,11.9686794
22:17:05,12.1580114
22:17:06,12.0863132
22:17:07,12.0669355
22:17:08,11.9503212
22:17:09,11.7603054
22:17:10,11.9237814
22:17:11,12.139183
22:17:12,12.0710716
22:17:13,11.9761887
22:17:14,12.0953436
22:17:15,12.0651674
22:17:16,11.8741693
22:17:17,11.9718275
22:17:18,12.1118116
22:17:19,12.12093
22:17:20,12.0138483
22:17:21,11.87774
22:17:22,12.0209923
22:17:23,12.0380077
22:17:24,12.0281506
22:17:25,12.0228357
22:17:26,12.1120176
22:17:27,12.102417
22:17:28,11.9399672
22:17:29,12.0390406
22:17:30,12.0058737
22:17:31,12.2393827
22:17:32,12.1732092
22:17:33,11.9746161
22:17:35,11.9975471
22:17:36,12.017292
22:17:37,11.9261885
22:17:38,11.9918051
22:17:39,11.8933811
22:17:40,12.1291533
22:17:41,12.523037
22:17:42,11.8899069
22:17:43,12.028368
22:17:44,12.3510828
22:17:45,11.8035336
22:17:46,12.0614328
22:17:47,12.0316916
22:17:48,12.1408348
22:17:49,12.2841825
22:17:50,11.8768873
22:17:51,12.0340605
22:17:52,12.0939093
22:17:53,11.9526386
22:17:54,12.061821
22:17:55,11.9241381
22:17:56,11.9651012
22:17:57,11.7779636
22:17:58,12.0201092
22:17:59,12.1976118
22:18:00,12.0250635
22:18:01,11.8973284
22:18:02,11.5895977
22:18:03,11.7671556
22:18:04,12.2603836
22:18:05,11.98198
22:18:06,11.9205151
22:18:07,12.1264715
22:18:08,11.8986549
22:18:09,12.1289892
22:18:10,11.9602766
22:18:11,11.93815
22:18:12,12.4921131
22:18:13,12.33649
22:18:14,11.9438343
22:18:15,12.1071682
22:18:16,11.8927774
22:18:17,11.7916975
22:18:18,12.0236082
22:18:19,12.0699139
22:18:20,12.0502272
22:18:21,12.121769
22:18:22,11.7649431
22:18:23,11.9849844
22:18:24,12.0300579
22:18:25,11.8224392
22:18:26,12.3454895
22:18:27,11.582757
22:18:28,11.9042158
22:18:29,11.5960608
22:18:30,11.8622589
22:18:31,11.9766169
22:18:32,11.9028769
22:18:34,11.9600859
22:18:35,12.1031551
22:18:36,11.8687906
22:18:37,12.1729889
22:18:38,12.0925007
22:18:39,12.0104828
22:18:40,12.030611
22:18:41,12.3086052
22:18:42,11.8088579
22:18:43,11.7580214
22:18:44,11.9142885
22:18:45,12.1669025
22:18:46,12.0677242
22:18:47,12.0504036
22:18:48,12.0606
22:18:49,12.0715485
22:18:50,11.7093239
22:18:51,12.2925224
22:18:52,11.8720856
22:18:53,12.062089
22:18:54,12.06217
22:18:55,12.0664577
22:18:56,12.0819721
22:18:57,11.9942579
22:18:58,12.0868235
22:18:59,12.1464128
22:19:00,12.315567
22:19:01,11.8203039
22:19:02,12.1068544
22:19:03,11.91778
22:19:04,12.0756035
22:19:05,12.1009712
22:19:06,11.8157082
22:19:07,12.203022
22:19:08,12.2287569
22:19:09,12.024231
22:19:10,11.9736309
22:19:11,11.8805456
22:19:12,11.7914057
22:19:13,12.0123777
22:19:14,12.0017424
22:19:15,12.285408
22:19:16,12.09259
22:19:17,12.1316137
22:19:18,12.0452623
22:19:19,12.3525362
22:19:20,12.0297832
22:19:21,11.7796373
22:19:22,11.8473148
22:19:24,12.1703968
22:19:25,11.8984365
22:19:27,12.2847748
22:19:28,11.8244934
22:19:29,12.1278706
22:19:31,11.84944
22:19:32,12.1163626
22:19:34,11.9435415
22:19:35,11.9036779
22:19:37,12.1944447
22:19:38,11.9495792
22:19:40,12.1775608
22:19:42,12.0651951
22:19:43,12.0467367
22:19:44,11.9709044
22:19:45,11.8534651
22:19:46,12.0091677
22:19:47,11.9211044
22:19:48,11.9168768
22:19:49,11.9603415
22:19:50,11.9731388
22:19:51,11.9117184
22:19:52,12.0352325
22:19:53,12.0966911
22:19:54,11.93291
22:19:55,11.84584
22:19:56,11.8677416
22:19:57,12.116168
22:19:58,12.01946
22:19:59,12.0952568
22:20:00,12.00029
22:20:01,11.9581938
22:20:02,12.0468264
22:20:03,11.9235363
22:20:04,12.087512
22:20:05,12.0634251
22:20:06,11.8562059
22:20:07,11.798625
22:20:08,12.02269
22:20:09,12.0714884
22:20:10,11.9479446
22:20:11,11.94226
22:20:12,11.9734888
22:20:13,11.9864273
22:20:14,12.0659113
22:20:15,12.0278416
22:20:16,12.1252432
22:20:17,11.8862381
22:20:18,11.982213
22:20:19,11.9192762
22:20:20,12.5127277
22:20:21,12.0941448
22:20:22,12.2126245
22:20:23,11.6736765
22:20:24,11.74265
22:20:25,11.9931669
22:20:26,12.3304081
22:20:27,12.0400372
22:20:28,12.0637312
22:20:29,11.9472675
22:20:30,11.864933
22:20:31,11.9787579
22:20:32,12.23069
22:20:33,12.2378416
22:20:34,12.3237867
22:20:35,11.87102
22:20:36,11.8200073
22:20:37,12.0311565
22:20:38,11.761692
22:20:39,12.0728636
22:20:40,12.2438278
22:20:41,11.9766016
22:20:42,11.8888769
22:20:43,11.9709826
22:20:44,12.2651491
22:20:45,12.1119471
22:20:46,12.0467129
22:20:47,12.0407181
22:20:48,11.5385046
22:20:49,11.9921246
22:20:50,12.0444717
22:20:51,12.07255
22:20:52,12.0682049
22:20:53,11.9026871
22:20:54,11.77972
22:20:55,12.04896
22:20:56,12.0151463
22:20:57,12.2646379
22:20:58,12.0014706
22:20:59,12.1409063
22:21:00,12.0433636
22:21:01,12.203825
22:21:02,11.9158688
22:21:03,12.0994406
22:21:04,11.8564816
22:21:05,11.937355
22:21:06,12.2579165
22:21:07,11.94467
22:21:08,12.0061178
22:21:09,11.7478857
22:21:10,12.1329489
22:21:11,11.9499989
22:21:12,11.9101553
22:21:13,12.0405312
22:21:14,12.0263329
22:21:15,12.4982948
22:21:16,11.959815
22:21:17,12.0179234
22:21:18,11.8897133
22:21:19,12.2010775
22:21:20,12.1820641
22:21:21,12.2635717
22:21:22,11.831377
22:21:23,12.1363363
22:21:24,11.95871
22:21:25,12.2988348
22:21:26,12.1004868
22:21:27,12.0842295
22:21:28,12.0763016
22:21:29,12.0341053
22:21:30,11.775835
22:21:31,12.02341
22:21:32,12.0973768
22:21:33,11.9187613
22:21:34,12.0254221
22:21:35,12.129653
22:21:36,12.3843164
22:21:37,11.9858656
22:21:38,12.0528994
22:21:39,11.8539667
22:21:40,12.2949286
22:21:41,12.1733322
22:21:42,11.9873762
22:21:43,11.8788071
22:21:44,12.02418
22:21:45,12.2521553
22:21:46,11.9483824
22:21:47,11.9716635
22:21:48,11.8344564
22:21:49,12.2916594
22:21:50,12.0484915
22:21:51,12.0233631
22:21:52,12.0193481
22:21:53,12.0032358
22:21:54,11.71126
22:21:55,12.1635122
22:21:56,11.962698
22:21:57,11.9412107
22:21:58,12.1215935
22:21:59,12.0388441
22:22:00,12.1399832
22:22:01,12.0101023
22:22:02,11.9227571
22:22:03,12.0192184
22:22:04,11.9149036
22:22:05,11.9414959
22:22:06,12.2450809
22:22:07,12.0886211
22:22:08,11.926693
22:22:09,12.0353642
22:22:10,11.9926748
22:22:11,12.1942787
22:22:12,11.7876835
22:22:13,11.8287754
22:22:14,11.803792
22:22:15,12.0173016
22:22:16,12.0951424
22:22:17,12.0565672
22:22:18,12.0299053
22:22:19,12.1455317
22:22:20,11.952692
22:22:21,11.9646406
22:22:22,11.8934641
22:22:23,12.0641842
22:22:24,12.1994753
22:22:25,12.3759918
22:22:26,11.7174082
22:22:27,12.1471643
22:22:28,12.204999
22:22:29,11.9876976
22:22:30,12.2556572
22:22:31,11.7167406
22:22:32,12.0653419
22:22:33,11.8039665
22:22:34,11.8584309
22:22:35,12.4055471
22:22:36,12.3039961
22:22:37,11.9987211
22:22:38,11.7307186
22:22:39,12.0282574
22:22:40,12.3113232
22:22:41,12.07449
22:22:42,11.9331417
22:22:43,11.8708839
22:22:44,11.63582
22:22:45,11.8729219
22:22:46,12.1978521
22:22:47,11.9573431
22:22:48,11.9333935
22:22:49,12.0964661
22:22:50,11.9577236
22:22:51,12.1272888
22:22:52,12.2614765
22:22:53,12.4228764
22:22:54,12.1411047
22:22:55,11.9072638
22:22:56,11.83469
22:22:57,12.2111654
22:22:58,11.8167191
22:22:59,12.1469555
22:23:00,12.0890236
22:23:01,12.1804647
22:23:02,12.0588522
22:23:03,12.27283
22:23:04,11.8754387
22:23:05,11.983407
22:23:06,12.0775576
22:23:07,12.08601
22:23:08,12.1547489
22:23:09,11.85922
22:23:10,12.1369362
22:23:11,11.8281994
22:23:12,12.04904
22:23:13,11.97
22:23:14,11.923336
22:23:15,11.9707909
22:23:16,12.0936794
22:23:17,12.0256128
22:23:18,11.8715563
22:23:19,12.327507
22:23:20,12.2300043
22:23:21,12.5145664
22:23:22,11.69693
22:23:23,11.76794
22:23:24,12.0177641
22:23:25,12.1318054
22:23:26,12.1800766
22:23:27,12.0303917
22:23:28,12.0538177
22:23:29,11.942277
22:23:30,12.1011171
22:23:31,11.905695
22:23:32,12.1272411
22:23:33,12.0891161
22:23:34,12.1492577
22:23:35,11.79228
22:23:36,11.96277
22:23:37,12.1634388
22:23:38,12.347497
22:23:39,12.0840292
22:23:40,12.1396475
22:23:41,12.2024717
22:23:42,12.2303791
22:23:43,12.018651
22:23:44,12.2350311
22:23:45,11.8463821
22:23:46,12.0774
22:23:47,11.7247524
22:23:48,11.97599
22:23:49,11.80432
22:23:50,12.2456007
22:23:51,12.14046
22:23:52,12.0353966
22:23:53,12.00667
22:23:54,12.0110979
22:23:55,12.2064419
22:23:56,11.9268751
22:23:57,12.1584406
22:23:58,12.1965446
22:23:59,11.956152
22:24:00,12.2674246
22:24:01,12.24849
22:24:02,11.9326954
22:24:03,12.2120581
22:24:04,11.8824644
22:24:05,11.8136511
22:24:06,12.0519943
22:24:07,12.2552147
22:24:08,12.2291565
22:24:09,11.81502
22:24:10,11.9768353
22:24:11,11.8322086
22:24:12,11.87006
22:24:13,12.2938566
22:24:14,12.0218363
22:24:15,12.0027418
22:24:16,12.24465
22:24:17,11.8872271
22:24:18,11.7692919
22:24:19,11.920763
22:24:20,12.0228291
22:24:21,11.8486938
22:24:22,12.1456995
22:24:23,12.3464365
22:24:24,12.1620188
22:24:25,12.3278646
22:24:26,11.9952354
22:24:27,11.8433266
22:24:28,11.8107843
22:24:29,11.9424591
22:24:30,12.1493044
22:24:31,12.1574764
22:24:32,11.94477
22:24:33,12.1444559
22:24:34,12.12258
22:24:35,12.2477245
22:24:36,11.8911295
22:24:37,11.9277792
22:24:38,11.8882666
22:24:39,11.9982386
22:24:40,11.99983
22:24:41,12.235836
22:24:42,11.9388266
22:24:43,12.3605309
22:24:44,11.8560352
22:24:45,11.7882071
22:24:46,12.0310612
22:24:47,12.1207647
22:24:48,11.9487257
22:24:49,12.150939
22:24:50,11.9894018
22:24:51,11.6508789
22:24:52,11.9361744
22:24:53,11.9061069
22:24:54,12.078805
22:24:55,11.8816414
22:24:56,12.0791779
22:24:57,12.1552181
22:24:58,11.9199038
22:24:59,12.0724592
22:25:00,11.9943695
22:25:01,12.1095362
22:25:02,11.5456276
22:25:03,11.8724747
22:25:04,11.9409943
22:25:05,12.0577087
22:25:06,12.1483746
22:25:07,12.4210482
22:25:08,12.2429085
22:25:09,11.9411535
22:25:10,12.1061621
22:25:11,12.0930557
22:25:12,11.8987684
22:25:13,12.4377279
22:25:14,12.0381193
22:25:15,11.7314405
22:25:16,11.8687363
22:25:17,11.9040823
22:25:18,12.08889
22:25:19,12.1433315
22:25:20,12.0205326
22:25:21,11.9984455
22:25:22,12.2046156
22:25:23,11.6661339
22:25:24,12.0965157
22:25:25,11.9982386
22:25:26,12.08907
22:25:27,11.9613008
22:25:28,11.9266148
22:25:29,12.39985
22:25:30,11.9633379
22:25:31,11.9807425
22:25:32,12.3469915
22:25:34,12.0767727
22:25:35,12.0718622
22:25:36,11.9649868
22:25:37,11.8116732
22:25:38,12.3039494
22:25:39,11.9848194
22:25:40,12.05396
22:25:41,11.914979
22:25:42,12.0784359
22:25:43,11.9697361
22:25:44,11.7409315
22:25:45,12.209383
22:25:46,11.9382133
22:25:47,12.199028
22:25:48,12.00185
22:25:49,11.8533669
22:25:50,11.790308
22:25:51,11.798563
22:25:52,11.817852
22:25:53,12.0828619
22:25:54,11.8558493
22:25:55,11.8640594
22:25:56,12.0938005
22:25:57,12.172925
22:25:58,11.8834248
22:25:59,12.041914
22:26:00,12.2079105
22:26:01,12.0226355
22:26:02,11.9554024
22:26:03,12.0400229
22:26:04,12.17452
22:26:05,11.9467974
22:26:06,12.1177063
22:26:07,11.964468
22:26:08,12.1957178
22:26:09,11.99821
22:26:10,12.3456573
22:26:11,11.9573441
22:26:12,11.8505831
22:26:13,12.3507929
22:26:14,12.0471373
22:26:15,12.0392714
22:26:16,12.1851654
22:26:17,12.207139
22:26:18,12.1106186
22:26:19,11.8758259
22:26:20,11.9769039
22:26:21,12.1153517
22:26:22,12.2468557
22:26:23,12.0095863
22:26:24,11.9045954
22:26:25,12.03187
22:26:26,11.8397017
22:26:27,12.1992235
22:26:28,12.1074209
22:26:29,11.9852457
22:26:30,12.0476685
22:26:31,12.1095161
22:26:32,12.0165663
22:26:33,11.8903456
22:26:35,12.1202354
22:26:36,12.2585773
22:26:37,12.0530787
22:26:38,12.0238943
22:26:39,12.355134
22:26:40,12.1604462
22:26:41,11.8944845
22:26:42,12.0841179
22:26:43,11.6989336
22:26:44,11.9443321
22:26:45,12.0313053
22:26:47,12.1098166
22:26:48,12.0250235
22:26:49,11.7346478
22:26:50,12.0069046
22:26:51,12.3833475
22:26:52,11.8902063
22:26:53,12.1563044
22:26:54,11.7663555
22:26:55,12.0030918
22:26:56,11.8807049
22:26:57,11.7871742
22:26:58,12.1033525
22:26:59,12.22141
22:27:00,12.020318
22:27:01,11.9804525
22:27:03,12.1411238
22:27:05,12.2342892
22:27:07,12.2414188
22:27:08,12.05405
22:27:09,11.8944235
22:27:10,12.1621
22:27:11,11.9298248
22:27:12,12.3371124
22:27:13,11.948782
22:27:14,11.937727
22:27:15,12.0381117
22:27:16,12.0438
22:27:17,11.9682713
22:27:18,11.8458738
22:27:19,12.1487589
22:27:20,11.8243313
22:27:21,12.0177011
22:27:22,12.0704308
22:27:23,11.5171709
22:27:24,11.8412666
22:27:25,12.1551065
22:27:26,11.80679
22:27:27,11.9789762
22:27:28,12.2061939
22:27:29,12.068655
22:27:30,11.9952631
22:27:31,12.0997171
22:27:32,12.2990732
22:27:33,12.1394911
22:27:34,12.2737741
22:27:35,12.4531384
22:27:36,12.1221189
22:27:37,12.1360931
22:27:38,12.1133986
22:27:39,12.1021872
22:27:40,11.854641
22:27:41,12.07421
22:27:42,12.0914841
22:27:43,11.8678646
22:27:44,12.0388222
22:27:45,11.9397726
22:27:46,12.5566387
22:27:47,11.63371
22:27:48,12.038928
22:27:49,11.9500589
22:27:50,12.2067614
22:27:51,12.3270025
22:27:52,11.7744894
22:27:53,12.0429773
22:27:54,12.1544533
22:27:55,11.9841595
22:27:56,12.130723
22:27:57,12.0580349
22:27:58,11.7831736
22:27:59,11.9413519
22:28:00,12.2216415
22:28:01,12.1445322
22:28:02,12.0665359
22:28:03,12.281847
22:28:04,12.1055441
22:28:05,11.9090147
22:28:06,12.0367432
22:28:07,11.9825344
22:28:08,12.0831861
22:28:09,12.0680943
22:28:10,12.1487417
22:28:11,11.8668375
22:28:12,12.0756922
22:28:13,11.98172
22:28:14,12.1085091
22:28:15,12.18945
22:28:16,11.7764654
22:28:17,12.0441179
22:28:18,11.9636946
22:28:19,11.7786255
22:28:20,12.0106544
22:28:21,11.9893484
22:28:22,12.2161455
22:28:23,12.0375595
22:28:24,11.9554644
22:28:25,12.1127119
22:28:26,12.059885
22:28:27,11.9849634
22:28:28,12.1994667
22:28:29,12.1172657
22:28:30,11.8195343
22:28:31,12.2399416
22:28:32,12.0267382
22:28:33,11.9555721
22:28:34,12.218524
22:28:35,12.0774879
22:28:36,12.1638327
22:28:37,12.0642557
22:28:38,11.7970934
22:28:39,12.21896
22:28:40,11.6596985
22:28:41,12.1490841
22:28:42,12.0688238
22:28:43,12.1267738
22:28:44,12.1698084
22:28:45,12.0362053
22:28:46,12.027976
22:28:47,11.8303328
22:28:48,12.1376991
22:28:49,12.0934887
22:28:50,11.8813353
22:28:51,12.0077715
22:28:52,11.6843729
22:28:53,11.74557
22:28:54,11.9177589
22:28:55,12.080143
22:28:56,12.0292845
22:28:57,12.3429737
22:28:58,11.7970734
22:28:59,11.9805841
22:29:00,12.0791321
22:29:01,12.2465706
22:29:02,12.0191193
22:29:03,11.9675226
22:29:04,12.0697746
22:29:05,11.994256
22:29:06,12.1965189
22:29:07,12.293335
22:29:08,11.9367123
22:29:09,12.0647631
22:29:10,12.0578232
22:29:11,12.1391239
22:29:12,12.095006
22:29:13,11.8871632
22:29:14,11.8586531
22:29:15,12.0524035
22:29:16,11.8742619
22:29:17,12.0496416
22:29:18,12.1884346
22:29:19,11.9169912
22:29:20,11.8672733
22:29:21,12.1670151
22:29:22,11.8624783
22:29:23,11.9935732
22:29:24,12.0148449
22:29:25,12.0110226
22:29:26,12.0964785
22:29:27,12.0004206
22:29:28,12.442194
22:29:29,11.8400841
22:29:30,12.1915426
22:29:31,11.9329071
22:29:32,12.10384
22:29:33,11.9846048
22:29:34,11.8923035
22:29:35,12.3225
22:29:36,12.0269279
22:29:37,11.98982
22:29:38,12.157609
22:29:39,12.2290812
22:29:40,12.037138
22:29:41,11.9920959
22:29:42,12.0448475
22:29:43,11.7638674
22:29:44,12.1213083
22:29:45,12.1401348
22:29:46,12.0176659
22:29:47,11.8744593
22:29:48,11.92666
22:29:49,12.3456087
22:29:50,12.321681
22:29:51,12.0355234
22:29:52,12.08239
22:29:53,12.1984768
22:29:54,12.1160412
22:29:55,11.8354559
22:29:56,12.0383005
22:29:57,12.1155977
22:29:58,11.7799816
22:29:59,12.0778255
22:30:00,12.0026445
22:30:01,11.8053951
22:30:02,12.1294031
22:30:03,11.8333845
22:30:04,11.95801
22:30:05,12.0802631
22:30:06,12.1280394
22:30:07,12.013833
22:30:08,11.7931242
22:30:09,12.0603876
22:30:10,11.8237228
22:30:11,11.9412117
22:30:12,12.0361881
22:30:13,11.976202
22:30:14,12.1791821
22:30:15,11.997016
22:30:16,12.057025
22:30:17,11.9718866
22:30:18,12.1917486
22:30:19,12.0279856
22:30:20,12.167407
22:30:21,12.1815414
22:30:22,11.972661
22:30:23,12.0711813
22:30:24,11.8501816
22:30:25,11.9812374
22:30:26,11.91648
22:30:27,12.1862354
22:30:28,12.0549726
22:30:29,12.3825293
22:30:30,11.8784227
22:30:31,12.0084982
22:30:32,12.1528378
22:30:33,12.04637
22:30:34,11.9195271
22:30:35,12.0460339
22:30:36,12.0718346
22:30:37,12.1112823
22:30:38,12.0965548
22:30:39,12.2017136
22:30:40,11.9882641
22:30:41,11.92304
22:30:42,11.945385
22:30:43,11.7534008
22:30:44,11.8002348
22:30:45,11.8822269
22:30:46,12.1151171
22:30:47,12.1089859
22:30:48,11.9366236
22:30:49,11.7874594
22:30:50,11.8720465
22:30:51,12.1574249
22:30:52,11.8317
22:30:53,11.8840694
22:30:54,11.9236822
22:30:55,11.7286663
22:30:56,11.9727221
22:30:57,12.0130987
22:30:58,11.84495
22:30:59,12.6052542
22:31:00,12.0753059
22:31:01,11.7427244
22:31:02,12.140317
22:31:03,12.1102448
22:31:04,12.0411425
22:31:05,11.9063206
22:31:06,12.0935163
22:31:07,12.10864
22:31:08,11.9106932
22:31:09,12.2082443
22:31:10,11.9928255
22:31:11,11.8189087
22:31:12,11.9048729
22:31:13,12.056942
22:31:14,12.1881523
22:31:15,11.9444876
22:31:16,12.2682915
22:31:17,12.1279449
22:31:18,12.0181007
22:31:19,12.1826506
22:31:20,12.1123285
22:31:21,12.0546
22:31:22,11.8707867
22:31:23,12.0028811
22:31:24,12.0263538
22:31:25,12.3405695
22:31:26,12.3230915
22:31:27,12.26385
22:31:28,12.0178862
22:31:29,11.9052763
22:31:30,12.0553837
22:31:31,12.075386
22:31:32,12.0033131
22:31:34,12.1692953
22:31:35,12.2755871
22:31:36,12.1479645
22:31:37,11.9672861
22:31:38,12.1025867
22:31:39,11.9580183
22:31:40,12.0492907
22:31:41,11.9912558
22:31:42,11.9530334
22:31:43,12.02303
22:31:44,12.3674059
22:31:45,11.973465
22:31:46,12.0889444
22:31:47,11.9955072
22:31:48,12.028553
22:31:49,11.9882622
22:31:50,12.00037
22:31:51,11.916975
22:31:52,12.2690859
22:31:53,11.99263
22:31:54,11.90319
22:31:55,11.9527321
22:31:56,11.9610882
22:31:57,12.291769
22:31:58,11.9040575
22:31:59,12.2756147
22:32:00,12.0390854
22:32:01,12.2961216
22:32:02,11.2580595
22:32:03,12.0912514
22:32:04,12.28748
22:32:05,12.0086622
22:32:06,12.0202961
22:32:07,12.08892
22:32:08,11.7599564
22:32:09,12.1227112
22:32:10,12.1158428
22:32:11,12.0859995
22:32:12,12.4577255
22:32:13,12.81129
22:32:14,11.9381838
22:32:15,12.2751589
22:32:16,11.9484329
22:32:17,11.9453478
22:32:18,12.1852245
22:32:19,11.9226913
22:32:20,11.9125147
22:32:21,12.1032286
22:32:22,11.8416767
22:32:23,11.9721146
22:32:24,12.0901976
22:32:25,11.9957037
22:32:26,11.8734064
22:32:27,12.077528
22:32:28,12.1304007
22:32:29,12.1855726
22:32:30,11.9519682
22:32:31,11.9686
22:32:32,12.18152
22:32:33,12.2054405
22:32:35,11.8333464
22:32:36,11.71873
22:32:37,11.9900255
22:32:38,12.1532965
22:32:39,12.0137463
22:32:40,12.2298174
22:32:41,12.0250177
22:32:42,12.3838062
22:32:43,12.0731068
22:32:44,12.18321
22:32:45,11.9283915
22:32:46,11.5486088
22:32:47,12.0872869
22:32:48,12.0257368
22:32:49,12.180048
22:32:50,11.9960785
22:32:51,11.8268471
22:32:52,12.1941595
22:32:53,12.0211563
22:32:54,12.3329611
22:32:55,11.81569
22:32:56,11.8496838
22:32:57,12.3407316
22:32:58,12.2611628
22:32:59,11.9927025
22:33:00,11.6617756
22:33:01,12.2562008
22:33:02,11.901823
22:33:03,11.8243484
22:33:04,12.010169
22:33:05,11.9107695
22:33:06,12.4160576
22:33:07,12.0212822
22:33:08,11.9130869
22:33:09,11.9950466
22:33:10,12.0449572
22:33:11,11.9743414
22:33:12,12.1318951
22:33:13,11.8275967
22:33:14,11.9161711
22:33:15,12.10917
22:33:16,11.8071394
22:33:17,12.29127
22:33:18,11.8855505
22:33:19,11.9251785
22:33:20,11.8981962
22:33:21,11.8087749
22:33:22,11.9445791
22:33:23,12.1132507
22:33:24,11.9792881
22:33:25,12.3933678
22:33:26,11.9902821
22:33:27,12.0589352
22:33:28,11.9253788
22:33:29,11.9790745
22:33:30,12.0942526
22:33:31,12.1999512
22:33:32,12.0612307
22:33:34,12.2659245
22:33:35,11.6834917
22:33:36,11.8573856
22:33:37,12.0435572
22:33:38,12.11119
22:33:39,11.8380556
22:33:40,12.0959139
22:33:41,12.302701
22:33:42,11.8831053
22:33:43,12.0715113
22:33:44,12.0351095
22:33:45,12.1388435
22:33:46,12.130372
22:33:47,11.8201618
22:33:48,12.1499882
22:33:49,12.4180193
22:33:50,12.2254381
22:33:51,11.984827
22:33:53,12.1130552
22:33:54,12.1043539
22:33:56,11.9801855
22:33:57,11.8035641
22:33:59,11.9094572
22:34:01,12.0190163
22:34:02,11.9330673
22:34:03,11.9417429
22:34:05,12.1087675
22:34:06,11.7002869
22:34:07,12.1881723
22:34:08,11.9373083
22:34:09,12.18868
22:34:10,11.8604679
22:34:11,12.4309206
22:34:12,11.7799788
22:34:13,12.133132
22:34:14,11.8111067
22:34:15,12.0434856
22:34:16,12.1613216
22:34:17,11.7295923
22:34:18,11.8781881
22:34:19,12.0362682
22:34:20,11.9232244
22:34:21,11.9577694
22:34:22,12.1258926
22:34:23,11.7386751
22:34:24,12.1148853
22:34:25,12.2850218
22:34:26,12.044
22:34:27,11.9853687
22:34:28,11.8697195
22:34:29,11.90557
22:34:30,11.7868547
22:34:31,11.833581
22:34:32,12.232913
22:34:33,12.1886759
22:34:34,12.3887053
22:34:35,12.2164669
22:34:36,12.152029
22:34:37,11.9670172
22:34:38,11.979044
22:34:39,12.1705666
22:34:40,11.9418907
22:34:41,12.0061712
22:34:42,11.964056
22:34:43,11.7457008
22:34:44,12.0137634
22:34:45,11.8274794
22:34:46,11.6788559
22:34:47,11.9978209
22:34:48,12.1742868
22:34:49,12.3026295
22:34:50,12.0214052
22:34:51,12.1142426
22:34:52,12.0785494
22:34:53,12.0802631
22:34:54,12.1664181
22:34:55,12.01363
22:34:56,12.1165485
22:34:57,11.935338
22:34:58,12.1409826
22:34:59,11.9640656
22:35:00,12.4574575
22:35:01,11.66353
22:35:02,11.9756317
22:35:03,12.50807
22:35:04,11.7911005
22:35:05,12.0930214
22:35:06,12.1368923
22:35:07,11.9940643
22:35:08,12.0779877
22:35:09,12.1622524
22:35:10,11.8828115
22:35:11,12.1518078
22:35:12,11.9273357
22:35:13,11.9145708
22:35:14,12.04756
22:35:15,12.335103
22:35:16,12.0458593
22:35:17,12.284586
22:35:18,12.3131895
22:35:19,12.4343071
22:35:20,11.53354
22:35:21,11.9720364
22:35:22,12.2789145
22:35:23,12.0410929
22:35:24,12.05367
22:35:25,12.21645
22:35:26,12.2682152
22:35:27,11.9001436
22:35:28,12.1303806
22:35:29,12.2834911
22:35:30,12.0151281
22:35:31,12.0453711
22:35:32,12.1676779
22:35:33,12.3595028
22:35:34,12.3161688
22:35:35,12.14821
22:35:36,11.9713364
22:35:37,12.0688438
22:35:38,11.84784
22:35:39,11.5039034
22:35:40,12.5396147
22:35:41,12.0171995
22:35:42,11.9468479
22:35:43,11.8356075
22:35:44,12.0378561
22:35:45,12.19723
22:35:46,11.9716568
22:35:47,11.9690571
22:35:48,12.0188284
22:35:49,11.9952564
22:35:50,11.9053268
22:35:51,12.2115536
22:35:52,12.0142
22:35:53,12.0508347
22:35:54,11.8790178
22:35:55,12.0412483
22:35:56,12.208066
22:35:57,12.2014179
22:35:58,12.0194683
22:35:59,11.957036
22:36:00,12.3991632
22:36:01,12.1071892
22:36:02,12.0892086
22:36:03,11.9983091
22:36:04,11.9797144
22:36:05,11.9540386
22:36:06,11.8744478
22:36:07,12.2312641
22:36:08,11.7985611
22:36:09,11.9116268
22:36:10,11.9924555
22:36:11,12.1430082
22:36:12,12.1807528
22:36:13,12.1800013
22:36:14,11.8803177
22:36:15,11.974679
22:36:16,12.1972265
22:36:17,11.8792734
22:36:18,12.0598755
22:36:19,12.2035608
22:36:20,11.9824438
22:36:21,11.9428473
22:36:22,12.0837593
22:36:23,12.1301384
22:36:24,12.0816994
22:36:25,11.6731
22:36:26,12.0353642
22:36:27,11.87713
22:36:28,12.1473112
22:36:29,11.9991665
22:36:30,11.9835348
22:36:31,11.8398075
22:36:32,12.0514841
22:36:33,12.2750483
22:36:34,12.0924435
22:36:35,11.89509
22:36:36,12.0780125
22:36:37,12.2283812
22:36:38,11.8007936
22:36:39,12.32331
22:36:40,12.0755072
22:36:41,11.6401119
22:36:42,12.0239553
22:36:43,11.6450062
22:36:44,12.0400791
22:36:45,11.934906
22:36:46,12.1777668
22:36:47,11.926857
22:36:48,12.4178038
22:36:49,11.7746887
22:36:50,12.0808992
22:36:51,12.0395117
22:36:52,13.0613079
22:36:53,11.8956718
22:36:54,12.0036993
22:36:55,12.0662727
22:36:56,12.0009012
22:36:57,12.14995
22:36:58,11.9312983
22:36:59,12.1086235
22:37:00,12.066699
22:37:01,12.252099
22:37:02,12.054286
22:37:03,12.2322559
22:37:04,11.9834366
22:37:05,11.8537388
22:37:06,11.9176865
22:37:07,11.8173838
22:37:08,12.1089373
22:37:09,12.2383108
22:37:10,11.8510447
22:37:11,12.1017151
22:37:12,11.8178
22:37:13,12.2944622
22:37:14,11.948844
22:37:15,12.0955133
22:37:16,12.18249
22:37:17,12.1212234
22:37:18,11.79331
22:37:19,12.3543081
22:37:20,11.9894238
22:37:21,12.2929974
22:37:22,11.9701033
22:37:23,12.031395
22:37:24,12.24817
22:37:25,11.8077621
22:37:26,12.0677195
22:37:27,11.7169247
22:37:28,12.3012247
22:37:29,12.3329926
22:37:30,11.917717
22:37:31,11.8724232
22:37:32,12.0029583
22:37:33,12.0479679
22:37:34,11.8384762
22:37:35,11.9658718
22:37:36,12.021162
22:37:37,12.2634687
22:37:38,12.170167
22:37:39,11.917202
22:37:40,12.0309563
22:37:41,11.8940926
22:37:42,11.9229593
22:37:43,11.9088078
22:37:44,12.0431633
22:37:45,12.1141233
22:37:46,12.1485548
22:37:47,12.090188
22:37:48,12.05516
22:37:49,11.9155312
22:37:50,12.2843876
22:37:51,11.883359
22:37:52,12.0552959
22:37:53,11.9585257
22:37:54,12.2401314
22:37:55,12.0729532
22:37:56,11.9778643
22:37:57,12.2220173
22:37:58,11.8480062
22:37:59,11.8491755
22:38:00,12.1912956
22:38:01,11.8667192
22:38:02,12.115056
22:38:03,12.3224869
22:38:04,12.1077547
22:38:05,11.8065214
22:38:06,12.0187683
22:38:07,12.2572241
22:38:08,11.88708
22:38:09,12.1181631
22:38:10,12.1634836
22:38:11,12.1115026
22:38:12,11.9023046
22:38:13,12.06283
22:38:14,11.9452524
22:38:15,12.2173786
22:38:16,11.9225178
22:38:17,12.0616217
22:38:18,11.9050732
22:38:19,12.1660271
22:38:20,12.0758238
22:38:21,12.28534
22:38:22,11.9723673
22:38:23,11.930727
22:38:24,11.759963
22:38:25,12.1153326
22:38:26,12.06206
22:38:27,12.2086744
22:38:28,12.0707369
22:38:29,11.8784714
22:38:30,12.1748409
22:38:31,12.1282043
22:38:32,12.0375652
22:38:33,11.9076128
22:38:34,12.4331665
22:38:35,11.7516088
22:38:36,12.154191
22:38:37,12.1198578
22:38:38,12.0093765
22:38:39,12.2269926
22:38:40,12.0860882
22:38:41,12.4645224
22:38:42,12.17954
22:38:43,12.1686983
22:38:44,12.0716133
22:38:45,11.7036762
22:38:46,12.0341425
22:38:47,11.9579306
22:38:48,12.0096588
22:38:49,12.2769089
22:38:50,12.1322908
22:38:51,12.1574783
22:38:52,11.9405184
22:38:53,12.0205956
22:38:54,11.8139267
22:38:55,12.2533522
22:38:56,11.6518984
22:38:57,12.1466627
22:38:58,12.33222
22:38:59,12.09298
22:39:00,11.8414927
22:39:01,11.5765114
22:39:02,12.2863
22:39:03,12.07009
22:39:04,12.2014561
22:39:05,11.7719193
22:39:06,12.1199026
22:39:07,11.96943
22:39:08,12.4414015
22:39:09,11.9810762
22:39:10,11.6162453
22:39:11,12.698844
22:39:12,12.0000238
22:39:13,11.5333872
22:39:14,12.0390091
22:39:15,11.7851181
22:39:16,11.845912
22:39:17,11.9344368
22:39:18,11.8169737
22:39:19,11.8949251
22:39:20,11.9109659
22:39:21,12.1955462
22:39:22,12.1455212
22:39:23,11.9120378
22:39:24,11.9237518
22:39:25,12.1687851
22:39:26,12.1817522
22:39:27,12.12805
22:39:28,12.2921066
22:39:29,12.0698881
22:39:30,12.2126732
22:39:31,11.9450407
22:39:32,12.0216513
22:39:34,12.0710888
22:39:35,11.8764334
22:39:36,11.9992332
22:39:37,12.27034
22:39:38,11.9572086
22:39:39,12.0139112
22:39:40,11.955307
22:39:41,11.921731
22:39:42,12.2915268
22:39:43,12.0696993
22:39:44,12.0857172
22:39:45,12.1142845
22:39:46,11.4876986
22:39:47,11.9585075
22:39:48,11.8824949
22:39:49,12.1545343
22:39:50,11.7324238
22:39:51,12.0025778
22:39:52,11.8863707
22:39:53,11.9747524
22:39:54,12.045022
22:39:55,12.29246
22:39:56,12.1045465
22:39:57,11.7536068
22:39:58,12.1751509
22:39:59,12.0926571
22:40:00,12.1407146
22:40:01,12.30843
22:40:02,12.2026186
22:40:03,12.1243391
22:40:04,12.2251673
22:40:05,11.69691
22:40:06,11.8029737
22:40:07,12.0083513
22:40:08,12.0212507
22:40:09,12.0031662
22:40:10,12.2151756
22:40:11,12.1873293
22:40:12,12.0155478
22:40:13,11.9322548
22:40:14,12.2567987
22:40:15,12.2068863
22:40:16,11.8519068
22:40:17,11.7448292
22:40:18,12.1514215
22:40:19,12.078393
22:40:20,11.9720612
22:40:21,12.1187754
22:40:22,11.7986326
22:40:23,12.05043
22:40:24,12.1537037
22:40:25,12.1129179
22:40:26,11.8031483
22:40:27,12.3744621
22:40:28,12.0314
22:40:29,11.8807259
22:40:30,11.8816051
22:40:31,11.9577847
22:40:32,12.1372881
22:40:34,12.0602808
22:40:35,11.8372478
22:40:36,12.1620426
22:40:37,12.01262
22:40:38,12.1211195
22:40:39,12.2080879
22:40:40,12.0489836
22:40:41,12.1471615
22:40:42,11.8691673
22:40:43,12.212101
22:40:44,12.1193018
22:40:45,12.1513186
22:40:46,11.8359241
22:40:47,12.24006
22:40:48,12.5248909
22:40:49,12.3012018
22:40:50,12.1255817
22:40:51,12.1601906
22:40:52,11.9890156
22:40:53,12.14078
22:40:54,12.088335
22:40:55,12.1866837
22:40:56,12.1723909
22:40:57,11.5954428
22:40:58,11.7222309
22:40:59,12.1741276
22:41:00,11.881053
22:41:01,12.1976051
22:41:02,11.6558752
22:41:03,12.1539917
22:41:04,12.0915995
22:41:06,12.1560326
22:41:07,12.3054142
22:41:08,11.8712158
22:41:09,12.1981411
22:41:11,12.0712166
22:41:12,12.0549469
22:41:13,11.860981
22:41:15,12.2106886
22:41:16,12.0664949
22:41:18,12.13944
22:41:19,11.6185913
22:41:20,12.089819
22:41:21,11.5739222
22:41:22,12.1829166
22:41:23,12.0782671
22:41:24,11.92982
22:41:25,12.2514763
22:41:26,12.2595959
22:41:27,12.0170155
22:41:28,12.0159588
22:41:29,11.9478178
22:41:30,11.9615192
22:41:31,12.1960545
22:41:32,12.5435314
22:41:33,12.0049162
22:41:34,12.07965
22:41:35,12.0775728
22:41:36,11.829689
22:41:37,11.6953154
22:41:38,12.09562
22:41:39,12.1212959
22:41:40,12.0591993
22:41:41,12.0572615
22:41:42,11.8555641
22:41:43,12.167037
22:41:44,12.274
22:41:45,12.1451387
22:41:46,12.0664549
22:41:47,11.746871
22:41:48,12.1890917
22:41:49,12.197156
22:41:50,11.9289522
22:41:51,12.0703173
22:41:52,12.0865059
22:41:53,11.9959545
22:41:54,12.1525574
22:41:55,11.9673414
22:41:56,12.046114
22:41:57,12.1370344
22:41:58,11.9161949
22:41:59,12.314168
22:42:00,12.1193047
22:42:01,11.9748545
22:42:02,12.1109371
22:42:03,12.1634836
22:42:04,12.0301037
22:42:05,12.2780619
22:42:06,12.1074476
22:42:07,12.0818586
22:42:08,11.94682
22:42:09,11.8311586
22:42:10,12.1086016
22:42:11,11.9340858
22:42:12,11.9516726
22:42:13,11.9576216
22:42:14,11.9069023
22:42:15,12.0304985
22:42:16,11.72495
22:42:17,12.0665188
22:42:18,11.9668226
22:42:19,11.8637772
22:42:20,11.9058628
22:42:21,11.7854033
22:42:22,12.2862377
22:42:23,11.80348
22:42:24,12.0955114
22:42:25,12.04529
22:42:26,12.3422365
22:42:27,12.0411644
22:42:28,12.098444
22:42:29,11.9145422
22:42:30,12.0735493
22:42:31,11.9749889
22:42:32,11.90811
22:42:33,12.0996876
22:42:34,11.9586935
22:42:35,12.0818453
22:42:36,12.20601
22:42:37,11.9633551
22:42:38,12.0952082
22:42:39,12.0320892
22:42:40,12.1338425
22:42:41,11.7443008
22:42:42,12.1499166
22:42:43,12.2170963
22:42:44,12.012805
22:42:45,12.1250181
22:42:46,12.0742006
22:42:47,12.388957
22:42:48,12.1231518
22:42:49,12.1386948
22:42:50,12.02306
22:42:51,11.8753548
22:42:52,12.1544828
22:42:53,11.9101067
22:42:54,11.9943714
22:42:55,12.2928848
22:42:56,12.3021212
22:42:57,11.5553474
22:42:58,11.9711676
22:42:59,11.6998415
22:43:00,11.9175329
22:43:01,11.92434
22:43:02,11.8121271
22:43:03,12.0737829
22:43:04,12.0333633
22:43:05,12.0189123
22:43:06,12.1446552
22:43:07,12.1261358
22:43:08,12.1609507
22:43:09,11.9533939
22:43:10,11.97628
22:43:11,12.085248
22:43:12,12.2530708
22:43:13,11.994051
22:43:14,12.0976467
22:43:15,11.8856115
22:43:16,12.1361
22:43:17,12.0916777
22:43:18,12.1902323
22:43:19,11.8428221
22:43:20,12.0275364
22:43:21,12.0335226
22:43:22,12.1577005
22:43:23,12.2902594
22:43:24,11.861784
22:43:25,12.1856718
22:43:26,12.1914148
22:43:27,12.2381086
22:43:28,11.9166718
22:43:29,12.0620956
22:43:30,12.313426
22:43:31,11.77653
22:43:32,11.7702341
22:43:33,11.8788147
22:43:34,12.4153738
22:43:35,12.0976353
22:43:36,12.2896061
22:43:37,11.8214827
22:43:38,12.0402
22:43:39,11.7818441
22:43:40,11.9621239
22:43:41,11.7547073
22:43:42,11.9983263
22:43:43,12.098177
22:43:44,11.75172
22:43:45,12.0764208
22:43:46,11.9131413
22:43:47,12.0877609
22:43:48,12.1479692
22:43:49,11.8116045
22:43:50,12.3206739
22:43:51,11.9385242
22:43:52,12.4357567
22:43:53,12.2704639
22:43:54,11.7070961
22:43:55,11.9473362
22:43:56,12.0891685
22:43:57,11.9265366
22:43:58,11.9928513
22:43:59,12.0571585
22:44:00,11.884532
22:44:01,11.8325052
22:44:02,12.06413
22:44:03,12.2137775
22:44:04,12.1845942
22:44:05,11.8345089
22:44:06,11.8251753
22:44:07,12.1063766
22:44:08,12.1022215
22:44:09,12.4306107
22:44:10,12.05458
22:44:11,11.8409328
22:44:12,11.8907185
22:44:13,11.79918
22:44:14,12.0111313
22:44:15,11.9532967
22:44:16,11.9448366
22:44:17,12.113286
22:44:18,12.3272152
22:44:19,12.0471077
22:44:20,11.8860121
22:44:21,12.012393
22:44:22,12.2976217
22:44:23,11.8666487
22:44:24,11.9710379
22:44:25,12.1228495
22:44:26,12.1639023
22:44:27,12.0026236
22:44:28,11.9292269
22:44:29,12.1804218
22:44:30,12.062664
22:44:31,12.0922832
22:44:32,12.4194689
22:44:33,11.9163914
22:44:34,11.9423695
22:44:35,12.1716566
22:44:36,12.11927
22:44:37,12.1269531
22:44:38,11.9495173
22:44:39,12.0317669
22:44:40,12.442565
22:44:41,12.1446638
22:44:42,12.2477207
22:44:43,11.8622
22:44:44,12.1602345
22:44:45,12.3047476
22:44:46,11.869235
22:44:47,11.9014587
22:44:48,12.3344688
22:44:49,12.1703253
22:44:50,11.9568348
22:44:51,12.0473232
22:44:52,12.0914555
22:44:53,12.2309017
22:44:54,11.9539547
22:44:55,12.0101929
22:44:56,12.0970745
22:44:57,11.9781961
22:44:58,12.0032845
22:44:59,12.0501671
22:45:00,12.0048561
22:45:01,12.0049524
22:45:02,12.0973091
22:45:03,11.9887762
22:45:04,11.6829338
22:45:05,12.0312624
22:45:06,12.0526953
22:45:07,12.0406475
22:45:08,12.5056658
22:45:09,12.0234079
22:45:10,11.9520731
22:45:11,11.9479723
22:45:12,11.9916477
22:45:13,12.150342
22:45:14,11.9351473
22:45:15,12.03497
22:45:16,11.9949474
22:45:17,12.110321
22:45:18,12.2969179
22:45:19,11.8502665
22:45:20,11.8945694
22:45:21,12.0859957
22:45:22,12.0984011
22:45:23,12.0473871
22:45:24,11.77301
22:45:25,12.0352268
22:45:26,11.8911276
22:45:27,12.0240955
22:45:28,12.13739
22:45:29,11.7106133
22:45:30,12.20119
22:45:31,12.0151253
22:45:32,12.0985556
22:45:33,12.25677
22:45:34,11.8192749
22:45:35,12.0185118
22:45:36,12.1425962
22:45:37,11.9560575
22:45:38,12.198041
22:45:39,12.007658
22:45:40,12.41087
22:45:41,11.997365
22:45:42,12.104538
22:45:43,12.313096
22:45:44,11.9677019
22:45:45,11.6708012
22:45:46,11.7293444
22:45:47,11.7923641
22:45:48,11.8433361
22:45:49,12.0932817
22:45:50,12.0596561
22:45:51,11.9001865
22:45:52,12.2679472
22:45:53,11.8931227
22:45:54,12.0365562
22:45:55,11.68246
22:45:56,11.9818983
22:45:57,12.3372326
22:45:58,12.0777874
22:45:59,11.9344625
22:46:00,11.8929367
22:46:01,11.8797188
22:46:02,12.1177254
22:46:03,12.1425266
22:46:04,12.2995605
22:46:05,12.2063951
22:46:06,11.8586121
22:46:07,12.5459661
22:46:08,12.0398827
22:46:09,11.8735
22:46:10,12.0519066
22:46:11,12.2815342
22:46:12,12.3043852
22:46:13,11.9848108
22:46:14,12.007431
22:46:15,11.824502
22:46:16,12.0463381
22:46:17,12.1642
22:46:18,11.9033623
22:46:19,11.977561
22:46:20,12.11525
22:46:21,11.8638668
22:46:22,11.8863564
22:46:23,12.0243311
22:46:24,12.0717964
22:46:25,11.9401445
22:46:26,12.3913383
22:46:27,11.9423428
22:46:28,11.9282064
22:46:29,11.964963
22:46:30,12.067749
22:46:31,12.0818224
22:46:32,11.9476891
22:46:33,12.0488281
22:46:34,11.7452173
22:46:35,12.166975
22:46:36,11.8794241
22:46:37,12.0306768
22:46:38,11.8293648
22:46:39,12.3845959
22:46:40,12.039856
22:46:41,12.0684271
22:46:42,12.0344734
22:46:43,12.1091623
22:46:44,12.137208
22:46:45,12.0932713
22:46:46,11.9342346
22:46:47,11.6656532
22:46:48,11.9573
22:46:49,11.92337
22:46:50,12.164917
22:46:51,12.128068
22:46:52,12.10329
22:46:53,12.0185432
22:46:54,12.0567875
22:46:55,12.0087624
22:46:56,12.0770884
22:46:57,12.0564756
22:46:58,12.1467342
22:46:59,12.05145
22:47:00,11.8248787
22:47:01,11.8789349
22:47:02,11.813241
22:47:03,11.9396515
22:47:04,11.6573763
22:47:05,11.9191446
22:47:06,12.0869236
22:47:07,12.03843
22:47:08,12.1006784
22:47:09,11.9849072
22:47:10,11.7144375
22:47:11,11.8260269
22:47:12,11.8861942
22:47:13,11.9099541
22:47:14,12.094552
22:47:15,11.8056479
22:47:16,11.7865429
22:47:17,12.314414
22:47:18,12.2444582
22:47:19,12.1621523
22:47:20,11.9101486
22:47:21,11.9589949
22:47:22,12.0695314
22:47:23,12.2495623
22:47:24,12.3602276
22:47:25,12.1653814
22:47:26,11.831872
22:47:27,12.1990356
22:47:28,12.2691813
22:47:29,12.0738773
22:47:30,11.9753847
22:47:31,12.052371
22:47:32,12.0361414
22:47:33,12.0110617
22:47:35,12.0797691
22:47:36,12.20364
22:47:37,11.9460821
22:47:38,11.6920471
22:47:39,11.9655485
22:47:40,12.0673609
22:47:41,12.1980095
22:47:42,12.0522928
22:47:43,11.99415
22:47:44,12.0213385
22:47:45,12.0372458
22:47:46,11.6230812
22:47:47,11.9753933
22:47:48,11.9500237
22:47:49,11.8998184
22:47:50,12.0844975
22:47:51,11.86996
22:47:52,12.2788687
22:47:53,12.2524757
22:47:54,12.2203779
22:47:55,11.951211
22:47:56,11.9632139
22:47:57,11.8919058
22:47:58,11.6496458
22:47:59,11.9637222
22:48:00,12.0557795
22:48:01,12.064043
22:48:02,11.95825
22:48:03,12.0477819
22:48:04,11.9127369
22:48:05,12.0391779
22:48:06,11.9653826
22:48:07,12.1162033
22:48:08,11.9659538
22:48:09,12.037652
22:48:10,12.1958151
22:48:11,12.0549221
22:48:12,12.2463388
22:48:13,11.8289442
22:48:14,12.0598783
22:48:15,12.0131664
22:48:16,12.0608311
22:48:17,11.85337
22:48:18,12.1824665
22:48:19,12.1065779
22:48:20,11.7130928
22:48:21,11.9563065
22:48:22,11.9430132
22:48:23,12.3487215
22:48:24,11.9151726
22:48:25,12.3444662
22:48:26,12.2271891
22:48:27,12.0533085
22:48:28,11.80651
22:48:29,11.58362
22:48:30,12.3960228
22:48:31,12.455534
22:48:32,12.1751013
22:48:34,12.0581322
22:48:35,12.1909351
22:48:36,11.9343891
22:48:37,11.98245
22:48:38,12.2758446
22:48:39,11.7763882
22:48:40,11.9251451
22:48:41,12.1345015
22:48:42,12.1718826
22:48:43,12.0690022
22:48:44,12.0598955
22:48:45,11.95732
22:48:46,12.0556879
22:48:47,12.2130442
22:48:48,12.2748642
22:48:49,11.8020144
22:48:50,11.9832315
22:48:51,12.032629
22:48:52,12.0662022
22:48:53,12.0304461
22:48:54,11.8761711
22:48:55,12.0731316
22:48:56,12.101696
22:48:57,11.9994059
22:48:58,12.0586824
22:48:59,12.0798655
22:49:00,11.9756918
22:49:01,12.0115194
22:49:02,12.24645
22:49:03,11.9248495
22:49:04,12.1357
22:49:05,11.8763647
22:49:06,11.8208132
22:49:07,12.0125341
22:49:08,12.10625
22:49:09,12.07979
22:49:10,12.2646408
22:49:11,12.0323429
22:49:12,11.9317751
22:49:13,11.8155107
22:49:14,12.19034
22:49:15,11.9423971
22:49:16,12.2341957
22:49:17,12.0611753
22:49:18,11.8461275
22:49:19,12.2463131
22:49:20,12.0013
22:49:21,12.072588
22:49:22,12.124649
22:49:23,11.9981585
22:49:24,12.0244493
22:49:25,11.8872089
22:49:26,12.0684433
22:49:27,11.859664
22:49:28,12.0032406
22:49:29,12.4077072
22:49:30,11.9688311
22:49:31,12.2378082
22:49:32,11.8682556
22:49:34,12.1541319
22:49:35,11.9144068
22:49:36,11.8249893
22:49:37,12.4889774
22:49:38,12.11792
22:49:39,11.7923422
22:49:40,11.9563065
22:49:41,11.6500454
22:49:42,11.94458
22:49:43,12.1481152
22:49:44,12.0536041
22:49:45,12.0326662
22:49:46,12.1601391
22:49:47,12.0670633
22:49:48,11.9526663
22:49:49,12.1825571
22:49:50,12.0539865
22:49:51,12.0637274
22:49:52,12.14055
22:49:53,12.0914087
22:49:54,11.9377947
22:49:55,11.9017334
22:49:56,12.0098295
22:49:57,11.9787188
22:49:58,11.8897524
22:50:00,12.0727606
22:50:01,11.935689
22:50:02,12.2352495
22:50:04,12.4037218
22:50:05,12.2249374
22:50:06,12.1674757
22:50:07,11.8481445
22:50:08,12.2634029
22:50:09,12.0032854
22:50:10,11.895709
22:50:11,12.0717134
22:50:12,11.9277
22:50:13,11.9978075
22:50:15,12.0973043
22:50:16,11.7905235
22:50:17,12.1460934
22:50:18,11.8892841
22:50:19,11.6939783
22:50:20,12.1011658
22:50:21,12.12726
22:50:23,11.9910173
22:50:24,12.0010424
22:50:25,11.7898283
22:50:26,12.4766874
22:50:27,11.87035
22:50:28,12.2868471
22:50:29,11.7555695
22:50:30,12.1876173
22:50:31,12.05949
22:50:32,11.9840021
22:50:34,11.9389286
22:50:35,12.05745
22:50:36,12.280571
22:50:37,11.8511887
22:50:38,12.1137133
22:50:40,11.8870525
22:50:41,11.5344877
22:50:42,12.1046438
22:50:43,12.2260132
22:50:44,12.2478609
22:50:45,11.741086
22:50:46,11.9976854
22:50:47,12.158515
22:50:48,11.9673367
22:50:49,12.0478325
22:50:50,11.9356956
22:50:51,12.414259
22:50:52,12.5721455
22:50:53,12.24171
22:50:54,11.928112
22:50:55,12.3267832
22:50:56,11.9438353
22:50:57,12.1121159
22:50:58,11.8871088
22:50:59,12.3536777
22:51:00,12.2278461
22:51:01,11.7561369
22:51:02,12.0328684
22:51:03,11.8484325
22:51:04,12.00322
22:51:05,11.9848852
22:51:06,11.9646053
22:51:07,11.9668407
22:51:08,12.222723
22:51:09,12.2121277
22:51:10,11.7307653
22:51:11,11.9850359
22:51:12,12.0559063
22:51:13,12.1046619
22:51:14,11.8391495
22:51:15,11.9117908
22:51:16,11.92232
22:51:17,12.0121784
22:51:18,12.0566416
22:51:19,12.0652571
22:51:20,12.0818758
22:51:21,11.9852486
22:51:22,11.9238033
22:51:23,11.86942
22:51:24,12.1098461
22:51:25,11.97373
22:51:26,11.9027328
22:51:27,12.123024
22:51:28,11.935667
22:51:29,12.1356249
22:51:30,12.03872
22:51:31,12.0473242
22:51:32,12.17283
22:51:33,12.0064487
22:51:34,12.1354809
22:51:35,11.9728355
22:51:36,11.8292265
22:51:37,12.154458
22:51:38,11.905138
22:51:39,11.7736645
22:51:40,12.027174
22:51:41,12.1463575
22:51:42,11.9920616
22:51:43,12.0694
22:51:44,12.08175
22:51:45,11.9646406
22:51:46,12.1721773
22:51:47,12.3368092
22:51:48,12.264555
22:51:49,11.9043207
22:51:50,11.9446831
22:51:51,11.9700766
22:51:52,12.1348572
22:51:53,11.9014854
22:51:54,11.9322958
22:51:55,12.0828085
22:51:56,12.1361275
22:51:57,12.00753
22:51:58,12.0435915
22:51:59,12.1051025
22:52:00,12.1362362
22:52:01,11.8937616
22:52:02,12.0500135
22:52:03,11.8937807
22:52:04,11.8905087
22:52:05,12.063983
22:52:06,12.2297659
22:52:07,11.9505033
22:52:08,12.1460009
22:52:09,12.0962925
22:52:10,11.5098734
22:52:11,12.053853
22:52:12,11.8605947
22:52:13,11.9048328
22:52:14,12.2376833
22:52:15,12.114027
22:52:16,11.9324608
22:52:17,11.9506731
22:52:18,11.9570484
22:52:19,11.85021
22:52:20,11.8902016
22:52:21,12.0810013
22:52:22,12.5413141
22:52:23,11.7812824
22:52:24,11.9218092
22:52:25,12.2960138
22:52:26,12.10791
22:52:27,12.16631
22:52:28,11.924552
22:52:29,12.247303
22:52:30,12.1826792
22:52:31,12.098484
22:52:32,12.1225367
22:52:33,12.0059328
22:52:34,11.9538231
22:52:35,12.2121077
22:52:36,11.7970285
22:52:37,12.18669
22:52:38,12.14183
22:52:39,11.826046
22:52:40,11.9409094
22:52:41,12.4023533
22:52:42,12.0000668
22:52:43,11.8408928
22:52:44,12.0150661
22:52:45,12.1765432
22:52:46,11.8570852
22:52:47,12.3225708
22:52:48,12.0009975
22:52:49,12.0859337
22:52:50,12.015501
22:52:51,12.201252
22:52:52,12.246542
22:52:53,12.0199242
22:52:54,12.058342
22:52:55,11.8516235
22:52:56,12.2076664
22:52:57,12.0616083
22:52:58,12.1225061
22:52:59,12.0196743
22:53:00,12.2451906
22:53:01,11.53193
22:53:02,12.0573139
22:53:03,12.0147829
22:53:04,12.2184658
22:53:05,12.2134609
22:53:06,12.0870857
22:53:07,12.1160364
22:53:08,12.3357706
22:53:09,11.933835
22:53:10,12.0856562
22:53:11,11.97637
22:53:12,12.3383284
22:53:13,12.2032661
22:53:14,12.26482
22:53:15,12.0253963
22:53:16,11.9340343
22:53:17,11.9802465
22:53:18,12.223587
22:53:19,12.4893579
22:53:20,11.9416151
22:53:21,12.200428
22:53:22,11.8551
22:53:23,11.8802862
22:53:24,11.8731785
22:53:25,12.127306
22:53:26,12.1708488
22:53:27,12.0623341
22:53:28,12.3396
22:53:29,12.2550745
22:53:30,11.7933445
22:53:31,11.8574238
22:53:32,12.2236567
22:53:33,11.9115925
22:53:34,12.4509373
22:53:35,12.1558781
22:53:36,12.1748724
22:53:37,12.3140345
22:53:38,12.0182571
22:53:39,11.9171391
22:53:40,12.0512648
22:53:41,11.9947863
22:53:42,11.9242067
22:53:43,12.0834761
22:53:44,11.7972279
22:53:45,12.0115461
22:53:46,12.2042112
22:53:47,12.1161385
22:53:48,11.8993826
22:53:49,12.06117
22:53:50,12.056076
22:53:51,11.8702841
22:53:52,12.061368
22:53:53,11.8501043
22:53:54,12.0687962
22:53:55,12.187602
22:53:56,11.9740629
22:53:57,11.83937
22:53:58,12.0302887
22:53:59,12.00046
22:54:00,11.99075
22:54:01,12.0788546
22:54:02,11.9282293
22:54:03,12.1342621
22:54:04,11.853879
22:54:05,11.952013
22:54:06,11.96737
22:54:07,12.0749855
22:54:08,12.0598812
22:54:09,11.8510742
22:54:10,11.8983059
22:54:11,12.1207428
22:54:12,12.0057564
22:54:13,11.9071684
22:54:14,11.9307394
22:54:15,12.1496944
22:54:16,11.9449291
22:54:17,11.9250574
22:54:18,11.9488754
22:54:19,12.4017563
22:54:20,12.28969
22:54:21,12.0131426
22:54:22,11.9441109
22:54:23,12.0279284
22:54:24,12.1894016
22:54:25,11.9841433
22:54:26,11.99303
22:54:27,11.9103212
22:54:28,11.9161015
22:54:29,11.9546967
22:54:30,12.1683731
22:54:31,12.05744
22:54:32,11.961175
22:54:33,12.0985165
22:54:34,12.1721325
22:54:35,12.0050325
22:54:36,12.0351887
22:54:37,12.2096014
22:54:38,11.9536667
22:54:39,11.9992981
22:54:40,12.0228567
22:54:41,11.9761944
22:54:42,12.2756119
22:54:43,12.0976858
22:54:44,11.7252588
22:54:45,12.0891867
22:54:46,12.291256
22:54:47,11.9290791
22:54:48,11.8746471
22:54:49,12.2589254
22:54:50,11.9189453
22:54:51,12.2339048
22:54:52,12.1369991
22:54:53,11.9668
22:54:54,12.0757294
22:54:55,12.0085
22:54:56,12.159503
22:54:57,11.97941
22:54:58,11.9461031
22:54:59,12.1126518
22:55:00,12.0145311
22:55:01,12.1564064
22:55:02,12.1801376
22:55:03,12.1291838
22:55:04,12.09447
22:55:05,11.7110786
22:55:06,12.0385885
22:55:07,12.1586037
22:55:08,12.1718636
22:55:09,11.9858818
22:55:10,11.9573193
22:55:11,12.1235495
22:55:12,11.76909
22:55:13,11.8690748
22:55:14,11.9391079
22:55:15,11.9356766
22:55:16,12.1123
22:55:17,12.1481094
22:55:18,12.23633
22:55:19,12.005806
22:55:20,12.1257763
22:55:21,12.05593
22:55:22,11.6784792
22:55:23,11.6601248
22:55:24,11.8729076
22:55:25,12.0882349
22:55:26,12.0387411
22:55:27,12.3625555
22:55:28,12.133296
22:55:29,12.0896492
22:55:30,12.031311
22:55:31,11.8612852
22:55:32,12.0874882
22:55:33,12.0649261
22:55:34,12.4635048
22:55:35,12.2155848
22:55:36,12.0770435
22:55:37,11.979579
22:55:38,12.13551
22:55:39,12.3089437
22:55:40,12.168375
22:55:41,11.9080305
22:55:42,11.9430695
22:55:43,12.2838554
22:55:44,12.0236826
22:55:45,12.0239754
22:55:46,11.9746361
22:55:47,12.1851263
22:55:48,11.9286957
22:55:49,12.05114
22:55:50,11.8749418
22:55:51,12.1469507
22:55:52,11.9105816
22:55:53,11.9877729
22:55:54,12.1853485
22:55:55,11.765686
22:55:56,12.0288258
22:55:57,12.1144781
22:55:58,11.9613905
22:55:59,12.1501036
22:56:00,12.1819658
22:56:01,12.0852661
22:56:02,12.2190056
22:56:03,12.0444994
22:56:04,11.980197
22:56:05,11.9858046
22:56:06,12.17446
22:56:07,11.87392
22:56:08,12.1932831
22:56:09,12.1659031
22:56:10,11.98985
22:56:11,12.1377287
22:56:12,11.9502287
22:56:13,12.3321714
22:56:14,11.9856119
22:56:15,12.0296717
22:56:16,11.8388786
22:56:17,12.0880613
22:56:18,12.0359135
22:56:19,12.0685406
22:56:20,12.208189
22:56:21,12.0315609
22:56:22,11.9172134
22:56:23,11.9903679
22:56:24,11.92604
22:56:25,11.9471674
22:56:26,12.1319056
22:56:27,12.2418928
22:56:28,12.0945854
22:56:29,12.0504045
22:56:30,12.1064491
22:56:31,11.9661665
22:56:32,12.0160189
22:56:33,12.1231422
22:56:34,12.1291485
22:56:35,12.0251989
22:56:36,12.1475325
22:56:37,11.8967571
22:56:38,12.0038986
22:56:39,12.51841
22:56:40,12.0367966
22:56:41,11.9253359
22:56:42,12.2314453
22:56:43,11.8218212
22:56:44,12.2602959
22:56:45,11.8799305
22:56:46,11.8400545
22:56:47,11.9817152
22:56:48,12.0998764
22:56:49,12.2341833
22:56:50,12.0230951
22:56:51,12.1857758
22:56:52,12.1485968
22:56:53,11.6718969
22:56:54,12.1299314
22:56:55,11.9736252
22:56:56,11.9870129
22:56:57,12.2702866
22:56:58,11.9480581
22:56:59,11.6412477
22:57:00,11.9959049
22:57:01,12.1899271
22:57:02,12.07812
22:57:03,12.1611032
22:57:04,12.07865
22:57:05,12.0399685
22:57:06,12.0094175
22:57:07,12.05565
22:57:08,12.0914412
22:57:09,11.9950457
22:57:10,12.4051
22:57:11,11.84258
22:57:12,11.7567043
22:57:13,12.2798824
22:57:14,12.1815481
22:57:15,12.192503
22:57:16,12.0053415
22:57:17,12.18869
22:57:18,12.0285482
22:57:19,12.0230618
22:57:20,12.0799093
22:57:21,12.1169014
22:57:22,12.1441317
22:57:23,12.101141
22:57:24,12.1245127
22:57:25,11.7447329
22:57:26,11.9582853
22:57:27,12.0530558
22:57:28,11.8842182
22:57:29,11.8322678
22:57:30,11.84347
22:57:31,11.9132833
22:57:32,12.01919
22:57:33,11.9796143
22:57:34,12.2453775
22:57:35,12.3468161
22:57:36,12.0905342
22:57:37,11.9431438
22:57:38,11.9813681
22:57:39,12.19677
22:57:40,12.0616169
22:57:41,12.0515013
22:57:42,11.4153595
22:57:43,12.3773518
22:57:44,12.2033472
22:57:45,11.8574934
22:57:46,12.2403517
22:57:47,12.1862812
22:57:48,12.0646381
22:57:49,11.8969936
22:57:50,12.2147856
22:57:51,12.3685284
22:57:52,12.1804171
22:57:53,12.4831514
22:57:54,11.8437557
22:57:55,11.8540735
22:57:56,12.1507549
22:57:57,11.97951
22:57:58,11.9858522
22:57:59,12.0928478
22:58:00,12.200161
22:58:01,11.9743938
22:58:02,11.8777924
22:58:03,11.9364443
22:58:04,12.0944548
22:58:05,12.0754213
22:58:06,11.834465
22:58:07,11.8471088
22:58:08,12.2006073
22:58:09,11.6706676
22:58:10,11.910737
22:58:11,12.0499725
22:58:12,12.1885395
22:58:13,9.308873
22:58:14,14.17008
22:58:15,13.6231995
22:58:16,11.5955372
22:58:17,11.3350592
22:58:18,12.218359
22:58:19,12.9059906
22:58:20,11.6837454
22:58:21,11.9861288
22:58:22,11.8292656
22:58:23,12.4175072
22:58:24,13.2626381
22:58:25,11.5682411
22:58:26,8.270972
22:58:27,4.26741028
22:58:28,4.60755873
22:58:29,4.50389051
22:58:30,4.60831642
22:58:31,8.84795
22:58:32,4.997674
22:58:33,3.495887
22:58:34,4.725444
22:58:35,8.038854
22:58:36,4.42185974
22:58:37,4.618298
22:58:38,7.089325
22:58:39,7.206906
22:58:40,6.996294
22:58:41,11.9463768
22:58:42,19.7049522
22:58:43,18.7456932
22:58:44,15.1614714
22:58:45,11.1945572
22:58:46,10.5058165
22:58:47,6.520938
22:58:48,7.649267
22:58:49,10.0458355
22:58:50,9.320411
22:58:51,8.161426
22:58:52,11.1578045
22:58:53,12.22884
22:58:54,13.7516956
22:58:55,8.146023
22:58:56,5.620369
22:58:57,5.38567734
22:58:58,5.45715046
22:58:59,8.112193
22:59:00,7.96724272
22:59:01,6.141566
22:59:02,6.503184
22:59:03,6.78997374
22:59:04,8.28879452
22:59:05,6.349523
22:59:06,7.033069
22:59:07,7.26938629
22:59:08,8.381266
22:59:09,7.93527174
22:59:10,4.977077
22:59:11,8.625369
22:59:12,19.8463879
22:59:13,20.12206
23:00:01,8.702926
23:00:02,7.2989397
23:00:03,15.89565
23:00:04,13.9113684
23:00:05,8.564995
23:00:06,6.94021368
23:00:07,7.41618729
23:00:08,7.639051
23:00:09,17.00189
23:00:10,9.064079
23:00:11,15.01527
23:00:12,18.2980919
23:00:13,19.0918865
23:00:14,13.08625
23:00:15,4.935383
23:00:16,7.05154657
23:00:17,5.22313
23:00:18,6.066871
23:00:19,5.76889944
23:00:20,7.002528
23:00:22,11.9704971
23:00:23,7.2549057
23:00:24,7.501631
23:00:25,8.804544
23:00:26,6.59076548
23:00:27,12.5941706
23:00:28,10.5597391
23:00:29,9.327607
23:00:30,8.638829
23:00:31,5.32373
23:00:32,6.30352545
23:00:33,5.59862328
23:00:34,6.988544
23:00:35,8.035339
23:00:36,7.19113255
23:00:37,7.68828535
23:00:38,6.79838848
23:00:39,6.02274942
23:00:40,6.892654
23:00:41,6.197407
23:00:42,5.33303547
23:00:43,5.398214
23:00:44,5.395361
23:00:45,5.09902048
23:00:46,6.020218
23:00:47,5.17202663
23:00:48,5.11081028
23:00:49,5.89635658
23:00:51,4.21232367
23:00:52,5.38734865
23:00:53,5.41034031
23:00:54,4.42099047
23:00:55,6.1220336
23:00:56,7.15626431
23:00:57,5.35451126
23:00:58,4.555126
23:00:59,4.09631729
23:01:00,3.68004727
23:01:01,3.3188765
23:01:02,3.66905165
23:01:03,3.2411716
23:01:04,3.85692453
23:01:05,4.72978926
23:01:06,5.990286
23:01:07,3.315789
23:01:08,3.62721515
23:01:09,4.69354725
23:19:20,0.098140985
23:19:21,8.22939
23:19:22,7.77440834
23:19:23,6.45045328
23:19:24,2.683931
